ID,labels
e877e535-8019-4d84-8e87-0851f97302d5,SNE
03ae2418-3d9f-45b1-a089-a3932fdf2b06,SNE
5367f292-a576-4b22-a005-8fdb6dfe95d7,LY
09d93090-e707-4f40-9a26-db330bb083b4,VLY
5eaf7bd5-10fc-4d23-99d5-041006735a82,SNE
b3e9af60-1989-446b-90c2-f78b45df4230,EO
39788846-f2bb-44b0-bc35-845d62c996cc,SNE
df6ff1f4-a216-42c9-93f4-5488faf9b4e5,SNE
e6acd61d-c334-4f49-a463-3ff98d61f6f9,LY
6328a9df-487f-4d65-b794-d5ab2b68caf5,SNE
d756e121-b6db-4adb-b6fd-8fc7e40f51f4,EO
b3a3be33-50c1-43e9-a1d4-33f577e40ece,SNE
f793e208-1348-41d9-80d1-b815b86003ad,MO
0e90df57-3da6-4bf2-aa51-2e1082a2269f,BA
c7e1b288-eb8c-4fe6-9b47-ef4fb1a72040,SNE
bbf5406b-f3c1-41c0-8e5b-f688693ef5f0,SNE
b2bc7d06-75a3-4d2a-ba4f-fc9d8277819c,MY
40198a1e-1005-48e5-85a7-fe7751511af2,BA
3c4f4bd2-bb20-4cfa-a654-5f13c4e44d4a,LY
d441de17-0d3d-4f2a-84b0-7a92677d386c,MO
0bf69361-729c-450a-bf03-f124f54cc07c,MY
9b4861cb-50cd-4341-8757-412e1a96387b,MO
7ebf8f21-a058-4614-9b0a-b97645652987,SNE
9f224c38-c4e8-4935-b799-9d0da597e856,SNE
558595b5-5ae2-42dc-9977-d839fee11cf1,EO
e5587b52-2a9c-452b-948d-16220b7af1fa,SNE
277a437b-4083-4284-a83f-07a41d965df9,EO
23e2dfbc-d12b-4b8c-9e37-524adfde3a74,LY
c23e7ec5-6a92-4dbd-9861-fd2e017a238d,EO
2cbb2b65-f983-43d8-853a-b726a76a5ceb,SNE
f51b0cad-484c-4140-aaa7-357eee24370c,MO
15dc5cbd-772e-408d-9350-25d6d0f7a43f,BNE
02b24fd7-a4b4-4a92-8364-d446d43aabef,EO
373f885b-fae4-42f0-a8da-59b7b491183a,BA
17b91cc5-b2ec-4348-a731-9e9ea492aeed,MO
5fad3d5f-fc83-4ccf-9048-a5fac4a3c538,SNE
a812e422-83d4-4a73-8b98-809bbb7ccf84,BA
ae002f17-969a-4ac1-af6a-3124344e5cd2,EO
0adf9321-f4ea-499e-8706-98eafc6e5d3d,SNE
bd55644a-e460-46d5-a87c-eb7825ab1a54,SNE
4bcc66f4-1d23-46c1-8f38-9ce5d0910dc9,EO
c81a3a74-327e-4f56-b955-8e262f7a4f6d,LY
cfe8549f-b9d2-45a7-b40c-9238f5c4efc5,SNE
054e74e0-2563-4c8a-8a27-53df90b369ba,BA
df39045a-8ce3-4057-91f1-337d35004239,BA
b32b493e-dc9f-4bd3-b525-f416ad56983b,MO
3f3497f4-597a-4f36-a932-a5a4b0d04c2f,SNE
5b0d88de-7ff4-49b6-a1bd-6b5b38866e6d,EO
d110b15c-d806-4a72-ba81-6eb5eef57a9b,MY
ad44496b-ab7a-415c-94a1-8c6dded27662,BA
15872818-1903-46ce-9993-c22bb508e16c,SNE
17998030-0c91-47a4-92b8-91609886fbc0,SNE
e003d45c-3f99-4c65-8f4f-83ed62efc054,BA
1d8b660b-534a-4596-8ff3-6bf11c58f158,SNE
0344770a-0452-422e-97aa-42678715f750,SNE
c6b9c351-280f-464f-9f26-21c304440bbe,VLY
3926821d-0643-4e18-9739-15b5b90a72ce,BA
33e02631-1bbd-4f1f-b09a-ca3b78a75905,BA
54bb4a94-e7f9-4df9-b17e-c9610f6d0570,MO
2e454475-6b0f-4679-8820-98e89f4b18c3,SNE
150902f1-ed52-4a41-b526-dc9d50c9b618,BA
5a317b23-a9b5-453d-b3ad-c78d2e645131,MY
5a434343-2ab2-459e-a3de-47fa2bc3e4dc,LY
3920b3cd-e3e5-4d3e-be75-ba13b12a4319,MY
9efd7e2b-1e7c-4396-b9ea-1edf77636b15,EO
58154e29-9f31-4cdf-a656-19b0aeda7c05,BA
8b1c8a47-d937-4365-9e4f-bc92a8cfd2f1,LY
8494ddcf-a8f5-4045-ab6e-82a12a77b1fc,LY
4ef3942a-a532-4e3f-b533-ff413a93f5c9,SNE
289c8e25-2c22-4e3c-b8e3-192b7e20ae55,SNE
ca65991d-69fc-46ef-96ee-919620fde2d3,LY
fd7c2b42-1c33-4f16-87dc-2d8dd5645338,SNE
68bd7a2f-484e-4a9c-8547-7bcbeb4b64af,EO
663ee5b9-c790-4cf7-9e43-9985439e7cb8,LY
fa39f9a1-d328-4df0-8f68-17982e66df3b,MO
d948cd37-e9a5-491a-a1ad-4f4432c60392,SNE
761ba1c7-9b2f-46eb-b704-b92884630109,LY
ec2888f6-bdba-4e2a-bed8-0020516de664,LY
d3fa6608-8743-4ca0-a044-e9ff7571c259,LY
6c50e753-f0c2-45bc-9713-ecba4764c229,MY
cd37d73b-e348-46b9-b86b-8fb08fc4c057,MO
14a6cac5-d28e-4e8e-9118-7129cbb200be,MMY
4e70622f-ae0e-4e16-a450-9f5e65bf470a,EO
4eb7a4bc-fc83-4400-95c1-15aba4f1c840,SNE
410f4c31-4b64-4358-a662-d3ceaf1d29d3,LY
3bf399de-62b9-4225-8e68-d3e21d5bcd10,LY
fc63bf47-9373-4a48-8050-adfa94a5b7de,EO
fc1b3cb2-142b-45c9-a168-8bf944480cfd,EO
3e04ac91-c431-48ce-9af5-cbb4f43a8ca1,SNE
9a5aa773-13cf-401c-9346-86cb773542ad,SNE
b39e3160-8f6e-4310-9db8-0b6e75f15e94,SNE
70b04f39-820b-406b-a3d9-e9c3305f2541,SNE
08f22266-d2d7-42a6-8b00-c37bbc17f3ca,BA
f315f15b-2d44-442b-ad9e-899823e2a4a5,LY
ed2cc6b3-aad7-464d-82ba-6d61b1009ce6,MY
d35b6937-c997-4a99-82c2-3ec09c188e24,LY
4dfadbd3-9794-4297-952d-51e58ce7acfc,EO
d0447a2b-c5b1-4994-a792-3e11306e6eaf,LY
d6c5a6c5-3389-4db6-8222-da24313f5ab1,MY
20cb7bc9-d68d-4ff0-9852-de67e8da2be1,MY
339234ac-898e-48fe-8715-19744a743c3d,SNE
32cf64ab-6e04-4304-bf13-0a8d4fc0f4e2,EO
929503fe-79de-4e6d-9061-15c0b5afd2d3,SNE
27a066d0-6779-4caa-8431-2dfb232979c8,SNE
21bf0883-2d97-4427-87f3-5f9ba13a40bc,LY
971b82c1-1c17-46d7-bdea-9b58c13cc612,LY
a51111e3-8b2c-4e8f-a304-06e2f44e54d3,BA
d96f3198-efa2-4af2-aa5b-6c1df1408765,MO
74410a24-01b7-47b7-a8d7-b619940d5089,EO
61f4b7f2-caed-469d-adeb-637ccb8ad32c,MY
ac380054-8750-4385-a07a-65399742ee8e,LY
3a9d68d1-5ff7-4a71-a0cf-a3ea4481c5aa,EO
fad1e3ae-c43d-4e6f-a58e-ffa7669fd6f5,EO
f858f3f1-332f-4f7a-ac3e-62b0b3f98244,SNE
57e6af42-1a53-428e-bc40-f79957e62a87,SNE
40debca4-9ae7-4d0e-a785-c1d3fde9d5cd,EO
31be3fc5-7d64-4b0a-a878-88ade0871f52,PMY
00528f00-4188-4814-b123-6f52b6ffb629,BA
2f3b8eb5-3db6-4d0e-b86a-24b49a7fbdbd,BA
d6b15bcb-56e7-46d1-bd47-1b3e54661710,LY
a58a99e0-b8a3-4428-9949-1b1facd15c69,MO
74b848a8-8151-471e-a663-d9e461159414,SNE
95603ffb-b593-4f5f-a3c9-600d06270928,BA
7e55e4b0-9973-4bdc-a30b-aac5da1d3c3b,LY
ec40679f-19c9-4290-8e02-4f8386021f09,EO
51ac8812-a4ff-4b87-87fe-16a57fbfb10c,EO
45c17730-39ed-47c2-af01-f1daff173963,SNE
594dd9e5-44e5-4278-9275-22738e351737,BA
c0ea46eb-9be8-42d4-b2da-58b2a2488b3c,BA
fd52f3f4-61e1-4016-9b64-9c5a499e3b23,SNE
688f8325-d1a3-406b-bc56-882bd1d3219e,SNE
1b1465ba-9c5f-4e8e-907e-9211439ec404,MO
8c5dff51-a8fa-4bab-95dd-52313edfc2f6,MY
cb07fb69-d6f0-4bf5-a8f3-bbc5d065b16e,SNE
90ae71e9-393d-44ee-8620-8aff7dfad759,EO
71bbdc3d-1450-4a01-9808-f705cf644bd0,BA
159952bf-7ff4-49af-acfc-9a8a066b6a65,LY
6f3f1f04-a1f6-4df2-9351-aa811561a7b0,BA
3ddd0b4c-2d3a-4193-82f7-2aafb60fd9bb,SNE
7fc6ee07-f97b-4794-a8ac-2a2ad72f11d7,SNE
e0329a45-6b23-4764-a1d2-ee748c1766a9,BA
d2403e8c-ce53-4591-a512-4a6f88a72a45,SNE
fe9ec24c-4ba9-42cb-871f-3d77f590d01e,MO
94c17fd9-5635-452c-9dae-d08269367c85,LY
2ce9b3e9-b411-4243-86a4-662f287a899a,MMY
2cbb2b5f-e526-41ba-a360-e8d290142a79,MO
e23c0ea9-c280-46c0-969b-d961da7d20db,MMY
c82c73d0-8326-46d9-a806-08ff537895cb,LY
5973d745-9130-4054-8af0-33e47882bda4,BA
5818f2f2-d0ab-46dc-b801-771a7e261aba,LY
d7230802-3915-4ed7-b9f3-8bfaf3a3dd1d,VLY
a17416b5-bb6e-4b98-807e-a4b4c19d4235,SNE
23c26679-b9c0-4616-9f81-6205478d6b10,SNE
abdecfeb-208f-4c67-9f2c-b5d21d20bfda,MMY
1db93d36-2272-41a1-9e5b-05d2fe3929bc,LY
1c99b19b-74cc-47a2-9ed9-7c1f6fc14e51,MO
125336ad-19a3-4725-8229-c6c5278acd27,EO
0ef434c8-894a-4357-ac61-d795ba565052,BA
3353cc59-2764-4882-a2e2-2e6d1e71f30c,SNE
9268b3ea-d2e1-4a3c-974d-c5dd3aa0d701,SNE
d5e928d1-316e-4f77-9171-0e91197077c3,BA
fd729b78-1402-4b98-b08a-2f64f7bd287b,MY
1e1ca040-17ef-4fbd-b608-65d949a3c44f,EO
d131f8ff-5da3-4eac-9dc7-d17dd05641b2,LY
a822e887-504d-48a8-be33-08446227e2f0,SNE
c200e758-f092-4386-bedb-ac2853931093,SNE
7fcf59fb-7c0e-40ae-8d7e-8b7a6c729a04,EO
bacf88bd-e762-4e84-b332-debb12efdc1c,LY
d1276bb0-ba6d-4cd0-881e-daab76a47841,BA
628e6c07-57fe-43ea-bc5f-0a67fd95e3bf,SNE
bd26717a-3882-4256-827a-27d81d4e392d,MY
272364e0-138c-4985-8ad9-7180f60877da,EO
8b2b7512-42a8-4b2e-b56e-a0af07d27b1b,LY
867fe6fb-61fd-4af5-b557-2b1e2ec45bf2,SNE
661ac706-d394-48e8-bd2c-69be265b69a3,MY
b5b881bf-540b-4bb5-a481-816040b211c8,SNE
9ee38352-e05d-4431-be6b-0ce83f781cea,LY
573aabd2-c3bf-467d-8bf7-92baaf64d5c1,LY
76f16452-4eaf-4d92-b9ca-aec8eb7ce928,MY
1c7eae76-c019-4cbb-8630-282f40ab7f0e,LY
5a749df2-c76b-45c2-a7b6-0918350c91cf,SNE
74e43c96-a493-46cb-87ca-8fd2d9532aa8,MO
8f12392e-0861-443a-b5b0-d2df41e6c5b3,SNE
bc3bac40-738b-4933-a6c1-d0ade24b2811,MY
cd5c63bd-69af-4745-8f51-ed49dea5a004,MO
1ef18933-a4a1-4094-babc-6c2659611992,LY
6cbd10eb-87d8-4127-a7fa-725c4c9cd043,MO
1f7123d3-503d-4f06-b671-433562c70a8b,MMY
bf83d6e3-433e-46fa-a592-7d435f3d37a0,SNE
d4cbd0a3-b72e-47ca-96f9-8c8c0d0674df,MY
395df06a-8e20-4d1b-8660-841e3ccd213c,EO
4d385158-fe44-4309-afc2-c8cd1052a8a4,BA
9e758ecf-810e-41ab-a0c2-572f6c8f6c8a,EO
c2d4225f-0f6d-442c-90e5-3c54e5852477,LY
200a6e85-ebc2-4cdb-bdf4-7c70628ce8a7,LY
b2a98f09-fc84-471d-938b-13412e6790b1,LY
58b12c0f-1065-4a6d-b425-c6f930f0a754,SNE
b2ea32f8-163d-4355-b1d0-44987187a775,LY
6944e096-a134-48f4-8076-bac439479f99,LY
3513d8ba-3187-4135-9d78-0d9ed085cdfb,SNE
15b7b698-b60d-4100-9bd7-47d378c6420e,LY
1c40b7c5-a8cc-4e8f-89bc-77881a643b14,LY
4f558229-aa77-432d-a008-b98c6d8a1aaa,VLY
3bf8cf94-a598-4068-804b-febfc75f8b32,LY
45d3f4c3-37b4-491c-b338-d8222687bb5c,SNE
0fd60d8a-e91c-4e00-b213-419ac51ba6e9,LY
2f714609-b593-4f0e-85b7-254fb44d32ca,SNE
3f505e2d-11a8-4c9f-8fb6-039d6f6d473d,MO
45f7ce91-8253-47ca-aba6-b935c7efcbe1,SNE
0c91f4f0-6627-4e22-8361-92a8d3643dcb,LY
280e0cc2-9dee-4da1-9af1-df4c21280c0f,LY
7811dd7b-f07a-426c-a2f1-1787ddde952e,MO
f7efa63c-37f4-4d7a-8c00-4c57a2b07cea,EO
534dc482-fba9-46bc-b01d-4875a884ca60,MO
d1b057b0-b489-4627-b324-d71029e30564,SNE
6faf1b39-1c3f-4925-bc72-21f0d5ec89ae,EO
83c5f595-b79b-4bd0-a1ed-375085931539,LY
754fd97c-0854-4611-b5b5-9b6fb4754383,SNE
2ed59049-df59-4cab-bfaa-220285b5f2ad,BA
3c850824-8b78-4756-9460-bbee6768fe3b,EO
6355c0a1-f9e4-47f6-a1ea-f0cdd036b721,LY
37c003bf-8338-41af-9ee2-bf6d23eb0e0a,BA
6bf0fa3e-f92e-47bb-bf58-e7f1fc2f8db3,BA
536709ce-8e3d-46a7-a136-1826ae1c20a3,BA
47d4d183-90f8-4279-ac80-edcb5c597252,SNE
eb1be043-1ecc-4d00-aff8-d13b37c8254e,EO
944d72ba-c262-46d3-93fc-71d246325386,EO
2da138b9-0029-405a-a20e-2d95289b6e15,LY
521f30c0-40e2-425a-977e-1308536c23d5,SNE
acae4ad2-af63-4d03-9fe9-288529ffd05b,MO
eff059e0-9421-4fc8-8a23-3a0f99ec4bc4,BA
2dd92e04-dcce-4d97-910c-ece9039c19f4,SNE
d002954e-af85-40c0-ba21-892cc651ee4d,EO
636658e7-ebd0-4eb7-ade0-eaece16d57ab,SNE
21e81339-8c85-4d3c-b729-9803d1a65cfe,EO
6c3ed72e-242c-465f-ab3d-8ccfaf70280a,LY
9ac41f01-993f-4d53-a31f-4b3b293321eb,MY
2d2c77f0-a223-487b-81f5-44097b30aceb,SNE
6f8c8533-b1e5-4271-b61d-bd35ccbe33ee,LY
18a84d77-0ace-4a3d-87dc-55e0d6d850e8,LY
48bb1a77-b3a6-4d8e-b97c-c31a151d7dc7,LY
3021037e-6503-463a-8f83-4296e187cd3e,LY
9b5d18ef-c7de-4542-9413-bece856a2a5c,LY
04dc0960-5322-419e-a93c-627409b20e48,BA
fbf95a2c-1074-4566-9cc2-22ab7d1fed4a,BA
05d0aa29-f28b-4139-8150-317d84984b0d,EO
337bde24-9854-4e0b-babf-5a99ee8f1f0e,LY
c8e48863-3674-430c-9874-9f2dffcf148e,LY
75be8e6c-d1de-4e58-9169-3b5230b0354f,EO
ab74f18f-0001-4b04-a070-29401ffbcd6b,SNE
6f0f5f30-eb3e-44e6-a44d-7b1170aad83f,SNE
4c043264-46f8-4584-ac6c-e2bb5ad4a0e6,EO
773866fc-e4c3-4922-b2b0-9d98416b387c,SNE
ed273df0-f846-46ed-b252-6013126dce07,LY
33000d3a-f2c8-402c-aec9-c01af3f4ea81,MO
249274e1-534a-46ea-811e-e3ccf39953e3,BA
3ef08eb0-6d74-4e46-aaf4-cbbad4f87b03,SNE
a38891f8-0eb0-400c-850c-e5ee45212849,EO
c66f9bef-2218-4e32-ac1d-1bdf88dcb83a,SNE
f91ca152-2c2d-40fc-8db7-ee3a3d676509,LY
7ba5ea24-a026-4360-8b6f-aab9997e1838,MO
e3e45b2b-b76c-4904-8739-ca3930084877,MO
f15bb054-034c-48ff-88aa-d7093f7e55a7,SNE
4b170f34-1590-47ab-aa3d-806a87a34633,SNE
f5f0c61b-c5fa-41e2-a92d-e5ef7975838e,SNE
8aecc13f-e19d-40c6-a17f-4f0d2b60535d,SNE
2c05b279-0d05-495a-b10e-ebb9306a7ea7,LY
0b43797a-23db-42b9-bb21-bf4c23fe2212,EO
dd327b0b-70aa-497a-a5f0-321c450078a7,LY
78a12e15-36cc-4fbd-99d4-04043685e1c6,LY
1ae93f48-db2d-426c-830f-a665b5f5845d,LY
b78211db-53a9-40b8-9691-42af9bbb2d6e,EO
532d72ce-2dc9-4f58-a114-4f605037ef20,SNE
38a400f7-a5fb-4fe5-879c-b2ca6df40d97,LY
3e1be7cc-074e-4fb5-9690-a789def48dba,MY
7f0f34b8-25e3-4cd8-87e8-54e02af928b2,SNE
392a12f8-adb5-44b2-a552-bc115892573d,SNE
1ad4c8a7-16ec-49cc-8a58-a3dc51bbb5aa,EO
4a9c0c49-df02-4a2c-af94-2de0a9c45426,EO
11ab3f4c-84c8-462b-b6bf-1f85c273b4f2,BA
b7f433de-2a23-4040-a06d-0e87ad45aed9,BNE
e3f6cdcc-2eb7-4114-8edd-a68d3d489e4a,LY
71b5a45b-f5b3-4419-b2e1-5aadce7fca5f,SNE
da336c2d-fd07-4201-8d47-f54738c07905,BA
5d141e53-4f5d-4a52-9d29-0ab5aee01df2,EO
67a59edb-95e4-47e1-ab97-fd84b2743eb7,SNE
0a7dd257-c988-40f1-be72-ceb3858ca77f,EO
639ba21b-77e8-44bd-8e32-51282bff0750,MMY
28a30430-e549-4eca-9b70-571e496630d8,BA
1e83ea4b-edf0-44fb-ab95-f00834e77f32,LY
caeddb05-af0c-472c-a5a7-8085179b6b3e,EO
f3971c33-c6e9-4c3b-9c09-d7b9ae0c5fc0,BA
aa9725cf-1adf-4323-aa96-2020cbfb0abe,LY
9ed88826-9a3b-4594-b11e-4b86e95728f8,SNE
30f149b1-f938-46f8-a7a1-fe6c17cb206b,EO
8482c995-9bda-4b10-a91e-df55198745c0,SNE
bd693daf-d78a-4a95-ad11-f6b3f30d9ff7,LY
95a5b6bd-f405-441a-94e9-57d8002a3992,MY
b34ac8f9-a9b6-4b20-8049-cee145287508,LY
10dc151d-2c2e-4821-9e86-54c820d144d4,MO
6f24c6b2-c619-49d8-aa7f-71952ec2fb5a,MO
fb9f0a82-13ba-444e-a91f-4c6748296be3,LY
8448ad72-cc58-4d9e-a0b2-eb1918b252a3,MO
03c3f9d9-333c-4592-b8ad-94007e91ca10,VLY
81439ed8-ad61-4753-8af2-5190e29dceb8,EO
a0b389df-1538-4733-93fa-3c05a3b94da3,EO
362dd4db-ff57-4648-9d8c-4818687ba46a,MY
00491b26-34a0-4799-8f25-f1244bfc5e71,EO
f5fc76d7-13a7-4c09-83f6-d570550fb5be,SNE
f42cd926-5e8a-415d-b3b5-a77f8e31986e,SNE
48181596-e58b-42ca-a7af-47d7094851b8,EO
ce8db276-5faa-41d1-aa01-dbc6077ec557,LY
158b365d-1754-4fd1-8f70-49292c633d55,SNE
2b72956b-2d29-413b-b5e8-ac95b7a39847,SNE
fa5dcb10-a6b3-4c39-ac8c-69b55c4fa4a8,MO
21e27d46-1ac6-40ae-b220-f2c9d46c96ea,SNE
e8c8d659-96d3-415f-92a9-ccb5efc673c0,SNE
4f7f107b-5ed9-4eca-ac84-53d722d61d7d,MY
fd905595-de0e-4bad-8e6c-b2181b927b4b,EO
a127bdc3-69d3-406a-ab7f-beb094d51572,BA
bca87cd8-0261-4a48-9854-c5ba928cdeaf,SNE
947bed1b-2771-4cc6-92c4-82410832feef,SNE
5023e487-6c2d-4633-bdd8-fefe066a551d,SNE
cdccc095-8695-47b5-ad6b-9a76bde8e3da,SNE
15835dfc-3169-48a5-8afb-1ec4729369b6,LY
2183aab3-241c-461a-9b03-0eb38ff70815,MO
e76bdb1e-20c5-47ff-9bcb-46f4a90b2df6,SNE
86017954-ee41-4041-b407-2c662f04046a,MY
97b5125c-889a-46d6-9998-38c30a7a6ff6,BA
96dc8573-6a44-4360-9945-823061e2bac4,MO
42a8b6be-50bb-454e-a859-5199bc0e5295,LY
7129981f-f616-465c-9eca-4b54e3d90fa9,SNE
66093cee-9de8-410d-9d2f-170b39a6ea26,LY
6a09fd67-b15e-4b5a-83ad-537dfba8d880,SNE
b167841f-6275-4bfa-a1f2-691fa4f9263e,LY
ee689f90-1d25-4303-b255-779ddd721097,EO
4af5445e-f3eb-4fe5-ac33-9ad1fbb93314,SNE
674c92d7-8dbd-4fad-b334-96d2545f1fac,SNE
01ac9536-d1b1-4ac2-bd11-ba5d4087bc43,MO
a0c77220-335f-4da7-a34b-99ac2d7f2062,LY
fdc7ce6b-7cda-4004-82c6-5539ee85300a,LY
ebaa5737-f6b0-4d5e-9e58-9e4d8a49dc74,EO
c877b1c0-3b4b-44a3-bcee-ccdae5105fc5,LY
d083eda1-0011-43f2-a625-bb61879ff365,LY
01d312d5-3439-4864-bfe3-ed13c45303e9,EO
6d65595d-1b35-4ae2-a047-977282f22406,EO
136e1ab4-78de-4009-82a3-1c541050b644,MY
570da015-0b62-4b37-8b47-7f94cdaf4fcb,SNE
f8697c88-be0f-42d0-8bee-b3b37c20123e,SNE
0a8fe09d-47c5-4061-bca7-972af66f2576,SNE
679ee375-8bf1-4649-841f-976acc1db3e6,SNE
d437ecb5-2cc8-4b6c-bee3-5ca9e6cddb05,SNE
633beb12-b31e-4c4e-bacd-352f6c1cef5f,SNE
54c200a1-54e5-4a1b-ab26-fadfbf1e00eb,SNE
a5adc737-e7a8-4b53-994b-61e7a70637ae,EO
83372328-017c-4e78-b12f-67cfb9ca8ea0,LY
4ede061b-38c6-41a8-883c-f218a386c11c,SNE
fe38b26d-4133-4d22-a71c-edea01556911,SNE
b75f85a7-4ea9-4efb-ac91-9c7250ec2c7d,EO
8061fa46-6f8b-46c0-aab8-38a49ec7a87a,SNE
c85f5194-1584-408f-b55e-fe56c0f1c593,LY
cbd42131-a24d-4b16-87b5-744643b3b5a6,MY
49292b11-50c6-42ac-954d-f42e4cfd0a11,EO
38465662-321c-44a0-b21f-24fd34c6bf22,SNE
f58a1d3d-7931-499c-a793-d1dc09eb793a,LY
45622e30-5453-49e4-8c48-072ffc3feacc,LY
f9a2a265-8074-473a-8804-8c6069793a99,SNE
b812ade8-6df7-46b8-9831-3d7cfd0db2da,SNE
28b55c27-6c16-4508-aeb8-525e3ad0baa5,SNE
a3a2a91b-679e-4559-b075-3a300b237b70,LY
eebf31ca-4af9-42cf-a0c3-0ce9b4ed063c,SNE
2567a652-9028-46f1-9b80-0e14865f577c,EO
cce87806-c14e-42a5-b7f5-1db4a80dde96,BA
ff49dad2-1ad6-46b0-97d7-a3c8cca27d23,SNE
350c2d36-4311-4221-9aa5-267a6f1c4652,EO
0865358d-3447-4c73-b35f-cba25dcc2c08,MY
d42bb396-30c8-491e-ad00-a031c37d7ab4,BA
772e63e9-4e4e-45de-925b-cc3bb2454f66,MO
c58cfe73-785a-49c8-b329-cd2d3520b4ff,EO
51bb76aa-6390-470b-8df8-ea9e79c92ae0,SNE
66810f27-154e-499c-878d-b311396daddf,EO
f10e4995-054f-4501-b51a-bf0708681e8b,SNE
891d008e-4dfb-4d90-85d5-52ca36518b12,LY
95df8a85-24af-4f35-bd99-6a4e22d6e64c,EO
b279b8d1-4920-48b3-9a78-c4a2d67948e1,EO
504f5adb-fe17-4458-9063-c0b0bcdf28af,EO
fcedeefa-969b-4489-80e6-ceae5ed56de2,SNE
f5e4468c-8689-4d6c-b3b8-cb54e09ad3e9,BA
c994eed4-8c6d-488a-91fd-774a198f5a4b,SNE
100b6f19-9b3f-4805-80b4-71e95a794f63,LY
34718616-6b1b-4291-9a3f-f264f99c4d54,SNE
60ed2cdb-19fd-47d0-a76b-424fcf614925,MY
1c91bf68-3c3d-4fc8-b507-9c5c2497548d,EO
7aa58bcf-05d4-41b5-9624-db0d54b3427c,SNE
33327507-4d48-43b9-b489-af181fdea3cc,SNE
a7c8b398-96c8-47bf-af14-fb113c4f0ed4,SNE
88d21bb7-c72c-4d90-b383-82c5fd4c9543,BA
6bbc9b9c-c51c-4f8f-89e8-02ed14293854,MY
e8aba0eb-beb0-4217-98d3-7ab3e6b17ac2,SNE
34c63af9-4ef6-4658-9fbe-6e83e7516abc,SNE
aaf8119b-284f-4c34-bc41-7951d596d1d2,LY
f50e1353-2b55-4e8b-8ca7-469c18d06f57,EO
2e2a4d6b-08bb-48f9-925e-31bf546b2e44,BA
29b8874b-2681-4581-9317-e22dfc18749a,EO
a7e9491a-8fee-4f56-8f1a-f5fc964b5697,BA
e0619d87-fd2a-4b2d-afc1-e4b3248a3079,MY
55224f63-b26f-4648-ab38-90c88ecb647f,MY
a2ceb784-cf25-4e19-a201-00bc079dae8d,BA
8c367584-8015-4699-96e1-a49be3ee6f51,MY
275ea4c0-7dfa-4ade-82ae-0654b56a4229,SNE
91ddc8d3-1400-4329-9625-672d6e160bfd,LY
28e69b1d-df04-46e8-81d6-ceaf8c47cd7c,LY
4fef14d0-be3d-4460-87f9-ea827b7a7739,BA
6e149783-b4fb-473b-b00c-1910b2750000,EO
51b6c63f-fdd2-4f6f-b225-dea792c88a9f,EO
6aa0457a-fd73-4149-8c7a-fa23f857f7e9,MO
b26c7153-16a8-4ffe-95ab-1670927dd9fc,LY
b8a6c818-747a-4aa3-9050-d605a3eeae19,EO
60faec14-b475-4e8f-be29-aea3ddf8ccc8,SNE
29c52b19-f6a7-4127-a158-4a3e2e28796b,BA
84027fed-4371-4267-8192-e62d0db9b6af,SNE
2e587903-9142-4acc-a496-6f1aaa198f4f,EO
6ff9e98b-f9a7-49f0-a387-ef7e63325462,EO
1852e2e5-7930-42c4-88ad-41cdfe58ef45,EO
d2f72d24-20d4-4efa-846e-b4b11bf90f79,BNE
95a44666-8377-49cd-a699-c7a2cf815d1c,SNE
cfb46435-83b9-4189-be8f-02fa8210bea7,EO
d04c0be4-ac6c-4d58-847e-d47300362ce5,SNE
2a9642dd-3a33-4d85-8894-750512299330,MO
1c351216-84a8-4033-8385-91858348d76e,EO
26c5f92f-8fcd-450e-a9d8-089398d591f7,SNE
7d7947bb-8d65-4bbe-96ef-57523e47639f,LY
0aa9286e-466a-4a7e-a394-e2b71dcf2f3e,LY
7f20b9ec-5a6f-4089-a8b6-51d49ebbb8b1,EO
6b2f491f-3593-4b6e-9522-7fbc2b544173,SNE
2a1677b8-b80b-4083-8e2d-a90066583267,EO
becb804c-a2ed-401b-8bb2-e4c1fa3de5ff,EO
1ae06010-e96f-4808-813b-93d4c2631100,SNE
52ff6b62-bc14-49cd-b39c-f6a6089f1281,SNE
859c93d5-5006-469b-a341-c1b1973617b5,BA
e196d6d5-131e-49a8-874b-33117dcf15b2,PMY
d66cfc6c-c7fa-4fb5-91c6-67722b3c5338,SNE
3535ca79-b1ec-431b-baa2-facb059efc4f,SNE
100fd244-818a-45fb-bfc0-dbaed43baf13,SNE
b620bed3-408c-4216-998a-a19b7e805921,MO
78b4ff28-2970-4023-931e-90c968e3449c,SNE
7fcdd9dc-864d-4c59-bb84-2ef301a6c146,SNE
166fbc16-92b1-4bc0-bf68-51cdf9511d43,SNE
cf23b39a-22c8-4c0b-8c92-62d30a6ad6d6,SNE
b87fb081-24c5-4134-83fe-865172ea13fd,SNE
483cadce-b6e9-49c3-961d-985c80fe1c5b,EO
43eb2abb-486a-44ef-8a4b-d9f538136fca,LY
060f4b47-5a65-4f64-9e7e-41bd2a5d942b,MY
9fe590c7-0bd2-4743-ac90-518644734765,EO
51ca3a32-5dcb-4650-ae8a-b88b43a9c285,LY
7968dbec-2651-47d4-9a78-a1cc5b2d6022,EO
7e714950-d923-458d-88c4-c0da0883ea96,PMY
90eba501-4293-48aa-99f9-4ac005dc37c8,SNE
6c2f0122-6e23-449a-803a-2ec3daf9b337,MY
8837f824-8222-41be-b0a0-c80fd0c44455,SNE
a3e75802-cd4e-4a77-a4a5-720cff61b111,SNE
208c0e54-53dc-4934-98fe-30573d90b594,EO
a5414880-86c6-424b-aeb0-7ae1737fc9be,SNE
057c49da-67e2-4a88-9fb7-ff1cd0d788a2,EO
52b49b02-d2df-4f39-a513-d8a0f2854103,BA
9e64af85-346d-47f9-ae9d-733c593b0ee7,LY
6c45d2d8-20b8-4ed6-abe8-c806d58a44fc,SNE
02112e80-5268-40d8-b38e-44e698817bfe,MY
f0fd313e-8838-43e8-98a8-f10a2476db8e,LY
5172a841-7c69-4389-b42a-6b5d1303e387,MO
df2c1482-b2d1-4cc3-863f-eb40c60583a5,MY
aa9c007b-2838-4d05-b601-a86c604bff97,SNE
2032043f-8714-4185-a1d7-89d0e27a69bf,MY
e4e839d9-43db-4216-8eb1-0e99703dc33e,SNE
760b24ab-d6bd-4fbd-8b17-dad0a619872a,SNE
29f4aef1-9fae-4f01-813a-3e7a1255f0e2,SNE
53d4249c-64f1-415a-8edd-77925991e5cd,LY
e04bc8b2-5695-49b4-8c6e-3dafc11f4a3c,SNE
fb43f202-9a5f-4e75-a359-e213ad4d85a8,MY
ddf556ec-cdc4-4a37-8765-b4e303a1e315,SNE
c2109f1b-e361-408b-8285-48d408bb6fdd,BA
fba50443-d42c-4e8e-92bc-fd77b7f77f69,SNE
4ab682c5-0fbb-4766-a56f-3c1a07d37044,EO
f41f2132-8cc8-4847-b79c-68ffd3abfb1c,SNE
af3fa87d-7cf0-455c-891e-950809cc920b,LY
50d2f9f0-457f-4b9b-90f9-eb37c5a00b31,SNE
38c20126-b03e-41f3-b9f7-1e6f9a2ae65e,SNE
4108c6ab-e3b2-4ff2-962d-74cc80cf90c6,SNE
e45f5a81-37e5-4182-9b27-53325c2fb388,EO
abf8d02f-9cc6-4b98-ba89-89265d85ad89,SNE
205d42f3-fff0-4cbe-9669-b78135126179,EO
52852bbc-fbe1-423c-8da5-dcfdeca2e113,SNE
b3693859-0adf-47a1-922d-5f326c2ea68b,LY
467c3325-c8e5-4ccf-b008-28806d07ed2e,EO
aea693d9-cdfe-4ee3-9cb9-34645f328c9c,LY
4a956b9e-add4-4728-98da-33761303cbdc,LY
8c90f7cf-3b2a-4f60-be20-c58df687beff,MY
6e1d186e-3e41-42ae-9544-a30abc5dc90a,SNE
c5c6dad2-e97f-4fff-a217-3412a0dbe7d4,EO
63f2da7d-5bf6-4ed2-940d-ca033037a3c8,SNE
53d362be-4056-4892-8e63-484dd6fb55a0,LY
7946b781-bd15-4891-8546-f71f25c4e96d,MO
569520a6-e6cd-4962-a6ca-5a2de4f9a433,SNE
68612668-ffbd-44a4-ba23-8135f686dc2a,LY
f7391da5-12f3-4c29-89df-4df1f5592e92,SNE
1c3a7719-a659-41fd-9070-4d37f19a06f3,SNE
42bf5da5-45eb-4fac-a02d-b49ee3e8ef2b,SNE
c73b5926-be94-4d02-9ed6-a5b6f89b11b0,SNE
4a89ebdd-ad46-491b-bc56-562005c453f9,LY
6e2f65bb-820b-47e4-9efa-553c207ae1a2,EO
3e209f20-bb77-4deb-9d31-437e440bd314,LY
72ec9dd9-61ad-47f1-a5df-226443222f30,LY
fcca5308-3661-42c8-a2cc-598cf39ad0f6,SNE
7d3e5ddc-01aa-4fee-b4e3-81d8f513d9c9,LY
014f2874-5436-4c67-8d87-25f4b1fd3a80,LY
20eeeae1-9a89-40da-b3cd-02305299a463,EO
357a379a-b12a-4e57-be47-60db781c5677,SNE
e52c6174-9c67-4ef7-b282-73a27958650f,SNE
90fc279c-e79c-4a6b-89cf-d9933281382e,MMY
d763ab0c-b4ce-4f42-867a-14c8e1da20d0,SNE
e091e41f-0e13-4a7d-90b2-c0b7078f28b7,MY
ad3c69f0-1b06-469e-8756-7138d688eaf5,MY
b81e49f1-2afd-4063-90f8-6f230533fa4e,EO
c624fe4a-6380-49e2-a603-10770373efd8,LY
fb0c9c12-fd58-42ab-ae32-a4059c3c586c,MO
26966ef2-d384-4c10-8077-2711db2fca2c,MO
ba23c64d-28ea-4ba9-9c1c-fceeff2d06cd,MY
3ee4b737-399b-4a34-a76d-2351f1772198,SNE
92c97c4a-e77e-4173-bb36-b26274e9e5df,SNE
f3a55a1b-8f8f-4783-adf2-65fd6233c35a,SNE
1904add7-bf1a-4bfd-a42d-975dfef94609,EO
0035f7c9-dd96-4538-9f70-53a0e02f1ea1,LY
395c5466-a0e4-4ce4-999c-e0a25c2d3fc1,MY
a63295d8-53f8-44a9-a110-306d255ea8db,SNE
0c7768a4-469b-44fd-ba1f-5788888800bb,LY
08676217-878a-49c9-97d4-e0174f374ffc,SNE
51a1c15f-6b3d-4a97-9b4f-0fa25948d0d1,MO
973b68dd-8d33-4670-a490-33b825d6a1de,LY
037ea21f-004a-4ec0-9571-2d1a6a58fd27,SNE
fe0d5316-b19b-4d2c-8078-0b978eef5737,MO
eaf73577-3d2f-47ee-ae2f-e3fded09e8d0,MY
a623e418-c766-4530-a453-a41213c9d228,BA
54d623ff-6f86-4ec2-a632-0b9aa3becdc1,MY
b35b36cc-0c21-405e-8ba9-e473b99641b9,MY
88470b6e-772b-462a-a535-ac1cd8cbfb42,LY
cf287963-0972-471d-b3a1-4e82be6de655,LY
f331988c-e5b4-4c67-abaa-c6caa9a37b9a,EO
302a7b29-c6b2-4a54-853b-ad6878073012,EO
c5290bb0-e0f4-4483-9156-6fda7c1b03ef,SNE
a1394c7f-7923-4eaf-a333-a6e6207ae66c,BNE
1f5fcfc3-7add-426d-b9f2-38856f107fe5,LY
3f6d501b-27e7-41a1-8f82-b93d758b74ea,SNE
b7002c6c-5d45-4d8e-9f6e-bc5c391ae61d,SNE
1d3d3b77-0672-4030-9bd1-e16f497c0baf,BA
107f41d1-a8de-44a0-b76b-29515e0d8291,EO
2e33fe32-6ccb-4697-a879-2526a6770291,LY
f68e105d-f229-4919-89e0-07d2dc4cc95d,MY
f649b2bd-c885-4f1e-a531-eaab136c3a87,LY
0b746572-72ab-4223-be3e-eab851dc2c6b,SNE
67d66ef4-5298-4838-94ba-6addfe982c16,BA
d4bb96b1-a6ea-439b-a690-5d47e986f439,LY
9a36c63b-d903-4048-acb1-db43f24226f9,LY
ce71665e-b4df-4533-a2c0-55779ec030f1,LY
0ee3d977-4e36-464a-b188-dc04d6f4d5e0,EO
a1e8eb5f-d769-4837-b4fb-260bc942154d,LY
b01c104e-602c-451f-a41c-120273f1b661,EO
6ef4c07a-134c-4c46-80be-5323944847e0,SNE
e0198353-a178-45e5-8b93-c4a15f52a182,BA
12f19b25-f6c8-4526-a6e2-29bbd9f02b1b,SNE
041d70b6-97cb-4d48-8cd0-a8a9bfa1a524,EO
4cec0bc9-0e62-4f02-bd36-a1bf2dae9f64,LY
c85163eb-f127-4140-aef9-2d1366654b5e,EO
b1e3346b-2836-4d39-ad88-aaeec49d2fe8,EO
6f4fe7f3-0570-4a8e-927c-923f5c52d67e,LY
8b7c5f5c-7cc6-4f8e-8475-eb3161e1d3f7,LY
deaa92b2-898e-408e-a49d-5e05477bfe2e,EO
bb4bbbf6-d7e2-4192-be5f-104db1c5e9d9,EO
b2ea2761-59e0-4c0a-8b63-fb0fd8d8c791,LY
9697e272-a61d-43bc-b353-b70d1c3afdd4,VLY
5b3b275e-9765-4c76-b849-3270bd844e3e,SNE
6e4a8445-34a8-4d9f-9a93-c28160100985,LY
477bf535-8597-4000-8967-5b96956dfc66,LY
79bd5bb6-ec52-4190-a535-918226407ed8,SNE
f3b9fd4a-ecae-4b97-90e3-cda44eb0c2bd,SNE
0990bb89-c196-44e7-ae1a-217442c254d7,LY
0bc7b592-941e-4420-9b0b-c16f0e55f4bd,MO
28be0752-9676-4f43-a592-5804d07bb7cd,LY
b056e5f7-4ed2-47fd-8ba7-ec9da7776874,LY
c57af747-11e7-46db-91ff-2d87534c8792,SNE
239b7f4f-77ca-46c3-becb-bccefce49268,SNE
b95425fa-5f2a-409a-8548-bfa09d0afeed,MY
dbb31813-9f19-4a32-8b63-b97191b45aa5,SNE
97afd058-58a4-44d2-be9d-18a0dbd74e98,BA
0e7ef8eb-8fd9-4725-9671-3297d8890538,BA
534b6405-c014-45a6-b416-e3306a8bc970,MY
57240f62-bb20-4a80-8877-9fd824239244,SNE
536cfdef-7fa5-4b25-9e76-9b60d1619c4c,BA
75e90437-6cd8-4197-a6b3-c4e674a2d3eb,SNE
ad0bd55c-d5ff-4524-ac22-2b2d661fa21d,LY
d017bfa3-6219-440b-be88-98c9dc7cdd17,LY
de6df510-42d0-479b-9e38-75e08d154598,MO
9df4abd9-fbdb-4d86-bf57-1d1e41c631f9,SNE
ef2b1403-b253-46fc-98a0-4cf5b1f55354,BL
79ca78c0-d574-4ef0-b852-a267d920a120,LY
c9f81372-0aea-4341-80d2-572318c07514,SNE
e0091878-144d-479e-995e-4785e1bd792e,EO
a29eeffa-57ed-46da-8adf-3b11b92161d0,EO
a9989973-b5a3-4fd9-8469-39580471cb61,BA
93ce7d09-2b9f-4308-b273-b831805380b4,SNE
6eaa4349-7ae6-4654-89b6-36beff03186b,EO
211243b8-3a08-493b-9697-409c25bcfffe,LY
292ba9d2-243d-4315-928d-a58cfa5ad304,MO
5bd59aad-e723-4db4-94e5-f6dc7c2a7902,LY
5bf604ce-992b-4146-95e9-58509c803cfd,EO
4e104cd2-6161-42b1-bde0-6d94148324db,SNE
c7fed028-28e7-47f0-8312-181ee7a350e3,SNE
175cfc82-6868-48bd-8c7d-39113601452b,SNE
32db03f1-6585-4e61-9f65-9a6d2116b759,SNE
4765c3f4-42d3-4249-b1d2-467e79bc809c,BA
26dfee3e-8be0-439b-874a-664ac35735ab,LY
bac6fa4d-5686-46fb-8e9a-88b47efd0526,SNE
7a4d7955-0bda-4287-a484-84fe4c9bf344,BA
3db15c77-c83d-43a2-bbff-bddf190b85e0,MMY
1593ea4a-359a-4cb4-ae48-35181a0b7c3c,SNE
810b5877-6a38-4928-a7b8-bf886d53300b,SNE
88d9398f-ae06-4ec1-a09e-8fafa8ccad3d,SNE
70967cb5-aa07-42cb-92cf-cf4982dc326d,PMY
1bee2aa0-35c8-4926-9b45-c7885bc004b5,EO
37331ceb-ad39-4fb0-be6d-c26280c04dc6,SNE
f48293ef-975a-407a-b001-4099f7e9a603,SNE
f3b4772e-3b59-436c-aeb7-2143668f0dd6,SNE
aa89ef33-e55a-4813-abc9-ca33e3460daf,MO
c03a01f7-babb-47a4-8f2d-606cecc40280,MY
887f2f1c-7a12-4745-8493-c5ab92dc101e,SNE
9fd3fdd0-1b39-4992-9aac-af0c5257d1cf,LY
1a89f527-575d-4c4f-841a-011dbd398f11,SNE
fe97a5f0-0310-42c2-9caf-20b318836f70,EO
cd322884-a0bd-47fc-93f7-4f0b8c385ea1,SNE
571f5046-9f8a-4b2b-a10b-44936c85bf0c,SNE
fcae8af5-aca5-41e5-9af5-cc2536523dc9,EO
751ff32d-e767-421c-b199-a86004adaf08,LY
23e37e93-8b6c-4726-9566-03b54b4ee402,MY
01e4e354-99c1-4a8d-8d1a-7827dd4f0df2,SNE
00a8975d-3b11-481d-87f9-852831e1964d,LY
b579aeb2-d22f-46d6-b61e-ad647b489f66,EO
443f9264-f8fb-46fc-959c-a656db7f1911,EO
a8db6235-63a9-4d35-ad9f-bf5317660fb2,EO
3cc0d6a4-483e-445e-9c4d-e981501e51af,LY
66584df3-7583-493a-838a-c6ab3ebe417c,SNE
f672e0dd-b64d-4957-be37-76570e2e1dc7,LY
4430d723-cf76-4ce5-b38e-ec1592661d77,EO
ca154556-558a-473a-9137-d2ab364de7bf,SNE
466c869a-b132-4d96-a5ec-64adc25e9be2,EO
043b22b7-cdce-44d0-8cf5-339e3b1ad262,LY
93220f86-c337-430b-8a0c-5cf29bdc3e91,SNE
ce74ebd2-814d-4ea0-9f28-c87f4710da1d,SNE
11f1647a-73f7-49b2-b06f-e30c04f45ba5,SNE
d2baea43-6094-4011-bbd6-9aaf3f46f1f0,MO
11b78650-3ac8-48c1-a945-a771b9e790f2,SNE
5d959c85-4b74-4242-b578-9cbbf2326754,EO
39d04603-a4a8-4b94-9ae9-d541bda08787,SNE
9f7ca488-e349-4097-bb25-a1d1e7c49fec,LY
ba2478a0-f3df-4704-b128-ba0f28105152,EO
ebb2de8b-4080-4437-a8ac-a3190ba9d25b,SNE
a64f6727-8e2f-40a9-a315-2e067f9e96e1,EO
3a2b6867-a2ea-477f-9be8-08ce34bbaa96,SNE
7bb37be4-deb7-4d3a-a0c4-c7228c005330,LY
cde6d46c-ed35-4e12-8156-df55828c1aad,SNE
cc809a8f-4218-42cd-9cc1-31a3a85514ff,SNE
890da9ca-e57b-40c7-b870-e330a571c81a,BA
3003deb5-0cbf-43cc-825b-4214a740a589,LY
32900bf0-e33b-4829-a39a-85a6fb1ded8c,EO
61d32adf-2be5-4cf9-86da-7a034fb94d8d,SNE
d1040533-438b-488b-808e-765b4f6cb3ed,LY
750e3965-06fa-4216-b13d-8a1fc3c48f6d,MO
d05e5713-8fef-4c09-a40a-9a73028d9380,MY
0aaf45c1-56ad-4caa-add4-c7d168d7776a,LY
14e79452-b86a-4ef3-af02-6fae6b4ea49e,EO
0b054620-5328-428c-9b96-44015fc42cf1,MO
90e2675c-2532-4985-ad36-0e9339eec30f,MY
c8ad8c04-c743-4082-a2ce-8421fabbf0a9,MY
acc25aaf-99ad-4ac9-bbab-10402160ebf0,LY
29124ef6-343e-4895-b75a-e2838a2a067a,SNE
93344b8e-3c45-4d6b-a107-a449b1116b4e,EO
32fd69da-2259-4fb5-9a26-8a2d2a472250,SNE
1ce360bf-3076-457b-9ecc-d65091b6091f,MO
01a7e9a5-94ce-420f-a30e-ae15477c3625,SNE
5afa2b5c-fd89-48c8-8661-18cc0c9eceb1,EO
4776eb78-da45-4834-ac52-9f6eaec2b5d8,EO
875f48cc-11ac-45c7-a6fc-5b89912bae33,EO
6b0d4737-8933-419e-bc05-04a4804c51a1,MO
9e830fd6-3bc2-4751-9e5e-5387dc1d361f,SNE
9b63235d-a970-4716-97f3-d8c2ee4a3d1f,LY
78ac7f46-3e03-4dcd-b1d2-2a30863f3411,SNE
fe6ca543-e8e9-4207-a555-7bf8052bc39e,SNE
e1bc42fd-fa81-43c4-9468-7b15b399c6c6,MY
e06ba1fd-2cf8-4067-839d-4f70b380bd49,MMY
84cf97a7-b239-4bb4-a38b-c7a67498cf8f,LY
db95d3fd-9241-4d98-bfab-dab98d6bc50d,SNE
50968914-c0bb-47d0-9d42-a2148b20e4c3,MY
d5d15d48-1dd2-4593-97eb-8c824bdf34a9,LY
81d85452-3544-48fa-b16d-4faf31629138,EO
492c11e5-1199-47f0-aac5-addd9317f436,BA
89eedbea-9f78-47c0-b6d2-82dbc497de95,SNE
67935b7f-f4fb-47a2-8adc-ca7f8dabd47a,BA
a33f9c53-26ac-40d8-8b59-b410aff1e7bf,EO
5d938d9e-0a35-465f-8ace-4cdd282fd36c,SNE
bed5c37a-c9be-467f-81d5-5c93014ce459,SNE
eab4f841-89a5-44dc-a536-b07f96030c12,LY
c6b0d07e-f6a5-4f2b-9a9c-dffc107d3973,SNE
13035e82-31e3-4aa7-8752-8181cf5acc66,SNE
518cbd20-698b-477f-a745-e82e5b7c9369,BA
e2bb83b8-655f-42ba-8d6f-f3beb266a3ac,LY
543f2fc9-f509-4ecc-9a95-4d6078d8d09b,LY
63b9f653-5b88-4d20-b049-52a933aa9097,SNE
52fe2552-fed9-419f-93f2-8dcc57e6bdf0,BA
86b43a47-e92c-4dd0-89fd-8ada5d63cfc2,MY
f06fa089-ba5e-471f-9cf5-ffb6be12ebf0,LY
7fa7a648-d54e-467c-aa68-33d853b12598,LY
b4790880-7cd2-42fc-8346-a28f6c33c2e2,MY
c60af1ca-0cca-444e-ab99-51f6eb24a3ea,LY
6a86d015-7f13-4f9b-8f41-b8070df7f771,SNE
dc4f2fee-fcdd-43a1-a5b2-6bacc3f687bc,LY
5ebff1f3-ff87-424a-b061-7b1fe0ba6d7b,SNE
b460279c-2610-4077-822c-38f423ce2f4c,SNE
a47f5499-b313-4bed-8921-bced69dee672,BA
a7ccb1c3-2e7b-4d40-a527-506c5b3bc1f4,VLY
7b5774d7-2751-496e-990e-383af9db9ae8,SNE
71d72094-c3e4-44d9-8160-f66f0e414d9b,SNE
dcf73780-b941-45d2-9ae3-9cc652efa06e,LY
b5092df1-ca39-437a-8a14-244843ccf8c0,SNE
ccfee9d7-7b8e-47dc-997b-0e5e060e28b8,EO
ed9f3eaa-7b60-4ab6-bd2b-c4fbc9a8fc6b,LY
0148a70c-db05-4cc5-938f-15ee4d7d46b2,EO
a3861963-90d3-449b-9c5d-16841495fb6e,LY
b839c578-581f-4fc8-a8ce-0f66985fdff0,MO
31e1c8fa-a508-453f-99dc-363f71ae5538,MY
4ff0f24b-881f-4fff-aa32-a19422a69286,MO
6ba39d6f-8c5e-4a38-b0db-2fc15d5c543c,LY
b94ed575-896a-4737-8ff7-cd42d5123f7a,SNE
9733ca99-8c1a-4cdd-8f00-4b8ccc5f2447,SNE
19cc3e9c-8306-4182-a1ab-926960c27300,SNE
e238cdd5-67a4-4882-ab12-0a04e4b43f49,MY
3bb02e9a-c8f0-488d-9c74-e7ac76ea74fd,MY
5305f172-1500-4e45-bbc9-60e872bdd7b8,MO
b6c098f4-9e24-4bef-a154-0dceb19d261a,LY
4af1c241-6f92-4714-803c-3181674848a8,SNE
f25c5524-bcbc-442e-b155-a8959fb9d60a,SNE
9fc0f55f-8555-401e-a59d-e979c46def59,LY
80b51bab-efc5-4db7-90e7-3ebac839d81a,LY
8cc4fc3f-5d7b-4a46-a5b2-6c8ae474d95c,SNE
dead6415-849f-49d2-bce2-6d63df9312b1,LY
21ee7290-392e-44d3-9da3-dee51618b462,SNE
ced116f7-3a68-44f1-8f89-3452cb844586,SNE
1fea2ba3-0e99-43fe-a812-650b4ce74d84,BA
7210b3a6-ee11-46d2-a119-c8f22e809a66,MY
d9dd87ba-b322-4652-aa16-4b0ce2e16daa,LY
9be63c32-85f3-41ef-b00e-ee74120f8b44,LY
7fcfcd62-4774-4e67-878a-8e328534f8c5,SNE
544501b1-e397-4e28-8b1b-a9fd2517d9f5,SNE
9528e0d6-cde7-48c8-9d87-602ee184d981,BA
1daaa847-3832-43dd-90a1-27d104e6f7b5,VLY
08e472de-d131-40e8-a0d3-700c3d26a6f5,SNE
50301c5f-ffa3-475c-88b7-689a3685bc94,LY
deee5135-b917-42ff-8eb5-d156a0ce8cd6,EO
00d7efc0-38dc-4e9e-a5cf-7151a787048c,SNE
5cf8e8b0-2b7b-4501-9bdf-a3b985fd6f69,SNE
1972a3b3-0980-4a45-8007-a21a38d11d90,LY
5cf82012-5b8f-472f-b7f1-4fdbe45d9baf,SNE
61c1542f-07a8-4859-ada4-1de805cc0140,MO
e6ad4885-c27a-472b-a4f3-d1f103453dd6,SNE
6ea3fb9d-99d4-494e-8541-2f514b2b7e79,SNE
7a29fefb-1432-47d4-9a77-24b2c4ef0a75,LY
ded6240e-7195-45ff-8584-1b2bcb3de672,SNE
90b75283-7638-4825-931b-d9b30cee0169,EO
67412e7b-60a4-4aa9-884f-e602b991403a,SNE
6368555d-5f90-40e5-8d44-adb9e23d61c3,EO
c42cc92d-85ab-4b52-83ef-71500e1f51f0,MO
16eb5b39-84ae-4138-8476-37d648268536,LY
f987046c-eb53-422e-9d97-4af78ec1106d,BA
c25798e3-4011-4a39-b1a3-b9cd58ef019c,LY
bc9b7590-d3c1-4ba2-bea8-5608d586e5d1,MO
0927e31c-a9d2-4e4a-9fbd-29157d325194,MY
ef428466-9cd9-43f3-8dad-84896ef1b6ba,EO
1cc0ea15-8e3a-4f1c-8ddb-3ff7d459b3f1,BA
1ff57766-2ac9-4cd7-a198-3fe8dfe048e9,MO
ecb4a3cc-0a24-4d33-a954-ed29443109f0,LY
7109a376-20be-40a5-b3cf-32f27e67f8c4,BA
f05584d3-ff69-4b58-9be5-b1e48f29b775,SNE
4ab2c26a-c74b-453c-92e0-1e7d3a4ac7cd,SNE
4a1d755c-aa0f-4236-bd61-673f88911914,SNE
f00bd26b-95fa-44ba-91dd-041956d7b047,LY
aa11030f-175b-4ff7-befa-135c75369a4c,BA
89bf2896-22a3-43cb-9320-fdd2c906966d,MY
9c829517-2395-4744-b787-da4d7ee30543,SNE
3e465fce-15c3-4799-8e95-bcc83d7782aa,EO
00665abe-1861-4be5-af9e-7ae92c07124f,EO
84752cd5-61b9-4023-95f1-6a0f38736365,LY
0e4224be-6ace-4969-8951-d882f5cf0e00,EO
5c4830b0-8951-4d69-8157-36492c446dbf,SNE
56f106f5-d593-404e-98ef-5bd840870819,SNE
6885cf00-25db-4131-934d-b36842cbd719,SNE
11566b20-e9b0-49c1-822b-3383d4066f3d,SNE
6fa6c8e0-50b3-4fd2-9ee5-966ac03ca993,BA
a5b077fa-f897-4a63-a9c0-1437eab79553,LY
5c8b7725-2028-4f00-9778-50cdc9c1cc0b,EO
130874e3-5497-4e64-aaf0-76de70fb164e,MY
db7f4d9e-c7a1-42f1-a0ad-96679faef25f,EO
e3100f0d-dbff-4793-9df9-334568d0d36b,BA
437881ec-e94f-4c40-9fe7-7982d0eb7fbf,SNE
98c3f3ea-863a-4e1c-bd49-4b434ad6d2b9,MY
8969c794-744f-439e-8412-f79de2162154,MMY
5bf18c5b-01eb-4b21-95bd-ebff695e5a79,EO
537488e4-a920-45ca-b675-6fc1e12c4252,LY
5aea6f1f-2647-4344-b5e1-740810568821,LY
0313b35c-30c2-4cf8-a3df-d2c7582e3352,EO
e34a03a7-36de-4b2c-a646-08988fbffa11,LY
115e28c8-7367-46fc-8d88-bfeb0b84313d,SNE
f68fb8c2-6d2d-4bc5-b1db-300fa8735e61,SNE
8e422815-dfb5-4eed-b4cf-feb1917a697c,SNE
80045cf5-36e9-4746-bd61-57d820df706f,MO
5018d4ab-4566-458d-9119-1b0f84af128b,EO
ce9810a7-d366-47bc-8d4b-cd4b4b940f42,LY
40773fed-0792-4887-995c-3088178b9c1a,LY
95979dc7-4217-4e22-bcdb-bd9f74aa4f9a,LY
430dca2a-2695-4e77-aad9-970a123c9b71,SNE
69d10ca5-1b13-4622-a1d8-6744ee975fa7,SNE
f56c254b-03e3-4ae2-83ae-127c0ecb297c,EO
2cab43e7-8106-4712-909c-75f8e95fab99,EO
8488b9de-e3db-46ad-b74b-2b6d19ffc18f,EO
5dc4a241-03eb-4617-b3cb-1d9f46dd8c53,MY
ebc6e2a7-69bd-42c1-8cd0-8ddfa35658fc,BA
9f177e39-d941-4bf0-80d8-2987c5597f51,LY
42e5713f-91b7-4032-ba6f-29481c158a61,MMY
a8b3be01-ed8e-4ba6-a790-51aa76f4f2e2,SNE
3555e593-c357-42dd-aa7e-cce07561689b,MO
ba793010-d252-4bf9-9954-28aa284ca3e8,SNE
5aa50b59-babb-471c-9867-de9e01621675,MMY
ea50264e-cf16-416c-bf8f-fca34001c1d1,LY
9fc394bd-f1bc-4e52-a5e0-742260eccd17,SNE
4a6010da-76a9-46ad-b77f-33c67e8bdc6e,SNE
4e7229de-3ba5-41ae-8e7a-a1f6582bff1d,SNE
5a158b40-fb2b-498d-a29b-766a75569377,BA
debf949d-af50-455d-86da-482411305f0f,BA
1e470afb-c7fc-411c-9cd2-70986ee8efe2,SNE
0409535e-d7a8-4549-a7c4-756991664e72,SNE
64302648-9e13-41e1-88bf-f1c53aacc2e1,SNE
1511dc2f-9cde-4bf3-849c-5ebf006e0795,BA
0039b608-aa7a-46e1-80e2-03155890c34f,MY
92768932-0e5d-4759-a7fe-747da0784f35,SNE
5d35eebf-217b-4161-a625-309016f6c58a,SNE
90ec422d-0141-42d6-b76a-1efdc9a211f4,BA
508da6f7-a000-46bb-8158-6a00e2588084,LY
e69578a5-f485-42fb-b11c-b1a0b55468a0,EO
518f3fc3-d563-45a2-8cae-987bbee87594,BA
27a3b8a7-4b77-4daa-9fea-6e1176edf4dc,SNE
cdc29d70-1999-412b-8f5f-afbd3e84a60a,SNE
94449136-7bcd-488f-8835-823a6d1664b3,SNE
fd560392-8eb2-4e10-9140-ad06c2296f6a,EO
74746404-7e18-4cc3-a4fc-ae074a2bd7ff,SNE
3c090bee-aacb-41be-9d04-ea1c4effcbc2,SNE
dca31d7c-98c9-4d48-a91a-7a59f2b09642,SNE
a29d2365-6a07-4f64-ad5f-913ce39093a5,EO
eed3ec60-d0a3-4e0a-9a1b-736cff80d9d1,SNE
a6939a30-1256-44b0-a308-432190f99a69,SNE
7090a50a-3e0c-4de8-85db-f7b46d1de4b0,BA
71a37603-41ab-4b81-a662-e44aa0cddc11,EO
7f36384f-d5c7-4a8f-b259-a50e90f11b90,SNE
46069e2c-f13c-4a7e-bed2-c97fe3b12ad6,LY
a9cb8532-31b6-4fec-9cb5-d388f46cc1a5,BA
57ae30d0-0487-472d-9015-049fd5fe7137,SNE
87fe627a-9cab-4b78-b009-1c6f05ad577a,EO
e7da35e5-3bba-4642-b352-8d1945622382,SNE
3ef38b3b-3cb3-49d8-bf4c-92df6e0d5321,EO
d19d7abd-0573-4df3-9d12-24583eed78d1,SNE
de2c8da0-fd3e-4c67-a02b-97580eef85a6,SNE
b2cdd54e-043a-4eef-8c61-cb17ac8bb995,EO
f79e9b80-03f5-4377-b48a-b52258450649,MO
b9fe6576-3a93-4480-95ea-726284715a3f,MY
a6941ef7-d07b-44c6-8862-91d6b4e1e6e8,EO
0f3a949d-d935-4997-9cb7-0f8103431da8,LY
fa7cd1ee-f5a0-4fc2-bf52-15d88bc759e7,SNE
ec321406-e04b-496c-85a2-44873e9ba3a3,SNE
028c5842-977e-4cbb-bf22-f8d661f873c3,SNE
1f0fea4d-1cee-4edb-a72a-e18ef16bed4d,SNE
3656373c-55ca-4b1d-ae67-4a1b20261c6b,MO
39a2846e-6443-4992-ba29-c76bc3a33ce4,LY
c5422775-5b13-45c9-b6e6-cc3d04b8277d,LY
793104ef-21a1-4e74-b58b-e48fe2f6a5e4,EO
9e59199b-ee4b-421d-a332-6a8ecc0270aa,EO
e117e7c0-07cc-4146-abbf-623b26c906f9,MY
222dcef0-17a6-498d-8b45-c6e9303911e1,SNE
38a5a95b-7b2c-419b-ab51-7c5de7103098,LY
19e4a70c-009e-4f67-ae47-7dbbfd0846ad,MY
09768138-9f9d-4e14-997e-b0276f43cef8,LY
f5da965b-1f66-4b02-a1f2-3126710cd0b9,SNE
1472188b-5784-48a4-a313-7eb45ee754de,LY
11f3343a-7b2a-4156-8630-391b8eb83b88,LY
10d14bde-17e0-4834-b8ee-d4625740db2b,SNE
007e5f64-a34d-4f51-a388-08530f503170,LY
f5b2745b-591e-48bf-b78c-f8018033c3ab,MO
5adb727f-b675-404c-a1c4-eb5c705774f2,LY
b08f2d90-3a4d-4149-9d0c-a90988f85b88,MO
6343180a-011a-4d59-a8b5-8f4d8c022868,EO
1edfc955-8509-4699-bbe3-cb3ff34de82e,SNE
cb95b23f-09da-4bfc-8b40-ccf6c7c57835,LY
48e5f4a2-5f62-4956-9499-40a8f7cd5164,SNE
d4317c10-4fec-4422-aa03-577978822765,MO
1485f9a9-ace6-4b81-8240-71da4fdd04aa,LY
ba314ad2-14a9-43f9-8f66-6145fc448cf8,SNE
df43a578-8785-4d12-96a6-f0376402901c,EO
9b362983-a342-4a81-b737-c3e148a45f93,BA
e072d959-013a-4cbc-bd6b-42bc3435bdf0,SNE
f4cc6f15-58e3-440b-b1c4-c3fd0c64e304,SNE
a40e1948-eca2-4697-aa9c-ea3cfc0c5944,SNE
fbffcfef-9cd9-4c06-9b83-1078ad7a7dbe,SNE
b6377dba-4a1e-4943-95eb-74ad1f445759,BA
f1fb0929-9c72-46ec-a792-6eef2b60af53,SNE
5709cbb0-3e22-4646-ad99-a90dd5ea2e1d,LY
b202c7d0-be0f-4836-a548-cf806572b441,MO
b67656d6-258c-4e49-b7b9-43098510909d,EO
fa987b22-69f1-43b3-a8c6-79867f5c7048,SNE
a62d019b-2d0f-4c79-905e-4af3a0434fd2,EO
73d900c9-59bc-4d0c-ab94-4cb55a220744,LY
d1809910-c31d-4c7f-87d9-72bb6f315dc4,MO
4b5cb26a-7333-4158-9ceb-fd9bfa91f29d,LY
9a1e9898-f42a-44cb-8310-cc078cb10d06,SNE
7eb9add0-f937-4773-af04-5b6b00f334f1,LY
dd03d373-12e8-4524-8085-8991aa8cba0a,SNE
5db6e658-0cc1-469a-923b-1145022f6848,SNE
a37ec872-7fb9-4338-a9a2-efa508cd5ab0,LY
d3b28b45-6dbe-4101-ac46-8d73424970fd,SNE
b75b058b-794f-4850-b637-713be26c1ef9,LY
f56ae75e-9e12-4464-bdfd-df9889382823,LY
4f748d87-383a-48c7-8c55-c9397885344c,MO
fcc2861a-bf74-4fc8-807a-1910f4e8c270,SNE
64d4b0d0-5aca-45fa-bd65-9f36717a82ec,EO
23e39bf1-3e15-4385-a5fa-ac878dcf2ed3,SNE
ae144b83-b47a-4cd4-b44c-eec6da815f3d,LY
25b491f7-022c-42d4-b2e5-e67cd4130359,MMY
f3233369-3222-46ac-8fa7-b66b02c11fe7,SNE
62612a74-d09f-461b-8a24-b44d3eead9cf,EO
ed64653f-4d58-458f-8e93-5a1135efbca0,BA
a727915f-952e-4209-89a7-74839062c9bc,SNE
8fd90382-98fe-44df-a4f3-35500c295849,EO
3ed0848e-e681-464e-b48f-6d3235e41868,SNE
16b95903-dc29-4959-b5d2-b3e31f29fbec,EO
eea21668-0a1b-4e23-a19f-c5940e604c55,MO
3416bcfc-fedf-462f-bc40-6edbd1314bfc,BA
1b9e9725-bf50-4efe-8942-1d7a5ca0ddc6,BNE
c4489f4e-9199-4e10-8083-8a9fc2db749c,EO
d5c6cb42-27a1-4f36-9d7b-dbf93d593c2c,SNE
f15da57d-88a3-4685-8ab8-90f8119e426d,SNE
b0c3d3b2-e84f-4f24-ae0a-b17b0a9c2d86,SNE
7ac36637-bd5f-41c7-9d89-2dfae3ad55ed,MO
9867ce5f-d4f4-47b2-8c67-11c843ed52db,LY
9fbed3ed-a18f-4f92-a7fa-b35724ec5da9,EO
a7082086-d7b6-4e88-9ef8-dc3a8ea67f98,SNE
601f88bc-d44b-4208-960c-d9fe1ad71ca5,MO
68d3caf6-46cb-4460-a1cf-1c662a6d3ef7,SNE
188d1bd7-1cbd-4c30-8ccf-4cd72f5c9887,MO
5954fe03-e96b-486c-8764-fde5469bd205,EO
473a14af-e71f-4c43-861c-8407c544b178,BA
ee52b57e-4840-4e84-972a-771ee0bc035f,BA
83f4d974-0eaf-4be4-9105-9e0529cb419b,MO
a9d9f30a-1cf2-47e9-a5e0-c7bd817ebb20,VLY
8f032735-28d3-45b6-abc1-f17ba8a4b0b9,EO
b482b3e4-2d2a-42ed-b8ec-37743189a12d,SNE
6a538a16-c041-44e7-ba30-075841c71208,MY
d0cffcac-d722-4950-8087-227129d46149,SNE
55d9f7b7-8676-42a0-8dbc-35d219375d65,BA
4e5f8ea1-f836-472c-94ec-632f3f425453,BA
fbd0b860-7894-424f-bd57-cb8b4051d927,EO
28fe492f-1601-41d0-944f-ae1c31a2a0b2,SNE
3f4fb970-f8bc-4a9d-93a4-7d7ed2efcb5b,EO
ac807a87-395d-44b1-9b3e-7c43fecd7eed,SNE
36dd299b-3671-4b50-b422-4914242228a5,EO
ac32b8c5-6d70-4627-aa06-c1048dd41136,LY
01a9a4a4-681f-486f-9154-3fe747b20849,EO
1a5b6530-1948-4e20-baa4-655ac3dc0825,EO
aba0e185-6fd5-4363-a430-4ce4f0da269b,SNE
ded0d796-4926-49d5-a2b8-8d76a32cccbb,BA
23df3cc6-2add-4b63-88ed-6b0e2a12f800,SNE
33a70db1-42c5-4cec-b88d-201fdcd8eb3c,LY
9c591a63-3640-478f-91da-998be2d31ffb,BA
fb3f5fee-3fc4-4dae-b24a-8cb416c17490,LY
aad8a113-0d41-48bc-b533-3df06e8f0953,BA
827f1404-3902-43e3-912a-cf3751e7f08c,SNE
e458cc5e-ffab-4438-a6c5-bc17036da6ec,EO
3b1cf4f8-9a41-42fa-ac0c-ccc6e6fe100b,MO
edd77bbe-731b-491e-8ee8-0102663f3e99,EO
9b0edc47-56dd-4348-aa69-27adadfe27f4,SNE
6b0af0b3-caf8-40a5-948f-0aef5b9a4d34,LY
50cdef16-a682-4718-9971-1e595cc0e94c,EO
ef8794ec-cb5d-4282-9a7f-ff82a4c8fc37,LY
ac888172-47a2-4e3e-8a2f-a8d44858f658,EO
7e9270f6-c06b-41c2-9750-3fd0e74463fe,SNE
944190e4-8af4-43fb-92cd-0fb5e6cecb0f,MO
cb6d6fc9-6477-4497-92eb-0fd011edb5dc,EO
affe8141-3bad-4981-a193-544fb7baaf13,VLY
ebd0ee58-cd06-4ea2-ab6d-a2be7589fe7f,SNE
075a18f2-d5e5-4aa5-abf7-972482b7e541,EO
5b0fdf9c-2f0f-4e32-a36c-6de3c0668d9f,MY
9b351237-8561-43f4-a291-334d4ad4e9f5,BA
7be83abd-4195-4f8b-b323-bcc9f4322e79,BA
69a78fff-37cc-46c9-83ff-21019b60858a,SNE
d16de3ef-d313-4f87-80bc-a85e63fdb5a4,MY
8fc1d452-a26c-47ce-a286-69b68a281cd6,LY
7478c8be-bad0-40d7-aa29-63da7c5873e9,EO
45573b40-c53d-4500-8a77-6b2ccf018a0c,SNE
2962d329-acbe-4c65-bcf4-c7eb91482c6f,EO
9261caed-d2d5-42e8-aa85-0ee69b000579,SNE
aec4a57a-7f0d-4bda-a4fc-4031113caf92,EO
fb5e62b7-2a27-46dd-9ac6-88669fdb133b,SNE
8d9ec6b0-a3ec-45c9-a96d-ad45b07d27ff,BA
0e9f6faa-8fe3-4fb5-a36a-9044221ce0b8,SNE
7e440436-f7a1-4f6a-80b7-587c316fc922,SNE
67893f28-2f99-41c5-aeaf-3fa5c973f2f3,VLY
1416f6b2-bd65-43b4-a691-cf67abe60681,EO
1d55a44d-195a-4410-b878-57ee91f93c8e,SNE
6cf49d6e-d085-49bb-bd28-2126821d2f10,SNE
da19e515-b750-4de5-a615-b9e9bf483490,SNE
44ade938-7de6-43bd-9464-66eb16d00f91,SNE
5d370fc2-e328-4f00-8c1b-e0078fe0e392,SNE
06a863a0-8d6e-4f27-becd-c292a8422753,LY
04e2292b-2021-47b7-8bde-56886ab4ec6e,MMY
6ad579e3-9d7a-445e-8d71-e72d3ae7ea01,LY
6e749b4a-d0f7-4da1-9844-fb477d644d70,LY
839be530-b1a2-47ca-b2c5-68740051829b,EO
2f1b6a2b-e649-4114-af77-7cf9ace2d10e,SNE
800ee47b-6580-4ffd-b14b-6291bfde3b8b,SNE
25fad309-31ec-4e92-8785-8f54b1657cd1,BA
e9c391bd-a9a9-4f6e-b575-b038c3e68fc6,MY
2558aa76-8bc4-486b-844c-569b7d3ecfcf,LY
ceeddbac-5096-4138-bccc-193335f606a3,SNE
f039cc5f-aa10-4e78-b30c-b4b84de36ae0,LY
ae0a5d7d-91ba-4669-8e1f-d952f8929c8e,VLY
0149e719-a698-4ebb-a560-7566daf8051a,LY
4758a0e4-9297-45b6-b3c6-d1ef871322a6,SNE
7d5aff02-4ee0-4105-ba71-0b383306ac7f,SNE
73d5e4cc-fcf5-4623-b3d7-9b9affa2126a,BNE
2255cdba-eec2-4a44-89e3-a6e0b0efdf13,LY
9445724c-7d76-4a47-9f2d-70849c920d83,EO
26d6d7c4-0f01-43fd-9d90-0dbda7162a5f,EO
96d27843-bfeb-4569-87fc-326f3263d064,SNE
dc8a5d6b-ea8b-4c70-819f-f2ed659f95c5,EO
fc48cda2-a406-4d02-b8b8-e80037e47968,EO
114a1ce3-1896-40f0-aef2-6c8c173bbfb5,LY
d33a2350-9d66-471c-9737-7d4c4c7d61e8,SNE
1735ee3e-0a40-477c-8032-59c25a6e0134,SNE
d8986745-f926-4471-927b-0a297e46166e,LY
55184e9a-19ee-4e01-a4ed-7c9c41f121a8,LY
9e035801-6164-4b14-b408-4671b76cce57,LY
fec41c14-8b8e-4eed-add2-8fbba80c9cd3,SNE
d0baaf41-1f8a-4977-b4fe-4664c0f56026,MO
43674651-2859-4d3e-921f-f6b1efc8f635,VLY
0f0f3bbc-ecef-416f-b0eb-1732d1e168af,LY
14faab7d-a828-4ebe-9376-36a06922a527,EO
688b0a02-4af7-4b59-853c-9dbae69aa5c5,LY
b4937282-6043-4e87-b357-8f78cf460117,LY
dc52a1a0-27e4-409d-9041-71e3e2773d84,EO
43244213-c1f1-4b9d-9bf3-9bdff656090c,EO
30b420bd-a0b7-4ef7-88db-e6d90058fc0e,SNE
f3659469-c4b8-4ddf-99f7-1fca814ccf7d,SNE
d03143cb-6cf5-4460-b8f7-5795815326d0,EO
b324d62e-28bc-4af8-9000-d9f410375e78,SNE
d5b7ea9d-3c19-48bc-a4bf-501e2a3cdb2e,LY
7925005a-4082-4fa9-8873-4b4384d308fe,BA
303e42a4-56f6-48c8-ad88-4b22be85605d,LY
9c754882-c29b-4d13-a21a-2826d3bb5a5d,MO
c71cc186-4e81-40e5-b346-004188e2de83,SNE
1c6a303f-fde0-4a69-82a6-ca7c8dfce9de,SNE
cb96e774-7cc7-41ec-bb1e-d389d8a6db3c,SNE
d5eabe3d-9fbb-4b34-9ae9-8bf8ce61e790,EO
e901aff2-b712-49bd-9a21-f5c333641110,SNE
86ce72c7-6dcf-45d7-b73f-9864e6133edd,LY
54a408c4-f462-4a70-ab38-2ed0e972f478,BA
9d0b2ecf-3cad-4b8b-a995-3d1d021dee3d,SNE
a5da434a-bc6a-4df2-83e9-7a28308ee9f4,SNE
8971ad5a-561d-4055-b0fe-f2b513bc0c3f,SNE
329f5701-67fc-43a6-a1e9-17221c546e1b,EO
f6bc6ba6-21bd-486d-9d95-8b5514d883fa,MY
3f9bcef4-a4df-4270-b41b-a0bd0f0fa9ae,SNE
4debe512-b554-428a-9cb2-590811c40e0c,SNE
8625d9e2-05b2-4702-8910-97b241aa6483,SNE
c467516b-10a2-4f3c-b8e5-7abd11178e73,BA
656a717d-721a-47c2-b5a8-9224b3cd796f,BNE
ae442129-b0ef-485a-9500-456a86267041,SNE
f728ff0d-fbd3-4cf4-9219-3d313972a795,EO
91b390ba-7977-496d-b193-8001a2d52be0,SNE
9569d000-a3e3-405f-b786-fb239402b4ad,LY
a31cd4a0-61dd-4403-947a-849686815e27,MY
8ea2a998-3ac6-4abe-b11d-96f8c4ca7216,SNE
317b5e65-0ffc-42ad-862c-2575f5943f43,BA
edc2eb35-2d39-4166-8a1f-b63c0166aaeb,EO
55ea1d30-7ad0-4b24-ba32-345bb77d30d4,BA
5b9ad7b4-8b61-4f5d-8725-8719e4f172c0,MO
2e2d80fa-b2d3-43d7-9e5b-b536ec036757,LY
3f88aa4c-9bc7-412c-9c4a-3684050eceb4,SNE
812299c3-fb06-453b-84dd-64a212f149d2,EO
1dc27edb-571e-4f57-a2ef-f2d09db4bb0e,LY
77f55e12-4c99-4468-96e2-8d78fd86ed07,SNE
e2dea163-f606-4adf-a90b-2a9f9aecb1a1,MO
529a4224-309d-4000-acc9-61a51763da21,SNE
b60cc5d2-2558-44eb-ab43-8288b04a274e,MO
29c76e08-a00a-433c-8535-b9737f677a65,EO
a5d5906f-7e88-481e-a655-bf95abb0f291,SNE
c5a2f6f7-e687-4e67-bde8-0dd2cdde1b04,SNE
f91e73c3-33c2-42f3-a5a4-82dd7834ce00,SNE
fa043852-45c3-47bf-9436-b43cb9ade4f2,MO
21fb9a17-9437-401f-8656-a3938e0e6444,SNE
d803bf25-fedd-4569-823c-bd894b7cc116,SNE
ab29aa9e-7e77-4bbb-9010-401cc8f9945d,LY
d30b6262-2841-44a1-a0ed-cddc2febce11,LY
d24db5d4-63f2-4b3a-9c21-dd0c25e423d5,EO
21870a54-1612-4b68-98bf-f95a01e404ba,SNE
ded973f0-17fe-4f42-b6db-c325d284445e,MY
2b46710d-6708-43af-a892-384288475d01,SNE
2c61c649-33a9-4631-8fcf-12cf2dafe24d,SNE
35fcdfd7-f636-4a7b-a261-2b9c00749efb,LY
af0e57df-b3e4-4784-9eac-1f1b9263c25b,MO
488aaaba-8753-4904-b454-6a95c951f4d1,MO
eeba5afd-69cb-4880-ac1a-04a5ba509bdf,SNE
d7c581c7-8b71-499c-b704-e7ee2b45d1ee,LY
763a99ba-8b96-4caf-b18d-68516606257f,LY
bb80ed8d-e0b8-442c-959a-5de6f1709ba8,SNE
2f9f2f25-dc04-41d2-8361-69f0dee44a4c,LY
37f6f62d-ada8-4a6c-a004-32ec77fdd79b,LY
af94323d-11c1-442e-87cf-96d0953ad382,SNE
6480a7b2-974f-4670-8a75-3e46fd5723e1,SNE
421c0c2f-a803-42e5-a455-5df012acf5a5,SNE
fc3ba5b8-7942-4d20-8cf1-d9e57d156792,EO
7de0a824-aae8-466c-9366-1878e028b0cc,EO
9a45118b-b058-42d0-85f4-f81df9558360,LY
cc7ef988-1544-4d34-976f-84373ea92e14,LY
ad22862a-0b01-4e83-8fa5-f96acf3cad13,SNE
18b5456a-7c98-4404-b1af-b82e851d2a52,LY
29745965-d88b-4ea0-9c37-bdee00e65133,EO
90907f4e-59e9-43af-9c20-020a52d166ea,SNE
b4d2226a-8ea2-455b-b1bd-a4251994feee,MY
98596cf7-88ad-4c7d-a4f8-2da9b49ce1e6,SNE
39d1cbd4-6c30-4ada-9db6-1a93258ff6c3,SNE
c1057352-b4f5-4aef-b49d-131df600b3ac,MO
1a9a0411-2926-4b7a-94e0-52950114eb07,BA
282d50ad-5be9-4a2e-a562-d69a102eedeb,SNE
989b8b31-8730-4f20-93d4-7aab6d6ce655,BA
c12edae8-43ac-4518-a2ab-5f77919723c3,SNE
dc8054c1-b42d-46a8-8389-09445a878cce,SNE
7b49bf28-b795-461f-9de0-d61eb70d0deb,EO
1a5afe2c-3ed9-43f0-b614-64212f214478,SNE
13e7d80f-8f1d-4ca2-8280-08de345307e3,SNE
ad1e2045-b0ed-4cc3-bd84-5e2647749faf,SNE
0906a860-b0c9-43e0-ae2a-702ba0827ce5,MO
f187737c-8f0d-4ab4-afd3-6a01ec2e2c7f,MY
1be15282-0df0-468f-972d-a521e97ab316,EO
20bd4039-9c71-40e9-911b-1e2db581cd50,SNE
046de09a-db8e-44c4-9bc4-67fd321f1f91,SNE
e7b259f9-c68b-4dce-979b-6661afc5aa0f,EO
89201cdb-4452-4fb7-a9b7-b98eba12c39b,EO
6e7a6e8a-627e-424d-bf36-038df1459a2e,MY
cd1e0920-63db-4a52-9dbd-a1f42a869b18,MO
f8108eec-c848-43e8-a6ef-55b550caa1c4,SNE
7b8f76f6-1c7c-48cd-a872-e9ac32d50a9a,SNE
7c178f39-da19-4233-bd93-a215a36f2f81,LY
3908fa80-5508-46cf-894b-c538de6f106e,BA
248320f5-b119-4634-9616-a77e0d44c39b,EO
b98f0209-8f84-442c-ac1a-17398590b56c,BA
ec2065f3-262c-4662-b822-b02a329e17aa,SNE
cd0723ab-24ec-4ce3-903a-b613072a78d6,MY
f6bd2893-19b5-4546-ba98-f925f142f6a9,LY
5abe6d02-dc40-44ba-a77a-4c31056aeca4,MO
f016de95-550e-40b2-aa87-7931e77cadc8,SNE
d2e6aaa3-652b-48d5-b0e8-216bc260fbba,SNE
061a1c42-419e-438e-96c5-e06bb17c20e4,BA
c1621ce4-1a41-4ea0-810e-59b270162ff2,MO
9f5d5164-1554-430d-8e75-7752c949f0d1,LY
9c622470-f647-4dac-a0fd-5e6287d87639,LY
da446d94-14ba-40e8-9cc0-73f4d47931c6,EO
ce2c41d0-12b0-4fe8-8152-cba39fbbb409,SNE
25f3e70e-285d-42ac-987e-9881cc4fde80,SNE
7aa2087a-40e9-4adb-b235-ee2c6d15ab37,MO
ec620e53-7077-4ad1-92cd-d6555f64ecd6,MO
1210235f-0400-4be0-b273-8b948683a244,EO
47e823b6-de87-4414-80ea-1529d96e4ba0,EO
5a6fff6d-176b-4415-b509-274a1d27d238,SNE
16b1f654-00d8-4fea-b3df-5b355d7146d8,SNE
09a09a32-5e16-4a5a-a903-d39c7e08eeac,SNE
25eb6ccd-f6ba-4bf2-94c2-a81da2285d8c,SNE
56f80c87-7ff9-4450-88f2-9b2506837471,LY
b41f44bc-d7f3-41a6-9264-7cd02a8f9320,VLY
d21203f5-e9e5-4590-855c-819f834d8c5b,EO
de7677d0-46ff-4575-8edf-21b6345d5c8b,SNE
c3de3697-e693-4454-8421-6ad9a24042e2,SNE
4433db1f-72c2-4853-bf1a-2d0f44bef19e,SNE
40d6cd2f-ee09-44ff-b697-f2e67e81bb75,EO
655e6bb4-5bee-4211-9d7a-83fd69a419a1,SNE
170c3474-70e6-43ff-97ba-f479f0cf52cc,EO
c15bf33b-e559-405c-93a3-75c9a1d1b342,BA
29ae7799-a37c-4537-9222-c4968a57783d,MY
87bc337a-2f91-407f-bf6d-a9b64e2b670a,SNE
d2e891f9-a1fe-4108-8a69-1f17cda93de6,MO
68c2cd5d-7d2a-4d17-9023-a6b5cbf6adaa,SNE
05e77a55-a147-449f-a220-e9c7222fcee9,LY
41b165e3-aab4-4b27-9bb3-898d385b6fde,BA
5e7e7eac-0eca-4cb2-9065-e9da10310073,LY
894ef9a6-06cc-451c-a3d7-c1077755c707,SNE
a7431f1f-3db7-4e6b-babf-49e4e986e8dd,LY
b50a36ff-6af3-43bc-992d-1aa460619262,SNE
3a8c8a58-65db-4ae0-b07b-803da36320ec,LY
b069cef1-119b-4e62-9930-0f06fddb4b62,MO
806c3408-3d7c-4c8a-b1bb-61d8f6431048,EO
fa7904cb-49b7-4234-9bbb-8c0a28ec31ca,BA
dcaf6fc5-b1c9-4828-886a-9c7c36c0fe57,MY
7e06cb9f-6e09-403d-8dc4-06832c214993,SNE
f59644de-fbeb-4ad2-a282-2a85108ef3f0,LY
96412ee3-90da-4124-9c49-a59fc01b2280,SNE
575fb82d-b490-47c6-b840-132b43653cc7,SNE
0f0e8f0a-e963-4a46-b6ed-e7078c674fe6,MO
844f2ca2-1949-4840-bd99-d4cd8a990a58,SNE
189f09bc-f5a0-4998-8050-92cc4fea5cc1,MY
1ed36bbc-2ac8-4c8f-875f-e60326a86457,EO
5aa9079e-a6a9-4789-a3d6-ed86d26ecd16,SNE
8d7100ef-0ed5-439a-9832-7588b7065222,MY
0f7a245e-884d-41ad-b2b5-e750be9a7e2f,LY
cec87f43-7a8a-4f25-85db-2c9512ef0a03,MY
076d45d0-cc37-49b4-ba78-3e0de30fe786,SNE
6f597c04-c5d3-400e-bab6-a6fb9e276bf1,LY
0e0ffdab-2e5c-4511-9d9c-f0e9ae8f75bb,SNE
f8ded2a4-20c4-4f9b-8c07-c6151ce01239,BA
e34723f9-e2dc-4e21-bb1d-bbe30d47a33c,SNE
b3b93664-3feb-4342-a618-7902d53e2556,EO
ced262b1-d3ff-4405-9228-8501e3bb14e5,MY
b78d546a-1644-42f1-99cf-86857f7edf30,VLY
a12cb01b-f460-4e32-8fcd-8df0c6474861,SNE
56960273-a63e-40fb-bbf9-cfef59ad8a8d,LY
44585183-4249-492f-b093-c67c0edd6efd,EO
c51a56fa-b228-42d1-8446-5de5afec7157,BA
f27c1e9a-615d-43aa-b1b0-ac143bea433e,SNE
3e468d86-dc60-47b0-9040-ddfa16726d14,EO
f1af47d4-44fd-4186-9cf1-1f6d131a67a2,MMY
a627067f-47be-4c05-8f8d-1401eb249cf9,MO
08708f75-e162-44e3-b68c-790af0f97dfd,SNE
1f4048e7-bf62-47cb-9824-3995303d7791,SNE
19f61975-d3a6-4073-9fb0-d84df6cf82b4,LY
a344ce01-32ed-4ff4-b893-b97a3e8631c8,LY
90c28232-9c4d-4cad-bdcc-9d0578fabff2,SNE
95ce13d0-ffc7-4fcb-bf72-f35b42dd97c4,SNE
38eea71b-68e6-4e7e-9f4a-87fe7bc2ac73,SNE
bdf8cd5b-14d5-4423-974b-8a076dae3bf8,SNE
9baa333e-c23d-4175-9f36-7ec17db40cb8,SNE
b42e8222-4846-4cc0-8da2-10320259157e,LY
838ff5fe-6fe6-4222-85dd-69dc58819a04,MMY
487f7e0c-2c21-496a-9d45-f2c056112ed5,LY
4a93a96c-a19a-45a1-9fe9-eda74ef3b036,SNE
cdf0b84e-9026-4ee9-8348-021e98cbe961,SNE
bc693b5b-1bb0-42c8-8b93-52ef461f1c5f,SNE
a8319297-6b9d-4e5e-a3a0-870961fa4055,MY
c75ccc2e-86ba-4f25-abae-bccf5f9dff66,EO
b689c05f-1be6-460a-a29e-bf3d93d4076b,LY
e31c8988-eeb9-4caa-b4f9-0c695f9719d3,LY
658400c2-ecec-4591-8628-2656de418fff,SNE
ebfccad1-e929-409f-86da-3ee453f2e8d2,MY
956c8912-7725-4a4a-8b90-0df9bb74e832,EO
8026baaf-1e5a-466f-8bec-2054f6565638,LY
33c6001b-f482-45b3-9e97-16f21c488785,SNE
c89f8983-5bf0-4bfc-9dcb-e0f0f22c5c2a,LY
5e302842-63f1-4d7d-a7d2-b309a4b1a7dd,SNE
d91b403f-7c26-4db1-b80a-0264d0051455,SNE
6d7f7c5c-32c8-493d-a187-8d8672dbf4f1,SNE
b8f2f7ef-c937-43df-beff-b9f084ea02bc,SNE
ee90e7dd-2e84-459f-89f4-de125b22401d,EO
dcf16f9c-6dd2-46e5-96de-2ea4be6b411d,BA
b208b9eb-9938-415f-a24c-8a7da09cb7ce,MO
c9481c3f-4ea8-4671-9a19-a7dc911f5ef4,EO
5b27d2eb-3475-4da6-818b-4aad965cdc06,LY
f1678efe-4890-497a-bbde-5ea8d4bcd2a8,SNE
b20bd2b5-b45a-4052-a284-9c76ca9335b7,SNE
605a792f-42bc-4fe0-bd74-6705493cebaf,LY
a264f056-ccfa-4e45-8695-1dccfece019e,SNE
d40b9ac9-2c39-4476-8121-c93f22a343e9,SNE
0389b056-21f5-40f4-9cd7-38499983bd34,SNE
9c5e220a-8746-46c7-af08-7f337b4c1a4d,SNE
b4466631-81c2-4478-b2a8-4e36b6415e61,MMY
c1d819e1-9d55-421f-9f3e-593587d23d59,SNE
f4ad3ac0-c0e9-4b38-aa3a-d2a956a3fe6c,BA
d51f0cac-6dfc-4f2d-84de-6105a3dfa76d,SNE
0ed92360-e3d9-4005-ada3-c619c1e36364,MO
13289bf7-d127-4047-8c38-10b47801ac81,MY
b3e9afd6-2e01-4544-89c5-1873a20f8834,BA
2aac5fd6-9138-4d26-8acd-b5e272ccbe97,MY
9ce8cdac-b5dd-490e-bd16-7c21c202424a,BA
f4c42dd2-d625-40c6-b3cd-ae24ea5d051a,MY
66ff64b2-85f4-4ce7-a4cb-c0ea5255d062,SNE
1d749793-5f71-49eb-9bd6-122f5de232f0,EO
14d4f0a1-f58e-4254-9bf2-c13fc351499a,SNE
58afc213-7bfd-479a-aef7-031b5eae5a91,SNE
201a9d14-32f5-4457-b967-4c63c16a5d5a,SNE
a1eea74d-15df-4d8e-92ed-611632b8c57e,LY
9c3112a8-915f-49f8-b753-9ac88e24f00c,EO
98f98fb6-f90b-4ce3-94cf-b4d73c3843cf,MO
a0d115be-6e4e-406c-bbf9-b82d5059a502,SNE
43e1cf1a-3299-4242-845e-7ffae3c32024,SNE
d24a2394-c58d-4a1d-bdbf-86c50ce6189b,SNE
11e8acf9-87a4-41ed-a97a-320405a8cc4e,LY
14eb34a4-6c71-4b07-b66f-794b306454cb,LY
d12dea87-2e5d-4da4-958a-7ff59709966b,LY
e6997597-2013-48b9-8406-da74498e0251,SNE
9f754fb7-eda4-4229-b6d4-2e6681d743c8,MO
8e19d8da-b4f5-452f-83ae-5a0425681bd9,SNE
f6686452-2bef-4909-b2a4-18261c350456,SNE
847f51f4-7df3-4b22-9bf5-738081fc5999,LY
22d78a9c-779e-4517-a0de-b96ac27db89f,MY
ecc1113f-efb5-4a79-bb6d-98b70351a4a8,LY
fc7686f0-574e-4fb4-af85-e14d2bce4562,SNE
31192dfd-3c6d-4758-bd97-d31fc637bf55,EO
9f39882c-c750-4e31-aec9-933cb263e85f,EO
8c143a1d-927a-4d2a-9528-0e1f6075c9b2,SNE
fc268021-bd78-4f1f-84da-e078a4298cc3,LY
da95fd6e-a48f-4b44-8bb3-fdc5b2498b9b,BA
7e967413-08f1-41f7-b111-5fe0b52310e1,EO
12fad8ee-6f7d-4d38-b26a-08d0051f6917,MMY
b0835c6f-db8b-4158-b707-2ca2a07a27e0,SNE
e345a2e8-2451-44b1-bd0b-6b2bf297220b,SNE
d0d02a2d-c6cf-4761-bb11-d424f673fb86,SNE
9bfd8f1c-c577-4b15-9266-cb89af40c80c,SNE
1450b21f-e130-4c4c-8605-bea014d51d9b,LY
b1042155-c650-4703-8784-a4acfdc70b61,MO
f2964d60-fd19-402e-833e-273ec8f48a99,SNE
5c88f579-ae7b-4aa7-a4ac-b959b6212c51,MMY
e3ee4eff-9b5a-4869-b05b-7b322a62df78,BA
adb24c5f-bf0b-4cf7-8a4e-f5e5151a6131,LY
1006b6e7-4576-4165-8ca6-84c2b949a4ae,BA
3ee28fed-fe75-434c-b043-c04fb358867a,SNE
a95c38b8-ceac-41da-b6f3-462ad34fc086,BA
107c48ec-2fc3-4a7a-9f6b-2cfd82f5e98e,MY
ce009daa-3007-4bdf-92fb-1f3e64e33be6,BA
a7389231-770a-4d9f-8202-2bb44d4c114f,EO
11d572fb-0e0d-4789-90cd-72120ba0f452,BA
95fe2be4-7a5b-4a74-b024-cb16eeb35528,EO
5f2b5edd-b082-4957-9d2c-a3e0635212dd,SNE
cc36a22e-e6cd-4a8f-866e-cbb9d2b7f6b4,EO
de20eaa2-e0b7-49ac-9ee1-99179f6c4db9,SNE
1044b533-dd59-4656-b687-c2bee30d262c,EO
9e3f7254-ea04-4509-a83e-4179ede306e8,VLY
5858acb2-97ff-4428-8040-58e3e4af56d4,SNE
2345fba4-0fed-4021-a296-ce2199e6e5d3,MY
712a8bbe-6df1-40c4-be07-564113d7d8f9,LY
ec9b9a44-b5d5-47df-90ee-c52895336145,EO
58db1303-661c-4151-a546-d577b5ce1f75,LY
ea337fc5-6d7c-4297-8748-73a0f86b150a,EO
a04d2bb3-103b-4303-82d9-486d6a3c61ef,SNE
f6f1c9d4-b1af-4c14-bb24-afb9e8e3c79f,SNE
dff68821-3c0a-45d8-ace7-9fe68557b037,SNE
527b319c-2a80-4e8c-a139-64d1f0c822e7,EO
91ddae2d-a57b-4ab8-b37e-6f5f1d44a54b,EO
3861cad6-2226-4a0e-8dc2-67a4048213a4,MMY
83a6659d-4a9c-4cbd-b2d0-91e34b186b56,BA
ac9c5114-5ebb-40b3-8648-f313d0ec96b2,LY
82cbcd70-2bda-406f-8b44-81693aa6173a,BA
98fd47f1-a5e4-42bb-8ae1-b98847ea4872,MO
2ff7f51b-8e61-4204-a015-7dbc9f6b1b5f,LY
29c8e2a1-6424-4f3f-b148-74228af57ff1,LY
62f5e1af-5279-4aa3-abf3-e02d3ca1b247,SNE
7b5ba3dc-8d92-405d-9797-0d2fc036f34b,MMY
81e0d8a1-d2ef-41f6-8759-54d8eef5cd3c,SNE
71a26c6c-95e9-4302-8c8b-2db8c30f723c,SNE
95c71acf-ecba-476d-b095-b8968d6a7686,SNE
70e4eff7-c534-40d6-a66f-933bd5da120b,MY
77afb002-4d91-4bef-9d2b-ab0648ba1913,LY
f15e6c08-a0be-4c9e-8e31-baf7e555f05f,EO
1eb32e63-57b6-42e6-a55f-a334f19ff7a6,SNE
9beb136c-3e46-4753-812f-3a3dd11304db,EO
d52c22e5-364a-4cc5-8450-7f435f2ea435,EO
58b2b1e6-0f65-48f8-8dac-9323079ffef0,LY
44f9d031-8ee2-48a4-850d-b6cb6070674c,MMY
fc2bc5d0-8f6f-49df-9f27-4ff69982a3fd,BA
45299b99-f99a-4201-a067-e83992347461,LY
31fb73da-3fd0-4cab-853c-834575331f73,EO
6525aa87-c079-4c45-b437-e28485288d8c,LY
6c46b65f-c75a-400e-8091-8a9b79ff1f0e,LY
732be790-a708-4b48-beed-52b31abb206b,MO
9a041ec1-365f-4a09-85b6-f7917d752be8,SNE
a7292875-357f-4731-a122-b04a0c8cb7a2,LY
9d53000c-c486-4a46-b68a-30a06eed345e,BA
ef831d04-e017-4780-a8e6-cb03feab46f8,BA
799c0699-dab9-451f-8b6f-a283ced67618,EO
b16b443b-befa-4cc3-b167-f33d46d9c266,SNE
5011d536-8807-4f12-9554-858b5e7e264c,EO
683564b3-c1a0-472a-bb6c-857a6f22cea6,SNE
f972dcfd-6107-49f8-a01d-955054c60976,LY
fd522cf2-bdfe-43f0-821a-09ec3836db58,MO
1fb92235-e122-46ce-aaea-7f07ee4bb7d2,MY
cd40f250-9458-4a31-8568-b9e8c209ef24,SNE
fb3bcfd9-0531-41f2-9d9f-70981d7360c3,SNE
ec9a50a9-1d27-410f-8cdb-0616498fe9a8,BA
0488ff97-06db-4707-b8df-3a5c5bff1bca,LY
45eeb64d-5bf1-46a5-92f0-1460501484ae,SNE
aef1dc58-62b7-471c-927a-02939305a0d2,MY
83ec4066-0968-41c6-bc10-f04698bf7676,SNE
a2d4916b-fda9-4d0b-a0a8-6988c5e6670f,MMY
c6e11988-8dd1-4fcc-9de7-9edf5a6d0c3b,SNE
c478768f-73b8-465d-8900-1767da7a902e,SNE
0d53e6df-d5ac-4664-affb-7369ff777eaa,MMY
6d7e2636-bc40-4961-b21c-302dde8ea33d,BA
0394c0ff-5370-4afb-8055-ecbabf2815ab,BA
0de0fe19-eb1b-4a03-87ec-95f53a4f292b,BA
78e88b27-876e-43bc-9e2f-af867055186f,MO
8e1c4e75-7ea2-4d86-8b88-0de8c77a5923,SNE
61f3f74f-0c17-4493-8450-f660a5d21568,LY
033c481f-6c44-4571-93ba-f3025a456daa,SNE
aa089ec4-845b-4228-92f3-61ecf8bd1e1c,MY
0d8fb0c3-5926-478d-8856-a8c0a8875567,EO
d3e0c1ea-ac99-4bb1-882e-3b6a4865f09b,SNE
961e162b-7f90-4a2b-8a0b-0b99ad5326ef,SNE
6881dd89-198c-490c-8b9b-6180e6ae7ff7,SNE
cf0db7f5-593f-45ed-8711-9c69e57a0769,LY
3c3b96f7-bc65-4a34-b0a9-a6d96ceb067e,EO
208e32e0-ab08-4b0c-ad78-ac41ef642bd1,EO
afeb864a-751f-414b-a281-d0cf5cd77b97,SNE
2d5081ed-90c8-4a0b-9d01-00eab3dc710b,SNE
c06cf38f-96ab-44bb-b5e5-a816e8df6a3b,LY
62c09d41-02ad-48b9-8afc-d445d484673d,EO
dd205c06-21f7-4c3c-b54f-82a8f68a62ed,MMY
f6ddc754-44ee-4b1b-b423-31d2bc60d2b5,LY
0cebb45a-27f1-42b4-ba97-788f99dbb1f9,BA
9c637ea6-3d3c-428b-a922-d0d7c3a7da52,BA
59cbce50-2cd3-45cf-99b9-ad3acc2e78f2,LY
cf8aa7d5-4cd2-4ca0-8936-44a868f9ea45,SNE
50fb76bf-e460-40ea-a692-9fb064ca2899,LY
7d2b877b-4d81-4139-b131-bfca8cbd0daf,SNE
ae938537-6745-4118-9cfd-9b01140f1207,EO
06a9eed3-77f5-45d9-85e3-445717c6d4fe,SNE
e90d2be8-cabd-4732-acde-e0e20c1c5563,MY
40bb2eff-d3aa-4839-9835-7e7b3b802479,EO
f67c9326-0090-4cb2-874c-a3e1ea030136,SNE
bad684f2-f5bd-43c2-bd28-e1e36202595d,MO
c4a332ef-2bc6-4f0a-9fc8-e9010cae1728,SNE
1b40030b-baab-4b45-9817-8e2383113eb3,LY
c4495f77-8722-4c9a-b89b-f5f09b1af21c,SNE
9aace121-808d-420e-a27c-418537dda109,SNE
b4f08b96-a4f6-4781-ad17-58f43013b6a7,LY
8fbbc6b5-e5ac-4ecf-96e1-06e219a16c53,LY
9ac7dc2d-a4ed-4924-afa7-664bf8b62e33,SNE
ee762654-213f-4af3-a425-b54cbc074f64,EO
7b8bc7b7-c815-4e7e-a142-e48d55483e1a,LY
80109d4b-06d3-47de-9616-a3a194390cce,SNE
cb84db97-0d7a-401a-bed2-14299b8066b0,SNE
59e9e91b-6966-4f29-b576-12cc39b15a7f,BNE
c32a0ef3-f13b-4af5-8bc0-a4eb4f2675da,EO
f1e47f3a-3455-4fa1-8951-bb015d4cdb78,LY
0b681d0f-5c7c-4ce1-a347-fcecd7f96778,EO
4337d087-fa9b-468c-82a8-b4729b228a4f,MO
a18700a9-86d6-4f35-af83-a2d00dffdafb,SNE
8e512aa3-39f9-429d-af12-5a8a1dc78b30,SNE
e6b26d9b-0bbb-4670-a2b8-09952f8660a2,BA
25ea680d-bc16-4f86-a6a9-81e160e3f072,LY
dd1b2d4a-4a88-40f7-af72-490af068116f,LY
c9c2bb2b-fbc5-4f6f-b1c6-e6a528fac8db,BA
88903b84-6273-4b80-85da-29c2d51381bb,SNE
85c31f28-db06-439b-80c4-3cca384f7b8c,EO
382471c2-62d4-4238-aa21-731d943f72f0,SNE
643adb3e-d077-461b-936f-227788b7ea23,LY
28503561-6dec-4258-b56f-ceb3aeb98224,EO
5b1c9d1d-5b5c-41a7-b76b-a06265bc175c,SNE
22a056dd-8d65-4e17-ad24-10714241e10a,SNE
1cfc98b0-fb56-45af-aaaf-e0b60a56b117,LY
a91c8473-4656-45cc-8c58-3aa8b4373d37,SNE
48bdb0e8-9699-40e7-9c74-a8659e9620e6,LY
dc4ed612-9792-4ea8-90c0-ce19504325f9,LY
a83f1526-d0ec-419e-994d-44e115b8cd5d,SNE
e4784fbc-a8e0-4068-9f31-54340ede7933,VLY
1cda0cc7-e727-440b-b197-b599bf174963,BA
38128237-6880-4773-87f3-070e9fcb0429,LY
f99c800c-9041-4e7b-a136-9cbebb142ad6,EO
a70e205a-dc0c-4959-8504-dd69404926a8,SNE
a3e3c905-ec44-48d2-8f38-86b2039bb783,BA
203294e2-54ee-48c3-b681-e4ed7658147b,SNE
81d6e266-39b9-4da5-bea2-e755a2d56771,SNE
1100a2bb-75ab-466d-ac72-6a96a397fbff,EO
5ebdc2ea-6076-4040-a320-9d9f24764b5c,SNE
c531b662-0430-4ac5-8fce-574e4fc7b22f,SNE
287d474d-f1e8-4b45-acf1-85c82d9a0f59,MO
46b0f71c-7c66-47b9-a06f-32431f0a6a55,SNE
277e66df-5e00-4db9-898d-8dc8c6a54a32,EO
c53f065b-d4ce-459d-88d8-80bc47c0df11,LY
8ba50d63-cf2c-44a6-8b7c-cf77d4fce7fe,LY
0b974055-cd96-4fec-a2da-61f090e68928,SNE
c65ad1a3-49f2-4a42-86d8-bd7a818f98c5,EO
622b554b-6631-4883-ad72-882578d491ac,MO
fc896cab-8d7b-47e2-bbba-dc47ccc05e21,LY
77e02f33-3994-4403-8969-bb250976f56a,BA
8d9a5ea0-1f9d-4920-b45e-7a620b3fd684,EO
335796d8-7171-4c96-b252-52507277f3f5,BA
a2661db8-a591-4cfc-a53d-2741b078d953,EO
24c6ea7b-b51a-4834-afd9-61fed6d98657,SNE
f69fbe76-6d03-42a1-af52-4690a6948878,SNE
eb60816c-a2fb-4bf4-ae7f-adb257fd6776,LY
98c07d23-3e7d-471d-b95e-4d57e6feba58,LY
30631f8d-4a6b-4cf9-b465-8e85111defb5,BA
7e477229-5310-4216-a4fa-74f5d3553d21,SNE
bea11097-570e-4a2b-be9f-23ae72e3a4ef,MY
9ec5317d-8c28-4e54-b60c-57edda97d2ce,EO
20577288-b2e0-4c54-8f99-570180065397,LY
9c42fd1e-61a1-456e-9b47-222d539f4193,BA
ee54fee1-e50f-4dcf-b3e1-08bc4c109497,BA
6eba5008-d7a6-46d0-86ee-44357552a2b9,LY
968a5b43-c97d-441f-a018-1f19316dba57,EO
2b9d7240-42a7-40cd-a3c5-f0a9a2c2e063,SNE
56b4afaa-b4e8-4463-a1e0-4b3d95cb3b0a,SNE
de6ad661-27d9-4a4b-99dd-f27b15acf352,SNE
4b3df6f7-8886-4f7a-9216-4af19ed4b1ce,LY
04876dff-4e5d-44df-ba1f-757301841039,EO
9e663993-edf9-49f2-8ee1-82c91b9f3faa,MY
723ad6ac-9b99-46bc-9ae3-99946855bd05,SNE
31fd434b-7f9d-4f2a-bcd1-0859050f8ca8,SNE
230ecf9c-24d0-4930-898b-deb4c0ff94a5,EO
0fd8526d-2c93-455d-9154-7e1235dc78da,EO
2dca839a-9238-4a9e-b6b9-b63dede86928,MY
8c8844b5-2894-46f9-83e9-9bcefd128d17,SNE
48e8e074-f55c-4b26-bec1-071297ff7103,SNE
37db7de0-4570-4ff2-ae43-51f472da6820,SNE
cbc4b2d7-0a59-4f1c-a7fa-ab3f9874b68f,MY
38f63542-e15b-47e7-8871-57c7de57b6cd,MY
212b54ff-69fc-47c9-a1a1-3fe69bf55dcd,LY
2ab189f5-9a09-42bd-b8cc-bcad62f3c350,EO
8bfb00e5-3aab-4f35-bdf9-db26c8488f71,MY
9fc9ce72-9b7d-45f8-b5e9-9a3ecc655f21,MY
77467116-cce8-4fd7-bdd1-bab4e4b3ee9c,LY
6c5c7138-8241-4dd8-8eca-d550022015d7,BA
a2c041bf-159c-4359-944b-f1101c6d2b9b,BNE
eab2589d-87ec-4c90-bc8f-29db064c3b31,LY
2c487485-c6e7-4d78-aa14-4ea52fe63c77,SNE
6e92ca81-bb9e-4c78-904c-15ea4a318c2d,MMY
ecc899dc-e117-47c5-9d03-54d2eef8719f,SNE
43b6e087-bf74-4f35-9daf-e8dc9d0926c0,BA
c0750770-7839-4b0c-b1c5-33b331dea7ad,LY
3327fd0a-29d6-4672-a0ca-ac11c9f807b8,MO
30af015c-2304-4117-805a-f57adce49255,SNE
71308611-ff10-4a9a-9848-5bc47c6e8da5,LY
b1e86d49-54d7-4765-9bfb-33df2fedb8aa,SNE
90e59190-ecaf-4a77-82a0-ac6d349a6f85,LY
1027922b-1aab-40a4-9991-6240c37f06fc,EO
85ffb304-647d-4d6f-84ce-102ddd400608,SNE
4b07660c-3bf9-4eab-a89c-adec0aaa0a2d,EO
7a05949e-9a42-4651-ab63-b3877c0f120f,SNE
df8130d9-f604-48fb-9fac-ce2edeba4131,BA
9c5fc7f7-f297-40c6-bf30-e8cbd375552e,EO
e03dadae-2c49-4a7f-a19c-496052432c4c,SNE
465ea9b4-3bae-4b0a-94e3-2b02e4ba586b,SNE
200884e4-b8af-490e-8e83-657769ff6504,SNE
d0db6482-9a73-4bb2-bd83-4276b45f5c11,MMY
7faf2cfb-17e9-484a-95dd-eaff39da425f,VLY
9f86dc73-1f04-4d74-8bf1-52748c35e135,SNE
81ce3eeb-cac8-44d0-8bf4-1044e83a4bb4,LY
2a02268d-d8d4-41ef-92af-a5902c539c22,SNE
9be4eccc-fb34-4991-aced-881260b6fad7,SNE
13484b42-ab3c-4013-96b8-1142555fbfc0,LY
96b87dc3-cef8-43b0-bafa-7746c693c240,MMY
b931c9d9-cb11-4c29-80e0-3522ab770bce,LY
e11acee0-f92e-4c9a-bdd0-c2fa48083729,MY
1eb58c9a-f292-4830-ac16-a58fbd6aefbf,EO
01ce630f-8f64-4ec2-8560-4a76324f5203,LY
676b35e9-0831-4997-9e0b-fb7f55b1b147,EO
93b733a8-8918-4882-bbb6-655eac867873,LY
4d32e609-e940-4d63-8544-76a4cb10ee2b,LY
dc9eb81a-0d0f-4649-be0d-8a069ec3843c,SNE
ad5b8096-65f0-4dd4-9bba-bed02c44d426,SNE
1935b5d2-212e-493d-a5c6-7d630e739753,SNE
6c01cf3e-5d94-4076-9e06-4fbc28cbb283,MY
9dc5ac37-2c3c-4790-921a-1dae6a610656,BA
06e8aed1-9acb-4bb5-9440-be7c60a3fb2d,MO
ff072f04-c3f8-4460-8ebc-6e1226abe443,MO
5ba88e8f-a2b3-4661-9850-a45c15d8ffed,SNE
94655c25-d35b-491a-a7b1-33ffc41327b2,LY
f818c1dc-0197-4e29-8cac-53dc28fb570f,BA
e035ac4a-ec41-4ff9-948f-192d68dd1a2e,LY
7e2af26e-1136-40b5-af87-14f82aba4fd6,SNE
72f0e086-52a3-4c6b-8047-d297e07fcf15,LY
787bc7be-0a34-4d0b-b32c-77834b72f221,BA
cdf298ca-d52b-4383-a177-bf36e4ef0194,SNE
bb454441-a736-4ef4-92ea-67bdc51713f9,EO
0b73d390-78cd-4cd9-b7cd-73b5a8bd52e3,SNE
e302e83a-60ba-4c3a-98b0-fe64d441de06,EO
e923f7ee-4011-4c1b-9aa5-c0554f91400b,LY
dbe75032-a283-4680-a609-7d01d0df8d22,BA
cfe28350-a2e7-4436-9ebd-47af36b1e251,BA
7fd80e75-467d-4d4b-82b3-cfff6fd478a4,LY
8d1331d6-3378-4aa0-ae7e-3b467c0eae35,BA
a1a95774-662a-4fe6-b2ab-06e1bf1b5e78,BA
1c2c0019-4f1e-479d-93a4-6f936fbc04bc,SNE
64bb7690-aec2-4a1c-ac70-38534c867a7e,LY
ad584e5b-5b70-4514-819b-38716057991f,EO
eda0f57d-b9d7-445a-9568-9760b09d1cd0,LY
24d61dc6-1f6d-48fe-adac-e91c7b1f1ae7,BA
c0945007-7e1c-4a49-b2a2-05a3ce6d3cfb,BA
aeefe615-33e1-404c-b7d6-9b25ba594c95,SNE
a931a327-3d3c-492a-8ae7-bf74e03079f9,SNE
452319ad-77ed-4ed0-83ac-a40bebe0d2d2,LY
c35beb37-9acb-42d3-a602-ec1a39561b20,SNE
ae5a8c66-1a95-404d-bd4c-ad1537ee4c5e,BA
17d338e6-08c0-46cf-bf8c-7e44479e085d,SNE
aca08080-8142-45ba-8642-164b6f359d18,SNE
a47a5664-6cbd-4e7e-badc-689f8abafb0a,LY
ebb05535-bcb4-43a7-9e6a-094e7035fa04,MO
2ac88366-8691-49a4-9bae-ee20106e8f4d,SNE
2a889e1c-a9b4-4afc-9776-32a3d7272c00,SNE
277fa418-5ddf-479b-abb2-a82c94a3b69f,BA
5b22d8fe-d6a8-4264-885c-61366c97e156,SNE
3d1e4ece-c97f-49bd-beb3-0d8151a4083e,SNE
601ee710-04b7-474e-9afb-35fc22149c86,LY
956b95c9-4344-4316-9f2a-9191ae3d7364,LY
528b8534-975a-4a35-b134-671476912fbb,EO
3be0ae5e-eec1-4c4e-a292-7194b39d7c9c,MY
afaea2bf-7b28-4d39-b72a-b435da96474a,MY
3438e2d3-c596-4dce-abbf-5bddc3632011,SNE
77b11a24-a1ab-4d12-9873-6a47dd902107,MY
7b486ee1-e9a6-4a7c-8bce-d673c8c30095,LY
7f6fcdb2-4a28-4e07-bd5f-4f21866f8b6c,MY
55150da5-843e-4551-bb5f-8933ca260e6d,SNE
97de45b2-0441-4d9e-beba-386cb4d084e2,SNE
384cb836-2cb4-43c5-98c6-e6ca5c109bff,SNE
6b959df4-066c-4d95-8592-c45497603f7d,EO
ecae475c-8fe8-442f-82eb-1afcf09934ca,SNE
92d99d79-ab1a-4bd2-8175-6b9a33e8ee12,LY
5bc639f9-a875-49af-9b0c-0e1df664716e,EO
a8037077-0810-4325-8ec2-02fcac1e4a35,LY
debaf6de-12ac-4d48-99ca-1f7a7d6c7097,EO
da1f90db-f24a-414d-9a0e-eec27927c4f7,SNE
133b16e0-6d55-4299-a09a-9d27e5b813ea,LY
5e74ffb7-647a-43b6-a9c9-f18347d77f62,SNE
ae64be66-faa6-4641-a337-7ba1e2e73f28,SNE
1fa700c2-1d98-44e6-b12c-46331cc1efe8,EO
8c20ebe2-abb4-4798-b1b8-280f2eaff618,SNE
487840b4-7168-4be9-a770-9ae24a964bb9,BA
6176b645-6a90-4c8c-ae1d-b86d888171eb,MY
d535420f-276d-4d84-a24a-58366c383d97,LY
55cebe23-3e1d-426e-ab90-868eb5cd6951,SNE
54915525-d514-4b4d-a5ca-948ac30d2cce,SNE
bfb96d2f-41d3-414a-8bbc-f49c1ffdbcaa,EO
d0fbc705-27f8-4329-a55d-0046709380c1,BA
7cf7047d-c17a-44bd-8c1e-72927b9e0e49,SNE
c34d971c-619a-4991-af86-d3c571c2debb,SNE
f368a85f-959d-4472-b742-7aece00efda7,SNE
ee6c40da-93e4-423d-a267-34ff9c8d2d21,VLY
91e7345a-580a-4731-ba61-1607f53189e6,SNE
f7d968e1-d8c1-4136-9465-2c28851c921c,SNE
d7c97a6f-24a6-4cf7-9b9f-64c4d65c5537,MO
da13ec79-4d1b-4172-998d-2f45f9a8daa6,MO
9a42d003-a33c-4254-ba77-3ffafd81f1e6,SNE
49268c4a-fe4c-4e31-bd02-10a58d1e84c7,MY
86d493c3-b5f0-4c40-a443-1bea69f2c5f9,LY
da2853f4-81ce-499b-9487-7081e6f5be88,SNE
a7a4f12c-e4a5-413d-9f36-253973d22844,SNE
a30ab48b-0e5f-4493-befa-640a87459667,LY
6e9a0093-3c38-432a-a87c-5bf98ac665c7,EO
382fdd97-0865-4f4e-affb-56ce0aa14893,MO
30f22a53-38c5-4266-9ee4-ec7221020a89,SNE
01b77457-6d5a-4ea1-805f-5b9870ef940a,SNE
990af232-131f-41a9-b859-af68f2291136,LY
bf2bbf47-4be2-46d4-98ba-20b4d8ba7322,SNE
24ce16bb-013d-4cc8-b8d8-b06db431373b,LY
4ff44120-12a5-493d-8f64-623f46cd2703,SNE
c5cec9ed-e7c3-4bb3-b270-2fa90b294514,SNE
c1ff61e4-e237-4988-8c9c-1cd1cdb325a8,LY
d28aa031-4cf1-4904-8534-bd89e0d9fd61,SNE
9e026ecc-8647-4e68-9688-7a1d3cdb5d4e,SNE
00a01c37-595d-43be-95df-4910f918f9a2,EO
60657df1-0437-4743-940f-608961bc829b,EO
e8cc61f2-2839-4be8-aa77-64f73cb75e0d,SNE
a32e6c83-5629-4e51-a7f7-0b43cf67b386,SNE
826677fa-cd02-46b6-aae5-415219c8c777,SNE
68851b87-36e1-4c13-86c5-389ccfcc7c7b,EO
e353849d-83da-4848-8e8f-b048be7efd3c,LY
f028a09f-4633-4e46-b109-ef999371eddc,LY
eecdd5a0-c5f0-443c-8daa-554a624641ed,SNE
8df94dd2-4243-4d84-9e15-7f97ecb05f09,MO
4d3c45a4-6d63-4c62-ae4c-26a85c0832bc,SNE
105283b9-f0f8-4e58-a470-a6a1417eae0a,EO
2010d01a-8958-4714-b1dd-6f9d65c0dfc5,SNE
b1556516-bb7d-4d08-8967-4a23cd173457,LY
268e411a-2ff3-4188-8a5c-bb520528b748,SNE
444842bf-5019-40b4-b2f6-1c4f8d933f9e,SNE
9ac247d7-6008-4bbc-9f82-1a1bf0607731,BA
e28d6e71-dce5-4719-ba26-a3a076ba1c38,EO
8c14424f-0570-497a-a2cd-7d127fc0ff9e,LY
8914ccdc-50c5-4f28-b155-8fe371a5282d,LY
2d552de0-cd7c-46e7-8b13-9052bae583e4,SNE
cec493e9-6416-44c2-b3dc-ffd66ae56b27,SNE
7ab8f7df-664b-4c4d-bbf7-cba244656bdd,EO
4aaeff79-d94b-4a6d-87fc-eb95ac3b1ea4,EO
e0e569b4-b351-4ad2-9283-3255bfb2ae46,BA
fbf617d2-ec08-4000-afbb-80990d2efe99,SNE
936dfd2e-e9c1-4536-a48a-3c7594b22114,SNE
ca934df7-05f6-4638-b8f6-8d3bef0c8500,SNE
81915133-10e4-4366-9711-c6778a6013a8,BA
26a5e0ed-a10a-4e36-a071-648c575f0e4c,LY
02ff7734-cc9f-4fca-ae7e-72bae59579ef,SNE
683e60d7-34da-4d82-96df-82416126154d,SNE
68d0a53b-bd11-4236-94cf-63db4fccf5ac,SNE
3bce956f-7871-4c3e-af77-e9101ebba6de,LY
4f5cf048-eeb2-4d65-a39d-6db1391da48b,SNE
8188275d-cdd1-4b92-9262-5faf8f21d4e4,BA
61fdbfdf-0840-4bda-8141-a1da4894db2b,SNE
c70893be-ba0d-47ed-be86-b962d75fa846,EO
cea792bc-7586-40b4-ba37-45b9a26b1e06,LY
e88bf2d6-11fb-4a0d-a829-2db54fc123e2,BA
de804509-cd7d-4400-8a49-6c686d8fa48c,EO
c7a817b8-5156-44c7-afb3-6b7890288752,SNE
f557d87f-5a1d-4fff-aa20-fd66f37a4e9d,BA
1d1fc475-c5e3-4a5c-8e9b-86d3998cd8d6,EO
b00880a8-0aab-4e18-a002-447b1aa721f9,MY
c1ac5815-e094-47e3-b19d-bb6f0dd11e98,SNE
99c7a4fb-7d7d-4cec-a86b-ca35844000fd,LY
e71d9ada-414b-42bc-8c83-0d6015de541d,MY
912562db-ac0b-41f9-bca6-047127d6431e,LY
808235de-1346-4c7f-9865-409de1f1e5cd,SNE
8000d0e1-a4b7-4ddb-a182-c3f23788d418,EO
509cf849-58b9-4442-b791-0a82196e1a1b,MO
f2f35150-af01-4470-841e-3495e1b19931,SNE
a34ec294-7949-4e9d-891e-f9ab4dc35df7,SNE
acc13b10-94eb-411d-bf2b-6f73d7c27bca,EO
470bba73-0634-4051-95ee-eb943d45b1eb,BNE
c9051a4f-1c1c-4d7b-824d-dcbe823abfd6,MY
13e4db92-19da-4ff4-8239-dc8056c0a403,LY
3a1b1898-b9c8-4453-8b7e-8324165ea32a,BA
d63c116e-4bd0-47c2-9c95-3ca8feff59c7,MO
fae77bf7-1439-4059-b531-c5a54d6a7f22,SNE
a8705697-b6c7-44d2-8fc8-50347fbe1d6f,MMY
97181f50-e30a-4bf2-b1af-5b46bc977ca7,SNE
8576fb02-7a5b-499f-a46c-c2cda0c41076,LY
e1b41bda-d297-42ff-be76-969eb6e58f35,BNE
ecf55a7a-06f1-4b53-aa0b-b6e829dbe006,LY
7cf309d1-993d-4e3e-99e0-3f495385d54d,SNE
cb6a6e65-87eb-4a7e-af5b-acc45d82952e,VLY
d3b95769-b3f4-496b-aedd-f8e38d66ddb9,EO
289d897e-4913-4d31-ac6b-af30994bec6c,EO
2cf4fb18-cd96-45a7-a5ab-099014ce50c6,SNE
fe5b9905-4cc9-4c2a-bded-3266e60a637a,MO
a15963c3-96fe-4366-9913-a530bf9a8403,LY
f81d870f-56c5-48c5-bc9b-5da6f54fcb5f,EO
61cf043d-0957-4116-a4f9-dc5d41f6cfac,SNE
29c5964f-2d2a-46dc-a7da-3d2ae5edb8fd,LY
35f0b1f1-1cc3-4392-8647-8f04e4971af9,EO
ec4d2087-7cfb-4c79-aece-c42385e3e3c5,EO
a780414a-e90e-4052-ac14-3878c50a6a93,BA
a485005a-51f0-40e4-999b-72f781a4da90,EO
da65461e-a811-4191-860e-b957d810ba56,EO
b4081418-20e1-46d7-a0f0-de0076793997,SNE
2cec63b2-10f9-43ae-8eb1-09246931c418,LY
34241878-7bd3-43c9-b795-5d0ad4e73f9e,SNE
8e784463-5e72-4c32-b854-9a305ea74227,SNE
9ffdbcec-8161-4aaa-85ac-d9fe38eaea7c,MY
be0f476c-2525-46d2-b574-43087b48da28,MY
a571994c-7d5e-4de5-a5b4-bda62dcd26eb,BA
11bc2389-7a28-47b6-84c5-530adccf5d36,EO
370fe31d-d955-46c9-97db-fda6cc2cb33c,MY
af098962-bf52-46f3-94e4-a662bc4f7167,EO
0bd38dab-bac8-4eb6-9117-d92508894dd6,SNE
88be76fc-2228-47c9-a99f-21b1a870168d,BA
cde83e76-b5fe-4052-a3ad-b64624a9dea1,MY
1b504d36-9467-4ab6-b236-7aa7537e63f7,MY
9fb61560-2b79-451c-a172-9061d9e0763d,LY
1923459b-205c-4ced-8f46-b8f1d20320da,SNE
6d053a59-e868-4c1f-8a3c-8f5540c8b779,LY
7c1a8871-e39f-47b6-9aaa-d48d1e33a374,LY
116bcaa9-e4cc-4a1b-99de-bfaa498f644d,LY
a95d469b-b8bd-43e6-b9b4-81a81bcbe5f3,LY
a8930ffc-a2ee-44c9-ae89-df907301827b,SNE
eba759b1-3548-4221-bf46-fe971affd98a,EO
4e4c1e1f-eded-42d9-8ba6-6713b73ab5a4,SNE
cc96463e-7301-4319-b7c1-49b57f950c7a,SNE
6c2499ae-8278-404f-934e-064089dd4dfd,BA
70270bea-5c47-431f-bed6-1d906c905458,MY
ecfa1a58-4348-4faf-8439-fe175757af02,BA
30955773-1562-4020-8ece-0a8b83902fbc,MY
3f9158d6-a1a6-4825-b31d-88d7a319cf86,LY
cc533885-5a9e-4060-b0c0-23c8544a245b,EO
7795262f-8fc9-45a1-91dd-0197e5f16057,LY
4be5ccab-158b-40b9-a642-deaf46dfe190,SNE
ab3a6853-541f-4e0c-aca3-a882afcc4b95,BA
e4963fcf-b07a-4167-b65e-fec51ea6d639,SNE
dcb78828-101c-4e73-a237-66566d4875c7,EO
4b4d2913-3281-43ff-97d3-2579df2fa52a,SNE
ac37516d-a9b8-4d9a-8633-0e41c168f01e,MY
52f50ba0-8078-407f-b003-f16fef9b6ab0,BA
74f0ce48-58a1-4e41-912a-6c7ae37467ec,EO
b7b0b011-3139-4a26-a2b3-2111f2cf5b46,MY
e99211d9-2851-4605-9023-581bc08bd2a9,MY
8ff6d0fb-9b59-4589-83c2-c043b35c76bc,MY
16919c26-b3d2-4305-bdc3-9f84437ab518,SNE
81d33499-c782-4618-82d7-7aa98e175f92,SNE
eda8be46-7113-4ee4-9f88-35977e79e49d,EO
1bc53dd9-fb54-4bc3-8c6c-01169dc9ce4f,EO
1345cc8b-e044-4f75-8da0-100b32084ef1,SNE
64abdb81-a0c9-4181-8778-1946d6fdb0e9,LY
c2439ebe-dc9e-4cb4-8bba-6662683fbf1a,SNE
43b5b787-6e45-44c6-9a15-c4a41d421ace,SNE
a224504f-d88b-4622-bd0a-bcfe57ecca0a,EO
a8d0b0ae-4364-4e62-b2e8-63ffa3c0ae6b,BA
93580a98-b1b3-4ed4-91fc-aedff45db281,EO
4626d553-87c4-471e-95db-bfdaf6dd9ccf,EO
8cff811b-4ed6-4f0e-b431-04bb45aeed02,SNE
cb8fe245-aa70-4837-a6ee-bfc088be5958,EO
545a7809-2db2-4692-8ede-ee6f2ec991a2,MO
09c2488b-2556-4de3-88a7-d171fb2bc0b5,EO
87900fb0-773d-411a-b37a-967d2c71debb,SNE
c46b595e-e1a8-4f8c-8af2-1ea3af5660f6,SNE
bda0cca5-2d4d-4060-83f7-24d9367a0f5f,MY
674656de-306a-422e-b204-b6a0cdf71cec,EO
85baa94c-28c8-4c8e-b02a-91ca26b93ea3,MO
db211fa0-e234-45eb-8558-462683048291,SNE
e8a03fcc-72d5-438e-a6a2-7094bb3e539f,LY
e50bb879-ae50-4c85-925f-528299b54f80,SNE
46a9709c-5e7e-49b5-9edf-8894bae2c844,EO
86104198-2276-407f-a6c0-37297b71c454,SNE
1f8ca442-16c0-48ca-82ca-a540671bc666,SNE
dfe0fb94-cce4-4b19-8f61-2510b45c8b98,LY
1f3c9615-6f57-4be3-bf23-ad53663f2030,EO
c2021e60-1cbc-4103-9d3d-28a48da88a65,LY
8049ce3a-dcb2-4d17-8382-11cadd41b248,SNE
f016d788-8475-4e54-88ca-595bac6519cf,SNE
7d45afc1-06b7-4133-a903-55397ca51107,MO
0ecd6982-418d-4f60-92b8-381e302c290a,SNE
49da8bc8-2e4d-4bf8-a1fc-2b424d1110d5,SNE
d207c853-d7a8-4927-a5c3-703e23d65d7a,EO
db575c20-e1da-4c40-8c44-a095d7d77d21,EO
0ccddddb-35a3-47ba-a4b6-3c2796438c6f,SNE
e4fef21c-e81b-4929-aa44-05103bd04418,EO
ccd40321-99b9-4897-919a-1ecbfdd193ba,EO
dabc386e-d071-496d-bedc-0235dc7a631c,BA
726cbcfb-2bdd-4c49-8257-87fbafc62f7b,EO
5c786917-f79a-4327-a3a6-ac1c88ff80d7,SNE
2a8e916f-31e6-48a4-9b41-34a991ec78c6,SNE
e2c190ce-36aa-4a7c-a2d6-2e14131e1b6c,MY
20080cf1-8f1d-45df-935d-2c1c38cb3a0b,MO
7684d86f-21da-4643-aa56-e9e41ae193b7,SNE
6c6f5281-03ac-41fe-a64f-0e51a6ce6c76,BA
bf62fe3d-6e7f-4b8a-8ca2-c981bcc55d49,BA
04a56088-3f12-49b0-a8bc-f817ba7be222,LY
1b3e906d-f5bb-4f3c-855f-3e5c3c350fa3,SNE
a86461d5-41ec-4fd5-b973-80bc244498df,SNE
f91f221c-fb37-49cc-998e-aa305ac946cb,SNE
834ae333-fb40-4334-8905-d865a1f88bcb,LY
47f64c89-8949-4dfb-bc7d-4ee2eb008236,BA
63160862-0fad-4cd5-abe4-2cc159e6064b,MY
a4fa632e-06b9-4c41-a106-7c15650d8606,SNE
87dbc23e-15ac-48d9-a61e-597e51612fe2,MY
ce94e873-d971-42c3-b9d7-5e1f3f0fbb9e,EO
0c55d376-60ac-435a-a813-6e4fb24522d9,SNE
20a2073a-479b-44ff-894c-5f68d5ba3d85,LY
3c63025f-4153-4d08-a28e-dba1e9cc6269,MY
d4240ac7-fa6f-4759-a2b1-b5413db5c2a5,BA
9491554b-bfec-43da-9771-9daffccb66e3,EO
2b297514-21f6-4c81-a015-8c3680dab96e,LY
c9b22c04-784f-4e60-82fd-3b386449c411,SNE
686b1647-4f12-4060-ad83-df23d41ca540,MY
be9e9a80-776d-4e21-b146-3e06c2482dcf,SNE
d03d33c3-9206-494e-842e-6024be3e83a1,EO
dfadaa5f-bd74-4ec8-a7ac-f9871edfb374,BA
ec8dd91b-9ed8-4262-9576-4bb89b8854d0,MY
2ea4f4e8-2629-4716-bdaa-e1eec6b98b1d,SNE
897a6d18-0e09-4dd1-a608-52dbf4fb20ec,BA
325053b0-515f-4de0-aff5-9c7b7eb64e92,LY
8739d36c-32fb-4286-bb20-7538e6b4466d,LY
f1759d56-66e3-4e2e-af1f-728dfce38c45,LY
ccc8fb74-a4f5-4b5f-9d84-b3136ba0ff49,SNE
49aa2d44-d34c-49ed-a21b-6f719335b6a4,SNE
c42832fa-c631-4e8c-9321-31753fdab39e,MO
cbdc5729-367d-4452-a437-eca52770f3b5,SNE
f28e03ec-ddfb-49cb-a481-8090da4a1a0f,SNE
d1fb23a5-c280-4006-bf2d-078f459b18c2,LY
855048bd-3e35-4916-84ed-ddbc5812bc6a,BA
b8d60a9b-5d23-4bf4-a158-0436ae32ecd2,BA
9199401d-a5bf-4555-b708-dffde820cc9b,SNE
91dfcf53-cfb1-4317-8095-2bb426c02887,BA
8c982329-2ca6-440b-8491-532012d94c13,LY
eaf3f70d-9981-4edf-89a8-65fc6260aaf5,MO
ccfd31ba-ba7c-47e3-8cf8-749749456462,SNE
d0dffafe-1983-45cb-8ed6-2b34b0115113,LY
6db47f6e-9356-4f46-9c4d-b8fc5c23af26,LY
70a55672-560c-49d4-8e33-956c622baa87,SNE
9e86c6f8-e0a5-4c3f-b082-b5a4900d26ba,EO
8de9c419-7dc0-48a4-8235-32d2d5584afe,SNE
d39f81b7-5a90-4886-8bc9-b4f17a4722cc,SNE
0d288709-936f-434d-b701-86369d211746,EO
072453ca-ed3d-404b-884d-f3ab552ca5fb,SNE
20830297-3e6c-466a-aa1e-562d94b43428,MY
734b0584-1a59-47a2-a101-0c3060bb8091,EO
56a23e15-3e94-4a81-8513-a42f0890fb05,SNE
df927c71-0c76-4e49-8535-6ad5d5b4f8c9,EO
550c7e25-16c6-47cd-8d17-3ce833cae879,EO
0361984a-274c-4a06-b613-40202f25a9bd,SNE
54eb2480-4588-4905-8155-a1646a128410,SNE
58664f38-e66a-41c3-aca3-3777893bd630,SNE
5e7a3b82-6664-4f32-a537-5360d8051252,LY
cbb20384-5ed3-4e1d-81b9-8dc9d7f65727,SNE
a18f3573-5745-4d72-82c7-3a62ede30782,LY
1cceb540-fdb6-417a-b0c2-b44fbde1b82a,MY
89e5fb13-2b3c-4372-9ff5-858981dd296e,LY
deb51910-7fd8-4efd-8a2c-c77836f13a8d,LY
1216c87e-f10c-48b0-931b-55484a83a445,EO
b2c869ca-2e1a-405f-aa4d-e9c3bf664dcc,EO
af4f5527-faa0-440a-a004-6138b575eed1,SNE
9f89b455-ed73-4675-965a-b60fc6a4c130,LY
7668ba9b-9b3e-4204-bd44-8a253bb1e563,SNE
89a9b6be-cb17-4b12-8085-5ab15ec62c6e,SNE
debab1f3-0eaa-4852-916e-3e0b5caa2ef2,BA
1a20888e-80c3-4d24-89b2-6e3918b3d759,LY
e9542cf8-5033-4a18-aabe-582b1aa1c4f3,SNE
b7349539-aca2-4acc-aa26-a548ab32e13c,SNE
188fa6c1-cc33-4d20-820d-aacc17a091f2,SNE
4f36d75a-6374-4580-830c-b2e46c9d28b5,SNE
070ab4e2-342f-4c6e-a870-7ff3f37b6c5e,SNE
8d91693e-f65f-46e5-88b4-4e3eb2469743,SNE
7fa754af-df7c-466c-af17-02552cc87412,EO
8fd15b1e-68bc-442d-b9d7-81d221753704,LY
8b351dfe-71c9-4f17-8f36-36ba408029fd,EO
07632de9-6e1b-48aa-b733-ac8b77a00edf,SNE
f3c6baf2-57ff-4e54-b519-eeae412237a9,SNE
60c25243-9c56-4cd2-9a41-fc5190b571d4,SNE
b5476314-9110-475e-bb99-715a9194df5f,SNE
01d3da2a-1181-4bf6-a3db-c214b6b5cc0d,SNE
bfd331a0-32bf-4b40-98ac-65229a2c18ef,EO
cfde8c09-61c4-4a9c-a670-eef032707b84,MY
9cba6bbf-6c55-472e-985a-db6d4f68cef6,LY
a92b3650-995f-4a64-ba19-1f3160bbc636,BA
c2d9b518-c57b-4a3f-9abc-f75e2332e8ad,MY
973f84db-2efe-4890-bdde-f2623ddd2193,LY
421f3f58-4ed2-4476-abab-1a399c99fc44,MO
b12ad583-f87d-4267-a528-010a53bb9124,SNE
7603dcfb-9f81-42ce-9304-d45658a00dff,EO
f7c15de0-d325-47af-90e2-8610ce2332a3,BA
ba0fd796-7c12-40f6-8001-5e36263b7616,EO
4a113fb7-c04b-4d39-99b5-1f7a091c0c08,EO
69a7743a-4196-41ce-8076-dc723f50670b,EO
a76cec11-60ce-4966-a644-ca2f1df4c0fb,EO
b5f29e2b-098a-4c33-a466-cd67cc488b0f,LY
58a98276-c4fb-4505-970f-89e6121c4b1c,MO
b5a6b715-548c-44e3-bb61-00a3fdfc92ca,SNE
713acb14-ae3a-48e8-805e-c80eeaef5335,SNE
e7336e40-7da9-491a-b031-7253dbb3a731,MY
b0dae97f-5436-4883-b010-0afb79cb53f5,SNE
0463e7bb-6c2d-46b5-97f5-8389ba4f8c3a,SNE
7946dc8c-aead-4118-a847-8ee06ce911e5,LY
d2a8a441-aced-40fc-8b3a-60f776207e66,LY
f6018e5d-d0cd-4f08-b208-eea10dab965f,SNE
9964755f-31e4-4d6e-8a3b-d74d508b1618,SNE
0d6209de-3599-4cf4-9a97-85ae56d7e5fe,EO
227de115-0a1f-4b19-99dd-44134b1828ca,BA
0565cc0d-14b2-4f82-9154-d8ed8c41dbb5,SNE
f1338d7f-80e6-4195-8472-5d7b2677de5d,SNE
fcf1d7a8-8aa1-42d3-9423-937e145286ab,SNE
a1f98c36-a5a1-424d-a2ad-c409c9da00d2,SNE
f521e7ac-8071-4c08-951a-4f5f330947fd,SNE
6b7be577-f2b6-4613-b31e-bf8c9395a412,LY
ef141c7d-f118-4181-b6e5-a93f49eb583d,LY
07a54763-e470-43b6-86ea-cc8119901724,SNE
338c0b0b-2a36-42e3-a670-2927586e9298,MY
e4941db2-9189-4970-81b3-c49a950a5557,LY
81f1f113-1287-43cb-aace-a1577f2880eb,EO
ede8f46b-cc84-4195-85f6-3f352267aee2,SNE
70e67467-68e9-44dc-b124-f3a5ca8a0a72,MY
22cdd6c2-f52e-4f63-be14-724848454145,LY
68559db5-4100-41a2-83db-8ebba7bc9c76,EO
a52541a3-59d0-4ff8-803e-69a00f8ffd06,MO
ce32fa1f-24d8-40e6-82f9-348def01ae61,SNE
718227ac-5e1c-45e0-8f94-b6e394268d04,EO
1adba15e-8760-41fe-a74b-124d419049c0,BA
a30d16b2-a658-4d66-bbee-92f69ed85bdf,EO
68c12e05-0088-4d14-be0f-badeb23f3994,SNE
0b4b71dd-ba62-45e7-a605-66a55ae540e0,SNE
46dc9221-1588-474a-bfa0-beb903418974,SNE
49a7ab9c-f256-4864-b282-6e5a403cc764,MY
dc643a91-6d80-421a-836f-20906a38590a,SNE
8267a2d3-f622-4dcf-92b9-ad39af6cfb1e,LY
5dc2cff6-372b-42c0-ae73-486e93688dd5,LY
60c186d6-42c9-479e-b283-600903de8248,SNE
c7589450-617d-4fbb-96cf-093ad170fa28,LY
3d920e1f-e56e-43f3-b174-e7d83c69a3ac,MMY
2baa0f49-1368-41f2-8e3e-ecf77ac5a6ed,MO
ab367a65-ba3f-4f84-833f-cffc68e91c53,LY
b1ce6b7a-2d34-4247-b848-fa002edc92ee,SNE
ff6c0867-b307-4002-8f16-1b82e6aa41d8,MY
1094b292-d370-44bd-b299-92a6e51c8dfc,SNE
8c68a09f-2632-4f95-bd9b-07adff1ea119,MO
605265fa-5195-4bb7-b7c2-26d21d35b42e,EO
5bff97e1-d3a1-4ff0-8d6a-9b4c132b9b7e,EO
459a6ef9-3256-4662-a881-139694a89e03,SNE
4a3ef8e0-988f-42fe-a7b7-e89f29ef16c8,BA
cd78983b-d95c-4ee9-8980-633e9b1171af,SNE
16ae960e-a032-4d98-93c9-b0a0e268da70,EO
5be47720-af25-478e-88b7-b6fe6c82dc74,EO
453f7168-cce6-4bb0-a9c2-34eaee2c8176,LY
f0a32872-c8c8-4c10-818e-9eb67fedd7ff,SNE
c90ac1be-856f-4122-8201-54bccadff036,LY
f319ab01-3573-43f5-9e0a-9540b033c73e,BA
deb55382-6136-4407-a929-83581cb6e5d6,SNE
fd22e102-0ebb-4f13-9784-842162c39626,LY
7e14bc2b-c537-48e9-b764-508f4dd230b9,EO
4e916f1f-dc51-4ff2-b039-4e6e19ac944f,SNE
8a6781b8-0415-47e3-b774-3cd5bfc682f2,SNE
4b1e3d99-5f34-4f6d-8c52-c38c4e6a20ed,SNE
455bf054-1985-4642-801d-04f28011e8ab,SNE
c98553c7-91d3-4ae3-9e22-430c6aba8c79,LY
1f196132-2b29-4623-8f65-e8561cf69ce3,SNE
25e5d2c8-0cc9-4986-9e86-9f86281b8c7a,LY
c35f0941-5a59-42d3-b7d2-7522c3a6814c,BA
4dd74fb1-04bb-4766-8fc3-abbf57cb2ea0,SNE
f90c9b58-afab-4237-93ef-d5899c116397,SNE
5c02763a-1b2a-48a5-ae45-51da89949c62,LY
e1d84c7a-685a-4681-a7a6-6ea2d923ab3a,BA
876f7a99-9b23-4469-a1fb-03ffcb1f565d,MO
5ba17675-9f01-4513-87f0-b4bd77d91181,EO
c562451f-17b9-463f-b63b-7c30c040ea84,LY
59a1c721-cec0-4e70-be39-65511e246b29,BA
540e5de6-5988-4fea-8b91-7dd8bfb091f1,SNE
0fe0ad38-1ad5-4dc2-8094-12b87f77ca46,SNE
7d92141b-aa18-4808-82a2-525b3a60c26a,SNE
429a47f4-35f7-4227-a91b-208c272459d1,SNE
621d9364-cc0b-4328-9797-07b28060daa7,SNE
1b8626b4-5195-47be-97a7-883156dbef05,MO
86beb7e0-b08f-4c5e-949c-3552a975b0b7,BA
d29166b5-0815-41a3-8e06-7c01e28989f2,LY
c49271b4-b798-43b3-9864-1d09083e5cf0,MMY
73b4ea37-6bff-4600-ad1a-16093274d1cd,SNE
0ffee02a-042d-48b5-9c84-00414f875a04,MY
73492487-29a6-46d4-958c-3db804365db9,EO
e5f0566c-3e98-4246-b8c3-682f26b2d2ba,SNE
58fb004c-acae-4645-8af1-6201c489c8ce,EO
45df194c-2683-4b61-b966-6ecd5bb37139,EO
da4e3b1c-c4dd-44dc-87b8-6c7aae16106e,MY
b736909b-74a4-4ef3-9467-b9f555e245a4,BA
a4ee7be0-ea0d-4352-b4b8-9e85815b10c7,SNE
6bbe3eea-3794-41f7-9605-6235fb63b179,SNE
27cc9ad1-f1f6-4bca-a988-cb29b27f9ef3,SNE
7d26c121-ae05-4c3c-a246-b10cd885b40a,SNE
9e04a3e3-0b92-476f-8211-58573d105636,SNE
fec1449c-059a-4326-a1f6-99f1378890f1,LY
b279bc9b-0acc-4183-9e22-b19bbdc1c33b,SNE
93543039-d83e-4a94-98ba-569d7a3ccfa8,EO
96c1b3fa-1ee3-413d-845c-250a9b6eab2a,SNE
b3ca7032-b394-44ad-b45a-ddc68bca8ef9,LY
f1d4a77b-c3c1-44dc-9944-348d66e3b1ec,BA
97846ecc-9e90-4028-8667-c118a34a2c1a,BA
0dbc0d18-1271-4cae-90af-d8b2ca89af03,SNE
be2850d6-17f0-49e3-b488-cdf583dd7c02,LY
4fd63e68-0a95-49e4-bc03-e686feb3a2e9,EO
ac5d69a6-94be-483a-9869-e68139b8c015,EO
f6519af4-7747-47a2-b70e-c1a1a90f4cfc,SNE
64a5ffa7-d390-4b22-9f1a-a25c598c64dc,LY
ec5b3fb9-a0a3-4097-9f1c-d0301d805568,EO
63f7db07-4490-4a0c-8a6f-a8f7a7a07d13,LY
25475e2f-c1e5-4861-ab7c-c17e9fd4a8d4,SNE
b85c3718-c5a3-4675-9563-2aff85d884c2,SNE
62305aef-055c-44c5-a99f-4778c026a3ac,SNE
1807a03a-a287-444a-a0ae-a8d38e4198a8,LY
4130da92-8a65-45aa-8f3f-c59430ac2f7f,LY
bc15febe-63e1-48fd-8b58-b7c4ce18b88b,MY
c223a25b-0ddd-4f18-9f75-ae4c70001838,LY
cdf5a461-5139-45d5-9a6d-0cbc771f153e,LY
6d276ee2-8319-40f3-b835-1aa0c9fad0b4,LY
a6acf1cf-c034-4d05-9249-021d5f35d655,EO
4e0b163f-67ae-4e0f-9205-6c778023578c,EO
55ea0613-18ef-476e-886b-60078cc1aec3,SNE
80714e55-ef22-4721-be68-819416b1cff4,LY
7fdd74cd-14e9-4ce6-9a7f-f07aadf2025d,EO
e1393c6c-0ba8-42c9-a39a-e6bd1574f989,EO
a6a5aa9c-b6ab-42ca-9d1c-4c5c85975e49,EO
0e547724-17ec-4bee-9c45-1e09b82f30ee,SNE
324243ca-4955-4728-9420-cc575af85a3a,LY
2b6b4ba0-73ba-461b-bbb1-592f42fa6e33,LY
4beb65fe-5c66-4e41-afd6-7970769dd0e5,LY
eeedd0dd-8df8-413e-9bd5-f457b408740d,LY
b613c52b-ad7d-4f95-823f-476e6e8343fd,MMY
16a54b51-5125-467d-8d43-7f5c72949bfa,MY
0101cf9e-874a-438e-bfc4-200c6fb02032,SNE
e83bc9c1-867b-41bd-a98a-6541617fd255,MY
6fbbfdcf-d811-49e5-a5b5-c9ae0a9a996c,MMY
56dc4204-7973-4b2d-9280-8d017ea43529,SNE
6811c5fa-5dd6-4d20-82e1-f57be0b704b7,SNE
d1072886-78d6-4912-b3c5-e795e2a94b85,SNE
2459e10d-6e3a-41fd-950b-4aeaeeb397a7,EO
b72c09db-62ff-4b86-b158-64b6dcd6c555,LY
bae62f6d-feba-4987-bda4-ad17ee76c6e3,SNE
b5867720-17ee-4175-aa37-6b1cdfbc0087,SNE
3902b7d3-0cbf-4e08-a8a6-db13a5e40829,MO
85a46d07-533f-4528-ba07-05146752addc,SNE
3160b6e2-cd87-4446-9dd9-10b6711b0039,LY
665a45e7-1393-429e-ac32-070522423f17,MO
749b9c9d-f97b-42e8-9c62-844a7924ae0d,EO
3d1a7b7d-a10f-452e-a1ed-a131e27eea35,SNE
e37597fe-351a-481f-8f33-19cb10340d67,LY
4226edd3-1468-469b-95a6-9fab2015d321,SNE
870fbfad-a4a5-444a-b2ae-f6f743382acb,LY
2d9413ac-ee4e-4fcc-9682-b680f710faae,MY
72e384a5-681b-4aee-8189-7f9e0cc5ee11,LY
7540471d-9992-4b68-9440-bc51264643e6,SNE
45e12f86-817f-4f27-801e-682717e51610,MO
f4e3ea8d-0209-4f04-9e0d-51705bda2cdd,LY
66a55646-a576-403c-a67c-7558bed6751d,MO
47b8fbf8-62ba-4be4-ae0e-cb25ad0dbb79,LY
531e05b4-6722-416f-8e22-b3756f404eba,SNE
c5811425-f82c-4d93-9014-7d7440700337,MY
b1d8a2c0-57d4-4bb3-82fd-1b881f4494a3,BNE
44b24ea1-ef8f-4f1c-bbcc-550dbbbbd806,LY
6f1d5a8e-2532-4978-af0f-a95a4358138d,SNE
4a717bc8-deba-459b-a596-194dac00e6ad,MY
8952e969-24d2-4e3b-9b7b-938ce46c11c3,LY
065c684c-6c69-4ee5-812c-889c5676299e,BA
576dd18e-75e8-4860-bbb5-c16b9082ab08,EO
c2ee276a-4695-4a80-bfb5-c70f87ac7a60,MY
a9884a75-645d-4177-b69f-c8ad4d895f7d,SNE
6aba0f4f-0b42-4969-b7a9-db1327f072c0,SNE
234ae3d2-0987-4796-8569-e8b0473cfa81,SNE
98717090-47a8-42dc-b316-a434c4e0c9ff,SNE
bca356f2-33db-4bbe-a570-6a62fceea4f3,BA
732ee766-ef88-4f28-90d0-184c00e2c587,MO
a21a616a-91d7-47bb-9c8e-1ff1e5ff309e,MO
4e6604e9-2ef1-4264-baf1-48046ce63771,SNE
2a8bb3e7-cc14-48a1-89d0-ac6ebb90caf4,BA
d727b06b-5d72-4b68-ad82-7e7fbd02ece7,SNE
fbd85616-c796-4d0b-bf92-12a7e21a1601,MO
c71ba28f-4eb2-45a9-b474-757b35563d3e,SNE
2f98fa15-296c-40f6-8b48-63cffc2c0cc9,SNE
632df29f-f58a-41cf-9c61-6a22a187a499,SNE
ec1d20a1-2537-46fb-9527-0c3ca816da07,EO
02215e2b-7ad1-4ca4-b99d-0c5b1c70526e,SNE
ec76d122-ce09-4385-9324-64df91bddf35,SNE
bd1946e3-794e-470b-b999-d6fb3220f6c4,SNE
749bf720-9e18-4870-9ca6-838f0acf146e,EO
9a183421-9f0b-4d8e-9b67-7af949e84f0f,EO
e9f6be81-b436-447c-ad8d-8c6e7f7f9a53,SNE
73fe15e6-0f7a-4085-916f-f747c056609e,MMY
b83674e5-09a9-45a7-a333-824aa4d2e828,BA
3fb76942-2556-415c-a55c-39dbc07717db,MY
8dc91ef3-6e24-4cc4-ae9b-542171e5b5f8,SNE
2ff151af-87e3-4023-872e-a6f46b977679,SNE
4c616298-ef7e-4bda-8bff-ec814003c229,LY
503c864a-a85b-4558-a485-f83464723431,SNE
eb863e9c-7383-4e7f-8515-faf613309c74,EO
01969c03-84ea-4826-9f9c-d5c937955c9e,EO
ddda4d57-f2b8-4a0c-9870-9f4f8fffa35a,SNE
a147ac06-a8a1-4566-99d8-84594f7f133b,BA
eef9809d-d8a1-4e1a-aadb-1288cc0295ea,EO
e1a76b07-bb6a-428a-a32f-9dda34883864,SNE
ac0fbafa-bf0e-4f51-a0e4-adc4016a5b63,SNE
53dd4562-5119-452e-84c3-4b421191b59a,VLY
a6110da7-71cd-4d3e-b9c9-083b4bea9da4,MY
2d9912db-160e-4573-bad1-da990421e4d0,LY
9ebf1a49-5e46-4224-b0fa-1220eb1f7e6d,BA
c228dd9f-911f-44b0-b71f-788d0398467d,LY
0d12f82a-889c-40cf-9364-9e800c38dd98,LY
2917f4a5-4bac-4df7-8f8b-afff8f14dc30,BA
d74e747a-8c52-4730-9c37-0e8ac07304dd,EO
4fd8feff-c190-47b3-9f9d-f9c8daa616c7,LY
f5e7c7f8-2629-49b5-a8de-f438144b470d,SNE
7b832aad-70d8-478d-b8cd-fec1f5a87df2,SNE
ae21e5c6-7790-4ded-84cf-ed9cd5bba6f8,SNE
adfbc874-8cf3-4efa-adbf-baa8f004eddb,SNE
de56f38a-cf82-4c75-acc3-0a5962e2cd28,LY
2f25b02c-9066-4b62-b46b-3b1855e34c29,SNE
e7096048-9b47-45a1-8280-8029851d8266,MMY
a079c135-960c-4aee-9d95-2c070b476ef8,LY
59a7f3a1-5d06-4b46-89e1-093972310ac2,EO
e2e7fe84-2247-40d6-84e5-9888dead0e7d,BA
b302027f-367f-4b37-a529-5b4118ba5167,MMY
8f47aa38-dcde-4e96-8b88-5f9199b08078,SNE
22737f1d-a343-4f84-bd33-c8eaf9e71f9d,SNE
09f3685c-8124-41d8-ac55-38972d349735,SNE
400bea58-ff83-4c6e-8c13-90b3c591495e,LY
32f33b11-7086-46b9-89d3-36d32126f4ef,SNE
1ea3904e-cef4-435a-936a-d07203d4ab01,EO
e52fec77-5697-4d23-8e28-f83fc8f0655e,LY
69bbcf37-c037-42c4-afbb-0bb997679c59,MMY
209e3e13-4abd-4010-baea-fc063d768504,LY
1acc0c32-4bd5-4986-ac59-35a104e9b9ec,LY
a5a88d89-085c-4187-8f18-10faed844ed8,SNE
b1534ee5-057a-4de6-9a6a-d1bf57b038d3,SNE
d82df847-9ca6-4a20-bbb9-08b101cfc747,SNE
f88da4c5-8c9d-41eb-aef1-27dde109b4ae,LY
acd3cfcf-5c18-45a4-8e90-5c0a9fc14181,MO
bb45ee51-316a-4acd-9f94-c28cd5208379,LY
1fdcc797-956f-44c8-96b5-51c2f1fafb82,EO
fbfc404a-247d-420c-9b3a-e7525bc49868,BA
06b190b3-3c80-451f-9df2-8d4e0dff2fd1,EO
f1bcaccb-8454-4511-bab4-4ae14cf208e9,LY
18e96326-8b29-497e-a2a9-a69f3edd5ac9,SNE
ca555e51-3d1c-46c3-bd52-882dbcb9ebde,MO
b6ce4861-ffff-45cd-9a7d-269664dc7931,SNE
ab34c8db-02fb-4184-a255-b6cd2d9ae590,SNE
6554f472-47af-4c88-84b1-3962fa7db196,BA
b65a57e1-07d3-4487-99e3-6973a8284d3d,SNE
0b64b49f-f846-4cfb-b74d-b24db7f597b6,BA
e43c84ac-6785-4635-8283-a88685daf986,MO
6e208012-22bf-4cb1-a6d4-66f0e5d4da1c,MO
20f60a4e-02c6-4b9f-8b9c-d9ed7e7b1381,SNE
1f99140c-ad25-441b-8083-74a60e882c32,SNE
41c5fa20-4282-42fb-9c54-84990fd11354,MO
cba5ddb4-a2ef-4a0a-818e-09211b755fab,BA
6b8b0fbf-7361-40bf-a24d-30cb7cd7b1b6,BA
222be421-2642-4da3-9099-e3db17760bfd,EO
b59535b3-72de-4c41-b5f6-16c1d2bcf081,MY
b73ddefc-4473-4090-bedb-7472f2cb4f0c,MY
b84db22a-c50b-4080-9932-b56b0a2e98a5,MY
9a860c29-7fb0-42ef-9d62-3b128f7d05f6,LY
72e3300a-3c20-4abe-baaa-c045ea4b4c2a,BA
92dc68ef-a48b-4313-98a7-2798e153caba,MY
cd12a82a-70cb-4648-9548-9bd2bd4f6780,MY
01bf7425-9a7d-442b-861a-45bc2f93f8e1,LY
0f030ec9-1d91-4896-8055-a37588fcb901,MY
dcab8e0c-0270-483d-aa52-1c0db73775a6,SNE
f6a57b15-73fb-45c0-874c-ea1a02a716cf,SNE
c67cac68-8bb8-4921-91d2-4b414dbb1845,SNE
1d7baed7-b6e4-406b-95fd-f9e3f36561fc,EO
98e98c76-8bd7-40c5-b225-0738e9f6ed9b,SNE
f434e0ee-c11a-42f9-ad64-ff29a0999b3d,MY
401f3b49-6ed4-4f45-a6d5-2fa67398a28c,BA
0339084a-7b8b-4de6-adb6-8f2b5584413d,BA
72193e39-0b05-4543-b481-a2bf0c51b4b4,BA
27603610-3c8e-4671-bbd2-15f5f831db77,LY
c5223958-7489-4d98-b5c0-dfd1070262ec,MMY
077cf5e1-c998-44cd-8f9a-80d4b2a1ef16,SNE
85749ec0-2fd0-4edb-8a92-fa1167dc9a13,SNE
0cfc59f5-bc62-4034-b321-55d7ea19e12c,SNE
bc015f59-0944-4395-a0e8-dad6f5cf80f8,SNE
e719608d-61f0-490f-bc36-b26c9990c905,SNE
9c82f6ec-541f-48ec-a36c-ba1ee1f1eebc,SNE
d265ebf9-2c6d-48db-9ba8-9b1dbacb1947,LY
30dfc984-9ea5-482f-b257-c313552ef278,LY
2fbfabf8-cb0f-42c8-95d2-eeaf2701e16f,EO
d7c1721c-ed83-459e-9452-68e41c08203c,LY
925c2e06-fe2e-453a-b91a-f14b9bf59f6b,SNE
ba43b778-b5ee-449d-ae1d-23505128302c,MY
db216da3-cef8-4c28-9c84-900c013943cb,MY
fb2a24cc-b877-46dc-b674-833f9227e04a,BA
897f491b-29dd-49b8-bcea-4c2f6fc96190,EO
e8d03d3c-792d-482e-ada9-d5ea2f8580df,LY
27f9b9c4-aa27-4d99-9c2a-a25977d45ddd,LY
ea59670c-0b64-4b9f-9a2e-47eb1bda7112,BA
39914b81-38bd-4f7d-8cdb-e21eb724a09d,LY
bb2de577-abb0-4f4c-9c31-445de7804bd0,LY
ebea19c1-f65b-4ec2-a066-8c3250da8339,EO
b3d0c5da-b38c-4392-88d5-bde7cdca3c6c,SNE
32a6abb0-dd04-4230-be2c-6e03eee9d09d,SNE
cbe25147-3420-4fb2-ad6f-bba3f7e6bb9a,SNE
0b98da90-09d5-43b6-91d0-84ca4966d656,SNE
bfe36c1f-99d2-4a91-926b-d091b44b1ed7,LY
613eaeac-de3a-44f5-b022-aa0abe1ccac4,SNE
8eda4fa3-b076-4c43-9951-b3796937a785,LY
161eb117-2043-4d57-a88d-68f5fa81acdf,EO
7e1e5d65-01e8-40d9-9f8c-17cb9e04d4d3,EO
48af07de-3293-4985-8bfb-6bbc1b7937d3,BA
4f523296-dcc7-4e06-98cf-fc784f352174,MY
0145fc2a-502b-4233-ae42-38be75c41d1e,MO
94179349-dab0-491b-9ec1-37d6bd63c5d3,EO
0387ae33-d95d-4ca6-a661-884ae8b3c281,EO
a867a1cb-44d3-469e-b396-80f0b304ebd5,MY
21272b14-61c0-45df-ba0d-22db46e3fec8,EO
971fd3b3-64b0-421f-bed9-748d340d92c2,BA
f8f8c56d-d2e3-4dd6-a398-709e778aabb0,BA
b88e666e-f7ef-4758-b1ed-1503a1ffeb0d,SNE
5b5c1c17-445c-4c7b-925c-281fd037d0ce,SNE
d6a2dbe9-de2b-475b-9314-48c80781e0d3,SNE
f1b567fc-2915-4a02-94c8-df66ad27cd6c,MY
ceae31aa-e9c3-4236-9099-2907831fada5,EO
4c34afbc-6fc6-4db9-a26f-dfdf3ef8b204,EO
0cad1f08-e3d0-4c7f-a698-84d4ab3b446a,SNE
f35d7802-67cd-4624-862a-f6f9762a0358,BA
7f50cdee-6216-4954-8dab-07dc5633ddf7,EO
950b9d51-6cca-433a-97ff-c546f8478af6,BA
edf966d3-235d-407c-a7af-b8b4e8b2d07e,SNE
d105c32c-f331-4c9f-9e67-ab57af73251a,SNE
154032da-1c19-4232-b498-ecab9a3f93db,MY
c664c097-0342-4788-8b43-a1117c868ca2,SNE
e39d7426-03f2-438b-b83e-90c48a36db79,EO
97bca7db-382c-4100-8d34-ae38565545f0,MO
cad6ad37-53ed-4f81-b324-25573617a677,SNE
6ec38365-86f4-4adf-91d7-ff08ee2ae03f,SNE
bb4e588b-0b00-4ff5-becb-1cc088fc9a82,EO
88c0671d-5f53-46c7-badf-bfeab9ad72a0,SNE
22fa9dfe-3a5e-47d2-9af3-7d2de2f424ad,LY
4290e234-7e6c-4d85-a10f-927a4add3187,SNE
065f8ffc-81a2-47c3-a179-1f370c600ba9,SNE
3946a4f5-401c-41e8-b615-a66ccd0776aa,MY
c5d88705-62a5-427c-b641-682fef12e0b2,SNE
92889916-a7c3-4b31-968e-b128dedb223f,BA
e4f26e5b-8902-4c5d-a34b-1a7f404d14ce,LY
6b239eec-1c07-4e35-b6d1-10e158939727,EO
caccf9d5-11a6-43ab-a1b7-115be79d920f,EO
2d51eb77-63c0-4f42-ad37-a2204bb4fe37,MO
20f8bac3-fcf7-4a6b-abdc-19e009622e44,SNE
38bcf58e-8669-4aaa-9147-205bdf16f19d,EO
d5bece84-1ae4-4bb0-937f-364bef9dfeae,MY
b468ed32-1583-433e-862c-d5f7320d2b23,LY
1584db95-ac1a-4fc3-baaa-078b86ea4cbc,SNE
499e37ea-996a-4cbb-8305-af5b1f7b42c7,SNE
8dac6b34-7779-4c56-acd0-4439a122c1c7,LY
868e7784-c5c2-460d-aaef-4148759a270a,MY
c81b8569-c851-4eae-830c-29786aabd9cd,SNE
22e9d3c8-d9bd-4563-9133-da377faa2262,MY
48afd0fb-f4e9-4c78-9e9c-a16e40e38f12,EO
4165e471-02d9-4124-b6be-b55ae254c567,SNE
687b59b2-9f37-48d1-9371-facb6672ce1b,LY
e71cdd7d-84da-445d-81d5-4c7d383ceebf,LY
3f776b76-aaa2-469e-b1c2-71e149d5edb1,LY
6efbd1da-9c5d-48bf-94ac-e962752d55fe,MO
2ae2bff3-86d0-4793-99a6-4f74183c5009,SNE
95d789f9-ec16-434d-9a22-0da28b9861d7,SNE
ecfafbef-8cb7-4881-8cac-78bf913d9e8a,SNE
058a32cd-9c8a-4e09-b774-a64ebfcd4dac,EO
51a1b289-43fa-47f8-94a7-977e04c7ca4d,SNE
d3e25df2-ee17-46db-a0c9-62879f438fd9,SNE
0067fe13-a368-4baf-8bab-5652bb184d43,MO
b5a81ea8-96c4-4f07-8c50-0d2c7d59377b,EO
ef683cda-0676-4765-8b54-e596282fecdb,MY
91490fdb-3aed-4edd-a16a-480f955a2c8d,LY
fe1b2aa5-c6c0-4732-99a8-e5ef5fa072c9,SNE
f83dd186-1aa2-49c9-bcb1-a51c63008d17,MMY
d8fa2507-3289-4562-8f26-543af7273364,SNE
a9092ab0-4d71-40ba-b789-d21feaae9927,EO
fcdbd4aa-b1ec-42e1-9b35-8df09f4d1b4d,SNE
82ce3659-7aa0-4e6f-b73d-d9b934ffd4ba,SNE
57409410-75ef-4855-98fc-1e6ef63a12f7,LY
ea9ef911-5553-40f0-9c91-d4f404f365b5,EO
cec64ee4-def3-4bb9-b8db-2ac6d9bc8343,SNE
4528ff08-dd6d-458c-9363-17d0e89783fb,EO
8968bc8d-d4aa-429b-915f-80fc02965128,BA
66cc1fef-49fe-463d-a90c-2d48494a90bd,MY
80ddb841-70cb-47ff-ad21-0775b63b71fc,MO
28c6fa75-8748-4601-a788-180c215e4caa,SNE
917a6caa-8861-4d09-90cd-a95e0d39fec8,SNE
e77b2a5a-28f9-4bfb-b4d7-bb9f19c199d8,LY
ef604232-2de2-4998-9386-66030f89be7e,LY
ae9610a5-a3c5-431a-ae32-c00bb09e74e7,BA
fa5123ee-6f8d-44c7-a9a4-e375dc92df4e,LY
3201f70e-f922-4f57-8f23-df389b538373,SNE
80f17cd8-557a-4b3d-97ac-d287a31c7702,EO
107f8aa1-ff92-4b11-a097-fb3ad09658d8,SNE
6317e7c1-7ef2-4e7d-abe0-e9bb6072d2df,BA
2952ad3a-642e-472f-a712-9092d28ae827,EO
6e1dd42d-798c-4c74-a847-1e994a8d7569,SNE
1a3a17a1-5934-4d30-9060-0b060f063694,LY
d1136640-8407-4eb1-ba89-6c369e628755,SNE
23fd04f7-8bbb-4251-9462-5fc94e2da559,VLY
65b92036-e57b-42d9-b801-2e4a03f25604,SNE
8889afb1-c3b8-4ae9-b32f-ed310148329d,LY
5921e621-9f6d-4f40-9f78-d76a260f6d2e,MO
73a54312-b8a3-4028-98f4-fd3ad58de887,SNE
f82f3151-b6d7-4244-89c4-51a2285c7503,SNE
45a2b133-4cbb-46ac-a3e8-b03f1188fddd,PMY
6b208654-2c2e-405c-9fb6-daf4efdd2165,BA
874f47a2-8dfc-4703-b00e-bb74215c4806,SNE
7de004e8-3e02-4b63-9e7c-76ec39bf567d,SNE
19c5bdd8-f3e4-4654-8c55-d9ccc16d1ffd,LY
85c04e62-327f-44f2-88ab-06b25427374e,MO
3599d9c0-ef0d-46b5-aeb1-0184be4950a5,SNE
e5415089-803c-419e-8cb8-ce7328110ef2,LY
0497a806-2f2a-41a1-83fb-0c321d2409fa,EO
a717036f-583d-4c0c-84df-0692ba234006,SNE
549981d3-8846-4f93-a8c2-b93bdd752e92,LY
08962358-8be9-4894-8c16-122a01867a60,LY
0746eaf8-2719-4655-8aba-050f4679b566,MY
2b89790c-b3bf-4fa1-b510-cd9432107748,EO
18db37da-10ca-424a-ac19-e42049096fb6,MO
2ca93a42-70a4-4b71-ae60-2c7e0f9db639,EO
7800e0a5-85fc-4a16-93a8-4fdd4ec71985,BA
c821bc1f-3684-41df-b83d-9da28acd579f,BA
a9f8b723-0b25-4731-9166-4240d6c50d31,MY
06cb53e0-2af5-442f-a1c5-db8557f0827b,MO
ccfc7165-2c22-4719-a932-827f527901b6,BA
7e9ecc38-c21b-4335-bfa0-fed15850a3b2,BA
e59fef9a-3a51-4486-b743-6cd1ed1cfbca,MO
a63f48b5-08d2-4717-9b5a-d026d46ada2b,SNE
0587aca1-f816-4dd4-9289-dc21c0c18a50,VLY
28b0b797-872a-4dcf-b156-e0837cdbbfff,SNE
28778cf2-9f86-4267-9c77-5e40561a07fd,SNE
572f6458-d5cb-44eb-9b90-3a46e74625c2,SNE
94ab2cde-4034-4f5b-924d-d73bd8cf966f,SNE
05570fc7-f309-407f-9331-3cb61f198e4c,MY
12a80905-2e1d-43f5-8895-3c93cdf8d10a,SNE
b7d3dfd6-8d54-480e-9c17-f3ff0b1b4c6d,EO
227eb97a-b798-49c2-9045-5d8e173995ab,MY
6a61a884-2e77-40a1-aae2-57d51b1ded98,SNE
e199dddc-f154-46d7-968a-a4bd5be3ce08,BA
d5d3d4a6-4c9b-4b90-885b-98a5cd6cd2e1,EO
3a4c90ec-b387-48b5-9c08-c9a1460de200,EO
4fa0af99-98e9-49a0-97fb-bab5a1257c2a,SNE
21e26f7f-4a14-4909-8635-3cf2323897fe,LY
3cfa8f03-8e8a-4bc1-8025-7716c72415b1,VLY
82d58df9-c548-41e2-9f99-9113fa69b7e6,SNE
a1fa9f36-6452-41c0-9222-3fa89f0fa452,SNE
51740a98-ae5e-408b-a5a3-f2d4e10a3e93,LY
16501678-b9f1-4f76-8d4e-a8c41470cae2,MMY
28434e8d-cbed-4013-8e2e-9d6e4a02053e,BA
1c44cd4d-5aa5-44c4-9b9a-97521a07b7be,LY
7fc14445-f710-43ab-a48d-00ced06563d1,LY
18054047-ac59-4bb3-8f57-405ea23786f7,EO
e49a9988-6ec1-4cd8-bd8b-f174bdeb8e81,MO
b82013fd-19fd-4f5d-8815-c0bfd21d9250,EO
a9e9e48b-9b95-4957-a9b4-2a01945330e8,EO
556d03c2-5644-4dec-9050-00ea30f9acf7,LY
6068641d-93bc-4252-b08b-73439b0246ba,MY
41d3fe5f-5f6f-4877-99bc-4de15771f806,SNE
23832e4b-b6f7-4c43-9ecf-d8e000c4bda8,SNE
749ce2c2-3adc-4db1-bde2-6e3451576cfb,LY
5134d4ac-c554-47ca-aed7-13543816a2de,BA
27bf38a8-f3d2-448d-b29e-70e2e7ce8a5f,LY
2fdc8005-fb8a-428e-87f7-374fd895a438,SNE
8cf5333a-1baf-4d64-ace4-982b69c9c9bf,SNE
5d37e4f4-e496-44e0-b8cf-904e002067ef,BA
448aa371-e070-43ef-99e4-9f6a199951b7,MMY
3b70fd7a-7190-4421-b8a9-8ac086912e12,BA
cfed53f4-9656-4d38-a227-cf9abe97d307,LY
cfa0ec5f-74b5-4ea3-9b80-2f99cafc0d8c,SNE
14512d8b-305f-447f-9d92-d53812511d58,SNE
d6eecb62-caea-45ae-85b0-5b6c04546dd3,EO
f365bc7c-0d2a-45df-8722-64a0ce8f8b00,EO
2cc01c37-66d1-4ee2-a2bc-568bc5e2e53b,SNE
6dd1e48c-31b0-42b1-9653-ce62702770a0,EO
6b8c37a8-e265-427b-855f-5692a0f8604f,SNE
163c8749-2ab7-44ae-9df2-bb8398a92b69,BA
f7df27f3-0f0a-4ff7-8186-e9e2aafca746,EO
7771a0ba-f6c8-4f1f-acfe-628b4fce74d0,SNE
a7a1c032-dd4f-4c68-b4b8-0865f7b17a68,SNE
67f57265-a886-4558-a1f5-bb4b446bdde2,MMY
297eee20-8c2c-4ac1-a093-d8217cf2db70,SNE
93f101a0-80d4-483e-bae1-36c7169cc937,EO
cdc7b90b-de82-4640-9f23-a8d9037ac37a,BA
c0aca8a7-68c2-4d04-9150-32bbe5aba345,EO
13924fe5-3063-4868-9e05-2c3fc91f1778,LY
f14eb80b-becf-4f12-81fd-41363b68397f,SNE
c63363d2-7b2a-474e-9e31-f3b3080ee07c,LY
e5249985-f6bb-4a3c-bcf8-0e1546e0624c,LY
add5b6cc-0d55-44d5-a5a6-7814da49c670,MY
d0561270-b7f0-4c54-ac1f-b4862bec5583,VLY
ec3681f1-410f-4bdb-86f9-100297f9fefd,LY
3737bf53-2ba1-433b-86c6-eb36a7d657f0,SNE
78d59896-aba4-4ce6-aaec-830022ff329e,SNE
e9e5d5b7-b5fa-40b9-aed8-7a8a6a6e0f45,BA
79124157-24c3-4b5d-9d05-65416ee3704c,BA
764e3fd4-30f7-4922-ae51-7a409e69d587,SNE
fff9021b-1a06-432c-be54-a363f91fbcc6,LY
e3fb383e-189d-4293-9aa7-a6fc0557e5c6,LY
03e0c4c9-1ce1-4e02-88b2-195a59a8c317,LY
e629cd76-bb3d-4e95-a8e8-9deceb53f738,EO
9bb5b5cf-9cee-43bf-b216-a70215a79899,EO
dee0d099-a148-4e4f-98bf-bd20b0469ecf,EO
c2b05b87-b4e2-4323-a716-1a5f7da4460c,LY
9bb06b9f-3271-4f83-8739-f3b833287214,EO
1883ac70-2893-4eaa-87d3-c63581ecaf3c,SNE
58238e0b-9133-4d28-9c81-1a26f2011121,BA
c69748f3-c2ba-48f2-8663-00a61071c2b7,EO
98a1c222-fe1f-4c0b-9a60-d4d4a2b3077e,LY
020d7fb7-e779-4c8d-add2-dbd53ee58a00,SNE
731beb11-031d-4df4-8080-9031d7db7a37,SNE
13973f8e-f161-4763-90c5-76ec8959fa6a,SNE
0f1b333e-209e-4d14-83dc-280c3d5776a4,SNE
73182b5f-d0dc-4b14-ab1c-68843e890196,SNE
b9bceec0-41a9-4d72-8ac8-51a88b3f21ba,SNE
1c4e8ea8-d525-4f3d-88e8-bf5c145b5ba0,BA
74def88a-b9f7-4163-853b-95e1d7e3a00b,LY
9d942a8c-4ac5-4da7-8182-a607428936c1,SNE
ed996d49-b646-4c1c-a54a-288d1220cef7,EO
63b41709-83c8-40db-a2cd-6a25fff0f07f,SNE
e189e6c3-98ab-476c-8c2e-c3a1fc8284eb,LY
8427a307-b664-4c9c-ada4-9798ee8e75d0,EO
182f8c74-c3c7-4542-b77d-ba1c3214e024,SNE
cacd2023-4056-4bd6-a546-0cf1e8b83225,LY
3fbde802-f49f-43fa-a63d-2991a3614ca6,LY
52d0d565-f59b-45e7-9dee-cdf3dc86238c,LY
2fbd58ee-b1e6-40d4-a7c5-a31909eaa584,SNE
df14fa0a-da56-4d42-ac9d-664383d67210,SNE
ddf35f16-ddb3-4dcc-91f1-ec76e5d01d7d,MO
d8a32b8e-0e79-4f37-8000-837c4025e9f2,SNE
c40a545d-fb4d-4862-a541-f892b406774c,BA
953c0510-c368-41c3-855a-b2e89caf0911,LY
39674a73-efac-43ee-8d76-c585d0a859d8,SNE
2880aa22-b464-4c49-add2-69c24ffa347c,SNE
6e760770-07ea-4168-8620-1005bbc2ba99,SNE
e2f38b03-0df4-48b6-9d4e-fe61c464508c,EO
fe0b2789-44bd-48c2-861f-bcc945c83792,LY
6d0c04cf-e95f-40f4-b6c9-0b0d5d7a2dce,LY
acb925f6-c2d7-420d-a1e7-6ccde2bd5036,SNE
790dce5c-c80a-4c99-8863-9591ea5d5000,EO
bb11e565-2cf5-4245-b194-000b9d03f7ed,EO
a377fe57-86fc-45ee-816d-41fdcd34891a,SNE
c614c06b-a9b6-4bcd-be5b-52f6ab4b649c,LY
961099a7-e148-47da-a866-2530dc7c88f1,MY
1d0cd304-56bc-4868-b7f7-6edfabfe4147,LY
7f08f41d-223a-479e-a829-a8dfd9a29f82,MO
4ef6ece1-683b-499a-b6bb-bc453da6cd43,SNE
b7594aa6-eb6e-4e82-9417-14fe7393cb8d,SNE
6e5ee5f4-1241-4381-81a4-29aedb754fc3,SNE
350bb7ef-33c1-40f6-9c4d-455597699c05,LY
f017eafb-9c0b-44ab-affa-73927c10b46f,MO
fdc74c8e-47f2-4436-afc8-f58e2fe42eaa,EO
d05b2dd1-93db-4020-9914-382c06b93a4d,SNE
8da6e50f-a9f4-47f1-bf6e-39a6f5bc36ab,SNE
7b119403-9d39-4e3a-94dc-7bf3b44ef801,LY
43285d5f-fbff-4d94-b80d-041a6bb82a6e,BA
62684b3e-b892-424f-8492-00588e61b820,LY
5ff4da1f-9efa-4fb8-8fbc-f765f26f71a7,SNE
83a25a12-0c08-4308-8a75-2278f4a6a870,EO
385d6f3f-1b4a-46f8-8d10-ed972e85d414,SNE
fad38aaf-d5ad-43d9-b705-64b3d3120f64,MY
a895ffb9-c1f2-4856-b045-e9c11cf0ca83,SNE
e9c2419e-62c1-40c2-989e-aba575dd6f12,SNE
0a934581-b38c-4541-bc00-116585cf016a,MY
c0c433f3-e1e2-4bb3-b902-1c2e7dae2e4c,SNE
0cc0dba0-c804-4a93-aab5-4ddb47b8fa4e,BA
c56f7c1d-736b-429b-96ea-f9a902823a07,SNE
2c863709-fdf3-4cf8-8723-c2c9289113b1,SNE
95007c6a-b740-448d-b9d2-528b90c1d58c,BA
230d3616-4486-46be-b2f7-97f8e82f28c9,SNE
db5fadd7-6976-43be-820b-8d7f27502124,EO
f7a9b574-f40f-4899-95cb-4902cae06de9,BA
0bea2010-b929-45c5-b559-ed8eba41eb18,BA
3ff48aaf-00f6-4c23-854c-e8a1573ac856,MO
aacdb02b-e186-4275-acc4-031948f7e761,MY
87face89-4f9c-4809-a06f-fa1b2dbad309,SNE
085e32be-3bae-47bd-80d6-4d01cf8c7d2a,SNE
a37c82ea-9fc8-42ed-b9cc-4b50aac8c15f,LY
e58ac7b4-40d0-48d9-a298-fc409affec42,SNE
91c8a793-2eb0-4d4c-85e0-025a0b0e3b65,EO
6852ebc8-1c4c-47e1-8d82-726f6e813041,EO
015de8a8-c188-4ff6-b167-781a4ef6192e,MO
189c1e5a-7969-48f8-b4c9-2415921cac1b,MO
08e61ea9-10a4-42e8-9a84-02a235c8c79d,EO
78811c44-7157-43f8-b120-fc23caea67d5,LY
d931a8b5-0cb9-414e-b46d-61de5c2b2805,LY
ac8fa07f-b843-4ead-9e13-5efb33eadff2,MMY
aa8100f7-7d3e-4d60-9fef-cce24afb333b,SNE
769f85bf-a09e-4f81-9473-2cf77854f554,MY
18a3ed2c-7f05-4640-8f8e-7d9bf46a8e1b,SNE
9884c808-ec45-4ff7-a6a5-18a82520a7a4,SNE
3fab7fd5-122b-450b-8d0c-ed3ea7a60e19,MO
9cad8ee7-3908-4485-887f-2c200892c3d4,LY
a9873179-6db4-440a-aec1-54eed65f12f1,MY
fc7b16ba-656e-468b-bfcf-152ea27f4261,MO
1dad923f-5ba4-4162-b861-3a77d05cba80,EO
8dd48491-e9cf-4d25-8b7f-0c3ae72f4249,LY
b6a5627a-99ac-47a0-8e58-94f1ba18c268,MO
9f72d50c-c522-475e-99e0-948e3929f679,BA
95576de4-78b1-42f2-846a-bbc2d9c02c7e,LY
bd6a3c99-da1c-4831-b5ce-d6f604402800,LY
b1c72aba-7b50-4d0c-bc7f-c7719db4bd53,SNE
613ad23a-2503-4b6f-b10f-baca37ad85e3,SNE
02b58026-7f8c-47ce-88aa-823dab6b0575,SNE
8d3be268-1370-4e17-a105-b3488eea5013,SNE
d32013f5-b3f2-4d5b-a89d-75a1ca68ec68,LY
1d0bd35d-7d86-4320-97af-d32ad4e20c4a,BA
b3369fa3-c3f1-493e-8dab-cb906e70d32b,EO
c99322a8-2c89-4350-82f9-75db06f91b51,EO
680b958f-d6d2-4f98-99b5-dd1c1c3647dd,BA
e87a5337-47ef-4111-8c50-307e53af36ab,EO
6d63ca62-d4c1-447d-9b2e-9559380c6f73,SNE
63b4fd9c-679d-4f4b-b3e8-5359d1ea75e9,EO
b03012b0-97f7-4251-a207-f08b2977fc60,EO
a94aceac-e256-49f4-8689-2a648bb1f7d6,MY
1adb5114-2daa-44a0-bfaa-1bdbd25c6b68,EO
bef0d7c5-f9b1-4c2c-9962-e5d95fb0cd4b,LY
1d1b1773-cbff-439e-adc8-8b0e48eb9338,MY
0f64acd5-f53e-4bce-b41d-b3e8368247ad,LY
4ab3c5f0-026a-4037-b29f-372b61d4696a,LY
d3a10e8e-3b81-49b5-81a1-7e3e4dfa7e65,BA
1b85861b-7c55-4ebd-b420-31755a82f684,SNE
1baf2815-bda2-409e-8bda-735f74136b27,SNE
74aa4965-e486-4a2a-a568-bd7b1cf61835,SNE
58162c4b-be5b-443a-a079-97edd1c39ab8,LY
5da1ae92-8ae2-46f6-9d4d-137efed61939,EO
db5a38e4-0504-4c3a-b2b2-f5d66a14e698,SNE
54455bca-a582-4fb3-a2ac-1c744da1029f,SNE
f82cde25-85ed-45da-9441-a9a3a5f347ae,LY
77ebf6ad-27e0-4fef-b274-85e2275b7d66,MO
ef8efa90-2740-436c-a9d5-27d932c036d0,EO
d35b237b-9b91-4739-9994-56649953c412,EO
02491368-cd4a-426c-8832-14ee541fb331,EO
7188ae88-4088-41c6-9fc8-19cc6c6cecb2,SNE
5c00d289-0015-4946-8ddd-e461b6831853,SNE
7d5727af-e886-4ff7-b1c9-ba4dd590a731,EO
153ee378-15fa-458a-b543-e1a066a1a39e,BA
ef33b1b7-5c20-470a-a7df-ed8dc7110111,MMY
718adb2f-df05-4beb-8dc0-d5e4befe57e0,LY
ed4b58fe-45d2-4fd7-9e29-f3cc5d0c6528,SNE
a7a7be6b-38e2-408f-b52e-b5e916b9bce3,MO
2635bbfb-5cab-49dc-acaf-098a387d2eab,EO
35720694-76eb-458f-ad0e-323f24904ecc,LY
08ddda76-14ae-4fe3-b251-d4ffa6d5096c,EO
cb7c0d40-9e88-42c7-95b7-13e9734b4479,SNE
0ae14343-a41b-4eee-9b96-6de0db51cb1c,MY
3ec57827-82be-4244-9c8c-f91a7495a3a9,SNE
eb82509d-5a2f-481c-94da-a695754822cd,EO
826f68ca-029e-4f10-8d08-efff62475acc,MO
d99f8550-a2c7-489d-89ee-5052fbd8d683,LY
557bb9c1-11a8-4d1d-9dd3-39b396585db9,SNE
b3da22b8-0853-4549-9770-b01c850cf5ea,LY
e3976f24-a491-4cd2-87b9-bd126a02cf36,BA
83b81eb5-e1b8-46ec-8961-f48faaf5893a,SNE
2e1eaebc-0e8d-4f21-ba60-4186acdf3220,BA
96364001-a85b-4f8f-bd35-72420ff4ce44,SNE
95c9417d-59b4-415e-9a2b-be27eaa9214b,SNE
dea6b9d5-88fb-4a01-b50a-cc7e05fa5cc8,EO
ef4ec97c-ee22-4c46-856d-a8acdf47b796,SNE
e9c6c079-aebf-4025-ac14-23601e4cb0a7,EO
3dd13d26-b3dd-462f-9298-55ef630f7287,SNE
64ab6c28-f428-4875-b5eb-1b2355707380,LY
8c2346fc-f0eb-41f6-80f7-65100c0beabf,MY
af4d2cc4-3ab1-42e5-9c55-6ad0fe87df61,SNE
2701c2cc-3bf9-41e2-a41b-364fc1239e66,EO
3d81ee67-1378-4079-947f-d2e9c5ca372f,SNE
5d16cc5d-e716-4f5a-b0b0-246f0e9bbb47,BA
83c78df5-1a2f-4dac-a275-acac872657a2,SNE
433ca126-410b-430c-9ad4-801efb2e693d,LY
ca0d82b1-50a3-48fb-98a0-d764211fa8ba,LY
d74f92c4-72b2-415c-aab1-88a38bd61e1c,BA
5a2e2b3c-8bdb-43f8-84ee-23fd9e2b2178,SNE
8c6c7544-b571-49c8-a9f5-a5955d3ed1c6,LY
5b86269c-0700-46db-824f-53b2602a2165,SNE
12f701a7-1449-4afb-aa1d-ac084e4bf46e,LY
8a6ea8f6-043b-4560-a71c-00f5922810e4,LY
399f9312-a2f7-460d-a5d5-dbf7fe8ebabd,LY
262cae24-6785-47dc-a869-480bb58fc0b6,SNE
8c9e59ae-47b7-460a-828d-37a54b880d34,LY
8ae656fc-943b-4cd4-932d-9b5348ccea69,MY
129e5022-10b6-4e14-b4ce-46c83fc2c456,LY
6513fdde-1240-4bc7-864b-7bc4b3ac7933,SNE
3b84ca8b-3ff2-452f-891d-05858358daaf,SNE
3c0fcc0d-671e-427c-9b17-c4a095fcf3ca,SNE
c8493436-eeef-43f0-9506-3dabf990847b,SNE
facc42f6-7a78-44ad-80f8-ca6bf692333a,MMY
d1025b6c-d894-4e91-8e2a-f48398888de8,BA
60ac7837-dac5-4846-84b4-621fdb40ed6f,SNE
d6e7b249-beb0-4607-8bd7-3519b6916297,SNE
eaa20331-803c-409f-ad02-a95833ec6260,BA
156a4630-a4fd-4124-8292-4b5c2bd7b9e3,LY
c42fd55b-b25f-426d-b012-d9ac4818a616,SNE
08930550-ee6e-4a4c-9b3a-5f30dc5bd926,MY
551283a0-81e4-49e9-9ac9-f3a2199f911d,SNE
5d240c01-b2d3-4769-b6ed-bd823c85da55,SNE
8c7b9c65-7875-452f-82d2-6f3a978e3a19,LY
a14ba365-3761-4b9c-b6b8-7f5caba781d2,MO
8f7ea9a4-65d9-42c1-95a1-5587eb6641dd,SNE
f5702bf1-8c4f-4cc1-b40a-701df9100a3c,MO
f84a4e88-058a-40cd-93bb-2a86292b5614,SNE
54430d24-fe53-43cb-a7ca-1369e6d14ecc,MY
bddd1546-33be-470d-a93f-6649374b42df,BA
36577211-e026-4ec0-9f0b-0047172913ec,EO
dffd47f7-5bb2-4a31-af0c-a122582741a7,LY
a8cf1e82-934d-43f2-9b2f-1816866b1577,LY
f974779e-bcdc-4e54-a726-b43bea91f7c9,SNE
0d3dafbc-6fe6-40cb-9357-3c6bb8e59dca,BA
aa026a56-6f0c-4f29-b371-c547a6c3e3e4,EO
0a9cef9b-f149-4e0a-89ba-200ed1ca34a9,EO
313531ee-ca38-479a-a8d5-ac73c27a677b,SNE
136104b8-b8ac-4f50-9675-32f94c912c03,EO
00e733fb-02cb-47a7-87ed-419aa1ce9530,LY
8aaeaf5b-4ec5-45b8-a000-2afdf15934db,LY
2e3fa8a3-358a-42e4-8b38-6e463b1ebe37,SNE
a69dec32-2a2a-4bc1-8efe-f74f1aa5f346,SNE
0e7a74ce-5794-41d3-91a2-372b90b61013,MY
a342c872-d85b-4e9e-b4fd-191b3f738cec,SNE
e388c558-f4c9-41cc-8d35-f1b87eb58e6a,MY
8a0a6f63-c0dc-4bd0-98f0-a9716af353a6,SNE
6ea6613b-edc7-4f1c-b683-043a7557c59a,MY
f7906906-151b-451a-a1c5-fdc5fdb6afbc,BA
ccedfa6f-e292-48f3-a341-442cb6ab4a03,SNE
17a680e2-9a85-41e9-85a2-083d2db05157,SNE
9df55bc9-dbba-47af-a9a4-2ad683b56a48,SNE
cde7d598-a955-4172-8051-be017cd2d290,EO
120ebb7a-7e33-4d53-b8f3-32ac49e00d88,SNE
9c3d30ca-8d7e-4165-b81d-adab524f5c46,BA
261aff5a-0eb3-41d7-9566-55f2ed773237,EO
686612aa-023d-4958-9bc9-28119e86f974,SNE
178463fd-74d7-4ab3-aa7f-29a7fbd425f8,SNE
e4eeb0e1-6b2c-438a-845a-eec05fe58f78,SNE
29388e68-2c02-4782-8f46-6021654e827b,MY
946cdfb6-1b73-4fbf-8ed9-10d2bf82a69a,BA
360c1b3b-07c2-465e-988c-81694a1f7bd7,MO
80604741-a4ca-4d7a-9284-6b264d65edb9,SNE
b2c67381-f54e-4a31-9250-b1c9e7027326,LY
81ffe07b-ec30-4388-abe9-0cd6630cbd61,SNE
9666de89-9c8d-4646-8196-ac9a01da3950,LY
06ac3a68-8244-4063-8a53-a5df356b1425,LY
156590f8-fc82-4e76-80ea-b36649057fb3,SNE
d62734ba-ada2-4771-99eb-8603b2c36152,SNE
67163048-4872-4b5d-a345-1c0635344479,LY
71d3d820-556b-4cdf-b443-52c5caf3287c,MO
87a79849-ab97-47ea-a2e0-91e1ee97e21c,EO
d46f72ac-aa0b-4ed0-ba12-c0146499d4a1,MY
b9573b0f-5edc-47fa-a6d6-cf1f2422385d,MY
9ba38540-a581-4bb9-bd21-149cc2d74ed2,MY
350bc8ab-e67a-4fbf-89f2-d92ead26cef4,SNE
170ca7fd-958c-4dbb-be4b-12f16ba5ded5,SNE
f666be7e-84df-45f9-b46c-37d2bd4af18f,LY
ca423a28-65b8-4fd0-b6dd-53ac351ec9e4,BA
2d8f8923-5e83-4feb-9b7d-ed748ea10791,SNE
93c6d6e7-5e6f-4324-8e72-037dda674827,MO
60066aa3-be3d-4848-82fa-65ddfe7603e1,SNE
c16a1162-cd56-4c28-8c9a-3b50716178a9,LY
42105aa5-b915-4555-b3cf-5ed593307e83,SNE
968cd43d-bd86-47db-8d9e-c2db5f9906d1,LY
c394142d-3b15-4ae9-987f-82f3b9d46ebd,MY
409bb2ac-fe59-42a4-9f8a-e2595698f94e,SNE
a79dcb2d-a792-491f-8913-d02d2fd81bdb,SNE
1c37f1fe-251b-4666-8fb7-059ad251d825,EO
cc3c1fd6-66e4-449b-84f0-21aef2f86a23,EO
419057c8-98ba-4635-8b2e-eee13ed4aa72,SNE
391c375d-04d0-4494-b6eb-a9d18b2385e8,SNE
2cbbbaa8-d41f-4d5d-a21c-1d40cab2afd6,LY
5422ef7e-de65-4ef7-a07a-ea05542d968d,BA
7e7696e6-3b5a-4d5b-a8c3-62a3264c681a,EO
9e0e97e1-c048-49ea-8d12-87b437de05b7,LY
f58fbf70-223a-4e0a-9821-cf7d57fabcf4,SNE
4787e126-fd3e-420d-8609-9821cd341209,EO
c72154a8-93e0-477d-bfd9-b696403522d9,SNE
34cebd78-4313-4a23-a4f8-45b5eda77463,MO
740a9ee1-122b-459b-aa34-a017d3caefd8,EO
f045f139-5624-47ff-822d-0979d47e1418,MMY
cb44b271-cbc1-4927-becb-e32ac6d3817f,SNE
205a1aa9-61f9-4826-827a-5e703dfa0ed5,EO
b52f2afe-8ca2-4123-bb29-e8319752c345,MY
77856c69-0f47-4d44-bb66-cd5a8d303c49,SNE
dc668f23-4431-4f20-bbed-b6fb1214226d,SNE
bae02ec5-3cef-4adf-8891-752c4e6af19e,LY
751eeee2-3c45-4ff6-a154-ce368435ecc9,BA
81623c3e-046f-448b-ba86-ef3c9ec5fdaf,SNE
8d36c652-766b-4203-9315-d9fd8b49895d,MY
1b2eff97-80aa-45b7-8c15-017b953cde36,SNE
4ef2b89b-05a1-4bf6-ace0-df0104cf910c,MO
e5fc5216-dbd3-4613-b66c-35c10018e940,BA
7d911cb1-9839-468a-8838-95b9d5d1320f,SNE
ef722b04-949d-4c2a-823b-f9f9c6dddff0,LY
d4e67c72-2e4c-4d30-9945-dbb766d84247,SNE
161473b1-f972-4225-bbc7-3f852300696e,SNE
7cf328ac-004f-4dae-bdb4-ccfb313cb161,EO
1bb898d3-cdf0-478f-84f6-0f4289b2f6f5,MY
254c55d9-16ed-4245-b75a-c51869d1f3f2,BA
80bd556e-856e-4541-9099-58bd5be95a9d,SNE
ec7093b7-3843-431e-89b4-8abe32b370a3,SNE
a727d69d-66bb-4235-9823-8b1e8925f4f5,SNE
7f9dfc5e-2510-4305-a4c7-53744e68f09f,SNE
2c2cd52d-2906-4f47-a2b1-4f22134e6b30,SNE
1665c533-3536-4e24-a01b-cb13c716c652,LY
10a6f6a9-2863-46d8-8341-343b6aa60bc6,EO
4d0bf313-1164-48c7-8d69-ad4a092fce57,MO
0bacf87f-b904-409e-baaa-d98fde4f22ad,MO
9792fe5d-8541-411c-ac41-ddda251aee81,SNE
b3546d1c-588f-4c6b-b1ca-01d56ab5cadc,SNE
ef9330c2-d4e5-4ddf-bd4d-c2159793baf2,MO
f8ae974e-6cfd-4841-9c27-799c68ab7408,MO
bb0e289a-72b5-4c59-8845-cbbaf337a854,SNE
af2cab6c-396a-4402-82a9-903851182802,SNE
667d4056-5a9c-4f47-a2c0-cdf4ef4613b8,BA
8ddef84e-bd91-4801-b54a-cf96f09376d1,LY
630ec8dc-f4b6-4f37-afe0-d3c09de60bb9,EO
f3de4def-09a3-422d-8a76-d4d7985422dc,SNE
94eec40c-db60-4018-98bc-fd0ee41dbd24,LY
cc30ea26-5ac9-4325-bfc0-1c667f999bd2,MY
93872ff4-70d1-410e-9b30-745e817f792e,SNE
779da36d-7683-46d3-817b-10e5164ef509,EO
3004b5e3-44cb-49f3-bfce-1484569e4a53,LY
bf587cc2-76c3-4c15-b61b-689831c44e56,EO
524c4452-06f1-47b0-9d09-0be58da9caa2,LY
a44b4c9d-4e8b-46d1-8b21-96988100983a,BA
e4f5d77a-0e97-4578-9c99-b3888162087c,SNE
ec6bff86-7760-4677-9f61-ada5db9d0d92,EO
2c316858-9a2d-4ad3-8e95-e8621f0a0f73,SNE
8baaf593-9327-4cd8-accb-05c687b31ad8,SNE
a43b57d4-0532-437b-8f8d-149bdcb15cee,SNE
66d7d35e-9652-4ce6-9099-10c76240e9ac,MO
6f241115-9fc4-49a6-ad84-c984022689ed,SNE
9e679967-dd80-40e7-86aa-eccbc72f340c,SNE
691b68ac-9766-4e96-bcee-d74defd23bfe,BA
a6e2f8d2-b0e2-4b75-a40c-afe5743cb66b,SNE
d5084501-8a71-4aa3-a3f1-93a81c6b695a,EO
d2f95ff6-4b7c-46cf-a0a3-b7a85441301a,MO
4d01b11d-4c11-4b7a-a6f6-ce6e9ff55e9e,LY
45c209c2-1d6a-4008-839a-c9bc108d2cb8,BA
3d5e248e-8061-484b-add3-54ab0d92a0a5,MO
808e799a-3faf-4391-b2c4-c8b5d1ae9e74,MO
6f115c05-8465-4b95-9a27-ae250b5de83f,LY
b8c33064-3946-4365-94d5-6f6193ff6113,LY
a2413f33-cfe0-4a4f-86b5-83f43ef08439,SNE
fdea271e-9140-49ea-a39f-c7a1bed36e16,MMY
8bf7b70d-631c-4722-bc9b-477bf36a973e,BA
e55cf2ff-ca57-403e-9782-b964c6c96a25,LY
64d65037-9a95-4379-99a4-3d8cd0fa09f4,SNE
d5fcd8ca-1f5a-4fb9-8bfd-ce2eeaebbf1c,EO
0f050792-8fa5-4e0d-84b1-2e37a3c903d2,SNE
2f269add-4412-4fd9-9833-462a7bc23bac,SNE
bb28f5e0-b622-4459-9850-eb49b44d7ac2,LY
9f196cf1-6be8-4008-9ed2-b5cca4c4cfe8,SNE
9eadc6cf-827a-49cc-a370-a882c6f55546,EO
4f9cfbed-d99f-4e6d-972d-02a78efda13f,LY
21b6d8dc-9106-445f-b064-3a169a9b32ee,EO
bb6db353-b9de-4e82-b7d9-d4fa0c448d6d,EO
d064020a-2498-41aa-a097-020c472fa87f,LY
7016a5cc-68be-4e28-9498-53a7006e94c1,EO
1faa892e-1849-4cbd-947f-bb36b4557825,SNE
f4df60b5-b78c-48aa-b6fb-985dfa28b54e,BA
14df93e6-c75a-4895-b42c-f17f7f24df22,EO
add8baee-e1f3-46b5-b96f-25d07c198607,MY
1af5b7b6-1744-4575-9a95-b86bda98835e,EO
3440683e-0bf1-4686-a095-419e561a7977,LY
2e61a9f8-89e3-45e3-835e-b8874fcb79d7,MY
ee24c29f-c1bc-40f1-ae3c-383bdbbf2109,MY
4668fc80-c6b6-43d2-80e0-cc48ed1cba08,BA
58b7af20-c1e7-40a8-9f33-030964322b67,EO
36e7d47e-fdda-429d-a767-119e72b81c4f,SNE
a29467a0-0b75-44ea-a0b6-8657c54f99ff,VLY
f38b504b-789c-4a14-9b19-6c2f30b6088f,LY
d46af2d0-7fc1-4927-bd16-110d6a963f0a,SNE
633cb746-427e-4e61-86e6-56f141aa1e87,SNE
67c24eca-7e29-4864-9a98-b9a966d531b9,LY
f6ccb22e-b130-4ff3-82f4-1c60597eb428,LY
d1d01d06-d3d2-4ae2-b07d-7cbc5464f456,SNE
c09e96db-9d68-42e1-bfff-e185a6841c8b,SNE
c1f1470f-cbd1-4fe0-8e48-13648b89f3e9,EO
edc8c1db-40c3-47c8-af39-b681a937ea95,MY
e9059caf-892c-4854-8417-7c903156f625,EO
c51318fd-357d-416a-832a-c27b52696b41,MO
0c53e770-9b33-412f-acc9-7f453b6ff86f,MO
b9727f6d-37a2-4da3-a110-3cfb8b1970e3,SNE
20cb7537-e222-47f7-9519-b84d0c48b447,BA
5dd23db6-ff41-49ec-8337-a3163cd84678,EO
b9f0185b-f4e1-4043-b41a-4a0f391ddd94,EO
b25ecadd-18bb-462b-94da-318fc3cf508d,MO
9d5a2bf7-b1f3-462e-9539-4b3f4ff2408d,EO
075fa232-78f3-4062-8d33-44fbfdd4c423,MY
ca89e89d-860d-4d69-a207-a2c179ab9f93,SNE
5ad6ccc8-4751-49cc-b83e-7fd3a688774b,LY
690e4401-9fc5-419b-9e4f-c7f293376c7b,SNE
62f75c3b-a8af-489d-a384-5302f5e5f7ce,SNE
6f056cba-d3d4-4a69-97c9-87bcb9d2369f,SNE
666a3130-7b76-4fb5-a20c-fdcff3f3624b,LY
6ec27580-98e8-4bd5-9d56-bbec84debac6,SNE
242ef6a1-e24c-45be-8dd3-b4515530a8c2,LY
3dc75baf-18b5-4572-aea5-2fe4cbbcfdcb,SNE
e990e1af-6fb2-4495-81e7-3d5d9618bd73,EO
e59e8539-99fd-46c2-835a-22448e752fc3,SNE
0dd91564-be1e-42c9-8875-3819c05976ed,EO
20b4070c-331a-4e3b-a488-d0cae5e6ed32,SNE
3bed3546-37e7-425e-a86c-389554e969ec,MO
dd6b4613-44b9-4fe8-aea8-616c1fc45b82,EO
84343fb5-fa32-4a42-a803-546433e22aa9,LY
1ceb2c18-6986-46b3-a91e-b8b1967deb78,SNE
1f3037f8-8b76-4a16-be12-901759cccb49,SNE
ba010f1b-0539-4dce-8601-17d1d95639bc,EO
6e0c983e-4c3c-4982-8eea-448e2f4e7fd5,SNE
96535705-1d7e-40ff-ae45-450d567796e4,VLY
f38c3093-f4ce-493f-8296-68b0544c3516,EO
4f748589-eb2a-4204-8890-22963c577691,LY
5da4f06c-6a17-4c0a-a0c3-0fbbdafc22aa,MO
101d828d-2714-4a11-9d24-1c4513d66c5a,SNE
0b673b3c-8a97-474b-aa7c-8ff3baf4434c,MY
cf730d19-a2a5-4568-8415-291e4dca8636,LY
d8ac8834-42e9-4cb7-9086-822aacfc2fb4,LY
bd50c1ef-9e33-4f4f-a386-6abb73b40120,SNE
60e350c3-412b-40c7-a186-1377de4484a5,EO
82cfd915-d45b-4c2c-a069-33aed94b0179,MY
2c525036-c606-4aac-9228-76109f454808,SNE
261e004b-0ec4-42e7-b631-0512e6cbb14f,LY
29080130-796f-4987-b4df-0676916218e8,EO
6c4ceab9-39c6-4fc7-9fb2-0cfe200e2656,LY
aa2e5253-1366-4f05-886a-bbcdcb47705a,SNE
c03f182d-7bd5-4502-b27c-60a4cffc293a,SNE
769d9740-b780-439f-a645-6c576bed138f,SNE
25f78939-4641-4fc9-ae64-4f2b3471797f,SNE
f294bdeb-1ee0-4aea-b904-cf5bb777a1a6,LY
661b2abe-0361-4ea5-9ce2-c8ec037fa7d5,BA
0085f599-4908-401a-9e1d-86a462c3ecb3,LY
52b93951-2d14-4790-bd3d-11b78547743a,EO
42fa022b-f445-418d-a000-fea99f138a0d,MMY
83c63c6a-5d8b-478d-9af6-754103338197,EO
ce664384-9d9e-4b03-a734-72755baf4967,LY
3dfdae62-5c7b-474c-b1fb-efcb3ad7f826,MO
70e03635-e3cc-4fac-80b7-cf5bc2d8eb49,MO
927ef53f-6c4f-42d3-9749-b0c8b9d38fdf,EO
0e608874-6257-4039-a453-6923641fabf1,BA
3e62ee98-9278-47d2-8c27-39e079aa8977,SNE
81ba07c0-866a-4a1a-b1e7-d3dfb9b26d4c,EO
ee88acb4-773a-4ae6-beb4-c08f302ae20c,EO
58b1cb77-a00b-4fcd-aac7-0458fca2a9ba,BA
0ad2d78f-a65e-4ad1-bfd9-db3229a2dfa3,LY
d5076b49-9814-416c-929e-b68275e0cb5e,BA
f4c0aa8c-4c28-45f2-9349-525c7425f5d5,SNE
bd82c532-ef4a-43ed-b50a-90f8f68c3fa7,SNE
bf32135a-34ac-4007-962c-ea60fac1449c,SNE
fff555c1-9b3f-44ca-b7cb-4fc4a7e1c322,BA
c2d95ef0-8bc1-432c-acaa-59c0176f7fe1,MY
6b13a6eb-2d21-42b1-bbdd-b385ad283a95,MY
3fa76e1d-7dd4-4e70-be37-8542e90c7924,BA
30daad5c-2831-4db6-af7e-d31c8837dc6e,SNE
16b0fea3-de66-42aa-a93b-58ac3d7a2562,MMY
869fc9be-c5d5-42bd-b756-44be22eb5a2b,LY
625a5e92-0013-49f7-bf5f-2208ca18015b,EO
54b14ea1-5e18-4528-95f6-076a80667f60,SNE
ec0f182e-21c2-4bc8-980a-0c903a2bbc9d,EO
3c3d77f3-46a6-4c6d-b2bc-7df4e42aab34,EO
7b98cb10-a3f4-4c2c-9281-12a49cd05d29,BA
b5d1f0ee-7c5a-4904-a659-e00792ef9b24,BA
3ce624b4-d6c7-4e44-bd7e-fe8882e8e884,SNE
174e02eb-0174-488a-a5f3-46690b6d0a2f,LY
5c8584d2-d875-41f4-b18c-cf092a64bfcc,LY
2f25a341-9610-4898-b07f-a1e5d0a354a9,BA
ae2787c0-5675-4a4b-adda-e6b52cef26ee,EO
74659d35-e5e7-4d4e-a444-7e05adaef2d4,EO
ba2fb8f0-cc78-48b3-9651-6cb640d81e89,SNE
c20ed11b-6afe-4fe5-823f-b075532a4d79,EO
88669c72-7d1d-4ab2-b356-920298517fe7,SNE
8bec16c0-d097-4516-bd6a-c6e2d77d36d9,EO
a1812997-962f-42ac-9b1a-346581b13579,SNE
a70f197a-8d55-41d4-a444-1fdd41e889cf,EO
eece24f7-d836-4bc0-9e09-1ea4b0e3827f,SNE
fdc31720-e4ef-4fa6-a6ee-4f5d0a71b728,LY
eb219b52-4542-4cad-8f6b-d94f2e691fa2,SNE
33710da3-cf26-4146-bda1-72fc75236695,LY
497f576a-9e95-4fe0-8afb-cbd07e538ab5,SNE
549ccbf8-e2bf-4fd8-9f10-6124642ad726,BA
3ac933e9-adbc-4e6b-86d6-cebe6e6cc3c9,SNE
3da77826-3049-4db5-88fc-57d60a39eb54,LY
2d9d3a87-7609-4cde-ad4e-aeba24619c5a,MY
8b46b31c-adb8-42cb-8e8e-d61a83669a75,SNE
2d723d52-f3de-444f-902a-3816e04d5aff,LY
b6da245c-cf9e-4686-be28-c8332a627363,LY
328e6ab1-37f3-4038-8e61-af1c9ebd07c4,LY
88d0f0b5-7e6a-4edd-8734-1f0fb9561b5b,MO
08981b42-0b62-4593-862f-e2b485a7a853,SNE
aca7c7fc-1ff2-4014-b79a-3602bf235e2f,SNE
12885f85-2e13-4c08-96fe-592da3130fc6,MO
61fc9de1-0084-4723-9a43-343061db1f9a,SNE
e969fc88-013d-4380-8389-86626008c751,SNE
75d348a8-c3ce-4513-8fba-ee29a8c5849f,MO
d53fca28-bffe-4780-bc2e-6f1c9359168e,EO
2b7af450-51b6-4930-a695-52bf72f0dc7a,LY
fa886403-9cc6-452e-b60f-e1c6dbb20353,SNE
fb4fc096-721d-46df-b643-e1da8622716c,LY
96150d9b-ab6b-49bd-893c-25ab620ddba1,LY
183386af-61e3-4bca-af9d-b07a8ed29f86,SNE
76add74e-a2a6-4251-bfb9-d3ba778c72ec,SNE
fb79ea89-688c-4982-a499-5046a4a84307,LY
a1791fe9-6d94-488d-bba5-9884cad19c5e,MY
cefff73c-da11-45d6-b43a-9389a15e1bdc,SNE
2fe15a51-3841-4fd0-bed3-d53e8e09cc3c,SNE
ee07d57e-d4be-4941-8843-a56bd4125636,MY
10702c0b-20ee-4ae5-b9ba-4b522ca03217,MY
a7fed2bc-bd1e-4eb0-a72d-e7c7aba80379,LY
d162e9b8-8bc2-4b8e-97bb-6c8c41142e4f,MY
dace3d56-8f59-4db4-a1a8-bced02c5a732,VLY
4b30828f-ba7d-448c-8ee8-dfbbf9970d60,EO
3ed494a1-4e17-4f03-b813-1286cdce3387,LY
9f8dedf7-17e9-4d9c-90b8-22bd6dfe4752,BA
c66d9717-a834-43ac-a773-fc9f29c72d00,BA
3b200103-9d3b-4f96-988d-3872cdce744b,SNE
e7f694ce-f629-4eba-8db1-080e77a6c36d,LY
636f1264-10a1-4d4f-bea4-ba7195c905b1,SNE
03788cc0-27ae-4878-913f-8fcf0a0081d1,BA
6708f76a-d3df-4efd-833a-855d7dad91f0,LY
4a71d985-bac8-45d5-8991-672375c7f165,SNE
bb9fa80a-885f-485d-b087-039aeffb44db,BA
aa02d7f4-e695-4f50-b743-53ea6e707f45,MO
43fb832a-ac53-4a48-8641-a9cddc474817,EO
cffce25e-0727-4f82-bfe4-cb18f994f079,SNE
789f682b-1a4f-4e85-8972-07b60af0a567,MO
7646204d-3b5c-4e86-8981-00a6ba936348,SNE
a92072af-24e6-43c0-81c0-cf14a07084a7,SNE
be77b27b-1a00-4c16-b508-9eda9ac01582,LY
be61ebef-96f6-4997-bf17-a3d852eb2b0f,LY
f1c2185d-255f-486f-99af-e60ec5a25618,SNE
dac0c861-ca9b-412d-8a35-fbe042404020,MO
f87a3c7f-a121-4197-9ff7-0dd4d5dbfab8,EO
4f56a334-42fb-4dd1-8cad-9595a6e0b34f,SNE
eb67bc08-6206-4dce-a016-e02e22cfc267,SNE
a199b660-7162-46b2-88d8-c669f0b46b78,SNE
54839bf3-129f-4dd8-a994-d7ff01e68702,LY
81cd6eff-d677-419e-96ee-5bd21ed59a99,MO
c007cdce-91eb-4673-8157-f72397329843,MY
2ab27197-e55e-4266-b72b-3e843b17de42,SNE
2d8fefe3-dad6-4244-b82e-58497a65c5a7,SNE
63253c83-9487-4959-b0cc-795268817e87,LY
31953d9b-e87a-4526-a8f1-2a79ac39c750,BA
f9d9231e-908a-4f73-9756-f4073278dee3,SNE
eb0061be-8533-41cd-aca4-ca2e3e80961a,SNE
0b4cf9ba-ce43-4585-b1b0-93f1cc85f3dd,MO
78985164-cfd6-4a03-86bf-789d7efbae47,LY
9843f585-56d1-4a0f-adfb-efd6c1b9b3b4,BA
b813f267-690c-4a2d-94d4-4a03e6c36da5,LY
126ba227-c68a-462e-9d9a-605949f092f9,LY
63dd5952-30ad-4694-83d7-103d80cbdf3f,SNE
f6bd6d0a-110a-4235-94ed-69850a785b1f,LY
8c968e80-9eb8-4c2c-ba48-0cfdcb59848c,SNE
9d3d16ae-a4ec-45f5-bc45-1fe1b2fefb18,SNE
5953d1f7-8ddd-41fa-9347-9c26a85496a3,EO
971ae6cc-01c9-4d80-9462-2fa47e2845a7,MO
70fca1a7-378d-4e5d-b0d4-02f09e7a09cc,EO
22e5370f-3c7a-4606-b408-e94864b0e25d,BA
9afbc44f-dfb7-4278-964b-747c965c007b,LY
abed269e-97ca-49c9-b8a2-d8e56a4000d2,SNE
e0dbcfda-2ca0-4cd2-aeb6-1dec80565aeb,SNE
911c2a12-be7b-4bde-97f1-aaf306fe5dc7,MO
3fdb2a19-0b91-4cee-b90d-fcac82c8b2d2,EO
b3e532c0-a485-4220-88c9-5f802571e812,SNE
cb684e98-f085-45d3-bd3c-bd513e16fa33,BA
57d61c88-686f-4973-8954-6dfc1908dce0,BA
8f3c5e52-1d01-4d95-a139-9c2f5b8946e8,EO
aaebf97c-b822-49f2-8fa6-3ccea9d15727,MO
e14e446f-0a19-40f3-acfa-7c928d099387,LY
329843c2-9705-4b15-b691-d94b68dec439,SNE
69037772-54ac-4bd8-9d84-afb91a163cb9,EO
30bb52c6-827f-4c35-ba6e-c3df15f20e37,SNE
3086c22c-e751-4c43-b78d-cdd9cd8b4e89,MO
28968be7-4995-4357-a83e-79a23357d4da,BA
2fc467fa-74d1-484b-9d30-8263f75b0768,LY
8f898a53-0c8a-41c9-a402-09d4cccc739c,BA
3111835d-8c15-4011-944e-c8a498c7e426,EO
f8256159-c4f4-416e-bab3-a22299262916,SNE
242f1272-c031-41c4-97e0-4cb95869c2f9,EO
3d538899-8308-4288-9b13-b4a891096e65,BA
cdd6de69-6118-41e5-8d75-e875021d8679,SNE
53427601-d4ca-4c87-bf28-98e0db5de9a6,MO
947641fd-d097-4f42-b5f5-774ed0c5c3e7,LY
c636676a-ade7-48bb-9c44-2a05765df419,SNE
721832a5-cc42-4434-9d6c-448aaaf62c03,MY
6d5e1270-9fec-4dd1-8dbf-ef91a80d651e,LY
d328124a-e2a3-4837-b048-11c633b7d0b2,SNE
5f226579-eb3c-4175-b9a1-4d80942b4aae,EO
23ffceb0-6600-4845-9f74-4981b38401c2,SNE
e03bf6c6-ad52-4c6b-983d-f8040733dd2c,MO
3cf5c19b-7456-4616-b6f2-62a8dc065ddc,MY
d2a0c0ca-1de4-43d6-8aff-51f08bc5bcc1,SNE
7e8a79ce-c520-4487-9b14-666cbeb338fb,SNE
8f1d6c55-d6a7-4c18-a929-027e4449792c,EO
4b7b6659-2d38-4389-8e0e-c5790aa4638c,MY
7dbf34b1-ab3b-465d-ac79-b9bcf5609736,SNE
922a7db4-375b-4fa7-a5fe-1b44cd8647bd,SNE
de01e42e-01a5-4f56-a8e8-c493b3824243,MO
93ae3bbb-d950-475a-a824-8eb11eab5697,SNE
c5c1ecd2-38ff-4a3e-b513-54603f3bf36d,EO
b82bf4e0-ce0d-4fe4-9129-3a092835d0c5,EO
ff3cd314-b9ac-4315-a70f-aa16075ce680,EO
fbfbafb6-18a4-464e-b990-d62f58401854,SNE
f748e7cd-fb51-46fa-9ab5-6c28322eca5b,SNE
1dac8eca-6416-4868-bff1-5b34cbb99ef7,LY
674683a4-129c-4f99-85c8-133182c2d679,SNE
151ffee2-641c-4134-a2c7-62afbcc0f7ba,EO
982ffc32-069e-403a-b435-818502613c51,EO
2a0b611d-401c-4db4-9eeb-26812208c6a1,SNE
841f287c-7b4f-497f-9976-229d6a08db5f,SNE
c0749efc-6305-49b0-97fa-a8735ef7162c,LY
1fed1c8e-6d48-495a-a8e0-ffea40e658a5,LY
5a197705-ed35-4f0b-af30-51334fc11d0f,LY
c050ce33-b878-468e-a9d5-31946fd0eec9,LY
0e6a1226-49f9-429b-9ef0-70c19d6e6ee3,BA
5a9c36cf-98db-450d-97f7-35f6900476c2,SNE
42f284ec-b91a-45f6-b5f3-08018c77f14e,MY
059dcbf5-9879-4197-a7a2-46cd88fa5880,LY
7d3111e3-e153-469f-b369-2efc8cbba655,BA
8c75adbe-baad-4788-b096-5652cd036f24,MO
2ad2d099-3a0e-4759-abfe-2aa66b2aec4d,LY
6e10e448-e9ca-4e3a-aefd-76fcc2068c4b,LY
bf3b7d98-faad-4b16-b602-418583b3dc44,BA
335bed15-758a-417a-91a6-577341682017,MO
02545867-742c-4779-86ad-b7097834416b,MY
8241c516-6b00-4540-a0f4-5cbbfc284f8d,MO
5ac24b03-685e-44ee-a99f-6846f274466e,EO
4deb6f3c-8b0c-4dcc-9daf-c65c1f726f82,SNE
69b44ee9-6f16-47a3-8915-34c34f0e47b7,EO
f40d9a61-cf8c-45e7-8fd9-57589d20c481,SNE
ff52d1db-31a1-4463-aeda-acd98b5d3c64,LY
80c5ba46-62f7-49e9-959c-ad5c1335847e,EO
57675f77-4cee-4959-8261-e6d244021af6,SNE
d185b93a-6efa-44ca-82e1-cb147a0fad42,MY
95487f1d-c0a3-4027-b96b-89a6de5194be,SNE
efed0175-6c9b-4b77-a0c5-bbb34d8fdf9d,SNE
669ea1ba-6b4d-4ef0-91f7-fd6323c0a55f,SNE
c06c6540-f2ef-45ad-bc0f-1887dd6d7e20,SNE
f9dab170-d185-4ddb-a956-0426ff5c078e,SNE
cdf8c454-d071-41bd-8d37-1dd5af7bdff1,LY
164386c4-fcfc-44eb-a149-6930ee1300cc,SNE
e6178719-91b1-44be-b8e3-c2911d4f45c2,SNE
def9ed6a-0ba0-4bdf-986c-cd3cbc60a22d,BA
1637374b-4384-4766-8c4a-4a53d2f41ae3,SNE
83fe0f9a-a441-4a6c-abca-aeb29c423b1b,SNE
81b90304-5e26-44d1-9d35-00c683f152dc,EO
c4544bea-6adb-47d5-af31-d0b1e406e052,LY
b5cc562d-a55e-419b-8337-c3eeb2b28cd9,MMY
d0df299d-310b-436f-b81f-219229ed9abb,SNE
dd122183-7686-4d1e-921a-69823232a523,SNE
2e99e2eb-c0e3-4995-8c3c-4003d019fa82,SNE
9d860ea9-c8e9-4150-acda-e4f89e554cb6,EO
1463b4d8-da98-4fa4-9b3b-ce837856da18,LY
96592f2c-6295-4963-807d-a041f3e7c9ac,MY
48bc6a36-a344-47e4-9a8d-4cd427edf701,SNE
148f7e0c-5c7e-4e71-a177-5fa8deb70ffd,SNE
391d1af6-2bbb-4a3e-be23-da447b6e337d,LY
4408c1ee-29ab-4216-9094-4b4e57716128,EO
0bda2fdb-7cdb-4b07-8ee5-d350747398c8,EO
5eed1661-bab9-4bc8-9df7-1317d3f1922b,EO
ea534a2b-edd9-4962-92bb-490719a50b80,EO
403a3283-fb97-4c36-89cb-e1f60d6b4afe,SNE
5f10822d-4028-4a86-8371-27dd4535766e,LY
57f9815d-685d-435b-8c3b-57dec08c793e,LY
a5b88638-2cea-4e0d-bcef-db04d3810070,EO
d9ac5c2b-0442-45e7-b3c6-e904390ebef7,EO
1234b7ef-583b-4a46-8f59-0c0f16bfb3db,EO
4b84f961-cd2b-4560-91da-d324218d39ea,SNE
17dad7c6-5499-4127-8ab3-a73f0c8d177a,BA
77b74081-9405-4ac8-ab81-0d4e5cccfbd5,EO
a696da3d-f311-4ae7-8f17-037944006291,EO
3286d75d-92bc-4144-8dc1-015bbeda3901,SNE
0bbd12a5-e818-4f7e-9f49-2b56ad7db101,BNE
54c7bec1-a9ed-4f06-9f5e-5a245f12fc3b,SNE
da15ddc3-7b44-484b-9cca-f85e7ee3d127,LY
30633fbe-f860-4ab2-9326-c2b94b1875d2,SNE
08c5129d-4fe5-4e39-b0d9-50a5030b262f,BA
8e411962-7199-43b7-a2fe-ce46f4f5d9a9,SNE
bbb783ab-4bca-4360-9f37-7d709c90b880,EO
81328f89-cbb5-4c0a-afac-b1861ce27722,BA
773376d4-bc65-4d12-b50e-809bce7019ec,SNE
50fd20c0-b7db-4c3c-a521-196168d1ee00,LY
7846a0cd-d866-47ea-9479-c8066575cb17,MY
d3376d2a-7f7f-4222-8f0e-ba6a557c385a,MY
62b56079-46ae-4217-a6bc-427e408cbf9e,MY
dbac37d9-820c-4ff3-a101-4d2350fa2bf8,LY
90296f42-930e-4e67-b867-005ade2096a4,SNE
e5c3a990-426d-4842-b5a0-94d06c826e5e,MO
cb2e6093-ff03-4d75-8e56-38f200db8aba,SNE
b8fe4e51-4ce2-4bab-86f8-f19b7dfaf351,LY
9324eea3-d919-4cc1-ac78-c93b3fea482a,EO
a368f0f3-69e6-46dd-9dea-3a398bba762f,SNE
562193be-8f12-4bfa-a857-ad969ad92ce0,LY
e6c6a88e-f19b-48cc-a323-a2100b355432,MO
719efa39-836f-4a37-8f84-c3d80419143d,SNE
f5011663-09e9-4f50-bed2-be9bcd62c8d6,SNE
acd09cc1-3f9d-410e-bf48-e211233b9140,MO
f73148ca-c7c0-46ce-b9c1-d900f9a6b789,SNE
bcc1b0e5-a4a9-4607-a722-b4979f310661,LY
db1cebe7-081d-4c4f-8e7b-9c01a4325137,LY
0278f6df-ce90-4fcb-9236-1bdbe8dc22b5,SNE
6af52f84-5fb5-4422-93da-8a99f5f501f1,MO
0d043b04-8848-431c-8d2d-448fef270c2e,SNE
4068cc0e-006b-4edf-9059-14ae0960d41a,MY
492603d5-7319-4118-83a3-68482adb9d32,EO
6b8d12a8-d887-40f6-8878-8594b1a32f53,EO
57b8fb41-942a-4b73-a1b6-ee87ff45eeb1,SNE
d75e0604-39dc-4864-930a-ceba8258e64c,SNE
88ca93e6-23cb-4879-9209-5358eb34b195,EO
52c4612a-6c19-4d67-80d8-18d94fbfd5a4,LY
5a3b69af-2752-420f-a354-bf7689fb0a74,BA
1747e595-3992-42e3-82d8-b968084969cc,LY
e0903e0f-71d4-453a-893c-ec32cb55b27c,BA
58179639-b8c8-4390-9ae8-24588467d437,EO
90ad1103-6be1-417f-98fe-71735265abc0,LY
153812d6-25eb-4923-9048-17b076d206c9,EO
6011dd45-84c8-473a-b003-adfeb12b281e,SNE
21fddfe7-80f3-4db9-8827-279857e5fd6f,EO
b219224d-137e-4562-ae34-d99a835902fe,EO
31ace432-62ae-4216-ba26-0c541ca81a15,LY
4a29dc35-1636-49cd-9520-45abe09a53ca,SNE
cfe2d242-eedc-4a84-9e93-8130689df8a9,EO
59c1f196-5a1b-40c1-a0e8-1024b4bf7472,MO
547c0daa-cd6c-4931-a80c-4f5604f57519,SNE
4190b99a-e437-461b-a84e-f54129e943c8,SNE
526858fb-8126-4b27-9937-4a1e2fdfc058,SNE
a8f97b7c-0279-492a-896f-993f3269ffbc,EO
cd92f520-6ad1-4688-924f-89681d52e400,EO
4f37e8a1-3ca7-44c6-8234-2ac84c187b78,BNE
e3b3b98a-2b5c-47fd-b7c2-bc6d7e4c1277,SNE
b6bdc635-3444-47ff-a735-71aa892a801f,MY
92e80268-0759-461e-80bc-ad68c3bcd85a,SNE
69d32a24-9e5f-45d0-8a60-5aa5b5cda86f,EO
fe300961-3505-4863-8b64-b0f1fb02aa3f,SNE
10f3f2f5-2f0c-449c-b556-6ed906110a26,EO
bf94ceab-c2ab-4079-acd4-35a775c16439,MO
c3137b78-1d3b-4bf3-b7d8-f448b9ac23fb,BA
5989b06b-67dc-4f3b-a24f-9fd211e225d4,SNE
bd152340-88d9-454a-979e-439018ef765e,EO
9dfbc5d0-ce33-42de-ab9e-b108b1a952b5,EO
0b6c4a4f-c9d4-40ee-9162-68885d5f07c5,EO
a1aa6a38-f611-4099-a932-081ba7f07b12,SNE
35acef8a-115d-4a27-8ddd-b9fac24d2424,BNE
797337ad-96c1-41c8-b0ac-0fd7cdff3444,SNE
262a84a0-884f-48ba-bc44-87e670ed5989,BA
1cc41d4e-d9d5-4f9a-9d76-ca6e21bc023b,BA
324c39ff-ab5f-4ce4-bd9e-48b06a2adb8d,EO
f74f31e4-8429-4fe7-8bb0-46d3a5930412,MY
42311ac3-6e72-4484-a527-10e3a69353bb,SNE
d54680b0-f144-4b86-910a-7f5325d0ef82,SNE
a0627fbc-abdf-4956-95af-95f2e6d9878c,LY
bd084d41-cf56-4f10-98dc-085d5ab435f8,LY
b820213c-0f38-4dd5-bd87-e34435d2eca8,EO
2e907846-2a15-4bb3-9dfb-1f7b3793fc96,LY
b387bd21-7f3b-41a3-b19c-02aab3cc4327,LY
cf3ec655-d00d-44bf-8ca6-1f82bb03911c,EO
a4ac7449-8632-4756-9614-387b48c7734a,SNE
aa5c576b-3e79-449c-a4f0-f3f1f2a5a14e,EO
2cb967cd-a03c-4b36-a88e-e0464c47c764,SNE
aaa2a846-4dda-43e0-ba4c-27d5ad75ae36,SNE
9a896c1e-404a-4b0e-9323-3191ee6419b7,SNE
9956dbc1-1aed-4d4f-a8c8-b86a18145f76,LY
182f6938-4073-41ae-a5ab-646ec04cf1bb,SNE
2f28963b-6951-48db-be1c-348e5f4fe6bc,SNE
07c4b8b5-a20a-446b-a664-1bc790d34eff,BA
7bd532b4-226e-42ed-a574-55bb801f8106,LY
4ef97efd-a67e-4ba0-9561-2228621278db,MO
3a9edf8a-53a0-44aa-9878-c0353a57b7eb,LY
036f2507-dbc8-45c7-afba-9c008586f43e,EO
a86da49e-9573-44de-a6e8-7ef9fb1ced8a,LY
1176c58c-a22e-467b-9c22-2e5148401d0a,LY
1dc8dbd5-dc3a-4adc-8be9-8aadac60ff4d,SNE
72b9536e-5b55-419e-8955-d1e69e5052f8,SNE
6dcbc4e6-ca20-4547-a293-f6ca8d3b53d0,BA
60e78cc9-6800-4655-b689-de1b53128b72,SNE
75704f31-4250-444f-a4ea-b7a385402c5f,EO
09010370-cb90-4f7a-8630-4faf80c80995,LY
aac4d23a-b1ef-41e1-9ae9-72b6235bfa15,SNE
c29bef45-ec4d-401b-b331-fa8a85b2ac44,MY
bba30951-3a73-4a05-b857-4c59dfbe831e,SNE
e934b093-dfab-433b-afbe-0659f01d1069,LY
28c73942-0614-4e73-b643-f7a7029429cd,SNE
e517dd54-33f3-4423-8e11-79ad70935652,MO
1dd110a5-7a98-479f-801b-c6f0d5758757,EO
c9cdb639-8ae1-40bf-9c8d-5ada4e4f3c00,SNE
1cfc8360-8cf7-4955-9aeb-3923a81fe282,EO
8412a634-10e8-48fc-ab2d-7fc231eda334,MO
6e09feb3-7662-49a5-8e9e-3bb6e45f5c9f,SNE
d24ca35a-8cec-4c1e-9b0d-94b363109371,SNE
5e6886df-f517-424c-ba3d-3c5473cb9eb0,LY
15bb0444-8a49-4204-bd41-2470a9289385,LY
764e42cf-2a3f-4a13-b2b9-3ad11ad66b93,LY
5f63969e-b78d-450d-b9e8-6d0585a5be9e,SNE
1d743434-0bcf-4815-ba95-c5817cd4d965,SNE
168d0f12-6abc-4a92-9771-7da74e4d738c,MO
289ad7f2-ccf3-4480-933b-7c28c807f48d,SNE
bb64e5a3-b672-48f2-9ad0-689188abd953,SNE
996565ab-4531-483f-bd11-42759ecc08ee,BA
e38944be-86c8-43bb-bd92-e9bd20675abb,VLY
9d11b3ac-0745-471e-8247-35d7db8d0094,EO
7d39e92f-03c7-49d7-b9d2-7ed4d216eca3,MMY
7dc42b97-a59a-4f05-a124-cae4c7298325,EO
969d02ae-4c48-41db-810a-69894a0e05df,SNE
67d7b3c9-70f3-4a27-8364-433f191f079c,LY
420e2135-c894-493a-bdea-d521b97f08f4,MO
ef13ddd9-2598-41c5-ae9d-dd560d08019b,BA
0d73c70b-09cb-451e-a90f-5b9fdb56a1cf,SNE
021d1961-b6f9-417e-b31a-06576ff31b4c,SNE
dfd62b47-7c09-44b3-8599-fab929ccf882,EO
91d48b86-df5b-498e-94a0-02c65659b147,SNE
608adb44-9577-4dd6-97fc-626f97dfa70e,EO
a4f4bce7-d12f-4083-9205-c7f424d78f95,SNE
b9df6d7a-d2c5-4ada-81e7-4bb2b7ff240c,LY
8d87a80a-f353-40cc-8d0e-8c034d330861,SNE
7c5b8f08-f375-4e9a-a822-707913197263,LY
825a6e5f-9f82-4674-9b15-3b8fb7e4f684,BA
d3670214-c1cd-4da1-8b48-fa5fea43050c,SNE
37e9625f-a886-488a-81e3-38ce1ff1a405,SNE
6f930209-21ff-409b-8cc6-c668b2abd1e6,EO
5643b994-6265-4439-a7cd-e86d46935d16,BA
583cd0f2-edc8-4ed9-bc6c-2f1a2e84922c,LY
c87fd319-c21b-4289-8c17-c3d2e42ca528,SNE
19ad18db-c860-4d23-a3cb-5b646dfa70e1,SNE
820e43b1-2dbf-48ef-b5a0-a8d1d15a0456,LY
a4eee880-ef77-4c17-9c16-07c070ca8222,LY
0e836587-a3e4-4649-8165-aceea2988258,SNE
52bce158-598c-424d-ad65-90ce1a7407eb,EO
e5844658-8b00-4649-ba61-2011bdbf255d,EO
d97836d0-71cd-4a25-b435-260f1dbe4085,SNE
32b4555f-18e3-479d-b77d-ae6a6220cf31,EO
8734edb5-0ccd-45b9-9f69-6fbf64308fa8,SNE
d4501983-e422-43ef-ae6c-75723e62768d,MO
59f62633-a474-4fcd-b62c-97e2f3af47bd,SNE
26dedd5d-08a2-4a79-9d5e-aefd6ee9f56a,EO
95b5c5a4-e6ef-4e79-bd3d-2df420b51dce,BA
e7e83bea-96ba-4ac4-9e04-c57934efe2d3,EO
0016686f-bf10-4871-84dd-2157f4c2551f,EO
545c724a-768e-474d-b5e6-f3dfd3a5d899,LY
2a79686d-3a41-41e4-a41a-cd05eaf872bb,EO
2e0312d0-272d-4e15-affb-d47dc7c38138,SNE
eba000f6-96cd-4a8e-92e8-a30eb20ce17f,LY
2cdfbb86-511a-46b5-a2e7-d8fd20e29328,MY
06a06e9a-fc3f-4961-8070-6d93efa15b21,SNE
2697cd9a-3543-4adb-8249-03a1822cb3fa,SNE
13687d89-4c6c-4e7b-8363-a8dc04128f29,LY
18b4a9a3-8c74-49b5-bb9c-cc2ccec4d2b1,SNE
c7771d06-f97b-4c5f-86f9-791108f862a3,VLY
214b1e66-039d-4237-ab0f-63ecf2af4a3c,SNE
a806baa9-e002-4cee-bdb3-e0a63f7462a6,LY
56912160-f2b1-4d73-919b-865aaa5c669f,BA
11730fc0-00ce-438c-86bf-e35c6c36f33a,LY
7c53b914-2417-43c5-b7b5-78f0a3a53fcc,BA
33f3c1cd-29f6-4f1a-896e-2dae7b14ba5d,SNE
17f8dfed-6ef0-4642-81c9-fb98807a21c3,SNE
beb2c85e-78df-4abb-ba6e-63e947493d61,LY
031da9d6-5e8b-44ad-8255-f213926b88fe,SNE
fc41054e-0868-47dc-a10c-ab5d8e04d831,EO
23b63d37-8283-45c7-bbcb-432a73c9b58c,SNE
b3dcfaaa-f099-4c1e-a6e4-405e5cfbdcef,LY
f9f4420c-32a7-4035-bf88-09664b50b514,SNE
e7ad6314-fe90-44ef-beff-079581034ba6,EO
70e62966-9bfd-4b4c-a94e-8bceb8973c93,MO
ce5ca640-1c76-4fd0-8d3d-973d2dc6c2f5,EO
117452bc-c49d-4406-ba21-84b7ffde6fd7,SNE
ee2e98a6-b38b-46bb-a5ce-ce2b3e3f60e5,MY
3fb4f01d-cb6f-4f65-a39f-827f52fbe513,PC
0dc9d80c-3e6a-4606-88f5-d2c1a0701ca1,SNE
e0e6908f-b983-4b71-91f3-ef94e646002c,SNE
acfbd008-1b7e-4548-bc7b-bb19d745bb1c,MMY
1ed95931-e344-4baa-9b58-33821f0991cb,SNE
93779747-e2b0-4ea2-9383-a0f2ebfbc6c7,LY
7e673df8-679e-428c-a2c7-9440a138e17e,LY
34749a21-7325-46b8-a155-36cd35edd5a5,SNE
d93b2b34-fd30-4ebb-91bb-913d595ea185,MY
b2100c1c-63bc-4a86-8f48-1bd22281b973,MO
e6c6fba8-a5d2-4e9c-ac06-5b6b32d5aa93,SNE
e7c6309a-6577-4309-8dff-ce6cc89b6c2b,EO
6cb7e3f2-45db-401c-981f-611437e1ba65,SNE
a2068a1b-41f9-45e6-952f-12aae1819f74,LY
212ce860-ab77-4d31-ada3-6fa00cedcff4,SNE
9a3974ce-1a50-46a2-981d-375838107c0a,LY
03cf9949-7b0d-4599-a3dd-4fe45bf893d5,LY
f1b449e0-35b4-4070-9c57-9792bfdf53be,SNE
778bb12d-8f31-48a0-9a5e-ab1fd1c74922,SNE
98baa07d-ee9a-4397-babc-ae760138b8bb,EO
b609729e-8bd4-496e-a285-8995907c625f,SNE
413760b2-91d9-46f0-b9eb-25c1b1a942eb,SNE
55d874ef-395f-4f1e-a4e2-430a05e6b8e5,BA
a924c657-7822-4a0c-a532-04e76befa56a,SNE
972708ad-17e9-4463-8ff8-5dcbeeaf29fe,EO
44b70223-7bb6-430b-b5c0-fee967c0ae8c,MY
1d3ad8e2-7f58-4266-93d6-eb706636abdf,LY
f78984e6-6a4c-46e5-a780-0bf3cf716501,SNE
be41f51a-5a59-4425-85c2-bb519c17f3a9,BA
46719ea0-fc63-4217-8d45-fe049ea3808c,SNE
130ece2d-9c7e-45a8-9f6a-347ee1107e30,SNE
a5f82e24-26d8-4ba7-bc8b-53606c101761,LY
d781cf3c-8430-4f1d-b21d-284a67dd6841,SNE
ab57cafe-a52f-44a4-9177-bcd3b8d05816,LY
4dfffa6a-53ae-43fb-b427-39a7bfa32475,SNE
e9398711-2a0a-4e2d-8e6e-6577b2316467,SNE
4c635639-ef1a-4621-855c-9a2582b3c857,MO
2f48f84c-9011-45ab-b833-221b2506aa88,LY
029cf9d1-674f-45f6-b95c-b1363e0e34d6,SNE
122d3793-eb34-4590-8680-b907a9f396c5,SNE
7e8913d1-9d8b-4ced-8ac7-8d180ab1141d,LY
bd5133ce-8c42-4528-83c2-2f0635d8711d,BA
1f88d68d-328e-44f1-ab27-f22dcb453500,MY
dcd2545a-7d1f-48f7-b2b7-d96760b785ca,SNE
f6807ef4-7254-4142-8532-8db5a30b4c29,SNE
330f00cd-a3d9-42bb-ac81-906a1efb0d0d,BA
8fe5d300-d442-465f-a725-ef035cb34709,SNE
1c69e496-1777-4b66-9b28-f05367d18103,LY
8def755e-a168-4d05-9b43-c9614b10b7d0,BA
db417fdd-5419-48f3-aee0-6b7c0efc9685,MY
8fc76a3a-9584-40bd-9093-57e5482097ae,SNE
0d9ed65a-98c8-423b-a238-083f84b056e5,SNE
424e4050-c7b7-48a5-aed2-d9290d11e689,MMY
df68bc28-725d-4035-bcbc-057e731a5cd2,MY
156c9abe-8821-4624-a0d1-e92e91f5b5f8,LY
26cdddf3-42d9-48a3-b6a8-d24a071a0214,LY
7feae7ff-858d-4d05-afec-26c58fd40a7c,MO
fd80dbbf-829a-448e-b256-76f6956af22e,SNE
cdc26ae4-ca73-46a5-b6ce-bb4d900a5fa2,SNE
028de850-1cf4-48ec-b0fd-77102df1a213,EO
32e2db03-e3f7-46d2-9523-0663be8e46b6,EO
c311893d-eae4-4ad1-8597-dd2bf6206a2a,SNE
56ecb5a6-9bd8-40ad-b8c4-6b6637c495c8,EO
7a7a1be2-2a61-4ddc-862a-1948c27876b9,BA
fe1a4601-3fb8-4320-b33a-620ea4baa078,EO
7839ecfa-bbb1-4d49-858d-aa536e40cd86,EO
c59aa3a7-bff7-4a63-88d7-1024b7c3bf8c,SNE
644a5dec-b836-416d-b0a4-4524c8953750,SNE
37c719bc-65c6-4042-8dc4-137b829846c1,MO
82a490a2-8e51-46d2-b69f-cbb15490f26e,SNE
c3cd954a-8ee1-4050-9178-bdde06fd45a3,LY
6ffaaa9a-b292-4b21-858b-bc6ee91d6163,SNE
730dc6e9-8b35-49ea-80a4-cf56a055bb39,LY
88084993-2c97-4159-8736-d17f7a2bea50,MO
3868c0e8-6b21-43de-a33b-7dc29245ac5f,SNE
5db1531d-48df-4581-a984-db98e7f6f64f,EO
81647961-fc8e-4b0d-a1ed-c4a461d35681,EO
89c5ead3-c2b6-4db9-aff7-652d47548f58,LY
263e5d3c-472f-4e51-bc43-c9f3f5d55c08,BA
d3703860-d8aa-4b3d-967c-3bcafdfc9bf6,SNE
e8d54093-f3c5-4673-bcd8-4acc8402c0bb,BA
6001fc0e-eff7-4d0e-8185-b214baa8c60d,EO
f38431d5-0d30-422c-a7ab-0324b8e35813,EO
3557348b-27e0-4068-aedc-9e17408b17d8,SNE
d220348b-aaea-48cc-90f6-a0d6cbaec2e5,MO
7754c048-0e42-4bb8-9ff3-9affcbd9a5d9,LY
bef79ae6-794c-41d4-8eb2-f6f51dfcf7c3,LY
fde8d5e0-30f6-4814-b747-6a20684caa34,LY
5b2db5ce-311f-444f-8d4d-e554f3f99e10,MO
cc68617c-63e1-4158-a58c-aba048158f41,LY
61eb14b5-f10d-414e-a23a-e3e7e8ed5a68,VLY
e0171fb7-7452-4fda-ba7c-6b2c8daca51d,EO
71bcd4a2-fbe7-4708-a84b-669880b57798,BA
b74bf55b-30c0-4340-b1ae-68e170105075,LY
1ff42b4f-84e6-4f54-b755-620e6ef4b75a,SNE
26319eb5-a548-4384-8b26-6d07ae02c7e3,MMY
1de270dd-ebcb-422e-a998-1277464d517e,EO
444391d6-a7e0-49e6-8cec-e9b85d429c9a,SNE
a262c4fe-e17b-4f89-8fb8-4315f6a2b696,EO
8b405fd8-9f3a-4a62-bbcb-64a9bb6fb381,SNE
45b1e3c9-b799-421b-ae05-e31ae2a4b3c9,SNE
a52e636a-38ff-493b-82a1-5fbbad878989,EO
8e3bdfe8-679c-484b-abad-36008b9809f0,SNE
37f6c56b-5aff-45f7-b7db-064dda3dae42,MY
e2ab06e2-913c-4258-aa46-d8ff4a189667,SNE
a849229a-bb20-4b90-b3aa-55299918a0d0,LY
a5fe7dcf-9ee0-450a-8ed5-5befb01932d5,MY
7ea64061-a532-4540-a296-cd4c03306150,LY
a302050e-5364-4d40-a435-f2f11995d22e,SNE
d24348ab-226a-4621-bb89-46b526effb2b,MO
bde59993-8c8c-4fbb-937d-b4f5c8b397ba,SNE
b868c4f6-193c-4f7c-b292-f81eec4d6183,LY
e0495b25-144b-430d-8bb7-b333b2d2876b,MO
dd6b3064-ca61-4905-a7a7-e4ea6808afda,SNE
6acfcb85-131a-430b-b1cb-81aba5ed062c,LY
4f68bf0c-1a87-4b08-a2c7-aec87cd6800e,SNE
d2db6e60-2a5b-43f4-8d0b-ad808babda67,EO
cb9012e4-5040-4302-81c6-538d630e3824,SNE
4ea029e9-0fca-41f9-a248-4dba378ede32,EO
64968585-3051-44fa-9f06-4e85e000a1ba,LY
81f2b2ab-58ff-424c-a418-006eb2dad98b,LY
b71e0948-5d02-473b-b8d1-ee6c5532f4f2,LY
fdc8e374-5ddc-4243-92e6-1f6420e5fff5,SNE
439d1786-ded4-4e4e-9a2f-6b3a3cf755cf,LY
a139dc54-8f99-47bc-ae0a-cc555e8f342b,SNE
8e132545-f810-4421-b3a4-41b9bc7f06ad,VLY
fc7ce2cf-f130-4973-800f-b40340e9fb8d,EO
7c78e65e-65f7-436e-934d-b7c650bb0f46,SNE
e0bc195a-ed08-4ffd-8a72-a3cc221755e4,LY
32705710-8fd7-4321-9ab9-aaecb30f254e,MO
6a873992-9beb-4e0c-a671-e41ae58893d0,SNE
4a98570e-41c7-44c5-8b65-2b134a7ea4dc,SNE
c67297f5-19ed-4290-b98e-c8602fda43b6,LY
9f4bd0d1-816e-48dc-9e92-222e71210fe4,LY
a9dd03b6-6d43-4476-9979-fd54562fc02c,LY
8bfccbe2-8db2-47f1-b33f-aedadb8c799a,MY
c87172e5-583e-4140-80c7-3fa054082686,LY
312cde4f-27c8-46bc-9f5c-c28a43977e7d,LY
86a76e0e-e76d-4699-8e93-c949d2a56326,LY
1c947c77-b262-41c0-b8b3-58091542fe72,EO
de3b7084-5cad-4d90-a40d-1e55b128e570,MO
2b53f212-dbe2-408e-8fdb-6e91a1fc3d0e,MY
5211558f-e449-4e88-9b17-cf7ecac9c617,SNE
6e80ecee-a7fb-419a-806c-fa220a351a38,SNE
cf0c15cd-50e5-46d2-a842-023e151fdb6b,LY
1417d22e-b271-48fc-a3ab-a4b74a8fdd6a,MMY
965f4f3f-a773-46d2-84ae-64146b465dd4,MO
ef421f1e-57d2-4208-acf0-fa56a18b4097,SNE
0e6317f6-1ac0-41de-a204-81e3731b704e,EO
0909be19-04a6-46b5-983e-431f4563a46f,LY
a8f9e5ef-bc48-4d8f-b1ab-13a308f8348d,EO
b3137d48-bc97-43a9-a58a-88894fbbc72f,MO
817efaf0-9a25-4eed-ad9a-b7f55d876916,SNE
8efadc85-67c0-443b-b992-e65dc58bb2ea,SNE
f33cf564-956a-4886-a38e-bacf32995460,SNE
febb83cb-f166-4da6-912e-f2d14a635784,EO
080881a7-0edd-4ea3-b986-89956061d4dc,LY
0c9a5bcd-56ab-47ab-a060-c11d2ad17f59,SNE
22c56ff7-2713-407e-8e31-5d829502acfb,MY
e7e9dc98-9905-4f9f-9d32-2e2f751ef419,SNE
1f86c86e-ad66-4f93-b372-0b6e708fd5a6,BA
3e778f9b-87ff-4e40-aceb-2da1a17d725f,LY
39a780db-a999-4321-8cb2-c1d36418139d,MY
ee5ef69e-42e1-4f41-a0aa-1ea6739a2f3f,SNE
c19a8e91-a7dd-4d84-8732-081c75d9e9a7,EO
46737806-0a9f-4e8f-850b-6a39cb7bca4a,SNE
bf3b6eea-ef9f-4fc9-9a5d-ef3d8574b032,LY
a60ae1e1-a7d9-4ceb-8900-0817ae094c1b,SNE
dd0fc022-9832-495f-94da-db3db17d7ff0,MY
e439cc93-8498-4247-9d7b-e48d5e9f4d38,LY
cae8f5db-feb7-4f3d-b513-74c6697b5dec,BA
cc053728-a7d7-4c7a-a97e-737dd6b73ac5,SNE
6e980c28-7ed1-4448-8132-940900711fe2,MY
0432147d-2fb9-4239-894a-b7aa5331a231,EO
af7f2c33-4582-4ca0-b83a-5bae44956127,SNE
ed703c10-08b7-49e2-b3ff-eabee1b07fc0,LY
384bfc17-6f9c-4d78-a1fc-0a900babc3bf,SNE
15789b2b-a29c-400c-b2c1-60709b3f5cf9,EO
8cba044f-27b9-404c-a27a-9131d3f01193,EO
241502c0-05f8-480f-9b43-f330d0314c69,SNE
b789848a-d3bc-4b21-997d-2eed5ff76ef5,MMY
52866e9b-e84d-4c4d-9b5a-1c74624e148e,LY
bdd84521-d6b7-4a80-a9ff-e5096a8efb0a,SNE
f39b0015-c1a6-4563-826d-0d90ddf22553,LY
922fd52e-921d-4557-a947-f9ba820397b5,SNE
9e1dfe5e-1ebd-42dc-9c1d-c607b80fdc5d,EO
f7220ff3-71e8-47e5-8b6f-334effcb7297,LY
af7c82b6-bba7-421d-a587-d412277a2701,SNE
15a347c6-5df3-49b7-99fa-4bde58c096c7,MO
b98cd2da-f801-4579-84cb-ee3de1eb1888,EO
7ffa40ea-534c-421d-9544-4ac0bd765a6d,LY
deb8c123-6c67-4da2-a363-46cce2349182,MY
57967f1e-d706-4d60-8f78-1a475d9260f2,MY
c6b51fa9-f4d7-46d1-a5b3-0225980b766f,SNE
71fe72a5-3933-4c25-b96b-9effec4f754e,LY
f08043f8-44f6-4034-a9dd-696a9665a0e9,LY
5c9fc35c-1f19-446f-aae8-eb6fe61b3718,LY
53e9355b-a67a-4626-af8c-0397f6fee229,EO
77a38e18-1475-4c0e-ba9e-3643fdd22e5e,MO
8d5db74b-cb01-4371-b30f-224533001a7f,BA
5e988ca9-e067-458d-897f-001af4ee609a,LY
a0a2fd4a-9ca1-42ef-8676-2eac26822b37,MY
52023f3f-dbeb-4c06-a277-3ac41e82a27d,LY
f851f7d3-a5f1-46c6-8470-4b8dd8f72cd8,MY
f2d65a67-6b69-4f35-afde-530025653606,MY
e1dcb857-1eb2-4553-83b5-6a0357d3ad3f,BA
0c552c41-38d6-40d0-8874-e9cca6306c41,VLY
ba99396a-1da7-4805-9e99-171837f784e6,LY
3a817dda-f842-49cc-b947-7c08de46aac0,LY
6c9f30a1-a202-44d4-aaef-780037783df2,SNE
24d998dd-9c11-40b5-9aee-4589e8c48920,LY
0d8dd951-3709-4435-a383-a2fed594f5d6,SNE
b625cbe0-1f42-4f43-b22e-763a786dc592,SNE
3cdd3c84-59ab-46f9-b4a4-a4bffb19f316,SNE
5ab07951-464c-428d-9a83-d9ca3c992ca4,SNE
8bb1dab7-4ec4-4fa9-9145-a5bfc7cf28e7,LY
f530d5f9-e5d9-46c4-8314-9ff9b85254be,SNE
eb5141c4-a00c-46aa-8982-a7728a9ef90e,EO
f42898de-2440-4a42-b6fb-01b9c9d68bb8,SNE
fda074df-5744-4490-a9aa-67b6ac795f9a,SNE
f6d315f2-9585-4772-8e99-b573bb434212,EO
fc037934-80f6-45d5-aea3-3497a0dca088,SNE
735b5dbb-b0ed-4ddb-8161-d18283b112be,LY
66108a9a-0f6a-4408-97a2-8b01aa611900,BA
74f2ec2d-f71e-4246-9e3c-872513b337bc,SNE
424ac094-a9fb-4afb-a422-78c39ddb7975,VLY
1b8f61a5-a205-4534-b114-8c7eda47a8a4,LY
5b4eec7f-70bd-41a8-9497-59d19431f348,LY
2487e7a6-8000-4d17-983a-f2c84d8d5330,LY
7b02d166-b9c8-4795-94ba-92bd57a972aa,MY
87405845-5c33-40c9-a29d-35cfc150279d,SNE
94a0c4b3-5f0d-405f-905c-8c666739dd56,EO
562e62c8-a109-45c0-86a5-d959b9b78a1b,MO
f929aed7-9af1-4e48-8ef2-823d20053422,EO
85893806-346c-476b-937b-d2f35abf85e2,LY
806d82c0-476d-4d52-858f-e5ed8b6b6e18,EO
05cff1f1-727f-48e1-99b8-346b3c657217,EO
0eff573c-60d2-4df7-89af-68c11abf38d0,MY
afed633b-9ff0-4143-8f26-e79486808d80,EO
f86a8acf-bb17-4091-ad46-a80f85e7598b,EO
40208663-654f-4971-af7d-aae6c9f03234,MY
e3abdde8-18f3-402a-8041-15f51d9a5d02,SNE
3200798a-1a34-408f-9da5-9b18dfc9cd9a,SNE
9aed5a66-acac-43b1-a201-54269da8c650,SNE
2922c3c5-e62b-4f9a-a635-9d3a1e9d22b3,EO
f460b33a-ddb4-4df5-bdf2-2e3c3f80f7b8,MO
f6cb2553-fcd9-4860-a7c9-cb6d1277a7a9,LY
faf8107e-b211-41d6-97c2-443b07834a67,SNE
9815db56-5c3f-4445-bbb4-ee768daca78b,BA
bdee6cff-7ef6-4ded-8b67-0582823a432b,BA
1735f00b-66b5-42b4-b657-c5f7fdd50e75,EO
2a80058f-ed39-4ccf-b328-de5691bf6367,SNE
80d03a38-4202-43c7-8925-4236aa0a6977,MY
21fbdfcb-baa3-4a95-b723-18d39ca111bb,SNE
c187548f-d5bd-4ecf-8d61-a573081d9acb,LY
86ff548f-c70b-40b4-a352-5de91ff4d10a,LY
caa1b916-9e96-4b82-9aac-32a41c3603c8,SNE
7211ba63-cb8d-4784-9c73-24e13972e8bb,SNE
a81ad9f8-ea80-4af3-a881-b2bf9be205d7,LY
13738474-9eed-46bb-947b-5b42eba35468,MY
769e649d-0998-43a1-ab67-75791ec94dc4,EO
ace36ac3-ccca-4cc8-9020-c983af52df13,BA
b648d8fd-b6c8-4585-b5de-8286dd8abae1,SNE
325cf945-0983-40cc-8e3b-316989849ff5,EO
ec476662-e93b-4d18-8a3e-f0309b3f9c0e,SNE
cdd762ed-6318-4934-8d0e-52e7d2fa71f7,LY
61a6879b-0fbd-4a32-bc06-55edbb43db51,MO
9dae24f7-6ff3-4e39-9560-3e839876ee2f,EO
83c8bbf1-5611-4db6-a093-6d58579b710c,EO
88cffc9c-1dc4-438b-856f-d80034477a14,EO
1845e76a-e7f2-472d-b473-f82b802ed5f4,MY
2a23d7bb-814b-4167-bee9-dfeb14886102,SNE
89cfd5cc-3ed5-43d8-929e-83a994f22600,EO
194c6b80-d989-43fb-b447-956e63e8f058,LY
5e3e803c-d0a3-4c77-80da-229f620c03fc,MO
e2226714-586d-4f24-a378-49aa056171ee,MY
a0520d34-4bdd-46c2-8fc5-c5f43b4cd1ea,SNE
8bd134d4-8a9c-42cd-aee8-aae9de9541ab,LY
29b522e7-7e0a-4737-b7b4-c07fd4293ecd,EO
04c156e0-d3f2-4484-bc5c-05e2d45e37a4,BA
57bd0da6-e889-42bf-8604-b64ee55c5bdb,LY
aac2bd3c-c825-4d8c-abcf-abb0cc4d87e3,SNE
4b2878b3-49bf-4c8e-837a-e25dc8b42aab,EO
3264cbb4-6685-4a3f-9dda-ecdcb16b474a,LY
377fb430-db11-4107-b538-1f723bcf76fc,EO
2a5457cb-3ca5-4b13-93ae-ace73410230c,EO
0f6c852e-f576-45e0-ba85-7d5757fb8893,MO
ed48366c-a256-4812-a08d-f7e8f0b6f98f,MO
393dcf1c-7764-4cb3-9d61-a5bdf08c5a90,BA
9d18f680-94a1-4a96-a3fd-d502619f3cc9,SNE
ead9e0c5-869b-4143-a519-532d702cda09,MY
fd77fd63-b6bf-4b85-9922-935face32284,SNE
8f84c62c-9b11-46b5-916a-db82bbd56faf,BA
53273686-837e-4e56-ae3e-d66e399460bd,LY
07d58987-79c3-489d-a0d4-1d2e8f7939c9,SNE
61e68c51-ff4b-4549-8a7d-1110b130cc52,LY
32a8d93d-595e-4020-8ced-fbd5cac44d6c,SNE
d1f7db22-bdda-4481-b181-c0008e4e3f0b,SNE
949ff9c8-e5aa-4f4a-a847-321d4e2a88d2,EO
a969e3ab-14f0-4484-8a51-d5a215b0f323,SNE
b445e531-eb9b-4576-8662-da016c07515a,SNE
e5d8bb9f-ce50-4c4d-b943-fc02f278b814,SNE
91f3e222-329d-4a12-90e1-1c8ca45dba21,LY
04e68e53-97d7-4d82-9887-e3d2d6d0bcfa,SNE
55550824-14e7-4cbf-b418-75538ef2489f,EO
85f85a8f-c39a-4239-8a04-a5d8c627c7ab,SNE
bd7034d9-1cd2-4483-b80f-9fd65b1fe6e3,EO
3cb76393-4a3c-4f5c-b001-af0e6b612551,EO
d5f260c4-ff2e-4f9e-8c6a-fd19a8af393f,MY
1d35b265-6cd4-48c6-ae2a-7915e1a79203,SNE
8571d548-6fbe-4bba-b9e5-5c0d08141f35,EO
f689920a-5595-44fb-b032-2253a21961bc,SNE
f034e4cd-8fe9-4da0-a931-69624ec25a11,EO
2afe8345-d543-463e-a82f-77584cb0afec,MMY
07d415a6-14e5-43ad-865c-3c434e4475e2,EO
1e3d033d-cb57-4dae-89e5-258a9440ef48,MO
7417c6a2-6fae-412b-a9d3-946d50f65eef,LY
2e1ff709-606f-44de-bedc-c1287276fef3,SNE
9003a8c0-1c26-4c67-b0a6-5133456d64e2,MY
08526c84-a6b9-490b-9a1a-8451cd6c9e4e,EO
07faf642-6021-457a-956d-4bbb695a0046,MO
f140ca4c-0e08-445d-98dc-615cbc51dd89,LY
bb711f68-6150-4f67-91ef-c8520999de09,MO
d648a0a3-027e-4109-a478-07e444f760bd,LY
4c867448-3f02-438e-8cd2-fad3bffbf199,MY
392f877b-811b-485d-b222-7f63b959d911,EO
bf46a7e0-f1e9-489d-9e6c-9df8fdeee607,EO
b992cc61-a697-4d8c-8a3d-4ea5f887f300,LY
6308eca6-3ea3-4964-a9d6-403cb169f542,LY
dcfe4bf5-d7c1-4378-a807-9b2e615f0519,EO
933afca6-b724-4e1d-8b69-51dbbc0a83bd,SNE
2c5ce1ab-3ea1-4883-9b6a-c1e018ca2222,MY
d81227fb-86f8-4feb-83f4-95b465151ca5,BA
7ab669d0-68e8-41c9-8f93-126ea9d107f2,SNE
0d0a1d67-675a-4be3-8514-a7420dabce9e,MY
f23ffd22-be63-4c02-b6f2-f10032eca803,MO
3318d008-8526-45a6-9580-cd088da448fc,MO
3d490f98-c459-424d-b6b8-604a209f9211,SNE
0001165a-9898-4972-a4fe-20e5f9fedf63,SNE
4379eb24-a853-4b0f-99be-7814d31db154,SNE
a38e5aaa-47b5-4f12-9a65-ad0d12d94f56,MY
b2d10ca5-a60d-42fb-af67-a3f44f1b2982,LY
57278e4c-1fab-4d4a-a574-8cdacedbd241,MMY
012f25e6-615c-43b1-a77b-f86000fb8db7,EO
5aba0aab-c22b-4b0a-bb8a-f7578364764b,EO
72fe8f6a-c507-4a76-a679-1683176531d2,BA
b5e5d4db-94b9-4e9d-8847-09bec396adb6,MO
871ef734-9e16-4c34-8ebc-0936f617a9e3,BA
198d0176-9be9-4260-8648-56429339e9b4,LY
f7fd550f-6abd-4027-b7e3-1c3109313f58,SNE
3cebd260-7f5b-467e-9d64-26e86f342efe,SNE
4ede23c5-d1aa-4119-814a-9fb75fb187a0,MY
7c3ad48c-3b69-4bbd-bdc4-85f986a94e6d,SNE
193bd878-0fb3-4107-bbe8-b63d62c22c55,MO
5e7c74ab-f998-4496-ad72-e4b873bfe864,MY
df982e82-aec6-464c-8b7e-f12d93ad5feb,EO
554c3352-29bd-4226-8aee-06dc54695be2,SNE
ab1d59cb-e63a-4ce0-aaf1-ad289ea0f7d6,MY
56053576-af5c-4182-a120-206955484793,SNE
a2b76e3a-a293-40ae-b65b-b37fc9dc248c,SNE
fa049c68-7b6e-4503-b4fd-8fcdb0c23ae7,MO
03ba8691-b364-4112-9007-ffcfd25975ce,BA
4033abb3-bb14-4933-ae74-d6ffec1cd32e,LY
bc3667c0-f9c3-40b4-be48-9629435f2977,SNE
82ae3376-fca2-4fb4-a744-1beb61d6c051,MY
d1170bf6-a937-4c9b-8118-ae34d3e18e5b,LY
78fbd593-1c4f-44bc-a0ad-65d8fb64d41b,SNE
c798bbd3-23c6-4ba3-811a-cf34dd98c5b7,BA
f127d0a4-7a1c-4701-ab1f-cc5060257156,MMY
f3424913-826f-4717-a2dc-5be751caec7e,EO
e003573f-bef1-43a7-b26d-7605ee8c26b4,EO
50c8854d-abf8-4008-9dd8-0afd60f9c76e,BA
afe2be81-6df6-45b0-8327-417f184c9c20,LY
dbc92c31-c1d4-4f2b-b162-0d9ed498f78a,EO
adfe274e-a3ed-4054-9e65-79e43cc702a7,LY
6ba1d675-ca77-4058-a6b1-d26ff938a20f,LY
5e476cdb-54f2-45df-ad50-67a9fc2ca370,EO
59e2a558-01ce-4f5a-9cce-0eeb27571a5a,MO
50f1145c-01a6-4345-9c21-224fc2271c55,VLY
1cff80a2-2dfb-4c0f-94a5-72b9284bce51,SNE
1652d550-60be-440b-9c30-21a65c5221fd,LY
b68e2454-7e09-48d5-b11c-e2be9b15baf6,SNE
f44a73dc-0466-4b66-95c5-14e98383c782,EO
0f5d0387-c299-4466-93a9-d27cd6b9b0e2,SNE
3ccbd037-e92a-4068-a426-0d8f89c8c555,SNE
4e79d9e3-76e3-4970-a160-0d14869e3ff2,SNE
8fcc737c-e697-463c-9882-2962db79240e,MY
0651e7d5-d34f-49d8-82ee-f271319ec613,SNE
0eb11771-14df-4693-af65-a5309004359d,SNE
63217150-9d7e-4b2b-9524-da55707d37e8,MO
f745f3e1-523f-4543-8133-feeafb7d7423,BA
da0252d1-8699-44f8-95b4-aaafe414c826,SNE
f38b696f-5499-4c23-9a60-0e3b175426c5,LY
63abc510-dc3e-4d36-a172-c2f3f29fc907,LY
9a0aaaca-95ec-489f-91f6-fc8872f9edde,LY
97e3b850-665a-466e-ab34-2f3d909edd4a,SNE
a331ec39-00d5-4b1f-8610-ccddd3f10bd9,SNE
9e2cd590-1c95-4b39-abf3-86bc6c389551,SNE
4f56e7da-183a-4040-b41d-a1f99d957cd2,SNE
a1b52f5e-5c45-4fe0-bab9-84af7ab9a638,EO
eef24484-c450-401e-8bb5-f8f1f4eec722,MO
4349774f-042b-43a6-9998-663420c12b97,SNE
d4f5a328-a01e-4841-adb5-30c1c073d2c1,LY
c763bbf9-ceba-4dfd-ad9a-4ac63b6b3dd2,SNE
9cfeeb7a-0903-4973-9743-fe0a7f1dd1ae,LY
19ef9be8-48ad-4e84-a3d8-94d03a926325,EO
11ee8cb7-ed98-41b6-ba7e-0afece984387,SNE
6511a568-3895-45c2-9f04-d85d4a925869,MO
61e04cfd-f437-4f5a-85f5-acbf14dbd706,MY
368260e5-5649-4359-9306-dafab96f4e49,EO
f2a97e37-af52-4250-b6ee-68b2a7fe7238,MY
3e5a90bd-b211-4e78-9d43-6022c671bac4,SNE
b703a601-2718-427c-a82d-f54593541958,LY
67c3fbec-4d5e-4217-8df3-e45c36b58188,SNE
d0849944-2cdc-417d-81c2-c3dc7fc354e7,MY
c7f2ca1a-8e65-4260-9b1d-e115a8393468,SNE
fb94f1ba-275b-4cec-8627-66eb7b4f3eb9,SNE
1b608f21-863e-4655-a22c-f3a1ea05fc5d,SNE
c491986a-934c-44ea-bf81-89b610792bfe,SNE
5500de66-c5ef-4438-b3b3-7d495b4cbcf4,SNE
84604712-67a6-4ad6-a5f6-58c90708d620,MY
b34efd29-6a3d-45f9-8161-d7f9a9167b51,EO
569aff83-51de-4513-844e-31f9a01f7837,LY
9af3a40d-e20f-4a6c-bab5-742c995ffd8d,EO
c9c4f15e-5135-4b7a-8a16-49ba554c1ac9,SNE
69ac5763-d957-4037-86d4-2d8822ac3db9,MY
6ded983f-4441-44e3-9d46-190e576f3205,SNE
9e4b464f-b28b-4921-a267-ebb646d10f4a,MY
c629fc1b-def4-470b-927e-fb916d36bf19,BA
bcdbc65f-f45c-43b3-9a1e-61d7c0332e22,LY
04098068-d1f9-4b7b-8f46-cd091b47f529,SNE
9a93f70e-b4ef-453d-b111-f60fb0b5192f,SNE
9f6e6e0d-0e1a-406a-acf8-79870c14ff1c,EO
00d4cc72-c26e-44a5-be4b-0a2fb201b1ac,BA
f9bc83fd-44f1-43d9-8e96-82e204c0c817,MO
682de459-ffaf-42f8-a29c-71cabce39959,SNE
0a456324-84be-4d9d-aa99-6955f71b1bd2,LY
5cc57c9a-f68b-4909-9a3b-8fd6167473ec,BA
c256db6b-2de7-4b4c-9357-8f9fed053ad8,SNE
8f199ecf-ec6e-40ec-aa7b-301d3e666382,EO
35067ba0-2e93-4759-a0c2-ebf210e33415,BA
89e1c2e9-7495-4d0e-9a00-9b0823c326b0,SNE
f64f4b02-06c7-469d-9c53-e9ad4743df09,MMY
01111fea-bea9-49b5-8793-8874038f90d8,SNE
e2547578-c925-4538-9a54-8eaedcabef27,EO
128d194a-125f-4e3f-9f7b-f95cd207d823,LY
2467734a-aaec-4a9a-b383-429e23dfd744,EO
b43cd4ed-2abd-4c74-85ec-76c7ea1a4f80,SNE
acce35fb-bb9e-4da4-ae3e-1eca81174bae,LY
e183ab89-cedc-41cd-a34b-a792a5ab6733,BNE
0a1c28b2-4e48-4b95-89ac-e6fdaf92f264,MY
9f7eb1f0-0373-479b-91e8-a7bef5b27ccb,SNE
cc5d7a90-c715-4141-a8d0-49ac863addbc,EO
876aef10-f721-4172-aa08-8af66928a06c,SNE
811de91b-97ef-416b-a379-f45b29a7b626,LY
96843fc4-011c-4aed-953e-52c91644a9a8,MO
5023bf84-9dde-486b-ae74-d7f05faf8f47,SNE
cd8ac147-93ac-4d32-8c00-e4fe4ea7e5eb,MY
26707230-2be1-402f-963e-18f9829c81e5,SNE
077b7b96-f3f0-4036-a843-07713593265c,MO
c2f04b1a-54da-451a-bcd5-9da99b458721,SNE
d35cbb73-99a1-4abc-9201-290e387c2544,EO
da4827ad-b799-4134-bbe3-5ad98226e29c,SNE
17adf413-e4ba-4e0b-9979-4f210f3f7f36,BA
5ca70427-1510-469d-8bbb-3523aeac5f95,LY
7cc07157-e9a5-436f-bb39-a9f7056d99fd,SNE
24f8e8a9-bec3-474f-8678-c2f7477721e9,SNE
746da557-3bcc-4258-bca5-9020bcfd9c99,LY
32794ab2-3a40-4d8b-b6a0-e5fbaa71d59f,VLY
3a7d3933-ea63-4ea9-9b99-49df7d884e4a,LY
91ec7d2b-c3b8-428e-ae9b-d64f7a402b70,EO
6674a98f-4feb-472f-9ec2-85f694c2bd89,EO
013aac7d-feb0-442e-b1fa-59b34cef085f,EO
4ac0a02e-266c-4688-ad1a-0a9bc69c8d5b,MY
d0e37857-8bd6-4e74-a73a-8574eb5a2871,LY
98c43095-85fc-44cd-9b48-a407b4ac6dbd,SNE
3680ef25-4579-4b3c-93c6-172c83260a68,SNE
d31f122e-5244-4554-95a4-c4736b8e6cc5,EO
5c7db1f0-63fa-42ef-b9d5-79521aefd38d,LY
3143e894-ee48-4596-8ab6-f3a0fa6d4bfd,SNE
f619d853-0220-448f-ac07-3b3957bb6411,LY
ae7d2126-2f1c-4144-832c-d805b5c3835d,MO
66abca19-80dc-4171-b2c0-aae5936d4020,SNE
5aa30c09-84b1-48af-b323-5517e48cec60,MO
7e2966ae-8aa2-4052-87ae-c127dd48bc3a,SNE
5e34e480-df34-4eec-91bf-5bd31190ff3a,SNE
23106098-8c0c-45b0-a21e-c25a63954f52,SNE
e6ce6bc1-648c-4f99-8ebf-89f3ea9200a0,SNE
cfee8647-8f24-4a43-af23-e10ad8754cd9,MO
fa26a58d-631d-49f9-834b-35ca787124c6,SNE
e224356d-934d-440f-aa2a-9aa07c4d8a83,SNE
a06e0c3a-5661-4614-baf2-486c4eb3a746,BA
bdfaaa30-6cc9-44f8-9907-d996310c3bf1,EO
2fc03e74-f280-4780-8c47-4f990042fc32,SNE
5ca3481e-d834-4b63-ba07-e19f1cd6ccc6,EO
e975542d-c4c7-448d-b7c7-8a77471533f0,BA
a9451986-5573-4cfa-9859-2dde36bd38c0,LY
67ec402d-51ae-4183-bced-d1651c62b396,SNE
62309117-d5ac-433c-9d58-87e3ae914278,EO
cf0ad195-8df6-4650-990c-768d370e7a18,SNE
69d9daaf-2997-4ae4-9cc2-f8b212637b6d,EO
72e2c101-9571-4e69-9fc9-015097c2cf2f,SNE
266f266a-fb6f-4302-95fa-56cf0a344e36,LY
9d2fb030-2018-4df1-89de-d93a413a8aab,LY
d66a8e4c-cd2c-4c84-ab4f-d9922de679d9,EO
46ec3fab-193d-4c2e-ad2a-fc472722b37e,BA
e27b3b8b-989d-4a68-ad3e-cd61ed6bb9fb,MY
494f4387-0a59-4450-b3d1-627e5e5e2047,MY
245ea76c-5a1f-4eac-9d37-1be38ad5eacb,SNE
f24755bf-6597-4214-b934-6f027012e761,SNE
079977b3-5a32-4d23-b790-e54996076652,MO
62d8053f-4cf4-4f69-9ec9-647d53deaacc,SNE
9e73c9f9-5e48-4b93-896d-9212ad83a999,MY
a6c71c18-2a0d-44b2-adca-581c46a8aa74,EO
fec748da-96fc-4fba-9699-b56ebb278548,SNE
b725c33e-0886-4adc-9e3d-5d4b81343286,SNE
2901dd77-0fb4-49cf-bfe0-744f568ec1ba,SNE
a19921cc-9749-4c15-b3d6-c63d68793be6,SNE
2e0f50e3-6a09-4717-863b-6c37822a0167,BA
d24900e2-754d-4cf6-ae9b-b81cb089b48d,EO
fd61c211-9e23-499f-9d00-d48465a21b85,LY
393feee6-65a5-4ce3-8b25-003fab68910f,LY
c60135a3-5d57-45d9-ab7d-b5976fee9196,LY
f81387c2-227d-441d-b716-f330385c7a98,BA
befb5bee-a088-4da5-a6e1-03308b8c1cf2,SNE
2cb8dcd8-269f-4470-b1eb-d3467179c230,EO
406f91e3-a2bd-4c3b-9223-1346f404760a,LY
5605bb7b-491e-4302-928f-81893f408b9b,EO
c7ac9c2e-13ba-4547-b47d-a040e914b77c,SNE
916fdc0d-4c2b-469d-96f4-b894da586bce,EO
54506b50-1c0f-46ab-aecf-27262bac48a1,SNE
1eee1cf8-a9cc-433f-8c7e-2c1d14fff043,SNE
7211c4f8-5d11-438b-aeff-6536d8ddcc32,EO
81610d46-0968-4e5a-a2bc-37ba9fdd77b2,LY
4c2a9d02-e4d9-4e9d-9b4f-9ff5050f8739,VLY
a25d2844-701d-400e-8853-32c3dff06edc,SNE
b1eb5018-d945-4dab-8e6c-11bd397ffe21,LY
a585d7a9-5439-4233-af77-1d8fdacd47e6,SNE
4fac0471-4ff3-4580-844c-f705c225ba2d,LY
38132328-9ce4-448d-b457-730ca487f5d6,MO
819fdf6a-2c82-43d6-9c06-584dca09b3de,LY
2151f757-e8bd-4104-855c-30750ed55428,MY
1c77558e-a4c3-4048-98a9-75ed350d1cc2,LY
54f54393-eec3-4d3d-b0aa-76aee9aaf6b3,MO
b786a243-e956-4d46-bbc6-a0df77449c39,SNE
56581cc3-ea52-4100-834e-b378e15456f6,BA
a1d056c0-4d9f-4514-8c22-c16277971d2d,SNE
ce08cd0a-cd49-4410-a3c0-a528aef6311c,SNE
fa12dd1e-5cfb-4938-8b57-12c9da7d4db6,EO
ed6c36d4-c24a-4681-8ddc-8e5f1e3a7150,BA
a8a4adc7-a76d-4a7e-ab30-ecd19a127c5b,SNE
ed5ca9b0-659d-4c8c-a36f-a3df94542570,SNE
96b05a37-9041-4121-a825-1663de729627,EO
4adbb7bc-a615-49b6-a914-e9bdb7505339,BA
0a29dd16-3714-46a0-8b32-da1eb90d30fb,MY
b3f14320-dccd-441c-b70b-dc57f71ca0af,LY
4d1f08ea-c089-4c5f-9f00-59c37a44f727,LY
f411543c-a525-40cb-92c8-1c8c386e632c,LY
733a85b1-c853-4515-9888-5bd61d6cf0f7,SNE
fa7a90e7-64af-4435-826f-1d115172fbf6,EO
b052d701-d65f-4b6f-91b1-1e468730e6f5,SNE
96654e4a-a055-4b68-b3c2-38617cdb256f,MY
c69a7a79-0827-4a12-9e96-b9bfa77866c8,LY
0450e102-f81c-4292-b720-e4b55d297ac8,SNE
274f6a96-4d08-4439-8568-bdc3c8172b2c,EO
654115bd-cd7b-4b04-9132-5fb05df35b60,SNE
f45e2600-b73a-4c2d-8194-8f1b9b8c5322,MY
8c62c2e8-b3ed-4f47-b735-7d61ec11568e,SNE
d33eb8a9-ce99-4f87-adc2-e64c3e8a53df,EO
a9d584d8-dcd0-4372-b91c-168b61995d1e,MY
031ec825-1248-42c4-8215-5d81f15928ea,SNE
0141a5f3-b353-48ff-8811-50131931f5af,EO
3cd346a6-ff3d-4c68-a1ef-6a77107852be,LY
ad3fdd09-eac1-4f64-b09e-deacef7fd8d3,MY
a8939642-87c4-4b4c-8f4f-6e7af1fde756,MY
87238540-a760-4263-ab1d-5441720130ad,EO
435beeda-2e9d-45a6-94f6-361611967a3f,EO
3f0de721-21df-4ae8-b444-7fe800a841d7,EO
e68f1df6-ec62-44e8-9d08-132ea866ef65,MY
56e5ca40-6cad-4b8b-bcb5-584fcfcf25d6,SNE
71100db7-9dac-43ff-950a-bd3f714be818,BA
4ccdeda4-f903-461a-b705-1e6ac24b58b4,BA
f3b0322c-f200-47d5-90bb-5612205d2bf6,LY
052bfd3a-cf66-4681-801a-15fded5ae738,LY
b7d70da2-3f42-4786-a095-a688fb472ca7,EO
2c3d9ea4-9290-4658-a947-fc5b97dcc662,EO
f34248d0-c8eb-4520-9152-985587908db7,LY
aca9bde1-357d-49e0-999e-3967757c5a15,LY
6f1fd897-5fb1-46d5-8148-d1c38d828aef,BA
bc3387c2-0014-4230-8b60-4cf0619fab3a,SNE
b96157cb-358d-41f6-b2c0-4d6eef67dd3b,LY
49c55d92-ed9e-4c25-8557-28070c0efb0d,BA
c62a609d-b177-4305-b399-d6f9d51829a8,EO
0359f70b-0587-4d2e-b70c-c2f8cf6084f4,LY
e882c344-d0e2-4a56-ad5a-86a18829b6d6,MY
29f22bf3-be5b-4c29-993d-424e035aee1e,EO
e02cfa1c-9f34-45b5-9264-4d52aae3d314,BA
f0f80cf3-b5f8-4536-939a-945255329d2c,SNE
842d16ab-d570-4a10-93c7-48cf6981c245,EO
0fe48f5b-b401-48c3-8fe3-1b94d2fc2e83,SNE
b86ac593-3747-48c4-8d20-f5443b89d6d2,LY
6c872f41-71ab-4ef6-bb32-7b63e4dee566,BA
bfa4a4db-2aa8-4a58-bb40-ffc6e2d9e7c3,EO
bcbe4902-83da-4baf-8f4a-66773a9235ab,VLY
2db62936-d6d0-4c70-b89f-11adf1134e17,SNE
d9e09c54-0a25-4e77-84c6-0375009225ea,EO
27931d5d-c6dc-486b-a4fc-93a77b3695c1,BA
67d941a5-5d47-479f-b778-f57ffb552083,SNE
9eff9aae-b022-4a4a-bcac-ee1c8c1f02c1,SNE
bd0ea7aa-3dff-4914-9f4b-2dac460b5848,EO
61c863b5-4d56-4982-992f-49c9aad9ff7c,SNE
a13c8bd5-3108-443b-a949-be20434efd67,LY
ce4d6e06-03be-4378-83fa-f25262dbd256,VLY
253f492d-68eb-45ae-bf1a-5b13c231963e,SNE
d211d834-cd85-4729-8d3e-2ff4e387f81c,SNE
43302191-26c9-4302-8009-2a2d2c543163,SNE
03c119ac-8716-4071-83bc-4e444808087f,SNE
f206fbe3-7948-430e-9adf-a7c119993ef6,MY
b988e070-179d-426e-af5b-a2616af7af2d,EO
882ac1a5-cf2d-4077-bba9-5918167b58b0,SNE
fa40cb67-b477-48f9-b7dd-50273786ec32,LY
8ca5d63b-3bdd-46d0-8f5d-66c8c0cf8bd8,SNE
e8be1fc6-321f-4f33-97ec-995099cc78b6,SNE
87c7fed0-6d60-4b8b-9516-a9c9514c8620,SNE
17d83aa4-4a30-48c9-9967-803ce64a7a80,SNE
9700d2a3-19a5-4ed8-a97d-4abf2915e376,MMY
806f6779-a48f-46d5-85c3-eb9e21cded0a,MO
ed8a0e4a-cef1-42d9-8ac6-c6ca45b95348,LY
ee174899-701b-418a-963a-94cc0b2f742f,LY
344899f0-516d-4cc1-b945-57f14e9ff7b7,SNE
cac46a64-caed-4d3f-9b5b-dfa454a4faa3,SNE
cbb53534-3b8a-42f6-967a-3b927ba60728,BA
50349a8d-a36b-4563-a13f-65e5d60b40f4,BA
16c08b36-7a90-4ef7-92e0-5aa9127a2a68,EO
6ff91c43-6414-40d5-be29-7c0b77297bee,EO
622e1b8f-effd-4ff5-b8e4-bcaaa72e422c,EO
a4c02031-c495-49bb-b5cd-1f9242fcdc7b,SNE
27e54696-8fcf-4a0e-8955-f2e3043fd8e4,EO
75797f44-7e21-486a-8cd4-37dfa5a02a55,SNE
418de361-1037-4d35-9dc6-bd69cdb5430e,MY
a2613bfd-835c-4cd8-bd34-86caa5e87131,LY
298dd9d1-4fd3-4c72-a144-501fbb58341b,BA
a40dceb0-2028-47e1-995f-2bf41ae23e10,SNE
dee971c0-de06-4764-adfa-635986d18e75,SNE
fcb7a855-3dda-4b7b-8c0a-f03fac033572,MO
3a8802c8-3f91-4052-b037-f3a05a4ac951,BA
62957b35-2969-43cc-8441-63dd423875ec,SNE
1bb8c6ed-a051-494a-b935-6a81c36adb01,BA
da5aa768-139f-45d9-80c2-88bd7baaf9fe,MY
a8088b96-1eaf-4280-9964-35cea2411b87,EO
2c77e894-9f52-4d62-a623-50a61401b743,SNE
cc50db62-5258-4bf3-b650-d4d1f9261173,SNE
b0db6ac7-38ad-448d-b8c0-0ecc097b0ff0,SNE
c66968de-eba7-4b85-b0ef-075d6a06e5ad,SNE
e7800100-bb10-4b2f-847e-35fcaff0cab4,SNE
ec870531-3cf2-4d84-97bb-0e65f07fa080,LY
37be8e89-4341-48fb-ab56-9366e4a9b73f,MY
5a48dd2f-7203-4f0e-923b-b04da50ac68f,LY
247960c5-cc7a-46cf-a90d-10305e7f6f6d,SNE
ae79f9ca-fd3f-4c83-ac17-13e50681146e,EO
2ef632fa-04e5-43be-9969-f356147be6c9,EO
497685de-9eea-4b4f-9b34-bd8bb081d85f,SNE
2d3f264c-773b-4164-b1d5-5667eea6fa14,MO
a8b198ed-8517-4c5a-a17b-47f127aa5410,LY
e2bf076a-87d9-4fd0-a05d-96c0b82fe8ab,SNE
5c12b51b-7e9f-4509-af96-4fd7bbebb685,LY
078e7043-a1a3-4171-848f-106e607c972b,SNE
d01ecf07-0f45-41b0-8846-d183b2fa1e92,LY
b174c413-c30d-4e23-b270-799d13f64839,SNE
86b6cf50-7700-44b3-acf0-2d0c61f768ae,LY
0246cf86-2abe-48e4-abac-cfab48e61254,EO
22fd6af8-22b6-4f9a-a20a-374f5641403a,SNE
d2bac56f-3efe-44a5-989b-de1ec5a4a85e,MY
fdc29cac-f901-41de-9072-1084b4498ef6,SNE
495fed0a-5a18-4301-a4c0-4fecb8e1436f,BA
81f9a72c-2632-4a4b-a20e-3685b02e19bf,LY
4f914106-a585-431a-9f0d-8d6d4fc11d30,SNE
d2afbe19-ee3b-4951-9663-5f2d82ad6446,EO
832cb500-3a76-4da9-9ecd-aed23ec02ba1,LY
2a122290-1e6b-4630-84ac-e6d8fe03004b,LY
e55f7e1a-d606-4559-8b79-37fe40cf3c82,MY
0243361f-0552-448e-b027-7c0204b6b4c6,EO
59eb84f2-0bec-4abe-aac8-0717ff6d6096,EO
af2fbf79-9fa2-4a39-ac5f-6342c6870e59,EO
0780f8d3-35db-46af-8bf2-4644546571f4,EO
38a30469-6f70-4220-bf7b-0da36ed943d6,EO
68f85828-fca5-4cfa-88f4-7e5de8840105,BA
14d89fd5-1ed1-4aa6-b9dc-bf55b6e4af66,EO
bb7fb819-096c-4de7-b4c8-50190536a024,EO
17eb6081-0f06-47f6-8a20-a8dccbd30b44,LY
001812ac-bfac-4024-95fc-0748d204ef74,EO
90e3d5ed-3b5c-4b04-9008-47df2c55ef65,MMY
891ec425-07ab-4fbd-9257-95e161884793,LY
a162e1df-10ee-41b4-ade0-633b24b24137,LY
4d49abe3-6e4a-48c6-a625-dc76e5ca6719,SNE
a43c991b-2e81-4abc-8ed3-eeaab5f29b1d,LY
2ac80e93-e219-40b2-b857-e760755f3450,MY
cebfbcf9-70ee-4e11-94f5-680524266fdc,MO
24862379-5800-4227-a807-d5bcb307bc83,EO
3be95380-f8ce-45ff-bb31-306982551bc7,MO
5ffb7455-646d-45ab-beea-06a1b8753236,SNE
0c45ca11-a8a6-43e1-bf53-097e785278fd,LY
c5123350-fc71-43ee-a7de-f41a2278eca8,EO
b54f1404-bd3e-4063-9a5b-7a64dacbf436,EO
b3d0b311-7923-4c4b-8aa8-cb3aa23481ab,SNE
ec460ab0-3112-411d-bdb0-5d9d75108cdd,BA
934c7341-e72a-4896-addb-29264906855a,EO
8869fe0d-9747-4a22-adfb-39555fe54c0a,SNE
26dfe249-3a53-407e-8f4e-4e95a1009b5d,SNE
42966555-5452-4474-9119-208de7f0db15,SNE
29a578a8-6d85-4f0f-8bdf-10818c17b2af,EO
f6c42b7a-1b59-4062-aa2f-3927dac2d66f,SNE
a060cdf4-ffd2-4086-9934-c2ac64ee0845,BA
3af70e6e-3e54-4d43-8235-30bba0035c63,LY
c2bb4211-52aa-4007-b4c7-55be8cdec8c8,SNE
e9f61835-dc9e-4295-942e-03f44b960da8,SNE
8ae32745-622f-4d6a-92bd-c81ac8b54116,BA
cf6376d7-5c5d-45cb-aeb4-51e6f61e53f0,MO
48ae0152-9e52-4bf5-9d5c-d185c96dedff,EO
03cb371f-9b18-4a61-8bfa-a364c4d1ff63,BA
85b8d701-e938-4cad-be06-ffd628506c04,SNE
87540ff2-2df1-491d-a2bf-7015e1948f1f,MY
348fa48f-300e-4340-9994-9727bc6643a4,MO
939bc99b-6b0d-4262-a900-558fcd1e45eb,MMY
b32a8190-c821-4c15-b2a0-bbf6a2f4b99c,LY
a0b4c2e9-a818-4495-b53b-2475d2ee71a3,SNE
812b4f91-33b5-4ad2-b8f7-8213ae909774,BA
c7104cf9-85d7-487f-8ce6-d2157b0bbedb,LY
3d709015-ccb2-48dc-be14-136dabf906fa,VLY
973c1172-7023-4778-a0b2-cfa947cede82,EO
568777dc-e404-4827-b080-7f85259a8aeb,SNE
c857f29f-f9dc-4e6e-a6ec-ddaf9743444f,LY
87fd8d08-b2d3-4b6a-a3ca-4fc416a9111c,SNE
148ec682-4b41-4613-8d8b-14891bbb5291,MO
cf74d88e-b970-4b9d-8dd9-ea45f68b3510,EO
447808f7-4e76-48ff-b696-ec8919bb3f42,LY
c7bff2d3-83f2-49a5-9057-d5e998e0e7dd,SNE
9b4ae091-682b-43d4-a707-9de7576dc348,MO
ce70490c-9d1d-4be1-95c6-126c35f05a0d,SNE
36d03dc6-60dd-4780-bf1d-7da55b1f71bc,MY
7d0521f1-9f9e-4999-9811-7ab298c6a1a8,MO
d1bcd874-cecc-450b-93e5-3d8939dc8854,LY
c7d50d1b-84ce-4e4e-8540-725309befd00,LY
60326517-cc81-484a-9404-7937f29e623f,SNE
f05e420f-0a84-420a-9653-e4b3a00329a1,SNE
cabb8d23-ea1d-4bbf-b5e8-80dc96fd9300,LY
4a2a1896-d626-439e-8301-c11b045b1e57,EO
79f39795-958a-472a-b0fa-bcfc8de05c55,BA
0f28557b-d239-47ac-9906-bc00ba643e0e,EO
7d49164c-13ec-4cc1-b3ad-c223c7181bd6,EO
6137e821-6ea8-43e3-96b2-cd1ae0b28158,EO
cb3d3113-9a27-4816-8335-8225c8462e6a,EO
14c09ade-c8bf-4881-bf82-6926482caaf7,EO
61933527-a202-405b-818c-af18b49c5228,BA
7eb5c6a4-a706-4aeb-95d5-dc07fde56652,SNE
43ff8cbd-a1f9-4948-8fb7-304c113406dd,SNE
55c76929-b113-4bbe-9d06-308fd39527c7,EO
27fd6c0c-f28c-41e8-abb7-03f2a66c5f97,EO
4f399eb6-e898-4276-b915-9a298a8fccb0,LY
f9a18c25-947d-4389-8071-6faeb65211ae,EO
4ebd7be4-39f8-4157-b6d5-679da21e43cc,SNE
11dd53b7-4659-4d33-af3e-3eff734e5190,SNE
f9518db1-d4ff-4f2a-9797-53e1bcfc8d93,SNE
66b153c6-e215-48e2-afe9-2ab5d8e97ea7,MY
2e8873e9-1768-474a-a102-fe4769cb0002,SNE
dc68637c-619f-4c24-8b9d-44fa1f9af95d,LY
66d238bd-b3d1-4f20-b71c-114c7f708520,BA
4edb8741-dd14-469e-8fb6-25b3f3cbe4c3,LY
fdf53dc6-6618-4ab9-a724-402da207a9d4,SNE
49adcf51-e121-4faf-9c96-cf1868706912,SNE
cca6e6ce-0739-44a6-a9f6-46a465ed3ac9,LY
c7274d28-b98a-42e0-bb80-29fa0001e079,SNE
d0b84091-1839-45e6-9275-d82860e5f875,LY
19dc3e8b-9748-4496-8408-55684b85387b,SNE
ae6b48d5-b927-4af5-b9c4-6aaeb99c37a8,SNE
7567489b-b767-466d-8517-55cc1ae84c37,SNE
5c422e5c-a8fd-4c13-81c3-137f0990912c,BA
2be0e078-8c1b-432f-af36-2e6d0670139d,EO
659fb4b2-5531-41e5-812b-6cdde326d0f6,EO
59ad6b9e-267c-491d-b603-2c594337f106,LY
bf962435-a168-4c45-bee7-b3fa47a89a88,MY
2ccfb17a-e804-4030-8a3e-a541ddafc07e,MO
3273e088-5c06-4194-a26a-58d5be593f06,SNE
0d946b44-bbd8-4114-9b43-e351d48ad334,LY
8d6b6bb1-a0fe-41b3-8991-d7b356cbe1c3,MO
8670a9d0-13e9-4bc4-bded-6787eb517b8e,SNE
f0f5b421-d2d4-4f19-a9f4-5b1f4c6a9ab4,EO
bbfdf8fb-71cc-48e8-b172-7071aeba2e2e,SNE
a711a67d-2ee8-4603-afc4-f2c35b058ab6,EO
89cf4713-36a4-49c5-a591-9001f60c50c8,SNE
7f20cc2c-4a03-4923-ba91-80f842d91b77,SNE
1d3fcd81-4b4c-4b5e-9e32-e6aae52806a1,MO
262c5461-11a8-493e-a68a-8b78b89ef752,SNE
a2f51cf4-9472-4a56-81e2-f696a80f77e7,SNE
2bee6660-0998-4f68-9f2c-87fc5e6d8dcf,MY
419b2446-e55a-40cb-850f-3f3a5a14570d,EO
d42e0287-e40e-4592-b32c-f1f644b01b48,SNE
95d9a0e4-bf4c-411e-a87a-282cc9c10f92,BA
8cf0f2f8-7536-4d3d-91e9-711ebdefb510,LY
205830bf-ee35-4e74-96ad-e658e1cde564,EO
982e3e3d-5a30-454f-ba7c-4882a1ee1be6,SNE
5d68ab79-962d-4175-b58b-cacb64005fff,MY
6fa8c62b-fa9b-4615-aebd-8d6f626025f9,SNE
a53632e9-51d6-4307-98a9-605498e37824,MMY
e9409c63-6c27-440f-8de9-197015d86a49,SNE
f2cad4e2-d05d-4e12-858c-b94be36c1e92,SNE
c45d6a86-bea1-48b4-90cb-2aaa3234f731,SNE
34bc7afa-cb3c-4ebf-be82-3c18b1e468db,SNE
d372a484-98d8-4256-b116-8ea0f5a2cbba,EO
60224179-686e-466f-8d77-67f53eb8c1b4,EO
6b73ba2f-67a1-4dd8-8cb4-f413dee4d107,EO
c3227857-80d3-4559-adce-ed2232cbb6f5,EO
5a49fa59-04f7-445a-bd83-e9108c900596,EO
d2465a62-2e4a-4a88-902b-29414b973e0c,LY
67224889-df69-4492-b065-86a1beb42134,LY
27747c64-c7f1-418a-81a5-da940cde764d,BA
d33f0f3f-5645-4135-be21-1a2efad9b939,LY
65aeff2d-f080-476f-971d-c8c12be3aa3b,LY
0bd9809e-e79b-4cbb-bb88-0e924be4765d,EO
7fe231ef-22d3-488e-8da0-1240b238f9d1,LY
4fef13a7-28e1-44c6-b369-32dc929a89a4,MY
183fe57b-03a5-4e81-8902-86a5488dd1e1,BA
32b950f3-ea98-48d9-8ec9-e4bb3f625ae9,SNE
ce27846c-6698-44eb-9fd0-006cc6f2edf1,SNE
a99ad241-4b7a-4a7c-9350-3c11c96625cd,BA
1b424301-5780-4e9d-9d81-21754af47ec0,SNE
3e0e0521-fb2e-4d74-8ffc-34ca7b29b00a,SNE
85e2030c-b111-408b-9d30-dc8d58425d11,SNE
cc83052a-f82c-4617-b0bb-de0ab1341a28,LY
fe275ded-0b84-4262-b708-95a64803d66b,LY
04272e1a-ac04-41c8-b1d3-87392b7c6c2a,LY
d935524f-80d1-4dc8-96c8-8c04562e7190,SNE
d2b601ba-9c7c-4881-baa4-80f003fc421d,LY
8d1ecfad-e67a-4c6d-a560-d6a73bb444d8,MO
5fed52ee-abb4-4f24-88e6-692a48c32834,EO
069cf20f-3c72-47ba-b1e2-c5c7321fbf16,EO
e6026810-b599-4632-bb0e-10f6973df647,SNE
430be9a1-4b0c-454b-991f-cd9434c9b65d,LY
47101e74-5241-4946-a5ca-8893500e7212,EO
7b1d8aac-f752-43dd-a4dd-3abe0e329963,EO
1db0e8b4-ea58-4caa-9a03-55f6b9a9c136,SNE
20e1f011-be23-4cf3-b6b1-c25a45aa5766,VLY
a76476f8-0b03-4f12-83c1-ee26fe23fb40,SNE
12b8acde-5834-43af-8739-c445259a18fe,SNE
e8514554-7afe-470e-8a95-34548fd5d89b,MO
bdd390a4-ecd2-4833-ae80-37f7fc31fcc1,LY
8b9c3166-b305-4a04-b8dc-63289d0da3ae,BA
ee353f08-bd21-4590-b5c6-4a7ee9745580,LY
c457dc39-397f-48df-babd-1b34f08854e9,MY
e297a123-4f48-41a3-ac9f-af27d5819383,BA
0ad31776-60f9-4631-af58-756137e219fe,LY
56f281b3-f6e4-4dbd-a64b-2c0b7941d52c,LY
6ecdf202-2814-4f52-aa60-092b90b86c69,SNE
e45bfad3-0e31-48a7-880d-9896ed0789dc,SNE
be2cb310-d309-491a-af75-539ef8f000cf,SNE
5adcc1dc-69e3-47ab-a42d-083ce5b3b220,EO
70c1286e-4556-4085-b8cb-718ed39bd8a5,EO
5dcb9554-7712-4034-8172-0c5cc94aa676,SNE
4cf101fe-bebc-4902-b217-99b8530ae3c3,BA
4039419c-e464-4422-99fa-ecfeaaa81022,LY
d3b650f9-4c94-49c7-a3d5-5d7b2183ed44,SNE
bf4400fc-f248-4568-ae3d-493e2ec9b8d1,SNE
344bffd9-7f38-4328-a8da-0351ac1c9e32,MY
1370eca0-8131-4fc1-93ab-4547d3758179,LY
d26b917b-9d15-4e88-a170-99f564e748ba,SNE
6b7b2030-ca78-4598-af26-4c75901507ff,SNE
64900e9d-e960-4e88-8a47-9602e8d55925,SNE
c4d8aba9-1832-4273-9b18-4956e18d0434,SNE
496e97c9-b4e9-4cc1-b15e-0d7e9d02b780,MY
47fa98b5-cbd8-44a3-ae43-e79ece829b55,LY
ddaaf0e5-d020-4f49-83ce-0b6276c9101f,SNE
cb6c94b9-cf2b-40b7-9b83-ebcf4d7a6889,SNE
f7513559-37d2-4157-9ff9-a12e2f628e36,LY
40b0cb08-b660-44f7-9b38-f0285df6026e,SNE
4f77a679-0369-4ff0-818a-ade9cc817e4d,SNE
fe9eac94-0152-4b38-9cb5-56cd01fc4677,LY
f97bca9a-3715-47f6-ba58-878421bd0ebb,LY
efad0812-862a-4f5b-8b22-20b22cf4cabc,SNE
a9bbbe9e-850c-4cd2-a3ee-3508053ee866,SNE
59b4e834-e0ee-4553-9173-1eb3736f316e,SNE
772f4f6b-09ab-4818-ae1c-78f353ca135c,SNE
2dfadf79-ac2e-4676-a98d-422cf7db2763,SNE
30880b2b-a6b8-40d1-b70c-6faa662c0825,BA
37ac2e9c-2935-47b8-bcd0-a892482712f8,EO
5eb4bf50-0cb2-4e7d-a34d-2ecb550b2dee,MO
4dad2736-fbc0-48a4-9c05-f22d579e32ea,LY
f1130f47-5a67-41cd-8aa9-6d4d7e8e3b0a,SNE
15163d2b-44cb-427a-b741-262cb8e52481,EO
b6ea44cc-5e46-401c-a227-011ccea85872,SNE
b5b31403-fadc-484b-8b58-486dae35c2ff,EO
b7315cb7-78bb-4fe6-8d12-f18a44297b79,MMY
66e1a478-c893-4c10-860a-b1782cde4f39,MY
df0663ac-b2a9-4187-93fa-be7d2143877c,EO
b47cfd1d-9d9f-4a74-88d2-83dc0915db4b,BNE
e4387651-c90e-43d4-8c5a-79986cf5b019,LY
7d07a1ed-4aeb-42d2-a749-0e1db6aad1b2,SNE
e167ae0e-f7f3-4b00-8d85-a4ea9e1b4edd,SNE
7a6b5624-a7cf-4f4f-be28-7532342a0e3b,LY
a4a2da75-23a3-4021-9beb-195614ace6c8,MY
594a9b85-fba1-463a-98eb-36d9531bf137,BA
631116f0-8cd4-4771-9a78-259cf804dca0,EO
fd6421d0-b668-4c21-a726-103662d8f1be,BA
13db698e-8198-4760-a927-553cb4a20eaf,EO
da852c14-5a82-43e8-93ee-daa43b19c9a1,EO
189ce3b4-6824-4171-9eb1-901f7188e680,SNE
cec2b70c-04d5-46be-b007-4600b9761992,SNE
ffbab1df-e963-4d23-9d5f-ae7a1f888147,LY
71adfa13-e0df-4345-a0d0-51017d03f572,SNE
704ef1c3-ed47-4c06-99a3-6c0b647dddb7,SNE
e7145998-5837-416a-adc9-c6c723e139d6,LY
fc1f643a-365e-4053-952a-485034026e5e,LY
40e99722-5d8c-498d-8a53-37385f83b817,SNE
46e44c95-33d4-490c-abfa-321e95d474cb,SNE
e6efc36a-d3e0-434f-8f32-e9ff3baed83a,EO
2223c2a3-9696-4cef-ab98-71e14842bb4c,BA
6b2ae238-79d4-4985-b92a-c46257183185,SNE
a8a7dffb-7db5-4e3f-9f26-aa9739479283,MO
7cde8a9b-46cc-437a-b1b6-8df372fc2659,EO
030167c3-3c19-49dd-adb8-f41dcc26d65b,MO
834442c9-e016-4971-bced-e499a88b43a3,BA
929e8066-3f94-44c4-9a8a-aab06f7a35c7,MO
376cd91c-afbe-450c-a803-ebc990f63d9e,SNE
b5eae787-5d8e-4785-951e-19aeb6bb63eb,SNE
7855f36d-7720-4536-a981-797d125863cb,LY
e8b1c8f5-b44a-4bf0-a24d-a42a3cf5fbe7,EO
159e0c49-569f-4379-974b-40d2f8738bbf,SNE
bef6d6bb-7e11-4215-8e8c-77b1c6d2ae2b,MO
f933bf3d-9a00-48ce-b75e-28bc2e0e26a6,BA
c82572f7-921a-42de-a605-139cb3fab46b,BA
0438fd2b-0743-42ca-b9e6-f9359679e76a,MY
e74ecbfd-a9ca-47d6-9173-82037ea148c5,SNE
9185f1b0-7665-45ea-9ff1-9053c96bd803,BA
e5dd18e4-e49c-46c5-8d0f-097acaa74885,LY
24e962b2-e7ff-4a0c-80f6-91f02f06d4ec,EO
d0bbc188-878c-4dbb-8b1a-379d4178c311,SNE
8ad58166-d0d6-4837-97cf-f46686c5d72f,SNE
9ed09efc-09fe-413d-acc6-cde9f9f0a199,LY
cc5d8000-9e53-4229-939c-402eacb9e8d1,BA
03c26e54-c42c-4ccc-b6b1-c200747c56e9,SNE
33ac54bb-681d-40d5-8010-82febc47f98e,SNE
dbe5f585-7ed8-4b25-8611-3f557682ab88,EO
1af51820-7b67-4d16-89f0-1afb2ceef547,EO
39ed8436-d462-44cc-b472-d68d96cb2228,SNE
fa546bf8-9fb6-44e6-840d-14fd8701c6df,SNE
90b093e0-3acd-426b-aa85-8da20b52892e,BA
be34d7f1-b9cb-4a12-ab58-9ea463ce67f5,LY
d73ce036-27c1-4a9b-ba85-03e222ee536d,EO
8a78c217-b35c-4843-b0de-c64e40cbb556,MO
59649b90-9c29-4a5e-be4e-d33ebe6042b8,SNE
12516bb5-4662-44c0-9ad4-079f06d15c08,BA
553de7aa-8305-4a65-9b60-b1f9f9ceae6a,EO
f7499302-3168-4a34-ab9d-e907405b7cce,MY
637b2e70-77a9-4b06-868c-b085a09803d9,SNE
4a206a15-62ea-4184-abd6-6138975466f2,MY
72198745-f87f-4a09-839e-ae282f18a452,VLY
07249d61-e6aa-4d66-9ea1-031e919309f3,MO
b6c2db88-8576-4688-b642-add4399da00b,BA
622dc92a-82f7-4ebb-8773-9be3d3ad6c35,SNE
c6b1d41e-de8f-4659-afee-6c57a07c2ac8,SNE
140d5fe5-387e-4d47-9d99-6039eba39ca7,LY
9b54675d-7fbb-44ab-8b04-16736dbab713,LY
64b73e6f-1d1d-4133-b0a6-2a2390ce0641,SNE
ee90ccc4-19dd-4aec-ae75-a337502bc2e5,BA
454dc774-f2bb-4c0b-a19e-059455ee1ae7,SNE
675dcdee-91ab-4aba-8022-0a6d77d69ca7,BA
f61da35c-719b-48c3-a06f-008658e1adff,EO
cfb4cfe3-f7ff-4738-8e2e-5f639d2a8102,SNE
09caa275-0098-4438-8ac2-8fbe4c1c2489,LY
00d2b033-d3c3-4378-8063-2fd10346c858,LY
500489f0-7ca0-4002-8e95-af16030d39c2,EO
c563dcca-fea7-4fbf-8f42-f832980e55ff,SNE
52333794-b22b-4ccc-87ef-a956b4eda423,BA
101c36f6-1358-47d2-9524-db04467b6f3b,SNE
7ad510e6-2992-4b1b-a6d6-259ad3f2b596,MMY
7ed5034d-e403-45b9-bc26-80019f057da2,SNE
847c72a9-13fa-4145-a0c5-237a7af4e4c2,LY
ce4a2003-47dc-4fc2-adf1-ee059ab21c9e,EO
2cceb63c-7342-42f4-8325-64a7da315167,EO
1c168216-698e-4235-b6f9-4ef88923c67b,EO
9ef6d85e-b163-4c74-81ae-afcb17979fb5,EO
842c43ff-fb13-4109-b87d-65658ccfe12a,LY
f184bad4-72dd-4afb-b51e-d01bad5e3e1a,EO
060afc32-1ba5-47a9-8615-398bf7700631,BA
a4acc105-10bb-4470-9585-8409e4411a22,EO
9ce0c341-2c76-45a0-89c6-5be5ad51aeae,SNE
9d5ae830-cb93-4700-9838-cd41307995a9,MY
674d5e67-3edb-423d-b53c-11f2fc4af6de,SNE
f9120f09-511d-4293-99ec-15c414895b6c,MMY
1104a817-0a4d-4438-9947-0e69f253e2fb,LY
b14a1cb9-1d3f-4bbe-8953-3155e6c2c78a,EO
7a393d90-5871-49c3-b3d3-421318d9f880,MMY
13dcbed7-9328-45c8-84af-d5eab1d61f09,EO
f4ba83b2-e8a6-44d3-a695-bded27c21c62,SNE
1641416f-e42d-4b53-b124-bf2a4420a720,SNE
7fd9f3ba-2ecc-4bb8-b99c-3c4f8fa6ff1b,LY
4efb9ec3-cff1-4847-a9a2-9a738a585131,BA
ef74cf24-1d75-4a70-b006-3d208b3c141f,EO
363ae703-8048-4a79-8f1b-f9df72cfa136,EO
e7b3f23f-ea66-4f17-84bb-168227a96069,LY
0491d82f-f176-495e-be1a-bc86d57468ca,BA
01cd8efd-9b61-49fc-b414-afd7eb3d4345,SNE
b1815561-0417-4dbd-9d8a-5bff8cbcf2ed,LY
1fc2be27-76ff-4ed6-a3a1-4ab342906857,LY
6484f2ba-549f-4c49-8780-35e9bfb988c6,LY
297430dc-00ab-496e-bf61-35dc48ee6085,SNE
e201bece-2b42-430a-8a8b-8da8d953a5bf,LY
e25e0a56-76ed-46e4-9ec7-ff16ecc61c1d,SNE
332a6cc1-45c1-42df-81c3-18852e8e61c7,MO
8161b502-977d-44ea-b8d1-052ff031bcca,EO
85c694b5-d2d4-4099-8a55-c624fb1588df,BA
6355afa2-4873-4278-8e83-46a6ed3bfced,SNE
ca9bf804-f48d-4537-84af-265b8ef8f14a,BA
1ebe72c3-dab8-4fed-8ed7-09b2d4809dbb,SNE
e89db696-6b6f-43e0-b8d3-a91421b4cff9,BA
380b6111-ddc9-4bab-ae06-8eaa6de7815d,SNE
4380528a-93ef-48dc-8fcf-0e48734affe2,BA
a82a6b05-7eac-41de-a18e-64c534d1baa0,EO
01ab1415-abc2-4382-a863-06bf7203eb57,EO
21fe98db-9827-4680-94a1-809f8a277b84,LY
36c0f079-7605-4f11-a3ac-b7b6e01b9720,BA
a6cca43a-3f22-4893-9594-3a61f3518408,BA
9ed84b6d-a928-417e-aac5-2461e7d1912d,LY
c4de5128-848b-4e01-83ed-47b5ce8ee773,SNE
a7da55b1-8020-4daa-9560-1a0dae7c291b,SNE
fe0df27e-784c-466e-a36b-75acfb16b53a,MY
6e9f7c7b-db2e-416f-89bc-2b354c0e6328,LY
810c8094-6be0-414d-bff5-364e9a628d5e,SNE
346af3bd-1857-43de-964f-fdf6f325a93a,BA
2c671176-437e-485c-acfe-5439b093cadb,MO
d1189008-d4bb-45b2-aafa-19ebe919787c,SNE
bcee9dd4-a358-46b9-923f-065e3f0a4afc,EO
2fd121b2-925d-4ffd-9bc0-67a0327dc9f9,EO
e51601d5-49de-4baa-804a-58db7ece616c,SNE
cf0bc7f6-1f9c-42e6-aada-21cdcdb01cd7,BA
1650a03f-eac2-4256-b1ef-705bcb524928,SNE
ca0e3c37-4b35-46af-ac7a-f3dd16853a05,MO
86538907-167d-400b-b622-15fbee6cc789,EO
524eb7bf-73c9-4a4d-af7f-577b0b81b4a7,EO
0d0edc83-0732-463c-8d4c-07ecda6cb47b,MY
1f11c833-9d94-4c07-80fc-b72a17f236cc,MY
286e5199-1e54-4def-9a44-32f383fedda1,EO
587aeb82-d520-4ce3-adcd-73e2ed2a2f10,SNE
c538fb1e-efed-452c-968e-8066dba08e85,SNE
219471b8-b939-4082-9007-5402632a5c9e,LY
5fe1a841-4bea-40f6-9b00-2817e0afb0db,LY
3413d97a-8526-4af6-8473-be932d50ecd6,LY
258474ad-dd19-421c-8d8e-8f43b8fb6cd3,MMY
e29dc402-d153-4064-8a2b-c0ce366dc679,MO
38c2ee60-2a15-4dca-a199-33bfa49752e5,LY
f5899df9-9f0e-4833-a391-7ed4c4f794e0,SNE
5c059e7d-8b5b-4ee1-aa0a-b51f4c8bdc94,LY
6bb84774-66fb-4ab9-a1fb-0192d430becf,SNE
8b568d35-1ccd-4e5b-86a8-90f33e3642fd,LY
b68c76b0-174b-43e1-bc78-97a7ac159457,SNE
b6866c66-7269-4fd5-a62d-fcc003f19314,SNE
e17ff953-996b-405b-a88d-77627038c65c,LY
ef4976e6-72f2-49cd-a128-c29bb1c05165,EO
d790ef69-cc15-4bb6-85ec-595d3a169b6f,EO
01d48263-eeb9-4dc0-b5ba-af5cf83094af,SNE
802967f4-2f25-4d6c-a558-732f525d0f0b,LY
221710fc-84ee-4434-abdb-f34a2d9a7131,EO
94cd8c37-305f-4404-92d5-cc4fd739239d,EO
f20c57e4-02bc-4506-8f6c-fd5314b2a81d,BA
8a6129c5-ccbb-4078-99ae-576dcec88c86,SNE
1648050c-d855-4c73-ae01-1b7ef85a57c5,LY
f7361047-acb4-4e2c-a34e-5eda5590b1e4,LY
c9acc411-a285-45a2-88b2-07b87990a739,SNE
b0e22701-e785-46c2-9fd1-053fd09188bd,EO
29af96a3-c6fe-4ef0-9887-65417f629bb8,EO
8490bcc4-b02e-4680-b59d-36c63d897c72,MO
3db4795c-dd44-45f8-a688-9cd17eff5f36,SNE
7a7fd63c-1197-406c-a1c8-d8a8117edd1c,EO
dad65e86-a517-41ec-9623-8579f4e66f28,EO
f6ccae6c-7824-4910-bc2c-57ab8bd735be,SNE
8793ed5a-0f2d-4bf4-995b-f46caada557b,LY
fe8ff0f1-ee5b-4f6b-8b02-dfb9b5f51a28,MO
c7195a43-3402-4710-a7ef-42a2699c66e8,LY
b41cd64d-cc16-41e6-8685-7d52d5def900,LY
89bec8a2-89b0-4064-8dcd-f7e2b508f3ff,EO
998db87c-8d5a-4a1a-b071-8964badf2c6a,VLY
549e3cee-1f5d-44e2-8d7c-f645db587e91,EO
52d4ee59-0978-4755-95b2-b375faa7a774,EO
81e3dfd0-ddae-4828-b9cb-ae9cd83228c7,SNE
5a9110d5-bdd8-4e75-ae00-5c0a378a0896,LY
73d659f1-aaaf-42b2-b3cf-29ae383086da,SNE
c23b935c-4837-4088-909d-b6d52b551151,EO
b6dc4dfd-8e18-475c-be71-168df0e48ff4,LY
91c409c3-57d9-4ab5-bf00-dcb3c098ed3f,SNE
8fb50d76-432b-422d-a8c5-3a6a96e0059a,EO
4b7fffd7-1935-4eec-9835-6fcde9db615d,BA
01be4ee2-785e-4750-b4f4-6f2682a14b27,EO
1688a040-52a0-4664-aa33-42394ef4faae,EO
98378fc0-9280-42aa-94e2-cb84cdcd23c7,EO
0faff9c8-810d-4ddd-a9ff-38fd64e1c724,EO
57786cba-0490-4816-84e2-5c661329749f,SNE
2af9ba15-c42b-4c86-9745-6b04779d7eb3,EO
96e546db-1ed8-4c6d-8ad8-59b49b6afc17,MO
a8026310-2406-46f5-804f-1d1e367e77d7,MY
8e4e7745-ee92-40f6-a2af-54c2ef7d426d,SNE
74cc8fae-02a4-48be-8e2c-2a989713afb9,MMY
27d94079-52e7-4b79-b62f-c20904527064,LY
676e8ce5-5de4-4ea6-a626-c941b7d07c34,MO
4db9ced9-ab9e-4a4c-8310-f11e63bc0c6e,EO
02907ace-5115-45bc-8101-432b9986be71,LY
c45ef737-849f-4b4b-ae6f-74cba2e559e0,EO
866bf377-b109-48e1-ad41-ad400e7ac9d4,SNE
9c7e276e-34a2-4181-bc30-2f17c25b4e92,MO
ad683834-9f32-406f-b549-fc5be30863c9,LY
06cb1b6c-6e65-4720-bdf4-35ae113ffa99,MMY
92674fe6-96a5-4b30-8a70-4ea5dbfe41f0,LY
929b3616-dd99-4ee9-bcd0-f84aa0a9411c,SNE
e703bd16-39fc-44fa-9810-f576f1a2bdcd,EO
19649b54-84f9-49b7-bd34-cd7e9e12b9e4,EO
0f560137-4ce2-41b2-8df2-303074c361cb,BA
c723da8f-66ab-4cd1-9e80-792e523c76cd,SNE
1969a015-4ae8-4e85-a76c-2ef600cbce14,LY
cf370c33-c430-4398-942c-f92a931536d6,LY
d629733b-123c-4de0-bef3-22c5649e1ca5,EO
2db0ce68-69ba-46a5-b81e-67ad0ecfafa1,SNE
5dfd91b8-75b2-4ab8-8901-5908113858a9,SNE
b4c50829-f8a0-4da2-895c-31aa6dbf9e96,SNE
5e047a97-f6e2-4bbd-a7c9-e9bcecc719b4,SNE
ac0cf948-bbbd-45ef-a876-860b83bc7052,LY
35a73f01-18da-4b86-9f7b-664c42a75f8d,SNE
5ca0ce25-ce77-4e33-888d-0c9a92aeaf40,SNE
07da434f-cd61-4756-b5f1-45ab34cacd37,MY
12edca90-824a-48a5-a266-5737fdecc1f7,SNE
b6158cb9-2042-4260-bdf1-2f3e06272cf1,EO
217e85d8-e21d-4a79-87f9-c0e51dcaadab,MY
4c1ac4f1-0f33-4c67-b00a-6d03eef49a17,MO
72382896-927a-4cdc-a5a1-2f3064b43b7a,VLY
c2216f97-59e0-4856-adf4-2f99ec009c1c,SNE
440c759d-a818-4aaf-a18e-0049c51813d3,SNE
29008391-60f3-4250-a006-297f8102a68f,MY
2ae92c82-d985-426b-8ef7-a70f6ebb4736,EO
2993ba4d-67a8-4fcf-8bd0-54bca9eb0a5e,SNE
ff7294a0-0622-404e-88e9-48dbf7ca56cf,SNE
3f2079fc-d4c9-4726-b14d-48a2937550e8,EO
776eaf5f-658a-459b-95f1-48d04e6e531a,LY
275da009-31d3-4a34-b650-9127723155c7,PMY
0c800201-7b3b-430b-8b42-3264508bb028,SNE
d060788f-6592-4d44-beeb-90fd4f312ab9,SNE
91df3ae7-2ac9-42d7-8104-c9d292b058ff,SNE
fe487271-abba-4c8a-9643-a7a0d715018b,MY
c9997d84-f0d1-47b4-831d-2a3ff6d63eeb,EO
3bf7e398-bed2-4eff-a105-6985fbbf5ea7,MY
3651000f-bb87-45c0-8008-e553e8ae1cd5,SNE
b8a87690-9468-48b7-9aba-438f225a5cd0,SNE
701c9a77-d35b-461d-8f6e-538fd4a9ecef,MY
610ab5ab-919f-4c37-99ec-d102b0f5a8f4,LY
ef72158d-c2e8-4b66-97d4-8043a10ef4e6,SNE
fe30b3cc-4056-4194-8e49-c27d8c68a384,MY
7e6721b8-44a0-4192-95d3-6af44e59598c,SNE
94d83e3d-13c7-4d4c-9d54-38472f3b1f21,SNE
4c363b00-fee3-449e-b89d-3a141dd7acfc,SNE
4d351410-9676-4d56-b24a-6f6b265d9b3e,SNE
74f05ab2-0a2d-4f24-b7ea-01c29209ad80,EO
5c153911-501f-4668-bbad-d9182d10a999,MO
b906fca7-6ca3-4a81-b21c-4b018b27bf6c,EO
dac18934-36c1-4fc0-8b9c-6bed287d34fd,EO
c135a0a9-8706-4165-b1dc-16eb7a2d3899,SNE
bfe8ccc9-aae2-42ce-8571-19234498f514,LY
dc7c82c0-4bc5-46db-8b2d-e1fd84283674,SNE
baedf47a-e906-42a8-85ba-53bd29701655,EO
b5e90b8e-0d2d-4a60-86ac-25c619cb1bc1,SNE
16ccf2c4-bf6b-485d-a59d-f5fd76ae38b3,EO
9817ae88-8028-4581-ae11-1f57c1f4cf8d,SNE
ac1becac-bf60-432d-bfef-2c0720970b68,MY
232252a8-d927-4dcc-bc6f-7bd2150a7c1d,MY
645cfe86-19ec-4a43-83a1-b58bb1bd4e0d,SNE
75e4bd6b-fd99-4eba-93b4-5b72a5ec4788,EO
3803b8f9-dd87-4253-b5aa-b7a7a90a6105,BA
b912988f-2de4-48ef-ac84-24ee91f96726,MY
360e9e60-9ee1-44e4-a2f0-29c9b77ef071,MY
4988ddc5-e30a-42be-a234-d9464349968b,MO
8b3fde33-c323-4988-a145-0e2613e74b70,EO
0032c266-409a-4ad5-a8a7-34e984d2e4cc,SNE
88727b72-1ec0-4e11-86de-8df3a6513b29,SNE
049b0c3d-c712-4e5d-967a-efd117c7eb76,MY
cd1038e8-e3fb-46bc-be54-8096c696f769,SNE
8c94b9c4-4f18-45ed-9744-162bf31a4f46,SNE
015ee7f5-b9b6-4757-820e-7e413bb72842,LY
c444f362-ce73-47fd-8834-e5937246cf45,EO
65f0ddd1-9735-4b6d-80d7-da9c85761c0e,LY
73ed1187-0d46-446f-ae03-3f81ef68991e,SNE
51d77cbf-bd14-4624-bbe2-e1b64538301d,LY
62414905-f694-490f-bfb8-b3d253be254d,SNE
1a7b9626-5f5b-4077-8166-118f94be76e2,SNE
65351a5d-c79b-44de-ae8c-2f192f905fa5,MO
ff016da4-6513-4994-a02b-91aea7d4309f,LY
7e978439-ce1a-499f-bde6-994535ccaa4c,SNE
3b510e5d-e44a-4065-a922-bf6433d87835,BA
aec511b6-bb46-4129-ba9b-3c4dcfaa1497,MY
d2463845-b95c-4ef1-99a8-ab0ef604ad47,SNE
65ff7310-bfee-4b3b-874c-9b3d6a878568,LY
d2aabb76-8b54-4d0b-bd6d-02a278a8a925,SNE
21b4dd29-2aee-4750-81e1-c06be9618b8f,EO
0e818048-c165-4bed-8be9-e5395bdf276c,LY
bff97e95-c6f9-42f3-85e6-13d1b3f6cb56,SNE
2a83b864-be00-43bb-92c1-0bfd898e3cc8,EO
d1f46372-6cf0-491b-b432-bd7a0dee249e,SNE
774ca299-b47d-4b26-bae3-29fa7472d1d2,VLY
2d6396c6-4fe9-4a86-94e7-ca0b6d05962d,LY
59c5ec8d-a83c-4fcf-ac0d-c933b90f0fea,SNE
e6fbe918-fb49-41b6-b050-0fb03754f8cd,EO
121f1f9f-4223-43a3-b3b1-3f0afae19f8b,LY
08ae6494-a6cb-467c-adce-f725fea6f8cb,MY
1001ee03-96b2-4288-b8a4-49bb5b6a7298,EO
62eed0cd-e48c-4b2d-901e-97b0db9f4715,SNE
754aa214-8c86-40f3-a398-39b08e9f3e2c,MO
8f906ee1-20a3-4848-a1a1-d67a79601992,EO
d0f15a6b-2b55-46c8-8a3a-023decf44244,SNE
0fa1d9ae-15f6-48bd-9cd4-35729035fc85,MO
02cbb2e1-9050-4ad8-aeb7-30ba55f78336,SNE
5d115a65-45f4-4b70-9421-9e64e622a68c,LY
65ffeb0a-6a71-4dce-9e42-b4ee5256680f,SNE
f2c9c749-e4ff-4ca0-90cc-d860da46a343,SNE
1473801a-85cd-4aae-b675-7af1d10a87c9,MY
b47e118c-5370-4710-9b6f-fbb2813cedcf,SNE
a96ccc07-5dc6-4295-82c9-402f6321fe69,EO
e8094301-691e-460d-826f-c0c8d833f6fb,SNE
752e6d49-2ece-41dd-9567-918252461d0b,SNE
345b3ac3-a8d6-4cef-9b92-0af6e86175d2,BA
fe64b7b4-b5b0-4c4c-979d-765a1c2292c0,BA
2ade9e3b-49d1-45e1-a2f2-9c9dc2d4af86,LY
abebb88f-71e1-464f-afc1-dc506d9a43a5,BA
8e2a2302-0199-45d2-99b5-5dca0194188d,MY
9a4ba388-2418-4f25-8c3b-b7a16571c5c9,SNE
1a1f3020-a18c-4ef7-b7dc-b7425d5892f3,VLY
8257fb1f-49b7-4809-9bd4-0cd32cb0004e,MMY
e7c26394-8801-4a1d-ae1c-535d3fa03634,SNE
648df3cc-4d8b-4143-9b2f-5f597e773cd7,SNE
336b022b-5b3c-47ff-8cd7-2344f257ef0c,BA
7febfa07-ba9a-4de9-8827-d86c06ae6815,LY
75af1b0a-cb80-40be-8d7f-aad66621051e,LY
8642cf76-5ad8-4e2b-9567-0d19209015a3,EO
51ffd89d-51cd-4119-b6ee-136e570ce6a5,EO
024b0643-5977-4871-b1a0-0ad4e1a5fd29,BNE
4bca5247-125c-4ed7-a08a-93c383378a40,LY
a5be97fc-5f06-40e5-8fcc-1bf4f42d5bc1,EO
3e8c30ca-ef83-46b7-a337-066cb4480c44,EO
7300d15b-c556-47c0-8d37-4bd23b11c757,MY
56d67d59-f57d-448f-88a4-0a50f80b4f59,BA
61b5d9fb-f473-4cd2-93d8-0ee5b2e0b1f1,MMY
e8ae5d40-c813-4115-9322-f3b4de8a5fc6,SNE
a18280fe-a20a-4623-927c-ed850f825143,SNE
f47f458f-b0aa-45bc-9252-c85d9bd5feaa,SNE
a2c52db6-4b1b-4832-a461-2768d54fed7e,LY
20dff23b-054f-4933-8f19-850ba338d733,MY
7f5ee260-afc2-4924-8282-93ae8a059b74,SNE
05bfe6a4-6d2b-41b9-bee1-b7b6fb69f23b,SNE
9689192b-8bff-496d-89a2-67c315fd51e1,EO
6a31ad8d-69df-4b60-b87e-839fd90afa6f,LY
1919544f-0a41-4e78-8050-7e17644aebe0,BA
93ece5b2-018d-4efc-b75e-28700d37720f,EO
42ed8830-ac78-4d84-a5a9-4f1c5de99a4a,BA
353de9b0-7211-4c3b-b09d-fbaeee231e5b,SNE
c8f99ba7-6aa0-48b9-9e38-3425cebb50d6,SNE
8dbfcef6-fe4c-469f-a786-3741db6f9fd2,MO
66c224d1-6831-4810-8a8d-02d6da8daaeb,SNE
9c17fbd1-9f0e-49dd-a68a-125d1121a113,SNE
24f5d0a8-d3e7-4338-9017-a0eec4081183,EO
5776d205-8c9f-4752-9480-4f6f245d0482,SNE
d2c59062-f823-4d11-b169-d1f4d913adb8,SNE
80bbd082-3a51-4cfb-a36e-145ee8496af9,SNE
4bc2ddea-82ae-43ca-9987-7bb4cb89d399,SNE
8259b9af-ea89-4fa1-9054-447f7fcfbe42,SNE
c39b6711-9b13-4dff-88b4-949c6202376d,MO
2ab4718e-b6bb-4749-aedf-57e974d66cc2,SNE
741fff2d-eed8-447e-afd7-8f9904dfb064,MO
9fa9b693-d4f2-4aaf-a23b-dd2fe3bb168b,EO
31da0d41-a223-4f42-b5a8-43e3c2359d6d,EO
fb174170-ea31-43df-8c82-763f789facfc,SNE
4349dcf1-6b00-430f-adc9-a11e79dab7bc,SNE
c7f506e6-dd9d-44d3-97ee-ee4efa11886e,SNE
b9945a76-ec08-4d6c-8736-8ffd705736ca,LY
b83fcc66-7f09-4c64-84a7-650601d8c49f,SNE
6d52c4ac-3a78-4019-909a-2c2c965f1be9,SNE
93fb1155-16da-45a5-971a-67d073ae0b63,MY
96a2b5fb-0e31-44ba-9fed-7c5bb30328db,EO
027f4a20-6cad-4ef8-8ba9-506613e6c937,MO
bd8e3d1d-bd50-424d-ac97-6442104be42a,EO
4c37a3c4-fb77-4957-bee4-52b8a22e58ee,SNE
34f92ddf-888d-4de8-b1b9-35c4d3e69875,SNE
441e66c6-5643-4c23-b061-fb5bde39cf2f,SNE
4c07328b-4ec7-4639-b84f-6bf4d70d1a22,SNE
cca46efc-70bc-4499-bf13-35e894417f3a,SNE
51a8610b-330c-4218-a8c8-50a764e9aeac,EO
4df90770-8c10-4ff2-a289-a8c65f3f796e,BA
bd84e809-7f3f-40e3-9dba-ed1c2afb2b44,EO
ee2fa5cd-dfc2-4939-b253-ed64b26161f1,LY
7082c50b-401d-431c-9957-5e10906b6cf0,SNE
9cb821b7-4e7f-4a93-a184-818b0badd3be,PMY
2b976617-6147-4ff2-85f5-4101f26352e1,SNE
7a260abb-0cc8-4960-9370-427333ddd4f7,EO
695f5e2c-7edd-47db-a365-715c1d1edf6a,LY
cac70f75-4e04-4f8f-b4fa-b9f2c7b61b5b,LY
a3442766-94e6-4c04-9ec7-63f20040e638,SNE
0f41e5d5-90e4-4afa-8313-4fda569b00bb,BA
7fbc2a45-69c8-40c6-8428-163dfbc4b751,SNE
37d425ca-38cc-48f7-8281-b522a6dd52b6,MO
222c5081-9bf4-4864-9187-4ec55029b36e,LY
27fc68f8-ef48-4fe7-840e-ad255daacc1c,EO
90d4ee43-54ee-4861-a3f2-11379620ac9a,SNE
c42176d3-b08e-4c8a-8427-f9105d63150a,MY
b071f76c-d287-49ac-8075-e384a92d7cba,LY
92c7b2e0-b338-4244-901c-8397ca6c0ef5,MMY
05b5b1dd-8777-441a-96e5-699dd2531ffb,EO
8e3053b1-6670-40aa-9418-4151c645df59,SNE
fadeb636-87ed-4f18-b1e0-8ee551ec6dce,SNE
339607ec-83ea-4472-ab0d-a39dab50682a,MY
fe6e9a08-1d14-4e10-bf21-855379672452,EO
1c61c33c-08e7-44a6-88fa-b6d812eaff28,BA
04a212f9-8abd-4f50-8f3c-a0b61b7222e4,SNE
8998d6a4-8edf-4c0a-87c5-584eb0f8fd2d,LY
578da886-bd63-4e3a-af91-8297e373b950,SNE
edfdf876-9476-400c-b169-fe997fd7caf9,LY
622a90d0-7015-46b5-9234-4f58a2cabc05,SNE
1ce51be6-4735-4cfb-9d68-48df7fb21071,MY
6deef3b5-c09c-4156-9067-f5cf09506963,EO
75c181af-723c-459c-a62e-2d799b63fb51,SNE
b2407f2f-90d4-4e3c-9044-b003c0e27ee5,BA
98878fe4-fbe4-42d4-9176-121ff743ba9b,MY
4114d7df-e37a-436c-9b16-3d7ee58f74c5,BA
9de76205-69dd-4539-ae4f-fbb7a29a61ed,MY
52d9031b-bca1-412c-80bc-c0a3504d210d,LY
6bd5b36a-a2f4-43ff-a375-d74f8ea757fe,BA
44c99938-ee35-437b-b493-1b0ea2b62e1f,SNE
c12ba508-f9a9-47a7-be22-3445b6b9804e,BA
f8bd1487-3fcc-474a-9833-ec7381c76a6c,LY
0c79e48d-af9f-43dc-8b7f-b02bf0c36b34,MY
27aa62a4-ce6f-4285-a62d-c67373c982d3,SNE
e2e2d2a2-214f-4043-934a-2126f1901642,MY
f905d331-21b1-49b1-b1ff-f9344791befb,SNE
b05dd8ae-9a1e-49b1-9c37-240475fc57a3,EO
03353c6f-e558-4af3-9448-d0667a3f79f9,LY
66096316-7c8f-4192-b20c-0c91b37531d0,BNE
ecb7bf85-e768-475c-bbc2-3f0feb1259ca,SNE
fdc6db26-7a42-4f6e-9f98-0b152f05a719,BA
8dc7dca1-07d3-4522-9735-5c66ed8b5b60,LY
788594b2-24cb-4252-93b7-13689cf096aa,MO
08d83a75-9204-4a49-b817-fedd5757f0ba,EO
32d6ce29-08cf-4414-b99a-f2b8631928cd,SNE
a349e1be-1a33-4d00-97cb-251ce7733773,MY
c96758e4-92b1-4f89-abda-0852cff257be,EO
c572cfa3-df7a-4068-8d49-9cef85f5e749,EO
d7bef160-b0bc-4f37-ae00-2bddac82f067,SNE
5725145a-c1d1-449d-9611-c7bfbd17fad7,LY
8c6d7f96-3dd2-461a-b53b-a412dc7a99b9,MY
8a543f26-9941-4091-ac9a-08cbcb4a4b52,SNE
b16d6c72-d28c-4514-88a1-68fe34cdeccf,MO
da04b1a6-b5e2-45dd-9471-1b6b5d081859,MY
72682277-497d-4479-a871-f036ea2877fa,MO
e8d294f6-af81-4202-a821-44118887a962,MY
58f68663-8133-4e6b-a848-08c86165de6f,EO
86af4e06-48a8-4762-b529-0828cce41624,LY
f50750fc-8bf4-48cc-814c-67f3c54c10da,LY
8022ffaa-5ca5-4918-80e6-352ebf8873e2,LY
5a5d1e9a-947e-4a72-a6bb-b01aae0afa63,LY
808cbddf-6ac9-44c5-af8e-58dcfd248f9f,BA
1255926d-c74c-4a46-8612-412ca031e9c3,EO
438491ad-448d-471c-9e26-fbf6138e3010,EO
377c558a-88a0-4a6d-ad24-79919c2d719b,LY
e1f074a8-06af-46a5-82f7-44415d400061,SNE
ff36a3c8-c299-4458-8fea-9e5fdfa0ec3f,SNE
53955a4a-febf-4333-aa90-bce9c627c3c5,MY
9e8f6b01-0426-45c5-a455-140f0f354bcb,SNE
0e828f1d-65a4-4e0c-9f38-17e2ff4f6548,SNE
8dceaa3b-c0b1-43f2-a761-873e002aceec,BA
668a3595-ade8-419f-9536-a3dc1f89c12e,SNE
ab94f4e9-3953-4e64-967a-38b5d79ddebe,BA
3ce6c938-fc9e-4dd3-b6c2-00b1624aee32,LY
603105b1-b1a6-4a25-9882-9ad422770deb,LY
3cc193f3-dc17-459e-888c-e61cf7200ce6,SNE
f8ccca6d-4b9a-4ae3-ac73-5ba0dd1b62b9,SNE
6e949318-e743-47d5-91d7-35b7371fdf21,EO
df68505b-848a-494d-bcb8-e9f28820950e,MO
efdd43ba-db8e-40d0-b075-f767fbb993cb,SNE
c971149b-b10c-41ec-ab92-f975c46b7593,SNE
c6700dd3-e67b-4ab6-ae39-c3c22f62928a,EO
45f7b3e1-92a2-462b-84af-d32c9a4671bd,LY
4fa58dab-4ed5-4fa4-aad8-ae59377a5f19,MO
5f0b41aa-ab9a-4df2-a6ee-fef0c9f02517,MMY
fa1157a6-0d59-4b2d-9d85-e034c0e90b71,SNE
55b8689e-0e64-44ca-909f-ac70e5753254,SNE
56d44acb-3aa5-486b-b90c-4b4243e83e96,SNE
a4c7a405-7220-4425-a83c-0220b5c73c68,MO
018e26eb-0ecc-46a3-85e3-5fe54a167e2a,LY
7146ba1d-5d3e-4f5a-8c6a-8ce2efddc4d5,SNE
fa9061bc-ca17-45bd-8a79-0d6e943e70c7,MY
222ea888-9bce-48d9-8df3-883e7309deae,SNE
dc6d4d92-ac3a-4473-9e88-1ba4a7496b39,MMY
07b9c2ce-5bde-4243-a703-ebd71cc7278e,LY
e2efab76-7c15-4e38-a2ff-b9096e63d130,LY
6b06b4f8-9f2f-4612-bb1a-a57cca51cc85,EO
b8296698-3c79-4f97-8880-94203cea3074,EO
b3c75748-34f5-4639-ad2d-3515816fada2,LY
ca94c02f-c5d5-48fc-9774-923ba34601ab,LY
4549abe2-9d2d-45c2-9914-442145e8f073,SNE
7b9116d1-54b4-4ec0-b57b-e0310186d782,BA
30743e99-d80a-41b9-99b6-370e3a290a33,MY
d243562a-e43c-4d31-983c-d242ebc6a8fd,LY
ac5edca7-a1db-4756-92ec-6998f5b5d83d,SNE
3770be04-d5e8-416f-a2e5-f04a6f60def7,SNE
812128bf-34ee-4a41-b30e-8d145d7979dc,LY
b21f923b-e6e2-4f45-a1e6-9bb71efa3ad4,EO
4da8113e-fe5b-4782-a8db-8e6d99e1223d,MY
4050bd33-1852-470b-8a03-8c19813aff31,BA
3c8c4d49-23c3-4ec5-9e9a-5e622942bbe6,EO
a57571b8-14b0-4a3c-ba61-732e1fe5b463,BA
aadca316-d57a-40ba-bd77-072e9c923296,BA
e11eea9c-af55-4487-93e7-f2f032e764da,LY
b5680175-a5a9-4972-a9dc-122f5c9dabe7,EO
ff7673bc-adf7-40a8-8dca-fe1308f53696,LY
b0fa2ad8-6efa-4a35-9a06-f3a885d4ea53,BA
7d935e33-bff0-4b3c-b329-f108689e60be,PMY
35718ca8-9968-409a-b597-4cf0694b7127,SNE
1f1c5b98-ca0d-40d5-9eb7-d59651c9c3bc,SNE
bfb169e6-b1d1-4902-8fa7-72665df3bab8,MY
c73692a8-31f7-4949-9c89-a77cb85e26a8,LY
0a6eec6c-96d9-4392-a800-039eefa4abfb,BA
62d8b2da-2bf7-408a-a445-8d86b67a408e,MO
1e220c47-0429-4e6e-bf18-08507cf431af,SNE
0b807088-9aff-4061-8134-10f1e03f661d,BA
5ed9b679-637d-4d2e-b5bf-c683fc4c15df,SNE
924d8101-6679-40ec-b707-47c07ee3e447,SNE
11164937-d441-462c-a9e0-5598f936966c,LY
426cef13-0168-4184-8901-a14c67502a18,EO
87001598-e971-48a7-87f1-5e672b5d7464,MY
b006072d-1d51-45de-bcd1-14bf7f9aaa62,SNE
19437419-a7cc-48cb-b034-1048c57c25fc,EO
bd42cbad-4302-4d78-bb60-143dd05758f1,SNE
6cd424d0-aef3-4f02-9eee-95fb0d94d1d3,BA
f46955da-79ba-4726-be43-42a9a626ad42,MO
c8596c37-077e-4f69-bfe0-5899d472d9e3,MY
0fe61d63-0087-4d1d-81fb-bcb1726a3c5e,EO
f34c79ca-dab4-4fd0-85a0-9bcd1441fbef,LY
4d4175d4-766b-4e6e-8374-20ab028fe061,MY
5d8caa08-9109-4dd4-a406-8ee79ae945e3,MY
d50dd1ff-8db8-4498-a060-6c8d7ecfb3c2,EO
74e5476d-14b2-4390-836f-613fffa0d345,BA
2caf16f4-36c3-4b7a-9f1f-60484d55fefa,BA
9694e417-0b87-49cc-8e23-d83603a7bb89,LY
d54e12e2-fbdb-4533-8d0f-8c723c85bd39,EO
9f778e10-b270-4354-ae99-8b207c406f3a,MMY
5de4eeb8-1690-46ff-a01d-9bd7ebcac2bb,SNE
ea60ae06-127f-4c85-a858-5afafecbff45,MO
07465e68-86f3-4f5b-9b4f-752131e475f5,MY
ec7cd11c-483c-4102-9afc-e9e1ad73bcd3,EO
2e215490-2736-4ae3-b22c-267ada4c47e1,MY
68266cf9-8020-4d5e-a19f-b8e702bda275,EO
4509c943-b353-42fe-a889-ecd7ff14f099,LY
9a0bcba9-4ee4-4caf-8c1d-a71b90eb8117,SNE
b5050eba-bda8-4c6d-a614-a2df5bc2e016,SNE
3d34e51c-3a7d-4f2a-a008-1108e72c3114,SNE
b550c7ee-050b-43e2-923e-54c13ccc9a36,SNE
8ce25f90-4778-4bb9-a112-376724aff184,SNE
3247a1f9-95a0-48df-99c1-a5806afb2165,EO
42000306-417a-4254-addd-8e4e0d94cbcd,MO
bf503938-f521-4167-b29b-9ae0d34679d4,LY
b2b1392f-5ab3-4e8d-a4b2-5751cd1c2606,SNE
21c93398-7359-47b9-86d2-88ba7e0be948,SNE
1b2ae346-05b3-4369-b1b5-12e262fd4346,SNE
3aaec575-2af3-4acd-ab10-d8569dc0710c,SNE
989ad2b9-54ea-4b12-8157-a0a1617aae90,SNE
edb3b971-acf9-4de6-88ad-5ee48234a7c2,MY
a2aa8fb4-d417-48af-9765-0bd8e6692f20,LY
2c46d693-6978-4d77-a609-c1d36c419dde,SNE
bfed57ff-4ab4-4b94-b638-366fccd4b0a2,SNE
abef1253-2119-49cc-a03f-e536638da82a,BA
8bedc977-18b2-4569-957b-53d5222e26e8,SNE
b970d086-1b2c-4429-a26f-306198d33c04,SNE
138480b8-3238-4ded-b707-1e7eb07acb5b,SNE
b0ed9eb8-b377-43fe-a5f5-e7fffb135e90,LY
4264576e-3e16-422b-9ae6-f5ad63df1698,SNE
464919e1-fef6-43c7-80ff-81efb6d1a0ca,SNE
1ab701cb-62a3-4821-99da-2b0ea4834350,SNE
fcf70ca5-8390-4306-bc4f-f9260850711e,SNE
9e47fabc-73ed-454e-851b-114c3857e06f,EO
369f69fa-cb8e-41c5-8652-f9eb3b23faa7,LY
0c8f6cea-e13d-4b34-a544-e9395e9a0c78,LY
f890d8a2-e91d-4069-a5b6-ac5c2aee609e,MY
fdc5fca3-6c81-47e4-a88b-7faa37b86f1f,SNE
a5952edc-aa73-450d-b8b4-62e5df01ddcd,LY
55f5dd73-8738-4434-8902-126960cb2884,LY
88a8cd8c-9da7-42df-9c25-032428d763b8,MY
865f39cf-58f3-47e3-893e-d8ebcc3e203d,MMY
8fa67fc2-4854-45c1-8f0e-1ae1d5ff036f,LY
2b6ceb90-9a31-4c0d-b57f-30e4afe152e4,SNE
df6a9d80-64be-42bd-9a45-40abdfc3f827,BA
f49c2306-a143-4d6a-8a36-40b6059a99ee,LY
afa6d306-45bf-420b-95aa-1718d9463661,EO
1484de83-6208-4673-808e-5c18698ee81e,MY
2ca42102-ed38-4d83-9cdb-99bfb91c6ff1,EO
8cc6c5a3-368a-47ba-9225-eda6e2b06f3d,LY
4502b7fc-73c9-43c3-a05e-0defafd08c96,EO
4cff5c97-ede2-445c-ba03-803925134444,MY
65e0ccc0-3d1a-4894-bbc6-e0d25fd1d095,SNE
107c0094-98c1-46ac-ab81-35464838fae6,SNE
d95052c0-c217-40ef-ad76-4350d4ff46eb,SNE
4c110095-d8fa-46a5-b6e3-350755ed02a3,LY
33f288d7-5079-4a5b-8257-f082e627ccb0,LY
8b83dc47-dc61-440a-b741-4b68a20107fa,LY
810a53ab-2019-4703-926d-02e885a11196,LY
b64e3fa3-c048-4a49-a0e4-95eb6b100b27,EO
4aa03b0e-61ca-4174-a11f-6acf7a25a8bc,SNE
a194836e-56dd-4c61-b8ac-b47aebb6edc3,LY
3462e238-694e-468e-884b-200584d81885,SNE
4c039c8c-c2f7-4e4d-9254-5f0b4dd1e23c,LY
840ddeda-cb2c-434f-ad19-c48144d6c9b2,SNE
b1e8733a-a223-4219-8f8f-707d7534b7b4,BA
afc30847-96d1-43d3-b761-e72e76faf152,SNE
2a81b2f9-faf7-43d7-8804-781242981c8e,LY
afb6d43b-54ba-471d-ad51-2953cd9700de,EO
8ed927ec-cf40-4fe5-a187-59b89ac8d0de,SNE
f5fdd30f-98cf-40fd-8e75-178ae3924f1a,EO
9fb9c89e-265e-4243-ba3c-b4117518ed48,MMY
20723a52-bc1b-493a-a390-ea3bad6bb66f,MO
e1c9f292-ed54-4d75-b697-dc17d2bbf711,MO
8603145e-4731-455d-ad94-651560493a17,MO
f0ea095f-4142-4bda-9946-c778c910c5dc,SNE
184fb287-0581-4ef6-8503-ce4b7524babf,SNE
81491b7c-4e23-4c04-a23d-5f799928059d,MO
b4838135-1eb6-4de4-87e8-dd44d7613b57,SNE
43ae3a48-2824-484a-89b2-f9e495c65e7c,VLY
60643e5b-d5d1-4072-93fa-4311e6330daa,EO
420c31f8-1ea3-4a22-ba74-28d3f56aff8a,MO
f1983814-0e20-49c8-9677-a7180928d9a6,LY
b172c2fd-d97f-4323-8114-b60fa4d23ae9,EO
b52e1fcd-077b-4da2-b588-3c4af4fd1edc,BA
ddf97f27-7477-4bcc-8718-1ac4031c7d7c,EO
588ba63b-4cd3-4c0d-afc6-9d9485118601,SNE
539027de-dec5-49ea-8c07-e1e02822e344,BA
364bb395-a451-4b2c-93d8-426eb11a47c5,LY
a611df19-06d2-49dd-a12b-7692f93b0145,BA
8f2f19e1-d779-46ca-a7fe-f75e0de791e5,SNE
8eda147e-2492-4c6a-8146-814fd0bdf9cc,MY
7e5d8685-6261-4d5e-a989-8bcb1d091d54,MMY
19426450-719e-46d1-9bb3-e96233910835,MMY
ab796829-7f60-41dd-b132-912c08699971,SNE
a89cff37-ad55-4dbd-a80d-fad18b4d24c9,EO
263dd735-a14a-4754-a374-c544c9d4d5d9,MO
71003976-0292-4414-876e-f719b9cad572,EO
6ae0412e-eeec-4cd5-b593-354a16561705,SNE
6ab69bd5-2da8-4f93-ac12-1aa0113576e4,PMY
6fe2be7a-e6dc-43f4-93d8-a9f429fdd1a0,LY
e3e0d0b7-15e3-401b-884b-db8ee3b6e8d3,SNE
45fe4108-4dcc-47b9-9309-fa00de2e073e,MMY
a435338f-f422-447e-8bf9-13f61c70b79d,LY
12635e5b-dd02-4047-a8cb-1329d4b73b8e,MY
6a99a002-dab4-4c48-99c2-0737acdeedee,SNE
11edc6e9-45de-41a2-ba06-b1ea3d1995a2,MY
c5b2ac8b-77d7-40d5-b613-0e9d0ea91814,SNE
680b60e7-55ff-4488-8abc-855f6ff223fd,MO
334a72a5-5ccb-46ab-8756-d874c5233a00,MY
3f2d51fd-3f16-46af-8fa2-d5954874899b,SNE
cf5d3e30-4019-4e96-b44a-563618f03f0d,MY
bc6ee3d7-d657-4f72-98f7-c1d63d30e069,SNE
ae825cc0-c904-4471-840f-3427ed01cd49,MY
9ee5fe8d-95f4-4715-9ab6-119f0bf40af7,SNE
83118ada-5e07-48c9-9a37-58383a7594bd,LY
eb1b273f-6bf4-41e2-a39a-095e72bece42,SNE
701512f8-8c72-4d26-9bd9-85406052fb01,LY
ae820b24-671d-4268-8a47-035f5fc5521f,EO
718db72c-da66-4540-a28b-9593b07d9e4a,MO
94211437-e1f7-4f4c-acb5-db355743a0a9,MMY
2ec2b470-4425-4f79-89df-6ca7cde664c6,SNE
4ec7c54d-606c-4861-ba99-d0f411d1ae63,SNE
7f7d789a-8173-456b-b59d-05de5a023f0f,MY
583ed2ff-aaa8-4039-a209-e6a9614bbc99,SNE
ca461ff2-8480-4073-b703-6d1cb12a2e10,LY
7670d87d-d410-456a-a8f6-29df7a2c2940,EO
273cbb08-d912-4269-bb9a-48517d4c672b,SNE
def3cbcb-b12a-46ac-b982-315b5c3a85de,SNE
4f370a70-8080-4806-b633-b7ad7b37fcdd,SNE
47a74bd7-c2e8-449f-85fa-9791b18df198,LY
07a1fec8-b34c-4d2b-9023-10482467e1d5,LY
bb8bb713-8064-4d8a-b5f1-bf4beb872387,LY
6014d210-2b51-4d74-b281-afd25d68edc6,EO
40487870-84b0-4b55-8500-48f0c7a772d4,EO
3d294994-8f9a-48a7-b517-db553bd2aec8,EO
dda8a7db-dcc3-4e4e-bc2d-9e47a7d37e5e,SNE
5da31f47-b631-49b8-854e-86ea06fc12a0,BNE
3b8432e9-a7f0-4a22-b21e-e196436549a9,SNE
2d226582-60ef-45fb-9542-dfd0461e686a,EO
e28bdb15-10f1-4c5e-8b09-38e0d1309266,EO
ad332b87-3f9a-4722-9395-6d8e577d414e,MY
0588e67c-2229-4e4e-ad32-e44663e168fc,SNE
36ffa6ca-36f0-41f3-b4eb-927c6e8e28e8,SNE
3234692a-ab4b-45fa-8bf9-aef513c14b2e,BA
1fbe2b0f-ba9f-4c10-aae7-94f5077e2170,SNE
23aa3ac7-ed1e-4ed7-8e51-98d9206dfed4,BA
f3aeda71-3439-495b-8c3d-6ea890ac2faf,BA
9ccbbfba-96db-441f-b705-bf13bdcc803f,MY
4531b400-0452-434c-869f-bb31cf70540b,SNE
cfe82298-ae5e-4b69-bc33-f774d09b8197,BA
8219b76a-0a3c-4ed0-81a2-761a191885c7,EO
182078e8-3784-407b-b607-19f95ca4be88,LY
2e676851-dbed-4948-b9ae-534f355fd189,LY
0a8e59d2-8efc-41b2-abac-e574e9a585c9,MO
071118b6-d45f-43de-8413-f20b8a11743e,LY
a78e65ef-e0de-4da2-a1e2-c5417e9f4b80,EO
10324764-8baf-4310-8d16-287d74f0bc6e,EO
0a1180f4-750b-45a8-985b-88ad7e54cff2,LY
cd215089-6c0a-4d8f-a77b-4dc7a823dc56,SNE
6e9ed396-7841-4b59-a141-b5856ec89f3d,LY
5ea63efc-92a1-4ff7-b9b0-ac1f97826b14,BA
42fc23ce-50d7-4266-b9b2-c5086c1a794b,LY
cace7130-5dee-4ac8-ab43-87206370d038,MY
a8d3547c-4dc3-471c-8e54-cab7608124ac,BA
9b2cec50-d233-40de-990f-16eb1c7c590d,SNE
40910a93-58b9-4392-8ff0-9c88094122b2,SNE
952426d8-45ed-4e04-8799-e340d89cbbb9,SNE
d5c1a40c-bee4-4e4f-a847-1a2278f7c4b5,EO
f15cc806-7d61-410b-969b-1b6437bfa5c0,EO
23b94e93-b063-417e-a96f-07061b6a90b9,SNE
0220b37c-80fb-45bc-9817-4eaa61695efb,LY
011eca02-5606-4b78-8c5e-5c570661ae78,MO
805a8dc6-367d-4ba0-9642-206cd0dba0af,SNE
6c82c33e-8ad7-4e49-8eea-bc70b0d16adb,SNE
47179cb9-2566-442e-9d04-1c2fce8ae697,SNE
b0d9fb43-21b8-48e4-911e-7850332718f2,MO
f7e5eb5c-29a4-42f2-8349-98d026238f81,LY
8c35e6fd-5fbb-4897-82a1-e3dc6aa36ed1,LY
4b088b5c-b774-4c12-a590-386732454acc,EO
443e68ec-cc5f-47d3-ac23-70e66f5aa27b,LY
96b64931-3090-4b0e-8bea-e7f721dbec49,BA
2756d7b6-6d6e-48e9-a907-d423b29854a2,SNE
f291cac2-9eab-45c7-a10f-8fa21c4278ec,EO
35f97d6f-99b4-4c98-9ccb-3ee7c5477525,SNE
3287a26f-d6bc-4b78-b191-744cd8d7a08e,MO
60d55b92-3889-477c-92de-1464ad57dcda,VLY
97ebe17d-731f-46b9-9f41-d672d77666c3,EO
106bccb8-2900-41dd-b55d-a68485af84c8,MMY
05ea716c-b017-40a8-82b2-defbb2a44b6f,LY
b649233d-22cd-4515-aaf3-87fd859447f9,SNE
fd9f3167-44a2-481a-9fce-0ad8d7f5068f,BA
7285de83-2d04-4159-92e3-0fe17873d693,BA
6ea6cb13-23e7-4ca6-99e0-8e894e747ca4,BA
db7a5b34-cda2-43fa-9016-4a9bccb43d03,LY
590bfd46-583e-4b77-84dc-f7c6ddbbb921,SNE
fdb1fa0a-29ed-4612-8d43-3a36b3385c02,LY
f594e80e-e56c-48ee-9e16-1596dd3473af,SNE
53a0fe37-03e3-4266-9f43-d20dc591c6a7,SNE
1c10fc0e-35c3-4b59-b6bf-880a8eaae546,SNE
b9d2e132-4dfb-4ac9-89c9-937115d9cccf,SNE
abfa91ee-2881-4f17-9cc2-1b80a6385222,BA
26e14a0a-222f-4437-890b-82a375e05bca,LY
173b0992-2280-436d-887f-4ede1827a7f5,SNE
9ea67174-55f0-4fb0-bd4a-7e5f81ebb900,EO
c704cde8-87e7-4efd-9535-3e104d69e9af,PMY
b0766b72-9238-4be6-865f-06e8b103ddbb,MY
fbcea271-ce52-40eb-82ae-fd5be9877273,EO
5386cc02-d743-43f9-b2ef-902d84a06376,LY
331492ab-963d-43b9-ad85-ec52863b5b1a,MMY
8a7ffb07-b571-46a0-9101-55db0b7f2dcf,BA
30a22692-d87c-4293-b959-e6b553f852e6,SNE
8d10807f-2307-40f1-915d-cf885f51f40a,MY
22f46997-4dbc-4c93-bc43-26359812d68e,LY
12f9de18-5293-49d8-93c2-f21163a2caf1,EO
e8dd45cc-689a-4e9d-81e8-214b5f1f3da8,LY
f2325bd6-1f66-4bc3-bc1b-609b80cea568,SNE
a1cde9e5-26d3-401a-955c-54c5738e8ee9,VLY
a1381d22-0d76-4cfa-b37d-f65472c20c5b,SNE
1102fe61-3a11-4fa2-9c0c-9aa864c0013f,LY
55e5a01e-5333-4acd-9379-f29619918d7b,MY
399363e2-4e87-4f81-870a-bd0cfb50d6f9,EO
1da59893-1136-43a3-908f-3dfea0340a66,EO
c043ef3a-4779-4916-9618-c4b3441d1f64,SNE
7484bb01-2f4c-4bd7-aca8-8cd67e526344,MO
fbde26b9-6db0-4fde-abae-3829999a1ef2,SNE
204f5a88-6b67-47c1-881e-1aaf8bda6d59,MO
e99745b0-73c2-43f3-987c-91ee6601fc68,LY
9cadd726-a971-4fdf-8207-aa1d79ea63fc,LY
d99a5da3-34bd-40e5-9c0f-69acd9a01488,EO
bf49c25d-9b56-4cc8-b12f-5437a369a0ee,LY
8d2ce4f6-df28-48a5-8570-02748a24d645,SNE
4b6f2464-0099-4025-87e4-60e98a4075fe,SNE
627e66ab-a1ad-43fb-9a7c-30e47d842c8d,SNE
49974260-0e75-498a-89d1-8ded1d49eef9,EO
e2b00818-76c1-4e8f-b973-4d2da8e49073,SNE
add79450-071c-437a-9ea1-708af4ac28e1,SNE
985e10ee-79c0-45ef-8e98-c12a7c328331,SNE
9c362aa8-755f-4f03-8bfe-40b80870dd3a,SNE
3b4a8b9e-d9b4-43ff-9707-ba9816b7a62b,EO
9a959b1f-716f-4586-bd14-67ad07db2e73,EO
6842e205-f639-47a1-b02c-3ff1bfcea7dc,SNE
6ef66ed7-659c-467b-8fe0-433a9578f3e0,EO
d9554fe9-6b4d-4620-8e34-b4d7455f7ad2,SNE
387afa85-d7d1-4a03-9f01-81fe7ae89d68,SNE
fa4dcdb0-ec96-4511-abd8-352f3a3f0027,LY
8851ef5e-9749-4941-a0df-6cc137b6242c,SNE
eeb1d874-acb7-46b8-9716-0d83ae13a477,EO
70dec3b5-0423-463d-8243-07c7f414a8b5,SNE
4ab0db3c-610a-4b8a-b6c0-f351cc7c4728,SNE
6bf30b59-fbc5-4145-b8c0-27e9f2871dad,BA
9c610a61-ecab-47c0-987b-b569800eedb0,SNE
753f30f6-fe10-4f87-95bb-bf5934c98c12,SNE
4a510463-a0db-4a34-89fd-f90de41a59f8,EO
69a56dfe-0c12-456d-9fd4-44952cda0f13,BA
02b99af8-f29f-4837-8427-5b8fc9254c02,SNE
bd5a2e67-9807-4ce8-afe9-cb89ea94540a,LY
1d90caee-097f-45af-8ed7-12bff54cf82a,BA
491457ee-e334-4fe1-b8fe-98ada87db588,BA
9c16f72a-6701-4b14-9186-14cd56568549,BA
dd8d4702-0735-44d5-9030-9b3be13931fa,SNE
c63cbef9-d932-4d6f-b985-cd4a284e6bee,MY
bb43a694-fd21-4113-bf8d-9dce953a22fa,SNE
bee37f0d-3e76-477c-9434-f54fe63da198,SNE
e3fe1fc6-2340-44c2-b91e-41567b650316,SNE
7f82dff9-7838-4ae7-9cba-91ddd6e76437,SNE
6748ce19-1c71-4876-bc95-21eb2151652e,SNE
64667543-7522-4beb-abb9-ceac5efb44f7,SNE
7684d422-4257-43b6-8fac-ec56f2766033,BA
3c3453d2-ba87-4500-aa84-0b069a3e93c9,SNE
6826c51c-921e-48e0-acb4-22fa6e822658,MO
b7a988a6-12f7-4e6b-ae8c-85bf5a8ef35e,SNE
d40ee6ed-53c3-490b-80df-8aabca59c919,EO
9b06c4c0-59d8-4d4d-8f88-346371eea745,BA
4e1aebda-8522-4567-b253-efd8991e2c7a,LY
d8d4e2ee-40e7-4b58-9ca1-aa2302be18ed,SNE
26cbe06e-b935-4397-a187-dc0ca4a84c05,EO
12accafa-bd57-4ff8-b3e2-b9d8f9761d23,EO
fda89930-75d5-4f4a-9d19-fd902e07fcdc,LY
98c4c59f-a727-48c3-ba14-1d0c271289ac,SNE
6bdbd25e-4a37-46f8-9cff-82b4039ff486,MMY
bb4959af-b568-44ff-b2c2-64ae7701aab4,SNE
ed826c0a-a028-489d-8e72-790d4b001414,SNE
0b01fa5b-99ec-4fd9-ac69-c982c16db3e4,LY
9d692fcd-4177-4c9c-8809-b2b44d0dab6a,BA
b663ec40-6d09-461f-93f8-3c7c8a12d176,BA
a3cf581a-1224-4aa6-bd5c-fe10e88ed358,MO
609b586b-6fff-476f-b243-3c38debcc00d,LY
04182ff8-788c-4afb-bb0b-71b561fd4fbb,MMY
830dc4d6-9ee7-472e-a498-44bae3a52f98,MY
ae22e435-901f-4132-8a0e-80a051e954bf,LY
d09e7760-2617-4cfd-97c6-454882e7c7be,SNE
359aaf1c-857a-4ce6-8d20-032b773577e0,SNE
fc6befc1-90f6-443e-bab2-447d5797fd00,VLY
0b51c898-9384-40b1-b5a7-0bc4d7fdb7ea,EO
72b1f547-e0d6-43d1-8ba5-32c35104ecd2,EO
9c630dbe-93ee-40b5-93c6-6c728df0abd2,EO
67fc7f9c-13cb-4cb9-b80e-645ca95d98ec,LY
b2a861a7-6b1d-4846-a7f5-77a9cf67db3f,BA
f9256c25-4d0e-482c-9218-d80d626d88ad,EO
f5cdbf11-ba6e-4ebc-8a64-7c66f99f0125,BA
608c0a8d-1313-4fed-8e9f-f3c77e25aa70,SNE
fd310f29-83ce-46ae-9a30-9c24ef766563,EO
d57d42c4-a6a1-4170-a371-5326f5936ac9,EO
bc827b8b-572e-4723-8dd0-b5fcd3f5fffa,LY
4e67470e-3978-4e0b-8139-a49ba42824f6,SNE
f0888abb-05fb-49c0-83c4-148e811f41e5,EO
c3139bf2-d997-4c5d-82ba-baedcd7fca38,MMY
03cf9bb5-4c3c-4ac3-9f52-d06b472ea940,SNE
15718df1-7471-4ba7-82ce-d32b39b861b5,SNE
4605e545-65aa-4736-b612-d2346db731a5,LY
192eecb0-76dd-4d8e-85cb-d68be83b28f8,SNE
e61fd723-bfa6-43ed-b26c-2891a514940e,SNE
b9f2fca4-c314-4344-8387-d23aa03ba408,EO
9a521afd-9c4d-4d52-afce-d882e127af07,SNE
e981de4d-6709-42c0-9f10-b2c8db1fe408,LY
7e10255f-f5c9-4968-830a-3738b7e245a5,SNE
f5450c93-9125-49e5-959e-2e18104f778d,EO
53ceb14d-a30a-4b57-90e5-9d5917e95848,LY
7d63a590-bc07-444a-acaf-b1381c646382,BA
b2073409-666b-4ae8-b2ef-6c6422c25a13,SNE
755e98c7-2797-4191-883b-8f810ed5fb25,EO
eea95a1a-bb18-44a3-a909-47f774317b57,LY
83792410-a400-4132-958a-b6d89743deec,LY
ff75a234-e20a-4f75-8900-27e4d581f751,SNE
6df3dce8-822f-4587-bc3c-3641b5165156,BA
6d8a9558-6fb9-4318-bdf5-c63337321dd9,SNE
f725b84f-1b7b-4a59-a07a-421461371f77,SNE
927173c5-05b4-471f-b3b2-9e8f11f05523,BA
14fd8378-2e52-4af6-a58a-91a29b2e10c0,SNE
80431134-8b69-4349-a291-271b90153c76,MY
077b0bee-d027-45d4-856d-a94e15e6d3eb,LY
43ac2db0-703c-4c9e-9c0d-12caa5a42aa7,LY
15ebfad0-0c1c-4c8d-96e0-a30a9b47130b,MO
7d9c4da4-1e3a-4c01-b2ff-d088cd5c2a95,BA
302061a1-36ad-4841-81e0-c435f0dee38b,SNE
9dca8009-5e08-4749-9411-54bde1971a45,LY
c0e6e51d-a587-4574-bdf3-983f42c1aa0f,EO
3704c74b-409d-4cad-8ea7-09fbbf7455d5,LY
692ce430-ab7f-4c05-ad87-001723c6c738,SNE
cb6c3d4a-3796-45fe-b474-9ec20c0ce951,BA
76f1c361-d1ba-4301-9be0-d4af2afc0a33,EO
8e49513e-a116-45cd-b5f9-0be507d3b15c,MO
f59c213f-375a-4281-9a2f-4bce3e872dae,SNE
e3ee86a7-1036-4368-9882-49f75d674f90,SNE
ace8976d-4e4f-4363-ba89-20600ba9d5f3,BA
37866dfd-ba86-4ab5-a326-4c389ac9859e,BNE
9417c00f-8313-468a-9fe3-029a3f3046bf,SNE
5caea64e-0e25-4d2b-afff-9d3c6f23a3fd,SNE
2c186eba-7c95-497b-b30e-7a548a1831d8,LY
96b4d220-4bf5-4fc2-b2ef-047b4e8bef70,SNE
8befc507-030c-4789-b705-95f40a36edd5,LY
62cc47fb-3b64-43c7-a184-3df8dbef984b,SNE
e78edc39-f690-4f61-9b53-722f50cac308,EO
55d5173a-e45b-4bc0-a0b1-2b41ef4cd740,BA
13f7db2a-d88e-4e5f-8bd9-658c213ea9b6,BA
a8649201-5f15-4c24-ac30-97b57877201e,SNE
ad590d8b-3c6e-4552-bb13-50deea3a0147,SNE
c311ecd6-ae76-4574-b67e-3679a1a64b7d,MY
32b4db30-c71d-48a6-a0ae-36ad18790617,BA
b1944509-2184-480f-975a-5fcf508b8e64,EO
2b4c4c1f-0233-4173-8990-995f2a85403e,EO
d4cd26ed-df28-442f-ab4a-ea2e764456eb,SNE
ca78f989-bbd9-429f-9cc1-31c9b68e13e3,LY
f3946caf-dec4-4600-9f51-01901e6a0d21,SNE
67f8c031-4ed5-4269-8c91-d578dcb6b6b3,SNE
1ab13912-f905-4b59-a776-6a223bf25df2,LY
bc5b3af9-e35d-4ef4-a052-fcdf4c0743ba,SNE
055010c3-6e2c-4ab0-b2fc-abb6477ea93c,EO
9dc2de75-20eb-4fc1-91b9-1df1c145e5c8,MO
106a6025-30d5-44a2-aa00-7b5700ee6da4,SNE
8191264e-c96d-45e0-8170-5665660e3d3f,SNE
ca6d045e-9fda-49cf-a456-31ea97c36f7a,BA
9828a6c2-7bee-45fe-ac7f-580ce73011b4,SNE
83467e03-c48e-4541-a730-5e7c3d10726a,BA
b3765572-0696-4534-a91f-39b147a531c1,SNE
e863c5c4-332a-4021-9b38-c2b393503ca3,SNE
30d5bc0d-91ee-441e-a00f-1575ad4cd6c7,LY
92aedfea-efcc-4691-bcb4-3d085611fb2c,MY
8995dfb6-ddca-4b04-a565-2cf473b3881b,BA
9b3fd8d5-f7f1-4cda-bb00-9a4e8a0451aa,SNE
fd5d5e57-c6ee-40f2-a0c5-b65bd29e8e01,LY
51a0cffe-0fc0-4b76-bece-c1330b19246d,LY
14281e17-ce7f-46c1-8fa4-6b5fbc8ac72a,BL
f49ac2e4-e600-4db6-850e-a2eb39a3f88e,SNE
e828261a-b424-49e6-ab22-b7c7357fc704,LY
727deb2c-e58f-44a5-a446-98313fc1dd41,LY
c6ecf1aa-3b21-4fb3-a31a-10a67167aa44,MMY
5a0c10c0-1c7d-443a-a0cf-a5b402f68ec4,EO
27709a24-bda6-4f3b-9492-5255cf80827c,SNE
c5c86004-f1b3-48cb-a7e7-5d36562424fc,MMY
f5ed4ab1-7b76-4dd1-82e5-869d27e6ab81,LY
65399ce9-4a77-4b59-bdc1-8cdf3c820e7d,EO
cc4586e4-d7c8-4c10-8579-2a35f479ab2e,SNE
c5102f66-5ca5-4203-a3f6-d6165b9e5e66,MY
c5385b65-66ab-46be-8bad-a415834f876d,SNE
739ab26c-0e42-48af-9e02-0d7d297823c4,EO
510bf257-ef3f-4292-ab15-01c341752848,EO
76dc1162-2064-49c2-9a4a-a57f13f0b43f,LY
a6f5ccd5-fc59-442c-afe1-82b7f4db24d1,SNE
ddad1902-9019-4be9-bd8a-cc3897d699ee,EO
10edb078-c084-4db9-985e-51bb317ead24,LY
4396bc38-4843-43b5-a758-730139541cb0,EO
55353af8-00d1-4dec-839f-9267301b30cb,MY
a17ec621-ead2-4083-bad9-6d2aee36f6ba,LY
396cf680-fd05-4502-9c37-b3c643d99714,EO
f6438ccb-6a4d-4756-a918-9f085feaf04a,BA
f66b8e48-392f-478a-824a-ff7b0dad22e7,LY
da713268-a013-4b26-8139-f57f49a892ad,SNE
3ee64d71-f71f-4fc8-bfd7-3cef7405255e,SNE
0d7b387a-fc48-4b98-aa80-1461d883963b,EO
12491e0a-224d-4963-9a5b-1dcd54dfbc1c,MY
01b029f3-0775-4bd5-8419-999bc216b407,LY
a322b20d-f860-4d8c-950c-ff8025057de7,EO
f78af25e-0d86-4289-ae85-18154da67c07,SNE
b11a526d-078e-4616-bae8-b236b6e1fd13,EO
fcacc5c7-1b9f-450b-97ed-098c969b4445,VLY
14caf112-661f-418a-a2dd-f44bc56f4cb6,EO
6e8c0b9a-9d11-467f-a0b7-0a66039eef03,LY
f98949c2-aecf-4045-9a99-f464ae854051,MY
8156275d-2382-4917-8f1f-d14b3ffe2059,SNE
38e407d2-1797-47ff-b3f3-c2f96b42e080,SNE
ae22208a-2575-46de-a907-56d2a1336878,EO
ba2fbe7c-2e2d-4735-b089-113e9eca136b,EO
478706eb-bc65-4d2e-bf62-508f89e2f2cd,SNE
7ba74eef-233a-4e75-9bad-2adac9f56c47,LY
8962eaa9-9725-40e5-afd3-8a199ffa29f0,SNE
4c8d65e4-fd0c-4cc8-a814-acc27b1cd312,SNE
aecb157f-2318-4787-8f2a-ca68fe6e21ab,SNE
2d998585-0568-4de7-90a7-c8508d6ea7f4,LY
533f0372-177a-49fc-9dd3-84064c023fb6,MMY
583c1034-e958-4639-8a88-22d67e0ae1ce,SNE
71b3382a-6510-4f64-8c0c-62be1f0ad6bc,MMY
01c32471-e38f-4b62-9e36-0cdf80f7dd4a,MY
04c38456-cad2-47af-9322-0eae9e78636a,SNE
d6313401-5ad8-43c7-9a87-a7510a572283,VLY
0e72c504-5db3-49a9-b578-b38fb9de8575,BA
0ed6bfc5-6911-4d55-9cf9-4fd3a967b784,MMY
8f70664b-24c0-4b86-927f-0ec54d669911,SNE
aaedf12b-1228-41f5-9e2b-03c4097ea1b5,LY
aa18af04-619a-4b29-8d3e-c5cd618628ed,SNE
ca4c3ac4-56dc-4ccc-98db-8a95ce1659f7,SNE
930c2d8c-a705-4f78-b122-3404b44fcec4,SNE
fbbc04dd-7e58-4c31-beb2-e55d737271a3,LY
17c09bf2-f871-4475-ac39-9e8f6f348051,SNE
d2835335-99af-4751-81b6-89fd73c29f6c,LY
f75648f9-ed08-4b57-a8ff-a5a999d77601,SNE
ae965cbc-c09b-4eb2-82d6-e7ffe7464fa7,SNE
c6c9dc31-49a9-4ad1-bfe9-e112b058120f,EO
6cdc6c9c-a3eb-4bad-a88d-98dd1d0e89b1,LY
b1ce8959-d513-4d12-b7e2-8ef54c404775,EO
3dab031d-bc17-4ded-a92b-c2297eb2c34d,SNE
e2ccdefc-07b8-45ad-8a2e-556283f41a0b,SNE
95d32e85-ba6d-43c0-b472-f338fbe0f2bc,SNE
d9dc36e6-d29a-4cdf-9a7b-bbb40023cc1a,SNE
831cb9b5-340e-4f9c-b8a2-9cf463b76b89,LY
307116fc-3265-4fcf-b681-ca5245edfb3e,BA
920cea22-e7b1-47dd-80f4-752899594726,SNE
622d8c9b-dfa0-4454-add8-acf9e305a77e,BA
2da8950e-03a8-44c4-a845-5f1b391d1d6f,BA
caf2bcdf-a1f4-4573-b562-57f77e347125,SNE
6a3ec69d-9314-46b5-aeb4-c5f46dfbe100,EO
f1c3bfff-9357-46d1-abb1-d76d7b804bbf,SNE
1c3ff438-e8ab-4867-858a-db7031f427aa,SNE
746af03f-016b-4ffc-9b98-a891c917016b,LY
9ce653d2-8b65-4b6e-a962-3a16d3f8b5ac,BA
655ed66a-19a4-4ed4-8a02-1f615abb70b6,EO
96b8e674-7bb1-441f-8b3f-363817b77085,EO
f74bc169-e1fb-4ce2-a55a-ee43838b050a,BA
1e61315c-79cd-4ec3-8280-824198567c42,SNE
53928aed-64b6-4e14-a751-5ad5ffe37808,MMY
ddd2e675-8e86-4e2a-9b85-e638be2893c0,SNE
04bcdd96-456d-4069-82a6-836b2210631e,SNE
b3c92ffc-fee0-4ee2-a4c0-ab5b62217073,BA
f65149bb-fc44-4f5a-acff-ab6035d0bb93,SNE
0e533c5d-dd50-4cca-a0c4-dec4b1f5a9c3,SNE
575285c9-c5ab-4c0d-bb89-244ba762348c,LY
d901165a-3940-48b1-946b-5b7626679ad9,EO
a6f6e01e-2911-45e4-815c-a5da085c4f4d,BA
b1bbefa4-c129-4cfb-a648-b00f4fb64326,SNE
bc886c82-8d10-49bc-b5eb-869b7dabd580,SNE
b451e979-2fb4-494d-88b6-559f6dbb0c02,MY
65bab879-140b-4fa8-b255-3fc15da78b98,LY
6ed90fbe-c168-4f81-bd26-520f7cf02065,MY
06a83b5d-9dd9-4f3b-abf3-d83d700dfa7b,MY
756bb977-2f7c-49a3-86e1-5f93bbcab8a6,SNE
6679fc2f-2653-4c41-999e-0780f25d344a,MO
3be602cc-675d-4ae9-9a55-550c4409b4b2,MO
3a2a93fb-8c5d-4fa4-86fe-0f968ab34d32,SNE
e8851a94-1e0f-4dce-9bd7-4a45face8986,BA
6c74a4fd-c375-4f14-8277-452e3b68ae8d,SNE
5ecc6980-319a-4514-a58c-0a0580625325,EO
82ef0364-22ce-4956-aebf-1d1b2a947aae,LY
77ce8ef0-6b8c-40d2-919c-1c6108e8bfa3,MO
f3ef3133-441b-4e3d-8825-d8a21fe15772,SNE
ee21d9e7-e4eb-4dcd-87e0-297a3f9f9487,EO
5c6da964-6a83-459e-a329-e32e3125e9a2,BA
bd56aa68-840b-46cb-8f23-8b5a9f2d75b7,LY
c99b7db8-b7a0-4cc5-bf6d-09f8c3d823c3,MMY
68bb03c8-8a24-475a-8405-48d96e03184c,SNE
552bb898-9643-489f-a41c-22e6307d06f3,SNE
446f8d48-3151-4285-8ba9-b70628f11096,SNE
54e036b8-b768-4233-a19c-21eafdf4f430,SNE
4c4133bb-a8b6-4085-81f8-778137e8d350,LY
6844ea9f-0100-49f2-89af-818f7ddb8353,BA
2c5c8f03-5b64-4155-afa8-8bc2a5801692,SNE
7ab2511a-786b-4f4b-a8e0-d4ad938a9c66,LY
29da2f03-5adc-49cf-adcd-f2041cd3448a,LY
ab81b809-38a6-4799-9487-121d707609a0,EO
aef5a2a4-3482-4ceb-bb87-2d889d2d649e,EO
559f0590-fe48-4556-ac82-cc3b87470b25,LY
aa23c567-c31d-43c8-8c68-cbf1c3db0c29,LY
3d0a9302-e2a2-4316-b899-9b0d03ab604f,LY
dbe25eac-8349-4c34-8b2c-d7a2ad61f138,LY
de21e844-f261-4b35-9ee8-a8f7edbc171d,EO
854629ae-d82d-4783-b59c-f05fd47e6ee8,BA
2669421a-2da0-41fa-b80c-46da0c7ea319,SNE
30c16692-22ad-4467-b9a6-5e5c5ad35053,EO
ef3d3c2a-cc2e-4f62-a5d5-d3e5fee37bb5,SNE
9eaaf607-6928-463f-9da2-5c8307141899,SNE
4a41f7c5-fda8-4546-bc97-b3dd1ce5ece4,SNE
2bbcb3f5-aa7f-40d0-ac24-3894116e3b60,BA
1cdb1cda-d951-4001-b27e-ffbebb538677,LY
04f86cb9-b396-49c0-b128-0bf0b92cae79,MO
893dc01a-9cd1-41cf-8ace-7e9240b9e0f0,MO
ff413f71-abeb-427c-8678-1d2be4c53c72,LY
2184acb0-d7aa-4c2a-b4bf-901d8c0e3476,SNE
5b245429-56a6-48da-8fa9-e2ae6405faa0,SNE
c1ad78bf-cfcf-41f3-b221-3a6385f126fc,SNE
031d04ab-64d2-49d2-b276-38d785e247e8,LY
8f08ed1d-d3b8-4a56-a0d7-d6ccdc798020,SNE
1f6c8ea7-c0ef-4655-b5af-47f498bfe130,SNE
8a737473-b0f9-48d9-b39a-d96add2280cd,BNE
279003a2-06b4-4320-ae38-10a34960be1f,LY
bb601ba6-a502-47b6-8f3b-53745a17be53,SNE
13d6b2e0-db56-4476-b618-27c2a168e355,LY
631ae80a-cc2c-4da9-ae4c-d4ec78535dcb,BA
d4c84b52-c36e-4021-802e-aafb5e29688e,MO
9271ac2e-6689-481d-86b8-6caff6f30d05,EO
5b3a7191-6d09-461c-94cc-83e7e78dc3bc,MY
a07d69c8-1ebc-477f-82be-bd5af9d18fe5,BA
4e4628de-ed82-4077-9a2d-41253331effa,SNE
d2373bfc-9a4d-46a3-9e5c-9c8f508e0998,EO
68af7c75-f0c7-481c-9b81-36e075e73cb2,SNE
a1b792e5-0b18-49a5-adf7-436d0665836e,BA
deb96985-b894-4ff7-8ba9-af235701944f,SNE
001d1259-0f4f-4f79-9f33-85e9b91e9429,SNE
2b3cd392-1502-441a-9d71-1105f96540a8,SNE
57c98b87-0c56-4b82-8aff-faa3408c5310,EO
444db000-164c-457a-b841-8fe343946227,EO
8598259c-daeb-4c02-98ef-d3c4c3c4e165,EO
769291db-24ce-4a2f-b906-1a799776eb81,SNE
2be86a2d-c5c8-49e7-a81b-1900ccda3641,EO
64459228-03ea-422a-ae7c-a82c8b82453a,EO
b68a057f-f98c-4a2e-a9dc-94bc19b97a25,EO
8ee0e3b9-f7af-4c5f-9091-4f114663b23e,SNE
a3935534-f69b-4f45-bc6e-57e82ad84a3f,MMY
dd2c2579-9d6b-4e68-b62a-9430c98b3060,MO
f4e59d36-df98-4e04-a789-4cbc40c069e1,EO
492355cc-015c-4784-b2da-b7412a7be4a7,MY
2a7e30f1-6426-4770-b233-b72b2cae130a,BA
ebb365dc-e7b2-4195-925f-7b8079b6dd1e,LY
1586630e-1622-41cb-9820-316cd8a85101,SNE
7e2edc1b-ea67-415d-b2ed-94f232cfc092,SNE
5377cb89-5d7e-4fb9-9d4a-e6ab4bc0d4f4,EO
1c522bc6-0b05-4976-b985-3d68c1f3c9e5,LY
7adf84f6-3aa6-49a0-b82b-3a685d3aa53d,SNE
70802080-562c-48e5-be0f-ba2bef91c9ac,SNE
fc67d8c5-1103-4d34-816e-bc5074f81da7,BA
aa21add3-928f-4a26-b8bc-302778c7d747,EO
2e745cc5-1d6a-42b3-a036-d489e8bde277,EO
7d49d8e3-ba34-4f5a-8c5e-3bc294af76f0,MO
43cdb6bd-1b5b-4a9e-bbcb-033b6d71bfc5,MO
bf9163e7-ca60-4be1-a1b2-1b5a262ff8f4,SNE
911046e9-42e4-417c-9d0a-dbf422b0423a,EO
519f0234-218e-4348-b08d-8b8749c248be,MY
6648fab9-5cce-43e9-8bab-bbdd4011018f,LY
b0f1fd87-f8cf-4950-9cbf-13b2eb35690f,BA
f72de048-2d77-49e7-b065-c356e2a6113f,BA
3a6b5f69-a5dc-47d7-b982-a598e1a281ba,LY
21ba4e6b-cc03-41cf-99c9-7ab14ac6a978,EO
d39d7061-4e6a-482a-af89-1efe6aadc396,SNE
287552eb-071a-41e2-9c51-81c91d9df281,EO
e4a3b828-238a-42d3-a965-47e30614e6f5,EO
ce1e10b2-e340-4169-b6d7-61bb65e4885f,EO
194e50c6-54d1-4c8f-8f53-f0bdc66c33ae,SNE
0859cedc-86f1-4b10-a341-3729267103ed,MO
ce03c831-9742-426f-a6ae-fa753df34aec,EO
29bc045b-fe11-4ebc-aa56-f17467f45227,SNE
ee520dbf-6756-4653-b713-d0fbc704388f,EO
d4839435-0878-4b96-9b51-e3cf60028b76,LY
d21a1afe-bdb0-402e-8087-ba1012686357,LY
6c6f4f85-bda6-4778-9121-0a2939e10b1f,MO
bb0db6c2-d85d-46d9-b770-a4b37bb1541a,BA
f9ce0dd2-8559-4281-807b-2324ffce0b04,BA
a415731d-a033-4a70-a91b-784a92c63d53,EO
16c3d9e1-88f8-4af9-929d-05415a164582,LY
22abde0b-3695-47f4-8ff3-2f958730500c,LY
22226da6-6f25-4bfd-aa24-da3a60a65b10,BA
b591c017-eab5-412b-8b15-ea86bf6ff645,LY
8a55fa17-7f24-4ce0-95b9-8568c0c04d68,SNE
c9a114d4-3714-4f46-9369-1c937b52a3e3,MO
1eaa8011-72d5-4ef7-a27c-d78d2914468d,EO
eb0d7ab1-af13-4d17-b743-b6c510d8f3d6,SNE
39365ace-888c-49b3-8c4c-a7fd43424ddf,LY
0eede733-9e7d-447c-aaba-420a8c9df18c,LY
90fd8886-bf66-49fe-87a1-35e5b969a33f,EO
d0a632bb-7bad-4492-8f7c-002a4d4fba0d,SNE
4217692a-dc5c-43be-bd5b-c6a1a57e89b5,LY
e5c8ecf4-ae30-42da-8dc3-c9e1e2766a31,LY
641194e5-6826-46c9-84ee-9c962bc7e6db,LY
5f6d0c61-7d30-4fc2-ab60-51b1a9c2388c,EO
a78a25b4-d474-4906-9a52-d8baaec39256,LY
5091bfcc-2b46-443f-9896-30bac1345242,LY
6b7bd1f5-0695-495b-8d02-7b9159846239,SNE
a814ceb9-1ee5-4e46-b0d2-a0718117a2fa,SNE
fd86940e-3674-4641-9226-63ddbd1397e3,LY
4a3ee36e-dc27-4e5e-8c7a-6736523e9b1f,SNE
ae4a3d80-9322-49dd-bee2-f20bcd94394a,LY
c349486d-0c07-4c1a-ac19-5b83162d9cbd,EO
ef21a8dd-2852-4857-9aef-74aa2cafe021,EO
20029505-2e61-4369-b966-910b65929ffd,MO
f46880e9-d597-4822-8b70-7de928207060,SNE
8afd776a-90f1-4bf0-a4e6-2a8935922638,SNE
4e996408-6158-48c6-b16b-7543ac554ce2,SNE
2755d47a-42bb-46bb-a8ea-82bca1a5655f,BNE
dd61fd40-2e6d-4d47-a72c-5115b14eff55,SNE
624f926e-9961-45af-8f29-62b66a5efcd9,LY
cee99f91-9ceb-48dc-82ce-20008ce880a1,EO
c6411fa7-3eae-40cc-a3f0-439112464d2a,SNE
752df353-3de8-4f13-b0c5-d93d6910e8f3,SNE
c122d438-428b-4b49-8ea7-933d5be81ddb,SNE
c81d0daa-6358-46f5-b025-ebbc5fe43d99,SNE
e000e029-305e-4d57-9078-72b677e684a3,EO
9d3a19e2-e397-4cd7-b16e-5f6e95722f9b,SNE
dcd5c7aa-ee13-4977-af2c-3dc0f79f5544,SNE
3f0a8165-f40f-4a82-a7da-d285587906e9,BA
e07967e8-08a1-4e94-9618-0947b71d8867,SNE
b8238f4f-8f86-44d8-a639-fa9cea3dc234,SNE
4d32005d-7a37-4717-a6ac-2283f1dfd622,LY
f5d167f6-b6f4-4efc-b529-fb9357646ff5,LY
838011ab-cc17-484d-a2a6-eb236c7c3896,EO
fdd1c129-63b7-40b1-a5d8-0d5c2267f884,LY
887f5d6e-3605-4f84-81b7-02147b895ed0,BA
953af8b1-2862-4cd7-b2d3-cacfd2eddb2f,LY
d27f7a77-c87e-441e-b42f-2fea8885478d,LY
e66dc743-8899-4c49-b5cf-41c5127003d9,EO
10ea9b3c-5cd0-4b08-a969-e5705e369bb2,SNE
0d5664c6-6d87-46e8-967c-23b52b96b9bd,LY
46c23181-ff17-4bc3-a3ff-0e23291c11dc,SNE
6e2594f7-ad16-40e2-8df5-d4c583a94541,BA
a8a3d09d-64e9-4cca-b2c2-b22200750844,SNE
ea04d066-9272-4fbe-84ff-65a95b16e1dd,MO
cf6a0660-76cd-48e7-b82c-c16a97230334,LY
9515ccbd-3065-49ef-a407-23ba1e055d1a,SNE
9e12bf07-25f1-4bf0-94c9-13671a6b2352,EO
618f5aa0-f1f9-4c99-b670-101786dfd2f2,MMY
bd4a9b49-9d5b-4b5c-9a9f-fc9329179ead,EO
94441cea-9a64-4eef-ae93-7a7a86ed26e8,LY
b32f3b87-7b4f-4ee5-972d-337d8e58b2d1,EO
86e55750-33e7-4361-883d-873cd59ef233,EO
523cf63c-2356-41f2-8730-2d5abf369e16,LY
be688599-e9fd-442d-8028-e4f7daed1867,SNE
5e3c9beb-4089-4eaa-8347-fcfee65e25fd,SNE
584a3d68-a347-4552-8eef-a408aeb68dcf,LY
4e5e8c01-6247-4e0f-b4fe-9188488e0dc3,MO
87e8c85e-d755-4a7a-9230-8607dea56eed,LY
1e2d7c2c-deec-44fe-a8e4-0b5609b525c7,EO
5653184d-2978-4ff4-9bc4-aa68628c94ee,SNE
3043816f-2f5d-4e3c-a6ac-a8e8dd025510,EO
86110779-8d95-41ae-be44-cc3b9cc60761,MY
cad2d16e-c6d5-48cb-b97c-638dd9e7ee27,MY
c6fae1e8-153b-4cc6-ae89-09658ae17fde,MY
2b51c6cb-17cd-4dbe-87e9-af7d02a0cba9,SNE
dc85f691-5aeb-4d69-b316-3b9395e4599a,SNE
a9f68a9e-58e3-44c8-a327-91f0e1dbf96b,EO
21f5f80b-926d-42b2-89bf-032ad9426166,BA
a808c855-c7ef-4278-aabb-968176c7cabd,BA
fed1e0fd-5958-4a80-9c39-095d9af2ab16,MY
79495de7-7b94-42ee-95b0-9a4bc1a97daa,LY
a7528026-5d5b-4d1d-949d-4969454efb73,SNE
391744ce-3d0f-4760-8a26-10bee6d17155,EO
dfaba95f-faf9-463c-aab5-dc4ad8cd03d6,BA
e700ec66-8f97-4b27-9b6d-78a978bca564,EO
021df590-1d3a-439f-974f-420a84269f22,LY
20df6ae1-7e7d-43c2-b092-2d4119fd9032,EO
96609a50-4e70-4bf1-a09f-23af2c22a1f6,EO
43b93855-754d-4670-ab0c-8185f4e825a7,LY
5d9216e9-9d88-4903-9e8a-b40fa527237b,SNE
671ef460-b5b7-4102-a5d3-2b074815ca9c,EO
8d1fe2b9-11ca-4d2c-8df7-6667e5c65c39,SNE
1731c02a-9ce3-4798-91fb-5db71d840cbd,BA
fb99768c-223e-4b32-a835-8163fee1af2c,SNE
fb874cf9-1e61-4836-b72c-280f06b1c66a,MY
3f777c09-f6f3-4fb6-9741-2c29d91c3158,EO
275f2294-32ad-4968-9d20-6f7138b961b7,LY
699b25f8-b29d-4d58-8858-0dd23a4137a4,MY
d933ea77-6525-42e7-b7f4-c5f5d9ac3aae,MO
eda192fe-7ce9-4709-8676-a8a1815d9213,LY
326d90bd-e472-4bb8-8fa2-163b2d32371c,EO
7a939f81-12b3-4a2e-aa92-03d5bdebe4c7,LY
8e1edf5e-5c05-4232-a7ee-1f1cf3099342,EO
e6f9f666-e529-4909-956a-2e8d1075189e,MO
638ba0da-94a4-4c6e-abd4-ea763e66d69b,MY
1180ffca-b68d-4234-aef9-f7ea751d7d56,MO
63d0c09b-cdcb-4a76-a5d5-42840062b6b9,SNE
4184db1e-b10c-4cbb-adf0-12012ad208fe,MO
19815c4d-015f-4541-afc1-6d5beb28d222,EO
c94954fa-63c7-4842-95c7-0874f6f4a1fc,SNE
98d0e8f8-0023-4394-b2a5-fa8a36b4b859,LY
1b4d89ee-4a90-4559-af6e-472fbaa80095,MMY
41c50147-e3f6-43fc-afe0-3e93e5594ad5,SNE
74974eee-6643-40ae-926c-5791b01aa119,VLY
52117ccb-9150-4cf5-bc7d-445f292944f4,BA
4090b2c8-7374-4a0b-b9f6-28da52c71538,SNE
8af71824-6a42-47a0-8091-a92419e03e06,SNE
efe72999-f60c-432f-9a4a-d8ee729c3916,BA
305cfdc6-fce4-4f4a-8c50-9e502c65b0cb,SNE
0cb98f10-9601-4776-9e81-659c015d296c,LY
b38c7b2f-7a95-4c4d-b24a-8f389b8dcd69,MY
ffb0f19d-aa60-4f30-9482-bec020c1f99d,SNE
fdc03a65-69c4-42f7-944e-6ad24c9a754d,SNE
8faf8598-55b2-41c8-b9f6-a5d18a9e7b18,SNE
78350d4c-c5eb-4d30-9147-816b22d40212,SNE
0b1fa576-20ed-4e93-8508-9b2694d78060,BA
5f7011d1-0181-48e1-a5e5-a18fddd7e59f,BA
9f8bc3a2-304c-4e54-b41e-a1ba1039136c,EO
2f7da5f2-ca69-4fb7-a8dd-de2787395353,SNE
a597dd89-2899-4057-a68b-ce6c4a60a9c7,SNE
87252544-19eb-495f-8bc1-d0d2a9b39171,SNE
a3ebf35c-a183-45b0-87bd-0221792aca6a,SNE
4f0bd3c4-096a-4668-9fcf-aedc21d4a936,SNE
5fb27773-1541-47fe-9d38-7d146ca3ccb9,LY
d7c79e1e-7d5d-433e-ba32-587915cc0257,LY
dc2889f9-2847-48ca-a684-053581029ac1,SNE
f44425a8-4d5b-425c-920d-5173490330d2,LY
42eb8a68-f19a-4160-a158-a694057220d2,EO
1f429127-8df8-423d-80ce-c9654b379222,SNE
d00a2004-2af4-4da9-a556-787f7f6576f5,MO
04990dd4-7c36-409e-9400-bde446a1f2e4,SNE
b33546e4-a858-42d6-9aff-ca399853ea79,LY
d24c1817-3100-40db-a251-c1561e64ca73,LY
4d783909-15a5-423b-92a9-c94e17a89746,MO
88a3bccb-d8fa-49df-a535-8c4e7463d256,MY
cc1d5028-55ff-4f8e-afdf-874616d0ce6c,SNE
50b00f9f-f381-4ebf-a552-c5b382696e90,BNE
bc2795a2-4a55-4337-8f51-614d9ff9ade7,SNE
9af23c87-547d-4933-9d15-be4477d264e0,LY
dc3cd14e-65c0-4f10-98e1-86b7dc9d78d3,MY
7c1b433a-8df5-4742-981e-bd0cd53bf310,SNE
708baf74-9f6c-465d-8cec-f7a65b5e273f,BA
777388a6-fa1f-4811-976d-a2c0a0a0b890,BA
59211c06-3406-43d7-be2d-ae9c021427fc,MO
192013c5-640d-477e-b0f5-1a5386a8e000,VLY
5ce565ab-8a9a-40be-9669-f96239ba2844,LY
adb96589-8f1e-4637-b25b-0402d18857ae,EO
100a9dac-a131-4cf2-8364-368eadd817c8,EO
8bedb715-f18a-4269-b136-4c1533c4ff18,EO
454fba23-faa0-48d3-871f-5e5f7513774e,SNE
8227bc95-1af8-424f-af21-7e974635bda7,EO
3cfe5c40-bb65-4993-9521-16c4a78d3a61,SNE
4ea20682-5605-4be5-9524-75155b931eb5,SNE
a4d6b6a4-f9f8-4365-9a8d-757004bc6418,EO
359975aa-a134-4301-a5f6-7ebb0aeaa390,MY
bce87b08-98b0-4641-91fe-d34e3c849f1c,SNE
18c9a7e4-720a-46cd-8bec-ad66969b6468,SNE
71a941ad-503a-45b8-8111-2820b22387a1,EO
2e73ce77-c449-40f9-9cf1-d4eb769efea1,BA
48b2ee5e-b552-473b-a724-24f4dea05e0b,LY
73dcccb5-a6fc-4ade-8d70-25bf3113e784,SNE
62cb3c4e-514c-4f84-94bc-b3b236339368,BA
f5dd38d4-f4e5-4b5e-a747-f8105822395a,SNE
ca583d1c-e836-41af-9f1e-cba47184e8bd,EO
6cafa54e-0d91-4475-bb3f-42866fad75d3,MY
e1f54c5f-5b30-4759-bafb-ce0df498f188,LY
8063261f-0067-467c-bdf1-206ca2364e68,BA
fdc23fc7-bf73-4435-985e-93278425642b,SNE
d0b0d247-146b-4b54-a066-c94d0ad5df1f,SNE
df52832a-83ed-48da-844a-0be38e77684f,BA
cab7224b-ed24-478f-a94a-c9ef45df4cd3,SNE
dc1f7944-9326-41e2-98ba-cbbb0f1c6e7d,EO
3770c571-a965-444d-912a-734b629c32fa,LY
7476dcf4-a51d-471e-a09f-e50c48211cd2,LY
2533f23f-c4f0-4905-97fd-3641a8dc99b4,LY
ea9d25a2-c2fb-4f47-97d0-7e2657e35246,MO
05fb6770-f4ef-45a3-abd2-5c9f93f73c7b,SNE
2f1a9e72-8b48-48fc-b811-900adf1d87ea,BA
1fa19b0d-c7df-476a-a558-30231a292931,EO
867c8a21-ad96-4587-a738-72409f710f60,LY
29095950-1ea1-4618-bf8f-24475b8c0e0f,EO
582c3d1a-8802-4345-9953-98d789abb915,SNE
538a9b8c-75d3-4609-a453-c11fee77121d,SNE
ae60fefe-acfc-4eb5-9c32-9aad9243d597,EO
14287316-c871-4820-90c4-115b7a85df12,EO
f13987c3-4cb3-406d-950d-780b46b62a20,VLY
4733afa8-fa62-420f-8be8-cdf18061471a,BA
ddb726a1-50dc-4a17-bb62-7c6ec798b56f,MO
66c5b7fe-9b40-4bcc-a46f-19524963d38e,SNE
a24e9989-677b-4da4-90c8-7b9d6062c457,LY
665fb4cf-256e-4035-bf35-7bf5f204a514,MY
4946dcc7-51c5-43a0-ad2b-a85f15071ec3,BA
612e2819-4b42-4ef5-aa62-0b02da4f9770,MO
ab675ea2-3313-49c1-a271-29609b517736,SNE
dba72bd9-bb55-410c-94ea-8f46b6fb678a,LY
ece6c81a-4570-4b32-bc3d-72ea4d2df008,SNE
89d2ddac-a534-4dc3-b2d6-13442ebb06be,BA
3fc2ee80-67c2-4de4-b7f3-24275053c9e3,SNE
b5a1ac70-db98-4cd3-ac8f-64eeb9d72e35,LY
d1c45bfa-fae3-4ea2-a537-73f1c8713546,LY
31476db1-285a-4f74-8851-759130f56581,SNE
fd49ca28-2f76-4b6f-a7ac-29f4d4e83534,MY
a3b19a2f-20bc-4edb-941d-1e6e6fe87f15,SNE
563e7632-454a-4300-8658-82711ca1ec10,EO
ab0fb9fc-8ade-4d3c-91e5-f61fa3fdec7e,LY
b706840c-3e59-4a24-b651-e6d4d5f67564,SNE
68162756-7c29-4a0f-94e0-684c29b55b12,LY
d4d1b4a1-a77b-49a7-881c-74b6e19355f1,SNE
c1a182ac-4806-4349-835b-4e2241bf4229,EO
5e4a18bb-d659-47ae-93bf-36dcd882f94b,LY
46f3a9ab-0c00-4a9e-b7a6-6749b98c8410,SNE
9af75d22-fd0b-4f57-a592-11965c968524,SNE
6b460bbd-4395-4a22-ab4b-d710f20b5246,LY
04dd41b7-1179-46de-8a0c-e22667a1289a,SNE
14401646-32e3-4d8d-83db-1ce29d74ca25,MO
350212c2-f7ff-437e-84ec-0b6c36df4b13,EO
07e48af5-6e42-4f63-a9d4-315a797dfa3d,SNE
b9ee93c9-eb94-4ff9-8429-6a817ecd4e39,SNE
df9f7841-d98a-447c-a26b-42ef8a03c003,MY
9669da75-3f88-43a8-a5e2-e144915e7597,EO
87e11c0a-4aeb-4353-a916-5bd8eaf501c4,EO
461b4082-d008-4b20-bbde-8bafd6f13678,LY
79d34c18-6168-43a8-8b6e-79480f1affee,BA
9a70de4f-8e8d-42bc-9a53-dbf8bc67a1fe,SNE
f688f269-c0da-4f2a-b692-2b99255263b6,LY
2a8cd13a-1df7-4780-ba40-9d5f842f8a13,LY
d3b2938d-da98-439e-999a-4abc39b81c1f,BA
0c403b47-4d47-4b8d-8c6c-ffa743b493bf,EO
2e635657-52b3-4f1d-af8c-e3cbcb66dba7,LY
251e2082-02d1-4dc3-a765-fbaa0f8391be,EO
bc3e34fc-046c-49f7-9e0a-e4b5a5bff301,SNE
ece396ef-f71c-4760-a3c1-b8f318ac6d3e,SNE
e814e8da-0af5-47ff-bba2-a51ac96b45db,SNE
71cf8441-298a-4e1a-a39e-3b5734adc139,MO
9c6751c6-b9e5-47d3-b158-1b481dd9fe8b,SNE
23a045fe-39ed-493a-9dd5-e25104bd25b1,SNE
6a9fad1b-7fc6-4ad1-be2e-f6e1152c435d,SNE
1cfd1aed-6e29-487c-bfd7-73e3222d97a1,SNE
345aca46-5de3-4878-80a0-0974ab330470,SNE
b8dea79b-4ce4-4d01-9c91-ba616dc9a62f,EO
cc9f7853-a31d-4a55-afe0-2964e4fcd2e8,SNE
c8f056d4-7127-449b-945d-27cef320fbd3,EO
09d37598-8d17-4ae2-a4c5-a6aacc72fe9e,MO
cefd14e1-0a7d-47b5-95ef-952a0065f542,LY
fb9a49a8-9754-4fd0-9248-c68b7d274c51,LY
e057b4e6-aec5-43d4-953e-2bf0d196fa73,LY
20c7b6bc-2b6c-4aa0-ad07-bb4cdccf0d27,BA
78c1c2d9-c877-4c9f-94aa-a6253dcee59b,BA
a74b32bd-3f2b-468a-8cf7-46b68c521439,MY
b9a7e7eb-e35b-40c8-98ca-72762d162a53,SNE
f39dd81a-5cb8-4175-a70d-fa05eca7607c,SNE
08958499-d7d9-443f-b608-b79d26b52ace,MY
e6ec5a80-9e11-4db6-a97d-5efc05068cb2,EO
b83b4cd5-8027-406b-a623-0133eeadd8e6,LY
9728d8a8-c477-4027-9383-c46817f2dc38,SNE
63cf9faf-3a4a-48c8-9130-352d770354a2,MO
b508495f-979b-41bd-be04-6445e0f84228,BA
a296f903-6e20-4e1c-ab1d-741296022320,MY
3509a8fe-1290-4935-8a2b-b65559c67529,MMY
b6187318-7f90-44d4-9d13-931312ba53ea,MY
6c209c89-df02-483f-bcde-27d485c41481,EO
d8856b5e-02d3-411e-8be6-057b60a40848,SNE
ee9d4037-ce98-4cef-9275-19146838e114,LY
75f7f5d4-d6f8-49d0-b936-179eb6bd6ad7,LY
610fb130-5bd3-4de2-9f4b-860124c78294,SNE
4d3c1cb6-a895-4235-b909-ad5453d4046e,MO
07926332-447d-4467-bc7c-6e131d38c627,BA
25b50382-3237-4748-98eb-e3cae090e1b5,EO
92234158-9104-4aad-a5e4-5a640f5316b3,VLY
d4f18760-0ead-4b54-bdef-ff6b38112e5f,MMY
c7221454-ff97-446b-9c43-74557925a911,SNE
12a4744e-fc4f-488b-8a2a-101186afa979,LY
e9b876bf-bbad-4c2f-b284-c3b2528c1b0f,SNE
99480e6f-96d3-4206-99d2-4fea1f1740ba,SNE
288a0212-fc6e-43e7-b6fd-3bc54a31bd82,SNE
b3150e06-aea9-454a-9d3b-d5e87431302f,SNE
2f2afd55-fa59-45b3-89f9-508dae36fcf6,SNE
e8b98734-589c-40c9-a671-ad7e6e65a5aa,SNE
0d6e88f8-6a66-4e17-8df1-0c28d58ce72b,LY
f52682bf-26dd-48d0-86fa-b7743e434b81,LY
bb7e51cf-4983-4ba5-8e58-0839f9230558,LY
e6f0bf01-e4c8-4088-acc4-9e5cd7262ef9,LY
e4d3152f-2b04-49f2-90cf-0f75e546ccad,SNE
dabde708-6730-46b1-8e38-25dfe521c869,MY
2f87b025-d3b9-4a0e-be3a-f3f8200542ab,SNE
e0fee295-1dc7-42bd-933e-9f205f1c4477,EO
4694d1bb-1cb9-49b6-b009-2ff6da560caa,SNE
51c1bb14-3c54-4dc7-af8a-69cfc85718a6,EO
e7357610-39f7-4441-bba4-42340ed6b5ec,SNE
60386731-0f14-43f0-8c04-afe216173760,EO
56f5e7e2-1a94-479a-b083-dac1f799281a,MO
f38efc32-a6c2-4de2-a78d-83d4d2461059,MY
8a009751-3cf3-4b8c-b527-46884b582b81,MY
1149dbea-88aa-465b-8f74-3a3d63e764d6,LY
d7f89e0a-1909-4ad6-a5e5-d89879e612db,MMY
348e7f46-1d75-42b1-97e7-be2a9eca72d5,SNE
2dccbfde-8c19-4e3b-981a-a3b5413bc4e7,SNE
6ca52074-fdc3-462f-8362-1d08545ad40a,LY
db71d8c3-1acd-4563-a850-0ff075bbbd89,MY
88c6d73b-dd68-48cd-9ca6-a6232d113d52,SNE
c02a1b04-9b20-4fa4-9917-d4a2af244d3e,MY
58f4f0ce-a748-442a-ac9f-f51080b27d03,LY
b503e164-5c6b-483e-9791-2605bf461038,MMY
61ee5e15-9203-4a13-99ee-314c3d71e01e,SNE
bd367e22-07a4-4df0-8f44-660efc82452e,BA
3a7e7a1a-583e-44a4-8882-b3e8f290866a,EO
ecbb6a7f-c10f-41d7-9403-593ba066ea89,SNE
ba4622a7-99b3-4fda-9aa0-b285fd095ee8,SNE
1e0efd42-a974-43ac-90e5-4479951f5d25,SNE
3ea32fe6-63ca-4024-bf8a-3d14cb12f37a,LY
442ee12e-4280-4cd7-9fd2-1c5756efe551,EO
5c3dcf1d-4023-42ad-912b-31b290e8f43c,EO
7a8cea4d-8161-4e1f-8ce8-593baca9254c,SNE
e93bee3e-5555-4e75-b935-d7bc7b9cfa07,SNE
7e9dd34a-c214-4978-82d5-8e52be3697be,BA
0a901d96-c855-45d4-958a-17ffe33bd1e1,BA
0e94fd83-b0c2-4fbf-9c7c-3c2e17002d23,MY
10b932d5-c047-4d80-afc3-94dd04987fa8,LY
1773e600-6d84-4a59-bd71-92f2d53c83db,EO
76efc6be-26f0-4e04-8b32-2f4b91a4d117,SNE
6c2d43db-b882-4f84-98ab-17feda879533,SNE
4e2cc3e5-865a-403e-b272-75cedd854be4,BA
92630524-6a3d-4f3d-94e4-0e93758b8d1f,LY
23788af2-019d-41ce-a6e3-66308ca3e940,EO
4be527e0-35d8-4b33-968d-db173a912f42,SNE
9e7ecc4e-1d61-416e-a1be-a4943bcdd0eb,MO
bab5d618-ecec-402a-86ad-9c5b1fe97b46,SNE
2ef9d833-224d-454c-a2cf-44e38110a5b4,SNE
481e1eb6-f9a5-4715-9804-c89b593b5121,MMY
c9b8a3fa-3066-42e0-826d-168a529c7776,EO
6c8da941-0382-418a-9b1d-2605cc9d2d85,EO
7d1d3e8e-2730-4803-bfd3-13440936ba76,EO
c43b9eda-8e4d-4d83-b1d1-ecf3e90d3586,MO
68fa9cfe-876e-4812-9636-fccfe1f6cedb,SNE
5302477c-7661-4419-9033-f94434453ecb,SNE
692ddbd1-1afa-4e2f-8245-a2c277803aeb,LY
9bb7ae35-b464-47dd-93f3-8b91375705be,LY
c8d19ec7-82fe-4a93-806c-92002a70e50c,SNE
6d218e5e-65ab-4471-8222-e1547b0d3f34,SNE
2662392d-de39-4a75-9df6-0e42961c0159,SNE
284a4a28-06e6-40b1-bc2d-aa2a880b19be,SNE
8dff3023-1267-4143-910b-2d3b7c1165f9,SNE
5447a29f-3d92-4700-9e81-d3b96642e1a7,LY
54286b16-c1fb-4101-8629-717d544142b3,LY
03d8d5cf-5b25-427e-b436-30304035d486,SNE
ef49f485-412c-43b9-9954-5d000403c232,BA
970fb3aa-4fd7-4cd5-bcc9-1524e86c1b6b,LY
57118c17-568e-4abc-b042-4ad2ceeab436,MO
bc5122aa-d223-496b-a7ee-bf8fb792f0ee,MY
5afa6255-4b44-475a-b8e7-2f3cbe606e73,EO
f3186c36-a0bd-4f3c-8dec-2835d29099e4,LY
c50137d1-128b-4221-9035-4b78f501ebc9,LY
79baeba3-0942-4c65-a3fe-91fa9ad7b9e9,EO
6063963b-dfab-483d-9a4b-2064f3576f56,SNE
e8219714-38e0-4ac7-9da7-b6da502a731f,SNE
d694aa1d-7bc8-4129-b093-c93c215a6dbf,BA
aad57802-c686-4b52-b3f1-8089a3ed39ff,SNE
8fb54878-89d7-411c-9ab4-cbf757c7f87a,SNE
555f07c9-7f3d-4a16-bddd-1c1a05188da8,LY
5b9303c4-dfa5-49e5-b893-f1fca04c24f5,LY
f51431fb-568e-46d3-b4d9-6075ff3b8353,MO
9b388b0d-9c0b-477a-85e5-b04f4f0de2ba,LY
46d5b13a-a6cf-498a-b95b-659db9a1e635,SNE
a9ae259b-086e-401c-b47c-24444274586c,SNE
450aeaa4-817b-4087-ad7a-0a77069a84db,EO
bc3cee6f-c17b-453e-8166-79d419a025db,LY
2788107b-38a0-4019-b35b-c2dd33c24468,SNE
5dbdf8c2-8496-4b5f-b3c0-4f28142dd09f,EO
775db589-9f14-40c2-823d-709d083815f2,SNE
96df1f01-3413-4d2e-80d2-6b7874037f74,MY
7b4ba485-a903-4d34-b939-ad01b6ea24c6,EO
e947b426-2f6e-4225-a77b-25bd48a633d7,LY
2ccb9626-3cd9-4aeb-b063-9d2052671c01,MY
bb1b92a7-d8d3-40d0-9200-fe2e9181c3ec,SNE
a40c226c-5a11-4aa6-a64b-8badfe5d8851,EO
f28bc36b-f3f9-44db-bd60-27e579f32f13,EO
47187b90-dab5-4fb9-8c40-80bfa2cf9998,LY
ffe04dc6-4fbb-4ea5-9654-4dba3ab086e2,SNE
7b7b8c44-c1a7-4760-8ccd-597c3978626a,EO
60b622f6-6698-43ee-b41d-407850354e99,LY
8834ef07-6ec2-4c91-9441-5dcf584d8cdb,BA
453335f3-fa04-4f95-a986-ba99d3bf97c3,SNE
5930e07a-64ea-4dbf-a2e8-931f913b0916,MO
c50a7d66-e75d-45b4-a79c-5f12aedb871b,SNE
585da98c-b732-489f-acc0-621d77096b82,LY
f254d35f-4dd2-46ab-8662-5cad6ec29052,MO
80f3a730-2196-461e-86ef-7be635ba63cc,LY
436fb42d-c054-4a4b-af5f-5c5fe991d0a9,MY
e05578bc-e18c-4d02-91b7-d9173864aeee,SNE
486798a8-2633-4288-8543-34f6e9812116,MY
34e427e7-1a0e-4283-860e-0bf73a0e8ea2,BA
9b5d5cc3-a9be-4efb-9d46-04d4638bf41b,MO
9cc3744a-db76-493d-8140-5a61009d0167,SNE
0fa02452-e983-4811-8778-9e7dfa388e11,SNE
7be73288-1b0f-4cf4-8ced-ba82c0851f9f,LY
7019e955-a6a8-4292-b9ae-a44f2b212a15,LY
55c24697-120a-4aa6-aca9-90ef209600dd,EO
9563cc9e-4430-4f92-b733-e80de893a4be,LY
7214724e-6efa-4998-a557-0a87862e2a29,LY
0f94276b-5444-4b11-91f3-23a780b89f30,SNE
8440937f-9301-4648-a50e-c7c68c819ebb,SNE
b6b95ddc-6188-4ce1-9d8f-99b058f6d012,BA
9df0635d-6881-4aa0-9ba1-f5acd5fe38d1,LY
a0f1014f-799f-48e7-8f95-929aa3597b79,EO
6aabd0f6-f969-4c85-afc5-5fe35b07be72,MO
26b8c195-d2c7-4209-b1fe-83ba2f6e0372,SNE
10b06120-a7c1-4fac-ad02-8321bf8f6889,SNE
815559a9-5abf-4585-829c-c035bbdb1bb7,BA
3087064f-b031-4dc6-83ec-b480ca56e390,EO
4e0b63d3-4a95-4690-9214-509492198229,MO
594ad24b-27af-4bef-a84c-3edc922feeca,MO
d942f682-cc0a-4c11-9655-5212bf6969c8,SNE
6044b23d-5f7b-4f33-8ac2-a0e3a8d2960a,EO
0d06d3bc-ebb2-4af1-96df-c739e230be17,LY
44ab8422-27d0-45b4-95cd-8c637e05bf5e,LY
32d9b4cd-68cc-4c5e-aa2d-a63c9051e1eb,EO
92845de4-398c-4581-a1c2-f245419f81bc,LY
f219cb4b-cc06-4cb4-a770-95e6b16319ef,EO
6146cb86-aafb-4073-8aac-aaee9aaf58cc,LY
a003c3fa-e894-43a8-8903-859007b3af95,SNE
f786f172-1a92-4111-83b7-e0bcf890b92b,SNE
7ab2e8a5-a6ae-4b72-bb56-c48739a47993,SNE
9b122323-62fb-4213-b190-3648b51d3e06,MO
ea6db630-b8fa-4e39-a9c1-0803993d3991,SNE
e4e05c2e-7100-4ad1-bd63-8eba8ebc1095,EO
9dd311a5-6989-4627-a195-766a76ae2050,SNE
6fc21ec9-ee98-4840-a4d7-d4ba92f232b9,EO
47f97082-194c-4f59-9a92-ee66a40060e6,SNE
0e2612d1-d7eb-4c2f-bdf3-546bb87a9352,BA
0a86d5a4-27a1-4b6d-a8e5-5548bc8c19e7,EO
35ccf926-ab03-4f84-8141-2430697fb0b1,SNE
4bfa74b8-6293-4d9c-bb2a-1af12c7a60dd,EO
1747378d-934f-43fc-af9f-b09334c11706,SNE
e1ddec86-4a56-46b3-bb3a-e4002f07bb61,MY
fb787ce0-e1f8-4827-802b-93918f29c886,MY
3d8fb72b-5600-432f-a5c9-a2aef92303f8,SNE
6b685753-4a34-400e-b94b-0277220f2d50,EO
6997d6f1-434c-4abd-b7b1-e84cd1b8c815,EO
2b175df1-8291-493f-9f6d-80013d8710d8,LY
f715a855-60a3-49e0-aaa4-279690b33d07,LY
d5f64054-1583-4c06-9f28-71418be3b17c,BA
f8d48d38-ae50-4d7a-8a38-65106890e1e2,SNE
23573ae5-969f-45a8-85dc-c562095a8fec,EO
41d6f56b-de6f-4852-9994-baa84dc41213,LY
b05df327-018c-41b8-a628-c6b1d0b29896,EO
853ef400-c375-4ed9-8039-e6af8c115524,MY
ce05768d-17e3-4537-bc2f-c57b1a7024b2,BA
41789f57-96ef-479b-b158-311210e8c18f,EO
cda5ac89-67ae-4750-9e98-6bfdfb984074,LY
31cc3428-13b8-4f27-a099-39bd7d1ba0cd,VLY
4726cdcd-dfe3-4af3-a840-440854610486,LY
50ca702b-9eac-49aa-8265-5450b2a684a3,EO
53837b26-3d98-44d7-ad91-7c97684ecce5,EO
77a429af-ab1e-460c-889d-14741349c436,LY
1320113c-58ed-4a80-aa52-5f1c5af8e054,SNE
3afc915f-a7b8-464b-84e0-5c0b6ff1bc4b,SNE
524e97ba-46c0-46f4-9ea7-08aa53b1c1e6,MY
d5c9f4d2-d320-4b0a-9c83-e49277704b03,SNE
e0e3adbc-4f96-4b1c-b996-41739a18112b,LY
9cf2004e-6b6f-4fc3-ad9f-05c1c8be46ad,VLY
ff7e25bf-313e-4999-8ed3-92a2487de393,LY
1a4646d7-f833-4d6d-823b-695813432b0c,SNE
42e856fa-ddbe-4360-8e85-bd7b3fa6c005,SNE
30966fa2-36c3-4644-841a-a4b799a95b65,SNE
e2707b04-8a0c-4e64-8786-f9ff9dc703c9,MY
19f31285-2567-4637-9b97-2e8d226493dd,LY
1ac8b6ca-adff-453d-8d1c-d2311e1dc902,SNE
4f097e78-23d9-43d6-9b05-337496676bae,BA
7f6f45ea-de10-4a75-b265-085ae60dfe24,EO
c1dcdc55-4e20-4287-9522-ba670249ca18,SNE
f0bb1c77-8a6f-4dfa-bdf9-1bfcf3a4416c,LY
736dec03-157f-46a1-a381-bdc0051df8f1,EO
71df4374-457c-4ddc-a05b-0134dca4cdf3,EO
807cfc4d-dda4-4a5e-bcaa-654d0ec8261f,SNE
4a7c49f2-be36-4c96-ae8f-1c5d97c50462,SNE
f4c51249-2dc6-4254-aea6-48531cd20b8b,MY
e5418a85-7d0d-4023-b199-6b89d3740dfb,SNE
cc0c1450-bc1a-4a50-9864-e70a0eb1711c,EO
fa564941-b1cd-4b5f-a53f-4da4907979a2,SNE
ef773ae0-e054-4f49-a187-dd71a317787b,MO
ed926f0c-6ad7-410f-8653-b936c0e9389e,SNE
933e55cd-2ee1-4a4c-8259-6eb92245918d,EO
1942b764-c6e4-4974-b7be-51ad6c18ca18,MMY
c38a04fe-31b2-407b-82af-4e63695e472e,MO
e653c0f2-c68e-4913-85a2-7deb32761535,LY
ae09187b-f5a6-454e-a378-ca6e743a14cb,LY
212993eb-5643-4f11-9b9b-40f75c2537e7,SNE
f95e8077-fa66-4d66-a287-588229e53016,LY
79a33def-cb5c-4b78-b8cd-06bd03cb0581,LY
bb64a197-7a2d-4203-abf8-36439d3dee96,SNE
4c6190db-ec18-462a-a112-56e0996770d5,SNE
ec2b117e-d75e-4511-864d-499e9bcfaffc,MY
7ea57783-9e97-4ed4-836e-680de6681cab,LY
e03e7da7-06da-4fac-864a-8c5119219924,LY
e693a6a8-1475-42d5-bfd9-c58a7922d546,LY
f1b773a9-13da-4389-85f3-3c66e3a3908d,SNE
b7b90127-c557-42a9-8892-57005bef0ac2,PMY
62d9b5d3-53b6-4eab-b0c0-64375139cf3d,EO
dab1499f-6637-41ac-a20a-1a2273d0ad30,SNE
c475d444-136b-4f31-b1ad-6236fe2f6b18,EO
a5ece16f-4d71-463e-a1e0-2dca28ad8f4a,SNE
9a41fabc-4434-4295-83b3-5431bdaa6c3a,SNE
cac41b8c-6669-4f2f-8389-17196ea24b2f,LY
75916bd7-b2bf-48a3-a5d7-531867f1ce3e,EO
28510f22-ed32-4c71-a85b-d5dfc3e8a364,SNE
3dc433bb-0ab0-42c1-823d-8bb6668711de,BA
2a24cbcf-1bff-41f5-be8d-901a1e4daec4,MO
67d2169d-2a09-4c5a-80c6-59280f88d023,LY
e9aed0b6-5b4a-4d06-834f-efd1006022e3,EO
1bec35bd-f5e7-414a-b959-ae868adfe719,LY
f653c352-2ff0-4b63-bcec-d1e8c0d51104,SNE
24a44a14-5d03-4856-8c9a-438abb7796a3,EO
bad3f7c1-5fc6-4c58-9f85-1f955510440d,MY
f279e38f-e08a-4990-bd39-fdb6a25fb9f3,LY
a38ed782-bbc9-48ba-8ab8-d20ad9467067,LY
62669749-4536-4614-939c-d62236624118,SNE
a741cd73-97bd-47c3-8947-17b2fdca39cd,MO
20bf1ff3-5cad-4ec6-95ba-3a74d0f71d54,EO
9ea65609-e8ae-4316-8008-8531984a0b3b,SNE
781e8007-bce6-4265-8e62-109c1007f786,SNE
292e595c-3ada-49f5-98d3-7feb64ff3e89,LY
6259f9bf-df93-4c2d-84d4-59bb7b8aff9c,SNE
aa503ebc-12a9-4cad-a490-d3918f2d907a,BNE
1732ba9f-a2e9-410a-982b-76b65703e0fe,BA
23a7e9bb-8093-4b02-b4ac-a6a6bbf9d7bd,SNE
5683ef55-5544-42cb-8b14-6312c531485a,BA
0295d2e0-a89b-46c7-be2e-252bb9c73660,SNE
827cf6c8-f107-4dbc-b565-0754f65495bc,SNE
357fc8ed-b333-4246-b35b-e55fc8861046,LY
21ee3e42-78c4-41a6-a781-1e8dd881d5a6,SNE
9956df90-fa0b-49cf-accb-c55411526a7d,SNE
503437ad-a610-46f1-96d2-4f943df23477,SNE
346cc16d-6b71-482a-9438-1a516f316137,EO
97cbe20a-ee3f-4f4f-b4a8-4d5c2374a8e2,MO
dc85985e-fe9b-4f6e-9d11-e1ce23acbb45,MO
5127f9a1-18be-448b-be78-14cffd49183b,SNE
a13873e1-dce8-4208-9a5d-8f0c6944f88f,BA
199b239c-394a-43ae-ab03-585135541f28,SNE
f3881eb8-026f-44da-95d2-24a547f40ab8,SNE
95c1462d-d218-459b-a220-3dd0105b933a,MO
dc0a4d85-9ffb-4041-98c6-bd23ad03935d,EO
505bda07-acc1-45c6-86b8-7ac9a4f7fe84,MO
6b82d4e3-24a8-46c1-83da-e5864e0e4ebf,SNE
8b663b98-dc07-4397-8891-8dde097d3fc3,LY
89abcae2-3434-46e8-b91f-ea39d428625d,SNE
dc7e4bac-955b-4fd8-ab93-038973c8a7fb,SNE
be9e0b2e-411a-4d16-a304-ceb3d085765a,SNE
d813f998-f2e4-4784-adab-1faf5f4a5262,LY
47a072bf-203e-4c60-b95e-d04af41d0c4e,SNE
bb07275e-c7a3-46db-8527-ff2b491c0248,MO
714cea9e-45c1-4b22-b02d-caadb6d64064,MY
5b5438d9-4dba-4c56-a34b-338daabe5f9b,SNE
3773dc67-228c-4e2b-842f-c0d406961800,SNE
1a7b8b9a-5b32-44d9-813b-6e1c540a1e5c,MY
df84bd16-e448-453b-b9f2-4761941e29fb,SNE
1a3e1077-b0b7-43d9-aa6f-81a2f44dccee,LY
b1970d7b-146f-4925-9c73-3a7cd9055936,LY
c96947f3-7e6d-47a7-9ae6-4fabda0e9ff1,LY
b9094f1e-87e5-449c-af1e-d1a4cdaf6986,SNE
ae4c6b47-bc4e-43d6-af54-efbb9a77036f,LY
065c0307-548b-4e20-9002-8d00ccfbe835,EO
62051f32-b975-42c4-8de9-aa93439e6c64,EO
8d9a040b-df08-4c5a-8734-2eb73c5fd7ac,SNE
4043f016-aecf-45ab-895c-f7e3a6384657,EO
86925e40-4a83-4bab-9fa1-f5e959d2aa1a,BA
9ca4b62e-9bda-4288-8392-2e9fc55f1a78,LY
de4d035f-6077-4ef0-99a3-7e4149815dd0,SNE
aaf3823b-3123-4a1a-858d-d78bf6972086,MO
7a662e8b-9e9c-4b28-992b-029750bd8597,SNE
818f2fdb-efb8-487f-9d3d-c50182fe85e2,BNE
5acf4bb7-d639-470b-af2c-3c221cab9b1b,SNE
79997d81-5b08-486a-a77a-211a1d866f56,LY
6a6e5b01-4d58-44f7-b476-7b49cac9d200,SNE
c82f4b69-d858-4d1a-a338-f1dda84c59e3,LY
d09aa6bd-9e12-401b-9f02-907800a7210c,EO
e00c92b2-fc1e-4259-a0c0-74912dd6a7dd,EO
721f410a-48b4-472d-9c57-b88ca04571bc,EO
70057838-5b8f-4801-899f-5bddb967bb4c,SNE
4dbb72aa-3c46-4c0f-8160-74601011c4c9,EO
4ccd47b7-6933-424b-b8bc-6f8f5559a2b1,LY
d7ab0b20-8f94-43b1-8e49-11b431767edf,MO
c210adac-6447-4dc9-877c-7b1cdfdb23c8,VLY
5735f0dc-59bf-4d7b-b2cc-fa86f0d1f67c,SNE
61645de2-a3c1-4c7a-afc1-597345f219de,LY
1240d5df-f25e-4bca-b769-852e5c230ca1,EO
5a70d02f-3aec-4731-bce5-dd8e2660e49b,SNE
2a9fbb60-73dc-4db3-9e48-71efe40a7838,EO
73df7bbd-8380-4d5f-85b4-c9ffc4d3f333,EO
8d6e4d14-849c-4dee-94f8-6f310f50f7be,LY
c198847d-35f4-4b96-84c5-6652b5fd91b4,EO
04569929-7d32-4682-b658-069d4295767c,EO
4a5839b7-6f20-4de5-9fc6-50c2e5139cc0,LY
06940f0c-763e-4b3d-9db6-bc06587e41b8,BA
897166da-f3cf-4abf-a8c8-506853c46798,LY
c4707c3d-b39e-4352-b609-d69915008d46,SNE
a8d6ab11-671c-48d6-8885-2624f38fd421,SNE
c61fa127-677a-413d-ad97-1380169969f6,SNE
ca08191b-fe3b-43fe-864a-868488e9f01c,SNE
97ca3c9a-90b5-4b87-a9db-617f4a98eca1,SNE
bf6fb154-f8ac-441a-a057-624e45ffa8f8,EO
652ed080-1ecb-485d-8854-cbe39624d427,EO
f22e273d-358b-43e2-8c4a-2519056c49f2,LY
edbd0b50-135d-4dea-bbc0-37ecc81b12d2,SNE
f93f509b-9f6b-426e-89d4-0650f30653b2,SNE
4348026d-fab9-4dc9-ae9f-846d2e983602,MO
bc80ffda-d654-4a2a-b0c9-e8ab0acbf6cd,SNE
221522a6-e2c1-4e20-aaaa-abe271cea130,BA
e3015521-a0b2-4188-b303-e9011af3acd5,EO
f8c795b2-d1cb-49b4-8caf-6f8e6ea68a0b,SNE
c3f5e74b-e487-4761-9763-f90ae3feda35,LY
da60022b-216f-4d6c-98d4-f81928401ee3,SNE
506e1450-699f-4987-b0f9-5a41d1016b55,EO
c1c4e06b-4b51-40bd-869f-825baa4a75ea,SNE
21c14817-9b7f-414f-8ee4-80b97e9e6a87,BA
86a744d2-7071-485e-a2f4-632edc1af05b,MO
fc123e35-6428-46cb-b635-0661ee54c577,LY
60364109-103e-45a5-bf2c-a63f0811d5ef,SNE
edf70722-7362-4531-ae47-4ce63b8cd497,SNE
c2b989fe-680e-410d-98ae-1ac0f1b4b669,EO
6b06d2de-6048-49b8-9417-6d00726f4a9e,MY
dc4e4fb7-99ec-4bc8-8720-dd5470e6d70b,SNE
7e0ba57e-a9a1-4d37-beda-eac3b428ed55,SNE
7c861011-bbeb-488c-8bf1-2a38bc5dabf3,EO
a7c7cb58-5208-450f-8023-856a97387f13,LY
3a2eadbe-0df6-424b-8425-b19ae55888d9,SNE
33752793-72ff-43cc-9719-3e448d31ec7f,VLY
63830339-92e7-4ceb-a883-26d872f6fe1f,BA
58ec8333-df1c-43fb-9cef-f1c1a29f6d4c,SNE
cbbeaf48-6783-40aa-bff7-f6ec3be4a672,LY
59f0e583-b39f-47ca-921f-be5766247063,LY
38d4e9d7-de02-439a-847a-51db73fc08b7,EO
ece09a54-220f-4296-b459-e926965a76ca,EO
0c31306c-c377-473c-8626-1ca0d97f9e2b,SNE
9ba152f1-2704-45ab-be5d-eb29f554fe64,BA
dad14d31-b34b-4ea1-9f45-558c8977ec81,MMY
80573646-8ed7-40bf-8f4d-f0c96a3d19e9,MY
c4393ac4-f7df-43da-9a11-eba1bf887105,MY
3204bea3-a184-4864-8c01-c7e1060d0d2b,BA
457b864c-1ad0-4050-8cbc-2d9abb5631d8,MY
3c1a07e3-275e-4527-b72f-9143450b03a6,EO
222af880-73dd-4b22-aec4-9e423fe0bb04,EO
5e1abb28-227b-470a-ab9c-be8aff9b880d,MO
3ac330cc-0d6a-4ffe-add4-251616ee301f,EO
e3b34f02-f420-4ae8-855a-1203c9c1f216,MMY
d7f4d5da-864c-4c7a-8914-fd2b3a18ff6d,BA
335e2d76-93d5-4ee1-ba15-8488947841a1,EO
efaad12f-c75d-4ddd-8189-8174a17ace8a,SNE
41977767-9df8-46f4-a5e5-a3d95bd3a8a4,SNE
d0d3aa2d-2b29-4169-8041-279b43234914,SNE
a85a4d02-e690-48dc-9d13-8b8dbcffb745,BA
8934fa9b-62d8-4948-9604-324cd5bd1dd6,SNE
22ad8155-2d0a-467d-b61e-5354d730c153,MMY
a383f9bf-5558-44e9-b78a-5da70a5e72c7,SNE
29801bd9-6837-4f9f-abb8-816ee4ca2bd8,SNE
a511e586-826a-4c33-b560-a51b872c55bb,LY
5b952a3a-fad5-440d-8913-1eb276eb3ce1,VLY
be9c1368-0ed3-4266-93a3-333eb2bd44f9,MO
93849f70-5603-457a-9a6f-372a67c6d01f,SNE
1989686d-94fd-454b-b44f-6b7a9fca1833,EO
11a5fee3-5acd-469a-8d13-14d93cdd1002,LY
caf2d2e9-ed3e-4d5e-9cde-95706ac45aa8,SNE
4596d460-110b-4da6-801f-85e1f85e701a,EO
81fbb978-80a5-440e-8db6-654bc2cb53cd,LY
81686247-c751-4bb8-b929-c0b342a7f93c,SNE
00549718-a506-4681-be80-7cb9c49329a5,EO
0b732d60-418d-41c2-bad4-534216c07053,EO
24195e36-61b3-4a59-8b6e-5466073ab831,SNE
1ca6a2fb-7cca-483d-b67f-003e042d50f9,MO
649e80b4-b653-43aa-b8d8-3efa49e58d50,SNE
1d7a6cd5-2e68-4fc9-adb3-0d75782f5c6e,EO
d00d2b76-4175-4f4a-a0e5-5fa5afb8ec48,SNE
b627e095-5310-4a1b-8a4a-0eb7aa2a76ca,LY
a8e50cef-ae72-40c8-8b77-2fb16196cf1d,LY
9ea29378-76a6-4844-8e9c-cb96c4c5b75f,LY
3c93774a-67a5-4d95-be4d-e9ac83ae5eb1,EO
02bcfd88-90e4-4405-9e96-d5e61f84e073,VLY
c4663faa-2e8d-4fcd-930d-a3153065ba69,SNE
be0ceed2-ae02-441e-bc8c-62374264e6f2,LY
f2a873ad-1016-44e2-ab0c-318dbc418b3e,LY
a984b6b7-68d7-4aa8-b7b2-ccdae25cc56c,SNE
4e73feac-ab6c-42d7-98f1-87e75c6cb8c2,SNE
049d3eac-f61b-40a7-a834-3cb4ca460f96,LY
1a60b05d-855a-40d3-9a9a-d30460309e02,EO
cf028ed6-9368-437b-8db5-315ce70684a4,MO
66601a2d-b4e8-4475-8e07-1619f43f5379,BA
2a986978-d953-40d6-a1b5-5a0343428e22,SNE
efedf66d-6c7f-4eb9-9bd8-bfa4501dec86,SNE
a24ab669-0322-4278-a1a6-f8d0364c4937,EO
09195884-8841-40d8-8f08-2befd6c7d003,MY
a0bc7739-810b-4f03-94bd-743dbb990713,VLY
68999b46-b772-4b1d-80e1-3a54eff99737,LY
7d9b4c9c-6df8-4596-8287-1272cdac3684,SNE
be06593d-61c1-43b0-8cb3-7a2874ca7fac,LY
8853255f-3836-4f2f-b77b-f0b4bcd3af79,EO
d7690f4e-2e4c-4cb2-b1ab-630bf06ebf90,LY
dc2ead67-49f0-4d39-9be7-330d79b10433,SNE
f58d19f4-6405-4d5e-84b4-2162b2b7f2a6,SNE
8e115a5b-d8c3-4aeb-bd87-cc2e37115f38,LY
1278c4db-64f9-4cd5-a398-ecd9b7e2600c,SNE
11ff65b2-cc56-4cc7-b3ab-938a02ee5382,SNE
20e3ab6e-62f4-4c7c-9633-afba2fbfcd55,LY
f1bfde6a-f96f-4bf6-a517-143aa742a35a,BA
a01270b9-dddd-4d18-8662-57636eb449c5,SNE
77bb0666-2ee7-4f3d-8fae-af8f500bd8f3,LY
65559166-6949-4fde-8d6c-e909d30b37d5,SNE
4a5abff6-ef64-409c-a194-e44bbf8b4dd5,LY
9199a80a-5513-48f2-a674-e83019670b06,SNE
d17a33cb-0788-4243-98e9-a604f416dc31,LY
1d9de51c-200a-40b5-8b85-b8c8191999f6,LY
024dff2b-e081-470b-8bfd-e785a201c297,EO
ed186304-3f9b-4067-80f4-1f75a9fbed10,SNE
b706a523-e36c-461b-b654-15e552573919,SNE
22c62079-113f-4fee-b3c3-97d54dd0ae1b,MO
e62059f8-132f-4247-813c-79c987f7c1f4,MY
e63a3c3c-33cc-40a5-9c30-253563712800,LY
2de023a3-5a23-4057-8f84-dd909b00d29c,EO
4399754b-1813-4eb2-bbbb-910a6eb4d11b,MO
89f08637-b745-4b74-a96f-d0c8b71d2f2b,EO
798864ac-b5fb-45ef-8657-aa64dafc0958,LY
ae8e31e6-a116-45bf-9926-18df2bb819df,SNE
30135ccb-b5d7-4a69-9139-0599fbccd0e2,MMY
accb1019-66be-4717-af96-6c2aa8a48462,LY
bb8a37f7-2011-4c0f-9b92-e87b655a30ef,SNE
06851958-ded8-4c1f-9647-4d96dc5ae448,EO
366203a5-168f-4cb6-a554-ed2e4f4334fe,EO
9640f079-717c-4eba-b3ee-ff7e9663728f,LY
88f595ef-80d8-4e36-8c81-8befe6276c79,SNE
5b57613c-0431-4b80-ba73-f070728cbee0,EO
31f56e4c-f0ae-4e6c-90ea-c1849a70d44b,LY
3f60cae0-519c-4138-acf7-fa3f4bc6e89b,EO
8206a854-6d4f-44bc-a224-df991aae7f46,EO
ce976642-b1e6-4a42-ace8-5e071dd2a09e,SNE
3da04608-862f-4895-a7dc-d00966ad0620,SNE
b6f1452f-e844-4138-b615-9330d1d43d6d,MY
74e695d8-a513-47cd-8309-242e9244ed20,SNE
384ecfa2-a058-4976-a7e5-453ba923e818,SNE
634a0d99-8731-49a0-8422-6210eb9769b6,MMY
46541958-9c47-4e5d-a3cc-ca4c1a33f10d,MO
7348f703-5fef-4132-81ad-c9f320862ef2,EO
55afe126-4b71-4cea-a972-5d6a74882c06,MMY
399179a7-c246-4268-b479-cfb4eb5eef5a,EO
ae27a2b5-23c1-41e2-a9f5-93f9a7382c3b,EO
8acd1d38-d836-44ac-863b-cbf8661a60d7,MO
d9a4316c-9807-481d-bde6-c23e6daf4f20,SNE
dadc94c4-faf2-4c2f-a6e2-7217ea0849b1,SNE
7cbba633-4c3a-4385-b57e-4a571bebc441,EO
2e6a711f-a8b3-45a8-ace5-7a10b993e01c,SNE
78cceadd-848c-4da8-ae5e-0a987478dc25,MY
b59d2948-ec7e-4dc8-8efc-5b7e82299e7f,BA
501aa00a-a5a0-42ed-80c2-3a3429f68771,LY
10869d47-1aa8-4964-9162-8834caee9621,BA
a9f7b812-e588-4fe6-ab4c-b8e63be5fb6c,EO
ea0661c5-1515-49d0-8c1c-9364b9e4f419,SNE
d4f16e86-5ebe-4201-ac0d-dfc54b88a0b9,LY
7e1f0352-c37c-43f3-ac7b-a4d1d7c273fb,BA
7fb17aee-ca98-44f5-9685-2f0ec9ce5042,LY
c6d0b0dd-e3a1-4a20-acf0-3a9f67ebcecb,EO
e4bdf154-70fe-41e6-89c8-137ceba899be,SNE
9233d5bb-9568-4d97-b8af-62513a8318ff,SNE
a15164c3-a7b0-4faa-8349-30fafdc32c93,SNE
ce45540f-c715-4f88-9df6-68dfe583f4b0,SNE
a03e9721-9f8f-4524-af30-5497efb3a05a,MY
5ebf3314-3932-4708-8fa2-3c9d1ec75991,LY
ca55cb87-aa96-4a93-b336-3de7ce77336b,EO
25d7f44c-8dcc-470f-b274-ff789c564eb0,SNE
a2ad7a8f-ace8-4c78-b54d-b4a6b6a12835,LY
3defaa12-5a20-42ef-918f-f5445ddb1908,LY
4ae72860-8896-4cba-90a5-781a9872737d,SNE
1b8b925b-0c06-44b7-bb92-591c520c7ae9,LY
f74aae6f-ca2f-4b8e-b9ec-f87ddc7305b3,SNE
e37af6bc-9680-45a7-85f8-73e0d00b7a27,MY
7154c6d1-307e-47d7-b0d2-dd0c9d39da40,BA
3c802348-c4f3-4a3a-a7b8-c523ad6decd3,VLY
9aa2f813-615d-4e10-ad8a-5a8f2f2fe1c0,SNE
79fb329c-4932-4c61-934b-b2fbad6269ff,BA
ec073749-ff5a-4acc-b034-49eaf8a9d890,BA
1c7b23e6-af76-483a-af85-ebe6c4dc8e7c,LY
5523c98c-6ab4-4528-a8e5-f221b266f2eb,SNE
9dfa0b92-72f1-41cd-982f-11f686c1b118,SNE
af62b233-b27d-4a8d-8c85-d37ed1ccdac6,SNE
c0286192-4c5b-45f9-91e3-7a9f080af0b9,SNE
82b27fb6-69a1-4eeb-9d32-2a7cfcb60b6b,SNE
d720cb3f-f71c-4a6e-9964-421077ac5a23,SNE
bbf469e9-9411-4940-bdf3-9920b08d55e9,SNE
e8db15cd-3b70-489f-9d36-459be541d4c2,SNE
03e6af53-a4f1-4aa4-8c6a-ad7bd02f8c97,EO
f1f9fff0-03b2-4346-a16b-aa42ef4d6f56,LY
018b074a-2193-4327-a575-a8d64e3d0610,SNE
fb6cb097-d103-4db0-acc4-500d2baf6754,MMY
5996e517-6af1-4a51-810c-fe7c99a17bc3,VLY
ee8fa2d9-8f3a-4e8e-b90d-503f10bda637,SNE
e2dfa9e4-bd88-42fe-810f-59355330c082,SNE
9f0d00fd-63b9-4d77-94a9-b82ff187de0a,SNE
ba44de46-d312-4df8-aa1e-61eeb2da0a7a,LY
c68fc0a2-320a-44de-a11b-1d87246859fd,SNE
f8b64d28-aced-4725-887e-f2292d605945,LY
e13662de-4a35-4a0d-8ef0-1344e787e973,SNE
eb8ca316-e9a7-44b0-b429-371815c01c8b,MY
103a8cdf-6cc9-481b-bcc0-d9d0d08c7816,MY
c4382bfc-6adf-4c56-b74f-11e07491a9ee,EO
55ef958b-9919-443c-bf89-15c3c9106e6a,SNE
89eb09c4-fa00-4818-b168-a49b031718ce,LY
7f0bb65b-e63e-475d-89f7-b6dcec74eeb3,LY
6331fed5-9c97-4ddd-a744-6f64ff280ef4,BA
1b95428f-d17d-4537-9e4e-989fe5fbf6e3,LY
a831bee5-f374-40c5-aff2-687e9ae0824b,MY
aef05ea1-f5da-438c-9c01-5bdec82505e4,EO
f3b083bb-6909-4667-a06a-7ecea23f47f6,EO
cfe553b0-5f97-493d-bbb4-7ff8f232c2bb,MY
e2a49761-4c01-4068-bf7c-f0f1d399f746,EO
09f8b703-8d7f-4642-a8d1-1ece95c172fe,LY
416039b4-f154-4a97-a360-05c1f8e8dfd2,MY
fee6e040-72ff-4a06-abbc-5e8e13a879c0,SNE
4d3a732f-bfff-4827-97cf-29eb7187bc0f,EO
28bd7a06-705a-449b-b4a8-c146f5c8e547,LY
87bb4e90-0e98-444b-b0c5-0c58543ae2dc,SNE
2e6f1cc0-1a08-4b80-8533-3475fea07f39,BA
b8f56c03-a6aa-4b9a-a6b9-5e36cdbe5718,LY
d94299d1-cdc5-45cc-a84f-72dcdbeee107,SNE
776cc9f6-9d72-496c-9da1-8c4529022eeb,SNE
3525dc34-69a3-48b9-9226-51d4be4f0501,SNE
475d3b15-45b6-48d9-b613-1d91f245d86d,MY
c82191c0-5aa3-4ca5-a4c3-62e701158cf0,LY
e347e858-8987-4826-a34d-2b6b4cb4a1bd,BA
476b8733-820c-4934-998c-170e4c6d0e81,EO
9cdb4e11-4990-44bc-aa47-bfd329dd0970,LY
f0f020bb-5c62-4433-a2d2-4e0e26037cf4,MO
9b67774a-5214-450e-9e3c-7a104590667c,BA
5ff9ad79-c449-488b-8bdc-d6df3ef3023e,MY
5424a56a-c2e4-45f1-bf66-c52ad7f44934,SNE
bbe911da-cb3a-4f9e-b0cf-ce2780cc3e14,LY
5c3d6e20-4b54-41c4-b128-a3d7e465a620,LY
6ca5ff22-43dd-495e-acae-a914474b0535,SNE
22b9e2bb-6449-44fc-9d3c-80be34f6ae57,EO
6d041110-8390-4e41-8a61-b856e3334d4c,LY
b8834237-325a-4e64-a823-41ab52017715,SNE
25ed6dc0-b0e8-4828-9420-9b1259c57b09,SNE
6b7edb82-4a39-4ce1-b53c-1cbc05adcb18,MY
3fc5377f-fa3d-4266-96d3-d441a4813d4d,BA
ab374e53-251f-46a8-b6d1-9bba858dd004,MO
52e6e88f-d89e-434e-b702-47c36d87660a,LY
c9ce864f-0616-47ef-8292-9f82bbd09a15,SNE
e5c1515e-bc97-479e-9763-28ede8bc851d,EO
92346b6b-4027-4db7-8837-f020dea13450,LY
1f0df1a4-1e6d-437f-aad1-22a91151b1bb,SNE
523bb1cf-5261-48b5-9244-9e1712a32af7,SNE
2f9ba990-189c-4e14-86d7-d651bc3ad635,SNE
fbe2d38b-0a78-4981-af2a-7775580f42df,SNE
e24cdd2d-ece2-4a50-b87d-61a524df60f3,BA
0e539fde-3a65-4b29-a33f-340f6186faae,BA
f940de9e-6ed3-4729-832c-47797fdc91ae,LY
08a7827c-4eeb-4cdf-a264-52e775938482,BA
b198dbee-9405-47fd-b76a-ab036293f758,EO
195384b5-2b02-4380-ad07-c8acad7e7eeb,BA
757282ef-fad7-4869-a2f3-cc0b53e332ed,LY
1c552917-3ccb-4152-a581-047a06a13449,SNE
27244527-dc31-4bc6-b0f4-51c0a4897aa6,EO
95a9ee26-52b8-4752-a84c-7daf0561dbb3,MO
5b1bdf89-c599-45f7-a1c1-8248da726ff3,EO
e191ad03-a08b-4865-a720-b477513c2189,EO
cb8e5e59-4f4c-4162-8f55-0a7e155a2316,LY
b8c1f1e0-8c5c-46d9-b50d-9898eea6ca2e,MY
7d1c0d14-e288-41ce-a74e-4a46123071d5,EO
911716e2-112a-44b9-988b-d34dd0eb422b,SNE
14c493e6-f41a-4fcf-874a-a574bb9328cc,SNE
c194dfc8-99b1-4d80-b57f-260b4917cebf,MO
922c67c3-6be2-4cbb-a43d-ff18475680bb,MY
5488f12b-23cb-4dc4-b964-bb08cc7e5fe4,LY
b1d003e0-362c-4cde-aa9b-d84274ef40b0,SNE
e473e96e-160a-4a36-93ae-542b30ff2b64,EO
8d93a275-be7a-422c-b492-b4da877a19f6,EO
725811e5-aa0a-48ba-9c9e-e894ebf16424,SNE
c6d0e393-57b2-42fd-af2a-cabd96625bcc,EO
817236ff-25cd-4c71-8ebb-3d2778972342,EO
5cd8341e-c91e-425d-b2fe-62c055c27ae9,SNE
6db336b2-7edd-462b-b4a7-4ec91f31a933,EO
54b916eb-44f4-4e5d-a05d-ee805522419e,SNE
4b64b1e2-e4b5-4f1d-9bdb-c07b34f88ef7,EO
d0b0a675-64c3-4777-882d-d16e1088c8c9,SNE
d5ceaa5c-ef1f-4ff0-85da-40bfcc2155a7,MMY
01e96687-6d3c-46a1-95ff-77e2efee6c5e,MY
35e62dc4-5562-4b49-a3cd-c00ca7330b57,EO
ba43a71c-8f3b-4e2e-9dcb-8ed1f4deb42a,LY
6db98e4e-b083-4184-b504-58d0697dddb8,EO
690ecf03-f113-4cfc-b617-6d15a1fbc927,SNE
5a969a67-86db-475c-9079-4b31bf888206,SNE
d283fa25-233c-486e-afa3-2c82230f0532,EO
304b2031-3c7c-441f-b529-52c1579dbaaa,EO
bdb97eb7-a5b5-4539-8f65-4712122a0544,BA
d507ed79-3097-4766-a8ec-ce81e24f3bf0,BA
46f5323d-7390-49b7-bde5-1a6f12ab40ba,EO
b9b89bdf-71e9-4a39-ab90-9b8c5a67d2e1,EO
df4452e1-2012-4469-aa81-432c491e081c,LY
790e828d-d4d7-4ebf-9483-e5350f54f7fd,LY
9d437e8f-a884-4ef6-9663-6af20a8ffe6d,MY
04afe2d6-2998-4ebd-8ea1-ec6488575c06,EO
9627db3c-c07b-4564-977c-ce98fbf84e8d,LY
f3cd1ce2-6d38-43cf-b910-289b2d63cc18,SNE
d04c878e-9f6b-4bbf-829e-11d8da69686d,MY
28719c1c-c9bc-45ea-ab67-056481eb791e,SNE
421f19d9-cf9c-4074-b99f-5acf23291a41,MY
9ca853f7-92a9-4eab-b2a6-4270ff9e3ce4,SNE
0f4eacf5-7137-4069-9b01-7ca384068597,SNE
5a0ab9b3-698a-4431-a30f-f448c7e85032,LY
aeecc512-e592-4b38-810c-01ecbed7453a,EO
f2fe9a7b-f3d6-4caf-8f81-fe6cce0b092e,LY
ddc67ef6-05ae-452d-95d5-277d01ae1ab3,VLY
6b8ab48d-3340-4eaf-8e2f-b21d9b1dea9b,MY
fbac3b68-df8c-4be2-a6f7-26812c5d07dc,MY
a8712c3f-8649-4a6e-ae67-821cadca9bb7,MY
895affb9-50a2-44a0-b9d6-79099b2aac88,BA
fdbbc6f6-4d31-4af8-8fb0-d6060d0ecfb2,SNE
7a0bb508-dda0-4f5c-8875-da497d56802c,SNE
2651ca28-42e1-404d-9074-77cf255768c1,SNE
6abbfda5-4d0f-4fd9-bb69-3d9e8a3a1e38,EO
1840bc3e-ab9b-41af-a425-c01a155937fc,SNE
1e706344-f723-429e-a7f6-77c77bbc5e8e,VLY
f5d84607-c5a7-4754-8f8b-de78ee89dd55,SNE
e5e4506c-3627-4e3a-9f76-b764dd36dd30,SNE
87e6c44f-6bc3-438f-aa56-17a6325fcfae,SNE
3d4bddcd-e2bf-43d0-9d76-ac2d70d7782e,EO
14771895-c7b6-4ba9-b142-7ba741ae06f6,BA
1da3a80a-3df2-43d8-89a7-8c6eafcb2f05,SNE
f901a5ea-dea9-4a34-b152-3c19829e1020,BA
06485810-b954-43c8-8bae-2d601616784f,MY
84b74a6b-68ac-4a13-a926-34a7022f230b,SNE
13588f24-a5b5-49fb-bfaf-dc4708a9916a,LY
d8e493cc-6f5a-4fa9-a9af-5ac2ec33b7e5,EO
109d5bbc-082a-4cfe-8117-93c6291cc0cd,LY
43cc3a1b-357f-4e54-95d2-db8403add832,BA
1b2e0b68-9210-4b5c-a801-1a2ab919c1a2,LY
1a244372-01d4-4675-a6b9-874f8136495d,MMY
a1a043d3-bcc1-47dc-bbaf-6d834a18299b,VLY
54e5a16a-0cf2-4715-8c48-1101fdd8d9e1,SNE
25134621-ec98-4cb3-9019-3b2873aa46ec,EO
0f4fe182-5fca-4ff6-90b6-f1bc9a3966af,MO
9c78b3a1-8f0b-4033-91e7-cb55ecb60d61,MY
a4f88efc-3d0b-4f56-a56c-fa15ebe7d42a,BA
5b843a67-d83d-4b34-aace-a78ce9f3d4c9,SNE
cf642a2c-4c54-4d4d-bf93-4963f4cf1c56,LY
5ec8f427-4a9c-4fb3-b0c5-da73aac4cc9c,LY
bc786eed-2c85-446a-a5ff-a85dab65b2f4,EO
7be88abf-0ac1-4150-acd5-86a42926b439,LY
c43f6356-bc5a-44f8-b8b9-b725f6313f81,LY
840157b6-d654-49e4-8efa-42e9edc266d2,SNE
13bc959d-0067-4d6a-ac11-94f00451c27b,SNE
660be926-56c5-48bb-8aa2-7c125c4d7fbd,EO
d96ffafa-61b9-4f12-a840-841f4b5425ce,SNE
898ab126-4328-497a-8408-9604164d3975,BA
ee401086-5805-4f60-954a-01de87bb69d5,LY
0f9574df-4783-4dd2-aa08-23861be605fb,BA
0fa6a843-2e72-442a-836c-60e853a86cd5,MY
c59f3323-de94-4f3c-bbb4-db35d1b73283,BA
d6673dc9-656b-41b3-88a5-b5462dd925a3,BA
1b5eb663-e4c8-4274-87f3-f1ba1840a58d,EO
39432e98-e7df-473f-9294-98616454f837,SNE
cecd276e-b731-443c-a1fe-ca9b00e0b08e,SNE
9d2e64de-7304-4e64-8119-3b2dd126a22d,MMY
8a1b48cb-b6aa-4d0e-93fe-f3e961efb58b,LY
7176ca5b-f3a7-43c8-8a69-dde9956cd968,SNE
1df9490e-0673-4b91-bee4-54b56a5d4bc7,LY
773efe3a-6e69-46b8-86b9-49e946ad9ae5,LY
6fe425dc-e7f6-4bdb-9309-6e8989c423a3,MO
e12e0d5b-9fc6-4b93-bd08-81e41d1960aa,SNE
14da30be-0174-4476-896f-dfe5e0a2def4,LY
268b6a17-feef-4289-ae58-cd909bb59ec3,EO
fab5bc1e-b499-4bf1-b235-98fa86ee298c,SNE
ffc3c338-0ef0-4e75-aa9b-e2db6e95f93e,MY
38c335f9-3523-4e0c-8f2a-0b0f1f3ec720,SNE
223eb33e-b055-45cf-9dae-91950a792fd0,EO
6a5cb187-b83d-4560-aa60-339b40fcd5ed,EO
bcbd940a-16df-469d-8668-6f6b490e34fc,SNE
1f6955a0-bcf6-4096-a720-0c794760faca,EO
c6124152-f525-41e2-915e-9e6135398c29,BA
c4878186-8be9-471e-a352-6983bfb604ee,SNE
24e748e6-6173-4d68-b9d4-3997100bfbc8,SNE
e0a6fa83-a37f-4898-88b5-6a663d4f2463,LY
95c5e174-0e52-4028-8879-2787ac04395b,SNE
cabc503f-b68f-4d8c-9b59-e26cb5499979,SNE
641a2c90-89fd-4b99-b4d8-3a50b73eaee2,SNE
83d4941e-37a3-45b9-8323-334abb3dba6f,LY
7e3ad265-2101-44a6-a225-43bfb5e215b9,SNE
cdfaadd6-e69a-465f-9b5c-b2ae2c836554,EO
7ffdd799-bc13-4f10-a577-718d9e4f4331,LY
af9a9a6a-91ec-45b9-8bac-8590cad6215e,SNE
60954688-584d-446f-9ccd-2651bd74edd5,LY
d54d1c58-6b70-4de9-94a9-dd32805cbfc4,BA
ac86db37-8e7a-49bb-9b63-b2e3a47b7298,SNE
3b955382-47c4-4bf6-a804-0420c603635c,LY
021f05fd-f8d4-4479-83ec-39ba5088eb5b,SNE
9fa0e37a-ddf7-4909-a046-d71e280859d1,SNE
db7cd6a9-04d6-4a53-8c76-413f907d845b,SNE
cf91f810-4739-475b-b9a9-9d5bafe44ded,EO
1dabf3d0-e69c-47e1-912e-5c2c7570f259,SNE
3685003d-cebb-4fe0-9a0f-03f571221ff6,EO
c2957031-d867-4542-a61f-2c72a9cf5f69,SNE
2dcac227-5b20-4258-8efe-57fcf4fb3425,SNE
3bbd8f33-4f51-49c4-b323-3a8a69f53493,SNE
848c7424-87f8-4509-9fad-ff0428462451,SNE
6ff23c15-2cab-4a33-8587-11d3d0495ce2,LY
f16877e6-237c-4125-8c54-2afe0c7937b8,MO
7910ba67-f414-44f7-9811-8ececf293ac0,SNE
d70637f6-441e-4c97-9596-0b6f3f026844,SNE
9b4ef83a-db87-4e04-9d26-14d56b50b3e8,EO
cbb7ee81-514c-4213-a9f1-66635f2d2544,SNE
5fe3c1f7-86dd-404a-a204-59028c213a84,SNE
fca39138-e7a5-40ca-b297-8e06a5c49ba4,MY
6262da47-3cae-4f59-9790-b641fc75d697,BA
61932aa8-df11-40a1-8b71-c73ea91541f5,SNE
61e13dc0-ad35-4d53-a92a-242e03e2bb74,MO
a8c8f882-eee3-404e-b3f5-8986e2b940bb,EO
a41e51d6-9052-4ee4-b3a2-5c2b26165ab0,MY
247cb4dd-ec7e-4b48-b103-b348012d8d12,VLY
204a898e-8ad5-4b58-b59b-111fffcb6a47,EO
549e422c-3797-4164-b198-e5b0cd125f2f,BA
c26c198b-e6bc-4150-8856-6fd71ed40c5f,LY
7e99bd03-641b-43b4-bb0c-94da0ec816a2,SNE
bc850eb7-7982-498d-ad22-186576f2cc0a,SNE
76742bbe-daac-49bd-a802-769184bef6db,SNE
4d4d7111-52cf-41b0-9ec3-dc47bd66ec16,SNE
f12f9b7f-b2ee-422d-8db1-588658adeaf6,BA
48db1c20-2af6-48d3-9180-2f117e506f7e,MO
02444016-6c46-402f-9610-151df77e8dc0,SNE
666c45cf-53c8-4e05-a101-da9818b93db2,EO
e6ccc2cf-efdb-41e0-a4b6-8fd56a63b513,LY
9dfa8fa6-f390-496c-9d4a-0e9f0cbc4288,SNE
73c1b21a-dec0-4ee6-bda2-352ee90d9a86,LY
b566c53a-4d3a-40cc-84cc-d926a6638726,MO
eb09b7f0-01cc-45ae-88dd-447709bdf497,BNE
a39018eb-8b9e-4977-99b7-831d6f56aaf7,MY
d0e7f282-d962-4318-bd1b-9173cabea93b,SNE
638d41e7-c777-4ea6-a104-ed27b782ad9f,LY
49cd6f67-b846-412d-b827-6a179ece851d,EO
67038829-297c-4ff6-bcc7-dc4f86535a2e,MY
b35811d3-1fe4-4005-b718-721a1b8e35b4,EO
aa55252f-5e31-42eb-8017-0a7076a2e617,MO
eb796eea-0f94-4565-99b9-96376136b70b,MY
20729f9e-d02c-494a-b721-f1785bb7b1e7,MO
9c0d4bb3-a5e1-4729-82db-2dc6c833cf37,EO
02d5d7c9-c4d0-4815-b1cd-2ac82204ad84,SNE
4019baeb-7109-4f5d-85e4-3fce47160cb4,SNE
52338866-3467-4f2a-8fc5-3972083aa256,MY
88a9858e-fbcf-43df-83d5-139f6655618b,LY
e9627677-a4f8-4541-b4c0-411f60b7675e,EO
003bbfcd-413e-4df6-a760-dbd113e5f2ee,SNE
a34b40a7-053d-42dc-9416-add595eb68bf,LY
1b2ab2f6-a51f-4329-b20c-79596265f458,BA
a8293999-f3b8-4c4d-9054-3ccbe3c46110,SNE
f22f5b07-54c2-464e-bcb5-06f7a9d10b0b,SNE
a65e7e64-7de4-4d49-bb30-4e13cbd6e123,SNE
905dd960-40f3-491a-a525-2eb265779c5e,EO
8add7a6d-0ab2-4fc8-8bb8-263c4426d68b,MY
f03ce14a-e8c7-4997-8d95-160c79917d09,SNE
1697db58-fd5f-4e6b-9ae9-f10426e9d905,SNE
13a23aef-9969-4725-b021-fd094a25e8ce,MO
122b50ce-a13a-4de5-9f5e-63a70ada1436,EO
d6ea0470-c29e-4814-b35c-42d092b47907,LY
9fbb6a6c-bc9c-4b15-9c9e-0c6ea4ab3e47,BA
994dc956-c703-4c37-afb0-3d814b2264fa,SNE
c8d51a16-a3b3-4477-bd0b-279dcb747266,MY
e538d261-d585-4284-a506-b7641f3d77ba,BA
33fa1bb1-08ad-4482-8233-599c78991b29,EO
196099e6-664b-4ed9-a7ee-6b30b9220ad5,EO
5c9d815b-9fb7-4992-9caa-9cf414ffa5f8,EO
631f587d-54f3-4ece-b5c7-8ac9d5929df3,SNE
82ceaa03-cbba-487c-8c21-2ffe1cc7a979,MY
f95019a6-affe-4d3d-81e3-250fa0b7b218,EO
7f46e0c9-a6eb-4a42-ab04-71af5a8077a6,MY
9ff6daa2-130a-4e8e-97c0-2521383f7fb0,SNE
e0cd3af7-64eb-482e-97cc-4223690b5c7f,SNE
b6f96d4a-d6af-436f-a789-c1e71930ff9a,MMY
f47ec0cb-67a6-4566-be78-41fe5c0f1954,EO
d0b0fbb1-4a8e-4edf-a2a9-4de57ed8686a,EO
2e766fd7-456f-48a3-95ca-615822853fc9,SNE
d4e59c3c-e8f2-4061-a768-184933d3b6bb,EO
6fb6b675-c375-43fd-bdf0-70fb3bf7fca9,SNE
1281dfe2-884d-4e75-a6be-5902a8d642a6,SNE
2453f34b-3c99-42bf-9d4a-13daa5765984,EO
8489c5de-8839-4ace-aab4-1e914784c1b5,EO
a7a9dcaa-88e6-4787-a404-c75c9de0141f,SNE
565f2ece-addb-41f0-ba74-49da3b0c65ff,SNE
b34ecb6b-a4de-42ca-8b4a-bd207da95e2a,SNE
1648a44b-d3b1-429b-824a-78e9b21d8e76,EO
23127b71-d800-4576-bc88-8a885e26e51a,LY
746a9844-0f8d-4b4c-aa39-10e5857a5b61,LY
b38e9765-b067-4cdb-8fb0-09a8a027f79d,SNE
d58d5c8c-3911-49af-9f30-69c57671f2ee,LY
877b3f16-8a90-4083-b693-64c87d7800fe,SNE
cc68cac3-bf3f-4890-96de-738346d134ec,SNE
55027b9f-08c8-4ac1-ba9b-d89c69c4dc02,MO
a0172c0d-8e5b-4ff9-bbb1-2d00a44d1e81,BA
df825931-dc87-4040-bef1-8e5579e2bc91,LY
cd89bfbe-b344-4232-afa5-2e0ccdb3005b,BA
fe5c8cdc-f3e1-49b8-a4c7-741e3881fccb,EO
48fa915d-1b3b-4a49-bf8a-fe43ff18f339,SNE
5caa87d4-a8b0-4105-9c84-26d79b7486a9,MY
79ffb654-2b7f-4fc1-808c-9bdf61fb8720,LY
64e0724f-2232-4d5a-8ece-5833b1312387,SNE
0a095f55-10f0-4be6-91ea-d5ce82feca23,SNE
e4ceb131-a1f1-4bb1-9e0b-2d5947836b74,SNE
dee035ac-15a5-4ff7-a2a4-d5980ce518c6,BA
3bddcc7b-567e-4312-9d77-ce5dbeb59f6c,LY
9c2518a4-05c5-4bf0-9419-c19bfda56bbc,EO
739a0e55-2612-4c3d-8a28-891d2261cef6,SNE
c2471af4-8ba3-4667-843d-95660ec24211,SNE
116a9711-84ed-4640-ab22-ab60d4333ddd,EO
8c0e4076-3daa-408c-b2f4-f1481972c756,SNE
5d3da980-7734-4850-bbe7-745d5bc9019e,LY
5989e5ed-e452-45c3-8abc-6710b5cac791,EO
1219ab5b-bb46-464b-a507-5a66c379ec2e,MO
086e7fe6-43a8-4401-bb87-65b7537f5dd8,LY
324a80db-a561-4452-9726-b84dbfb4f725,LY
abd416d2-1e4a-414b-bc47-b5f6007422c0,EO
e106da3a-ee95-4052-a8a8-577920fb6b8e,EO
edf7f1d7-9e94-46e1-a1d3-5db474100984,MY
d2e98cc3-1b2b-433a-a869-1121d096c70c,BA
65d837db-c484-419d-907f-4c4630011ad3,SNE
42a14537-3473-40cc-b838-0cfe8cd06d32,SNE
c919bc9a-d6d6-44c0-b39d-a2cba1afa2cf,VLY
0a2bae0e-6dba-41a2-b41f-239004d1922d,SNE
3ee83e4a-3f9b-444d-8680-bc58f7b7c3a6,SNE
19cd1761-2396-4252-b4a0-00b70d4d7e23,SNE
864e2230-8d64-4798-8fac-717f889c4cd8,MO
8b25ac82-f0e8-4ec7-84c3-3c8d99649705,EO
940d7d50-e972-48ba-9e92-579ead0aba54,SNE
330b7b31-2227-41a3-b70a-2730478a949b,SNE
02ae0eec-3030-463d-851a-d87d475ce8f6,EO
52a4c127-aaac-463d-b490-f1b198e3519b,SNE
f99ab776-f285-4dad-bc68-3a165d7f7459,EO
08e384ad-f4ce-4322-a6ae-812bd5ee1a6f,EO
60fbfaa3-5123-4356-aa26-15d4ab2f8efe,MY
e94d2d60-c03b-41b2-8a74-ca87fec834d4,LY
7528838a-6660-4089-820d-e90e505d5313,EO
b77e83c4-6c2c-4ba2-b4b8-8c73ebf4847a,EO
957b0e12-e556-4500-af92-5527e2f6559e,MY
d7eebb2d-1558-4e19-ad6a-8c95e762e8cc,BA
895e15d2-3cf6-44ac-b07e-c26a7d4f54f8,LY
ea11e7ef-fc93-4b34-8244-dfb9adc4a3c9,SNE
74b29a8e-f9fd-4da1-96e4-eb1238305205,SNE
f6c74d41-e586-458a-b805-224cd4fa384e,SNE
7e5dd755-eb47-48c7-b6e9-8a547d376169,BA
e3c1f6db-d70a-4e59-9c31-b5c66fd774c4,LY
31d8fe0c-e9ef-4e9a-bbc1-510f2668f04b,MY
bb805886-23df-41d3-98c1-9293ed5a1b8f,LY
467e1784-8097-4fcc-97bc-e5c60d16fe67,SNE
e997a4a5-7d0a-4de9-829f-2800f1654c55,SNE
913e74cb-ae35-4694-86f9-89d9589a639d,SNE
ebe87dbb-aa5f-4c88-b754-5bec7d030ca6,BA
4c53b7df-3c76-4407-98bc-64d40e99de5c,EO
46e50ccf-f9e3-4d70-b4f3-4996b0294859,LY
780d9461-6d3d-49f3-9cea-ff2fbe694535,EO
bc3e44b9-3954-4ef6-b313-3353ee587560,EO
02dcd3a2-964e-47a0-a245-620dcfe722be,MY
43998ee4-3b55-4d0e-b126-3db310589a2b,MO
36fac383-a6d6-41a9-9154-b8dfe3d7f1b4,SNE
4c5c0ecc-9ad5-4228-98bc-b028dcf8a6d2,MO
ec7c0ee1-9bcc-4b5b-93a2-5097c9411cb9,SNE
15b1a328-1977-46dd-9b92-a38bcbd7e5ea,BA
8d9eed3c-4e28-48ef-9cfa-f5b845586807,SNE
1f2e9b19-78ad-4eaa-86c2-18a0a35875b5,SNE
568adea7-c1d2-435b-b91b-5c26778083df,LY
3145ea96-75e1-4dde-a119-6d92ffb42fd2,SNE
70918a49-1f92-4463-9a7b-c1287eaaa1e3,LY
e85c898b-4732-498e-a7b3-3a948ec96325,LY
ce1f4555-123c-48f7-ae85-729f38050e2a,SNE
002a1aa2-466c-475d-a4c1-aff2d220eb60,SNE
97f44b00-106b-4c30-8c1c-86419dfcace9,MY
400dd544-78b9-4d99-a9ea-ab11a6099e8a,BNE
b9377052-ac0d-416d-b4a5-22fb5ae0941c,LY
fe035a64-e622-4126-a6e2-2f851d4f8116,SNE
cb1472ec-1a74-4061-ae5a-3d39cd28f5fd,EO
d5d1c93b-9cbc-4b9f-b753-c835ffb4ca2b,MY
ca71ecf9-ed1b-49f2-80ac-066fab124937,LY
683d3b97-00b6-445f-b912-66b829f9589f,BA
81daa510-6ff0-4d71-834a-c3a92d6b7c13,MY
8cd48535-a4d5-4afe-a099-bfe891714469,SNE
6af08073-b1f8-4d9d-86e7-8d831933897b,SNE
32cf73c9-f08a-4174-a185-85466bff9e1a,EO
1f8d6bae-553d-4111-a472-6dad99d0848b,SNE
0ca33643-4c49-4b25-91b8-f37787018568,SNE
6f6fc7c3-6a48-4ae6-bbed-590b4fc38af1,SNE
47732cc2-9bd8-49dc-8fc0-068f33b0b7d2,LY
7e894b6d-1266-4751-b631-75ebbabf8952,EO
7266fe11-d37a-4b2b-af43-3a17b9836983,SNE
aa2f7844-6c6e-48f9-ae02-097528da5a85,SNE
64fcc166-c56e-4999-8158-3eb7dbd9108a,SNE
2708b2d6-8d7e-4536-894b-17c746fec06b,MO
fb8d1d0c-dbfc-4e1c-9959-68d8a4e6e058,BA
9c36540d-b9fd-47bb-9c91-a49973111b09,SNE
32576bdc-bef0-4a15-8908-912dc1b609f3,SNE
31094bec-4e23-45c1-9554-77f504d28fc9,MO
a6e4d3d2-e6bd-494a-9869-194bf0d57b01,EO
a4810fb9-29c8-46f0-839c-edeee0614638,SNE
fcdbdadc-df21-45a2-b977-e190fe777883,SNE
8599ff66-8e46-4f54-91e5-a57775929ec5,SNE
3c4e91b9-e281-43b2-a524-7086752a16cd,BA
f25494a4-7d23-432e-9b17-f7564b059aaf,EO
b173985a-f392-47a7-80b8-ab36191c3be8,SNE
4571faa4-4360-4efc-9be3-a7e1f1e3140f,MY
d279056e-a052-4459-82b3-879d64c156b1,EO
24261fd0-6c75-4b42-865a-7bff84743812,BA
52987651-5e72-4c19-ad63-e57073f254ce,MY
0981ea86-92f4-4ec9-9563-d3caf233d6c9,EO
093895a8-935e-4a0a-9603-d429e13b09f5,SNE
8e780003-338a-49b5-b38e-ec275ed77860,MMY
eec0a90c-8cf4-432d-bc75-5acecf4f5f33,LY
9158885b-1e7b-4caa-a237-de6f01410a0b,MMY
52ff892a-59c2-468c-be90-7d2b7d98c86f,LY
413f36c0-3cc8-43bf-ae7f-c333f96571ec,LY
bfa2934d-a937-4717-a9fd-d0c0e367727f,SNE
7fb32038-1751-48ed-b4ac-8477e39b1260,SNE
d9b91a8a-e379-41fc-9b4d-66bb8ac31a56,SNE
b14a37a7-9dec-4841-9909-996538571e88,SNE
ef2f5ddc-ebb7-41a3-8c2a-d3589d8fdd3c,LY
e4be957e-96a1-48f4-93a5-7a379aa4db21,BA
2b38f67e-f932-439d-9a02-7919a6490fee,BA
ad2ab63b-d3dc-441d-bf02-571c2fb01e81,EO
854db383-fafa-48f6-9683-7798c430b11f,EO
48235c08-16be-43c9-82d1-595c60c758ed,MY
fc46a30d-06ef-455d-b4e9-46486ab995f9,EO
dbcf7c2c-6545-405a-8a8e-ce915ca3744c,SNE
c5e71689-21e2-4a4c-a0f9-a0d88b41ce42,EO
024f7f34-c443-48ab-aa9a-2c0142fe65dd,SNE
1c8c543f-5dce-49b0-8950-0c38f34e1992,SNE
27950a76-64b5-419d-92e4-640a147a2edf,SNE
830d21a9-658f-4534-a50f-fad6fff2a445,LY
6a1e6a89-090b-4534-901d-83cfad0456ce,SNE
175949ad-c824-40b3-bc8c-888ae7b785ff,SNE
6a337e78-3f5e-421b-a090-477fa45dcdaa,LY
fb2081a2-c705-4280-96d3-950567dcde01,MO
b48421d6-2449-49bc-b9d4-b0e28eafe2ce,SNE
8aebcec0-a464-4aa4-a584-609860e5ba21,LY
5e2d0564-5904-480d-8b72-e672855ef6e1,SNE
097012eb-4b83-470c-9505-cda178ddaba1,SNE
31890e7c-2ff5-4bcf-a1b3-39e335e0485f,SNE
09642632-8739-4755-a240-d9c43b4409d5,LY
7bd08753-f74a-4315-829c-f872fa5d71ab,MY
3e8968cf-26c3-4132-9503-e97431cdc0ad,MY
5a63e6e1-d631-4597-8807-109c25cbdaed,SNE
f710adf7-dcba-438b-ab6a-8da6c614eb00,MMY
cce330f3-4e6f-436c-b054-b60106a302a4,EO
309ab456-f0bb-495a-bb04-64178206d8ae,MO
a1b60227-9313-4e47-af84-28548a53ff66,MO
774ce18d-31aa-4095-aa32-c208a0c57a0d,LY
0309068f-d683-40b8-af4e-e8ebf50c0108,MO
fdd9226c-3ce7-4622-b2d2-37be386452f4,SNE
6915c83d-3cb3-4d7b-a791-0a6cc560d675,MY
f685b92f-f9c2-4563-87f8-7bef6de84a54,LY
ce99ffae-56ec-4eb7-b292-3f26a64bdca3,SNE
61eb1051-f4c9-4c19-a8f8-3e42152a7282,SNE
dbdea675-28f5-4f56-b84b-e6d57eb1795d,SNE
d9b18521-eed4-4f2c-be1e-57f814f4dfac,SNE
9e95349a-ba2a-4b53-8c9b-0509e260800d,EO
fbcb7ed5-75ab-4f82-99fd-ca74ba390218,LY
0eb4fad6-e3f3-4f54-be05-f11c5830d66b,LY
d549012a-3051-402b-90a0-ce795fdb060b,BA
0d70b6d6-d278-44f9-ad70-58bd1a6410d7,BA
54d606e3-6e3d-4d1f-a5eb-6e699db64dbd,LY
acfe4c53-5a67-40d3-9dc6-409f9f0c0a32,LY
57907e37-6ed3-401d-b6fd-8d91e6c199e6,MO
824b181e-52ec-43d1-93c6-034d7ba6e917,EO
27970642-84d2-469d-94df-1fbccb8e130f,EO
72366463-5ff0-44c8-9d3e-4e6d22762e61,SNE
28a04fed-f3d4-4f9c-bfbb-e26007810367,SNE
b0e9534d-095a-418c-822f-09e7a617c704,BA
cbdda639-0d1b-41b6-975f-80cf1fcadc37,SNE
bfde526a-0e21-42f4-b270-c5924aa30b69,EO
12afce10-9d33-484b-94b7-6d2a468ed0fd,SNE
8e2e156e-4e6e-408f-bec3-3534ec4e4415,SNE
66dd1b78-ce65-4fd9-841d-5cc9953d6afb,EO
e5ae3deb-9768-4d5e-aa17-ccaaefd92f15,EO
bd608560-e49c-4297-83f6-c759c51118a0,MO
fc13abb5-aefc-46cf-9be2-1fee5c4b3137,MMY
af0560d9-c5f4-486b-a26b-e098839b49ad,SNE
9f26af38-ecf0-486c-86dd-d4ec08adaa31,LY
3f69bb98-9926-4bd3-86fb-9662a01649f0,LY
ad4f2f49-a8bf-4f8c-b4b2-895189ac3031,SNE
768ef812-d650-49c8-8650-37e3e1734304,LY
fbbdd80f-8544-4109-9be5-0205bf64b714,MY
e7e9333b-3b4f-4412-be10-2f4a2232c4f8,SNE
d2bbefd2-474a-4eb3-9c9a-656f60aff1e2,BA
339ab9fc-94aa-47f9-a1c4-bd9ce79cfe58,SNE
bb7244d8-77e5-4392-9eef-3d5740ae24cc,LY
71250654-cbb1-4b0d-a713-f929555e79b9,BA
637cac49-b366-4a41-adfa-3d364d5541f0,LY
0e3ec2d7-17e1-4a0b-a602-15a8b812e312,SNE
0fd70e03-7be4-43fb-b981-6d6e899842cd,MMY
9a63e09e-f4f5-46b1-9bfa-d45202194de5,BA
d60419ad-69d4-4920-b2af-743eae7691a6,SNE
eb93a716-d0f7-4133-b6e1-f4a31ccc5df1,MMY
fbfc4822-c608-4819-8323-aa1165960487,MMY
587d3477-8e6d-4a4c-9352-51d85951ca01,SNE
895982d0-35cf-4e4e-91a7-831e7582fd3c,SNE
755b0372-4beb-4d9c-98fd-df415c051f67,MO
5a961958-cad0-4684-b46a-eff5587fa122,MO
7c4cae3a-2c37-4097-87a3-dd439ac8a251,MO
5fff67fa-f1dd-4e4a-b9a7-a3f4e5303227,SNE
b913049d-f351-479f-89d3-b3d919ed3496,LY
63a9b32e-7b09-4cc4-9767-2681b2a35c53,SNE
727cd4d1-f26b-4178-9e78-f6f1a566fc3d,LY
a956d457-3214-47be-b4a4-12819382ab8b,MY
e15b9bfd-a070-430f-8eed-32122d18b321,MY
836cad81-1468-4d08-b245-5785bf9acaba,SNE
402244d6-505b-4735-ae39-433a0c5e3bc3,SNE
8f745299-2c6e-4006-af12-3e0ff8d754b2,EO
1c363ba8-0356-486a-89de-1ebabdafa0de,SNE
bd6df3d6-be41-40ec-b7ab-6c38dacd9896,SNE
da2d931b-01f6-4fe4-a047-5051e8da167f,SNE
eb1bfb8b-56e1-45fe-a76b-284fcb5dfdc2,EO
e53afbcc-ff78-4806-a068-5da8f1226af4,SNE
b74e8fc9-991f-4f2d-88ec-094884e692bf,MO
2bba99c5-0c64-49a5-bdf1-0b0433bf3f6d,EO
923d8c19-c6b1-4a81-a8bd-b624bf8306a5,VLY
e6d79716-c96c-41b9-bba3-d3eec18ff91d,BA
da15fce8-ed1f-49b4-a62e-7fdb15930297,LY
8154cd71-7fd2-4b54-a49e-f2eb14d9c5c1,EO
60e01cd6-e387-4597-beca-095a28251348,SNE
50d0f59f-8752-4ab2-bbbc-91f61f7dba1a,MY
865384e5-39a7-4cfc-93b0-9876af46093a,SNE
3071fe0c-c6d9-45e8-8f95-5222676813cd,MMY
90c5e850-de5d-4091-9895-1c6a5b70b84f,SNE
2bfb938c-4ec7-476d-a351-b2819722093b,EO
c4d69e7c-5135-40cc-b605-58db20fdb3a3,LY
40184327-a409-416a-a1a9-3e75e1bf6467,LY
7d362e98-7ea1-4132-83c1-7a154ed243ef,BA
8773bbd5-62d0-4c49-87be-b6e976814202,MY
0ad0ec65-d5df-4478-b2b1-df25d55b3df2,SNE
d5756075-700d-4754-aa1d-e048444e08ee,PMY
2b5b7d0a-ff77-4553-8016-979901a224a2,SNE
2d462d5d-2852-4fc3-86e7-c41c21a4766f,BA
c5bf3e52-fd82-4d53-b7cc-b77ba5df075a,LY
df3d0c35-9d78-4bde-afe2-dfdd57352fe5,LY
a09662f3-833f-404d-a223-8ad4666a71e1,SNE
a7fea4bd-e920-4a8e-ba23-df5bc361da6f,SNE
98e9c57c-f3b4-4877-a7c5-e3190c9a7c3d,SNE
999ea612-ffc3-49b0-a204-b5889df1c983,MY
c794447c-78ba-4952-9b08-a7bfa94e248a,LY
00beff51-27e1-4a6b-9a2f-4d6267d3b6a8,MY
c3ebf938-4381-40bb-b020-a95e20fe3006,EO
6d638e8f-7b07-4168-b614-c8d59e8b7490,MO
6906263f-60f5-42d7-a0e0-e211e69a7a0e,LY
e549adc9-4bfd-4570-873b-5d709d018c41,SNE
4f02a0ff-47e6-4a77-b957-d2c4e54ca623,BA
de3b51cc-a0f0-44e7-9e9a-c77b15785e0c,LY
bf46b9da-1d37-4401-809d-5080b86c85d6,SNE
11853bfc-f643-43da-90ab-01b67198de88,SNE
8ee9fbf2-8354-4199-a9d6-69c87507fc52,EO
7ca1212e-415a-4131-b10b-be0696b0f5f5,EO
9d17502b-e7e0-4be8-a1e9-5f3397f3cee5,BA
b49b97ce-afad-413d-82ad-83ea4bcf1f3b,SNE
6f84e654-4fb8-4dbd-92e2-4d84a28aada0,MY
ccf7622b-c197-4b61-b3c1-f54c6e85903c,MO
f2c4bde4-7d9c-4022-957d-1c1c2daf042b,SNE
f26410ea-74a6-478f-869a-054bd0846aa3,SNE
b3ce4282-825b-476a-92a4-366fc30dfdfb,BA
7914b678-a3b3-41a9-a897-fb27253c346d,MY
df9d28ca-c4d4-43c0-84e1-b2811211344e,LY
e2b6cfaa-e8a7-4e19-864d-75c695cbe485,LY
5ff69641-4501-495d-9d59-e46ff5461275,SNE
f803a532-accc-40fd-abc4-42ffb538e527,MY
e1f6aac5-5c7a-4091-9b66-3cc141635c83,SNE
3b2ef945-86df-4c7e-92e1-34c8820aa2c2,LY
e357d1d0-48a3-4500-9cfc-ae9285ff71ff,LY
81b623a7-0671-4c7b-a91f-65a2a3cbf20a,SNE
9217d90d-a0b8-4e60-98e4-88d26177f304,SNE
ea91f993-833b-438a-9a76-a7cbb0c8500d,BA
e59bc9aa-a979-4197-9efa-503a652c5d96,SNE
df2b6b39-7f22-4401-99c2-448f8b22eb94,LY
cb7643ad-142f-4235-8bde-8ad9adab0c87,LY
36b1bbf5-8042-4143-a95f-892f09221db5,SNE
996912ac-7fb5-488c-b39a-7aa3e63e07dc,SNE
bcae561a-4761-4c4f-9feb-10097a97fd57,SNE
36b77afc-c7bb-4fd3-8404-0355f66e1751,SNE
c284a6cd-c376-4506-b72c-2738a9825dbb,SNE
d3fc1341-1a4a-4091-b16a-4a95db5d273e,EO
df30a92a-307f-485f-a482-90897860f0e0,MY
c7af1139-36d5-483d-9a9c-a140bf9c7597,EO
adcb1b62-c901-4356-a1d6-bf61b5f3bede,SNE
0725eeb6-7f7f-4712-9817-ffc1b220ea9d,LY
11411dde-337f-4f08-8420-3d9c9dfadca1,BA
24921105-e122-41f3-b805-c0b99b1689cf,LY
f40d0561-2b08-4680-a419-48fc3f20d0e7,LY
25d2e546-f326-49db-ab00-5084aa473885,LY
07235ae9-81f3-48bf-a904-69a2fb030f38,EO
2b248417-1477-4d70-a386-3984dc1da478,BA
cf63b03f-72ee-49dd-bfe7-c3042789a2d6,EO
f0ca5b16-667e-4ca4-9113-87fc1c439e6f,BA
015d009d-929d-4c05-8a53-85abc3f885f5,EO
ef0919bd-1ddd-4d55-90c6-d8e822db2a09,EO
f759dbac-80fe-43dd-9aaa-bbfa0c9afb79,MY
819c9b0f-7d94-4267-a0c6-c0605ad9bd61,LY
f0c5de97-5404-4140-9ee3-9d5831cdaa76,LY
f97a6120-9cfe-43a6-9c5a-61d7690cf659,SNE
ed860081-1a48-422b-b6b0-92617b34445a,EO
a49ddb61-dc40-4bbd-98b4-d9844324a2bb,MMY
fe7d88b7-815a-4fe8-980e-566144f1a7c3,MO
b7a711f3-ea17-4e5a-a6f7-75c7bf50775c,BA
b2006c46-28cc-48cf-9054-3b7d8f1be57b,EO
fb3d9e20-509f-488b-9469-bc2d3e11a34b,BA
67010bd5-b1f5-42eb-b45a-7ceef6d1abb9,SNE
28a23ab9-d272-4462-8666-c52972289149,VLY
33bf0ea2-0490-40bc-b006-7428179fdcdf,SNE
0689d94e-4193-4483-aa0e-e56365e11acb,SNE
9badb804-7101-464d-a768-10ec58638271,EO
017d6ea7-b061-4041-b277-e044c5b18fe4,SNE
2e1bf39c-2afe-45c9-96ec-987f3fe72c2d,MY
eb7015b5-4c28-49b4-b1cc-4e3ce51fe8b8,LY
430d1dcb-621c-4d75-8663-9b548f3d1f4c,LY
a414b46a-d8d2-4d86-a81e-ad5193820339,SNE
bcd54dce-a745-4918-9284-8d0c2ba13fca,LY
46698a88-955b-4ae4-aaa6-b33222ac9dd3,SNE
2fc5e23e-a39a-46d1-b5c1-cf20f7eb3523,LY
a34be1ec-5292-49e7-88e4-baf61716220f,SNE
8d1c0415-22a8-43df-a3e5-449f90e741be,BA
9b8e656f-00da-4370-be86-5c8222489c63,MO
676c6dc0-6976-47b4-bb8d-5442150bf753,EO
cce78a4f-6f8d-4df7-958f-87c485c6c39c,LY
d9897e7b-a66a-4203-8f89-5e9ca0a7f2e7,BA
c4ae0f3b-5e86-4398-b719-009f60f5ceff,SNE
08fdad1a-89a7-442b-8a45-7bdcbb60d7b8,SNE
ebe34199-7864-4cc3-b717-afa7a1289aa3,VLY
8956b754-db8f-45ac-a64f-c26eddd8115c,MY
a7addbd0-85ae-4e25-8494-fa206f3131ea,SNE
95e7f832-e4bb-44d2-a7b8-b96b3c2604c0,EO
7db08e0a-dbc5-49fb-bddb-ee076d81e9a1,MMY
cf18cd2b-8bc2-48e0-91b0-af0c0f136d0e,BA
f4b0440f-ab4f-49e1-af55-acc2bb6cfe8e,SNE
0cec1d5c-4813-4a46-b6ac-2bc01d6716f4,MY
6e7709f3-b8a8-4951-9fa4-2fe82171937f,SNE
09371194-ab7c-4196-81d7-901d68c3a284,LY
97f144d0-769e-41c4-a356-2c3093e42e7a,SNE
f41cf3df-67c1-4ddf-a769-912b0eb5be70,BA
1406e850-fa4b-4fe9-a64c-b8eec5495743,EO
29287d43-37a4-43c6-bb15-50e61c75254c,SNE
705452de-031f-40d3-a237-ab28c7fe53a8,SNE
46eb3ee3-1da3-486f-a94d-843951734013,MY
ac130c73-9ea7-4d6f-ad28-de792f111689,LY
1c600316-d223-47a5-b5c6-ffa3eff59cb5,EO
8c276239-f0ad-4671-b8c9-3a49549151b0,LY
4873c1cf-5ac1-4e11-b356-cf19ffb29aa7,MY
a00cc812-d299-46ec-95a3-51faf976146e,SNE
d7928a23-f33c-432d-bba3-4c6d1f593eda,EO
b98d3672-a25b-42af-90b0-693481c43b3b,EO
8dbb278c-3eb3-4cb0-921a-8e42a6e4fe53,EO
d1657e09-f618-45af-820a-696358315eb5,SNE
a64b1eb0-3114-4c36-82f6-df40a0361869,LY
3a2dfa96-c7bd-45ce-bb9f-316926893a56,SNE
d054d6fa-00f2-417f-a9af-ac7a683bba77,SNE
9d400060-097d-4186-a6cc-87882776875c,LY
9a3d23ed-2ee3-4a8a-b3f0-c3bb2ccd354c,LY
c04d328b-98ca-4950-809b-149e3c51aa86,SNE
00e19043-f82e-4587-8e7f-4e6168728593,LY
fd4bcbff-9ab8-4b7e-8300-611fda3d96ae,EO
2e1261b8-04c2-48d5-aed2-88bc16ad3ae8,LY
435d1eb1-8190-45d9-9ef7-fd49554f1b7e,SNE
99788c13-7b05-4f7c-9b55-fc73c4da0ead,BNE
525beabb-eed7-4865-a440-4722b6a4e5a7,MO
cdcfdb73-b9c6-4cf9-8d38-789fb86d4683,SNE
69b5bd68-c486-44c2-ba3e-1db900642e28,SNE
94885a1e-6683-459c-a3c8-00532fb92088,SNE
29130844-2b3f-4432-91d3-700ab4754725,MO
8919b0ec-9e1b-4a54-b437-a8222bbd5b37,LY
0e2db8c3-cf63-4355-8fa8-411bdcc5c37e,SNE
6ae642c6-be56-4713-8924-7d78f412d171,SNE
0cb0782b-e371-4526-a354-14fd3f0cc00f,SNE
3452ea28-9e84-4aaa-9dfe-92e361ce2504,SNE
88b36fea-2330-45e9-b9c7-288c16ee95ad,EO
dcaa1e58-f595-470c-ba9d-79259e2c1fd7,MY
dc7114de-c984-4153-b6c8-ebc3d5449eb9,LY
26f4e1fc-8268-43f6-b103-4fcc125c7205,BA
0b9b08a4-6b9c-481d-8b6b-050d3cc568ff,LY
bd122ffe-53ae-49c2-afa2-606d6d64b744,BA
16bf23e5-706a-442a-b7d8-c19176c4be1f,SNE
9596bfed-206d-4f53-873d-29f1fcd10d2f,LY
27b0812e-65a6-469d-a140-da5d8accb010,EO
22bf8a57-36e6-4800-99f1-460b9415a272,SNE
88488f7c-e952-4905-8b3b-114334a1371b,MY
de28e020-413b-4fd9-94df-70defcee19bb,LY
64053a96-6b05-401d-a80e-6e0b3929d9bd,SNE
0ae7aeaa-c671-42e0-be22-31a5e06cb4a2,SNE
837b30bf-82f5-4f4d-9c6f-88e1245d44a8,MY
393c58d2-115f-410b-b63b-e97e8e608108,EO
da707b79-e6b7-4801-a538-d2626e5507eb,LY
e639f883-f8e5-4062-8d65-f971d95e09cb,EO
7e3c66a8-364f-472e-957d-ed78b88231e4,LY
57042f05-f65b-4edd-90b4-199f5bbb9d58,SNE
fe96293b-230f-45e8-a6b0-13107d4753f4,LY
81a3c92d-73f8-4886-a703-86f24b9502a1,MY
346552aa-7797-41e0-a745-8376ef518dc5,EO
ff3eb160-ab11-46f4-8015-bd7a5b787f2f,SNE
ceadfbff-d15d-43ed-9127-16c5facb79dc,MY
62d0ea38-c688-44a1-9cbe-9b4fb4f6ed36,SNE
d335c2a7-d3bb-429c-96dc-2d4059466bec,SNE
22c56004-f6e4-45f9-94c8-a1043728ebfc,SNE
40c43d91-5f5a-4617-bdbc-0f86fb1e0aa7,LY
ac380329-d6ab-4b57-a4b6-d9fcdd818365,SNE
b2bc0229-5fe7-425a-8eb8-7227c97a9c47,MO
056e048b-0783-4268-a8a0-6b6687530bff,SNE
f880c84b-8a51-412e-9c61-68c9336cb325,MO
5f801432-e2c6-4e71-b834-d67483e94718,MO
7e72e40a-b5c1-4244-aa9d-458d4d0abc97,EO
b51b580e-2791-467a-82cc-e8f74515b04d,SNE
72704aa4-bf30-4238-8cc8-abf8fba9c279,MO
55e3d174-76aa-4b07-ae02-81496894b253,SNE
1c78b624-72ac-4460-82b5-f560838bea4d,BA
098aff8a-3905-4a13-8957-c2d25d425b1a,EO
f3b19a79-4468-4db1-85a2-082a3c09c5e7,SNE
700b2997-b94c-4568-afd0-798dde623ad8,SNE
48674237-a6a8-42f0-8b0d-88aaad9b7472,MO
29b485fb-9cb4-45cb-aff8-27645214bcf5,SNE
36c3e5fd-be9f-4376-929c-741890284887,MY
f5b8da00-c3a1-48a1-86e2-8d5b22020b45,EO
b4855911-4d61-4ec0-a321-3950b106c6db,SNE
a422525b-0b6d-4eba-a52c-f3ac23206404,EO
ae88b439-21f6-4a46-ae79-7aa3e3886912,EO
ffea87ef-5f9e-4d73-8c83-9a078b269d8f,EO
ac3e0f81-6b28-4425-a5a4-c11780109528,SNE
05a65585-accf-4d7d-95d5-2309469c2469,SNE
a52b1c10-b350-450f-ad68-76184a3fa1ea,EO
7c614028-fc67-4c99-82ac-75cfa4e56ac0,LY
c2d2b568-1a76-44bb-a68a-f96b422be1a8,LY
321d6434-bb11-4696-a298-f3a6a977092b,BA
4dc84bcc-fba1-4a22-8c40-894cb4fc6b73,LY
de48c72e-d15c-407e-85e6-e6a15183688d,EO
b6377dba-4546-4a38-a3ef-5a249b07cda5,SNE
3e0d48dc-9704-447c-a703-8133c301070c,LY
d3aac4d1-2e33-46a0-9318-c79bfd184310,SNE
5d5bc82e-fa10-46f5-886d-8ec9cf46e844,SNE
21cfc064-725a-4433-94fa-c699ef57ee5f,BNE
84bee32d-ea48-4cc9-ab2d-2b4919148780,SNE
eec7ca70-0c56-4f18-b4f9-634e1a1868af,SNE
ea26949c-e887-47fd-b6a1-6241daa3e6d2,BA
3c50b683-3b33-4a81-9d14-a9f4a684c7e0,SNE
76c180b7-dd78-4a4f-a0a4-d2455fd7cfba,LY
40fd7c30-0d1d-428c-8115-7b21ebf8e6eb,EO
4ff6da99-8d2e-4a58-8d7f-b1e4dd07bc13,SNE
e510e37c-eb91-4835-bed2-893543accd73,SNE
6ab388c9-364d-47d9-86ec-51fccfd50973,SNE
77344625-f4fd-4277-8bc6-7ca95167279d,LY
2a4aa2e0-3d3b-41f9-b85b-0796f55c60c2,LY
77184baf-3e94-465d-a363-af14dafc5e04,SNE
4109dd8a-3d4b-498d-a545-c86756d5e0f6,MY
90feab2b-6032-420e-9e8a-41d114ea3058,SNE
b684e6d9-0a47-4fc4-be4a-546c6d63b57d,SNE
47964c01-8e25-4f84-a53e-ea3e8325dc91,SNE
c8036850-e73c-461b-bda0-8563990994e2,LY
b7a8b957-5927-4d6b-8862-9dfee7b80d6e,EO
7ae0f4fc-2993-4c2a-bc95-ad934434d4c5,EO
bd8e3c33-36a7-451a-86a6-ae0d785ca597,SNE
4ddf3a5c-7d07-448a-ae6c-14052056936e,SNE
aa453639-a5a9-4a80-bbf8-ff84a4e748a3,SNE
8df99397-a3e9-4c37-898b-99c3c89aa0f2,BA
db8691b1-b336-47df-b715-79e726074187,SNE
15f75767-5569-4ee6-b48a-9dcf618ba822,SNE
7974cde6-723c-4ca6-aef7-900cf0a5fedb,MO
357d9fb8-6d81-46dc-8416-10fb68bf59df,SNE
1fd4bbb9-05aa-4f9f-8a15-8f9e8d965733,MO
ee8b6b79-a4ec-4303-b844-8774404efaca,SNE
3a554e9e-22dd-467c-a507-37666980d318,SNE
a03d3b2f-e75c-4690-8950-5f9f878ce6b8,MMY
d26f474c-5f11-42f3-8f7e-1db3ca81ea4b,LY
906bcc27-45dd-4993-b746-9c9d47cddbfe,MO
2934f878-e55d-474d-bf7c-04f3d4dd138f,LY
518ccd8a-69fe-4494-8d5e-ce3f6e4eefac,EO
0ec50c4d-b29e-40bd-9e9f-0841b2989424,MO
05de7b4d-9d7a-4d72-a0dc-d3cdf0833cef,SNE
bbc90085-17d5-41c2-b9fd-4a9a097c5350,SNE
f5d79ae2-9785-4c73-a413-dcd7fb42376d,LY
48555e6c-80c9-4168-8757-3c615047c1e1,LY
1b049a97-b98a-43de-b837-2e84e66323df,EO
0afb5ffb-7534-4ab1-afdf-c6559159281c,EO
3c667589-d663-4498-954d-b8fe4bb3c0d0,EO
704ecfe7-6942-4d71-b3a8-f5b16d7751f7,LY
857e98ee-ef2c-4237-8b3f-9fc3c5f3509f,SNE
f1bf7e68-5dfa-4e8e-a25e-3479d6aa6be4,EO
9af9407b-8c76-4e48-a65f-85462c3fbcc6,EO
6c24fad2-15eb-41ab-bf73-7a841d06466f,SNE
d3300c93-44ce-447d-8a22-7883526fe3a2,MY
4f203175-9a2e-45a1-b89b-0ccfaf9d53c2,LY
c0cc8063-9772-4c12-8565-a1e58425b02c,SNE
26bcb967-558a-4f41-b38d-3cf8af1b09f6,LY
5fa8b2ad-0fdf-499b-8fc1-4c2594774fcb,SNE
2c12b588-77ea-4400-bd5d-be218d85f6d3,LY
8c3427f6-ebc9-4721-bc9f-fa212febad74,LY
08596902-7313-42b6-90a2-96af6388a52f,MY
9c540efc-5257-495a-be95-b34b7a0d3d60,SNE
60920d0d-ed1e-47af-a2c3-780f6b152f51,BA
d3021f0b-5808-4a94-939c-5ff88dfb0fd2,SNE
62233946-824e-4eb2-8799-7b3c36503d9e,MMY
ba015d02-8e56-4c99-81ce-79dcd86819d4,SNE
fb634b13-22c9-4226-a99b-4ff63dd9ed06,BA
3e77f9c7-9982-408b-ac9a-6b5d239ce453,SNE
4d685a4c-0bd3-4df8-8717-7e09747059bb,SNE
45356bf2-a932-4dde-9543-4ed8a6a911d7,LY
a001e445-c113-4dbd-aa97-dd840197603d,LY
befc84f5-360c-4e95-8311-d956b6baf86a,MO
989d8dba-43c3-45b0-9a32-1bb0b9a6ea14,EO
0331dd25-481a-485d-919a-c6ba5867d2a4,SNE
c66d800e-9906-4d0f-a5c4-b0fe5af43920,SNE
e248b461-945f-40c9-aa16-daa3522053b5,MO
43c69f33-1646-46c7-b994-5395d7c82550,SNE
22cfdb75-3368-46af-84df-d319bcb77d3b,LY
2474542c-617a-4d51-b43a-8c9a86983f57,SNE
f6c959f4-2af1-4c05-be33-d1ebed55c6cf,LY
8b69b48a-bc7b-4629-a865-8d5986ca2e30,BA
1e2078ed-fd97-42fd-8ffd-7c3a34379382,MY
7fac69c7-1aa9-4fdc-8933-41dd44ee2a1a,BA
b5e2b97d-9ef7-415a-aae7-7872e1451efb,SNE
0ebb1765-f661-4833-b06c-ece8f9d75649,LY
f4512219-580d-4eb0-bf51-e7011c35bb76,SNE
89ae238e-5537-406b-bbab-3f226463e71c,LY
c6c085ef-79ce-4450-afca-4e0c8aed5a49,MY
3358f070-b419-4c88-b2d4-5c611f3068bd,EO
7d092792-e7b0-4bda-a574-5f42d1f0244f,BA
dd184344-6d0d-41b1-85f5-9a5a270b2951,SNE
ba0c78c0-48f4-4381-93f4-ecbf14e03860,BNE
5050ba6c-0ef1-48a5-a05f-025e33e2c3cd,MY
f9170ba7-eff0-4271-9ab8-469285761e64,SNE
a2218836-e78e-47f9-8f94-2406715debb4,LY
25d8ef15-2267-43ae-8f33-8b714f82c2de,MY
739eee4b-3a1b-4b46-9ec2-470b31aee75a,SNE
d9d2ab92-7daf-49f6-bf9e-f8e35e11e7af,EO
91908928-a9a1-4f91-8a5c-11b130fd10da,MO
f7df74c8-9a94-4a9d-a71c-987410d103d2,LY
f7aac4ab-22de-474f-8f2c-e8cd9dc02f8d,SNE
53099952-935a-4c2f-abbe-429da6ebd53b,LY
268c3724-ff72-4988-b413-5b61d78ff0d6,BA
423a7f8f-17e6-41a2-b258-7bcc4a2368cf,SNE
45906331-2784-4e0b-a043-fe8860603f2c,SNE
3be36c5d-a3a4-413d-9d2f-b3910bea2870,SNE
0e6770f4-21fd-4670-8f27-e68e90ed3c5b,BA
a2552fc8-386c-4c10-975f-1bb30fda07c7,LY
3db409ce-6c8a-47a3-bc80-f27a7c07d6db,EO
d4fa8692-d14c-4e8e-bb63-37ea8d4c3fee,LY
894c6430-aac3-4746-8490-83d2cc674857,SNE
06a23197-2e66-48f5-b3f4-0ecee3dcbc8b,BA
8084d820-e114-4555-a815-5378e228df31,EO
8c214756-67a1-4246-9c9b-6d828f5e61e3,EO
37fc14b6-9f9b-4fc7-8578-ab987e4e5a69,EO
8a011a1a-9db8-4564-bde6-b4e9463996e5,EO
d0684e52-c1c1-4ec2-85f2-7ef247723171,LY
03cf5230-0bec-4d7d-b73e-97df30c4f1d0,SNE
166ba63f-389f-4f41-a69a-1fdba313e16b,SNE
60e1b889-8dd0-4af5-96b7-8c80be7f8763,MY
5773d4ae-9c7a-4eca-a160-d82b0eef9ae9,MY
d38f8ddc-ab6e-44ab-b4f3-49c013689a14,BA
47640eb9-f41c-4c2f-b7ba-497151b8fa34,SNE
0500fe0c-ef41-494e-89cb-451ad03e27ba,BA
549c50ab-ee9e-4481-9101-61443d56b2ff,SNE
64b097d1-c28a-4572-9df8-21c4c57873ab,EO
5a43adfb-7b49-4d68-ac2a-966873e8d708,MO
44d2ff26-695d-4df2-8014-b1db1bbd34a0,MY
64b92c41-d73a-4d9e-b00a-97c473beceeb,BA
715e6e16-15dd-45b6-a674-7879978117e3,SNE
68634a51-9bcb-491c-b1e8-fabdf119502d,LY
5d288d41-55ce-4fe4-9360-7419ae908b28,BA
865c7b8a-686b-4a0f-bc50-5c8b19c693b7,MO
86958ecd-ce69-4063-b14e-9bebb2d58e5c,LY
80b96535-b627-44e9-979e-f178330314f2,BA
4c4fd5a4-dd11-411b-97d5-b85a6c36d62e,SNE
dd73ca04-02ae-4784-a1e1-a58ce241b9ee,SNE
dcd5704a-e23c-4516-ba08-f761ad210513,SNE
02534416-a64c-481f-a125-41980d3f7edc,LY
e4d46a68-a30d-4fb0-a58d-58349608f3b7,SNE
a5981e42-19bc-4a52-8bf3-e41345e79ded,SNE
bb0ea817-dc14-40a3-9b7e-79dbc1e6b96d,LY
ee9a1f7b-689b-46c8-8005-0b480b207a6b,BA
9d542bbd-b83a-4df4-bfb7-895195fde33a,SNE
1fe2b908-b993-421b-85bb-6f26c0967bcc,LY
559c81eb-c89c-4064-b446-b1cc02a3fe57,LY
c8e410e0-d51f-4e1c-a08a-f66ed9fa6d5e,MMY
6191d7cb-eda7-4b27-a573-355bcdc14ed5,SNE
bdb6bb12-b9e8-4cf5-b2d1-ed2e52bc5f3e,EO
f2d3149a-d578-45fc-945d-350f07e55039,MY
4151dc56-f43a-4e14-92a9-435b81fe4cbf,MY
fbc46e92-2230-498d-8ffc-2de60fb32de8,SNE
56c3b31f-6328-434e-a8ce-01635c47508c,LY
526c33e7-03b9-4a67-8f12-7c28d3662570,EO
080fd589-1310-416f-a44d-12123cb32ffb,SNE
fd965302-c7bf-453d-b427-cc529c95219a,SNE
b289f9c4-779b-4b8c-9904-99c38f953fda,LY
930b678b-73ab-455d-b46a-f42947b20d3c,MO
0b8f842f-f9fa-467a-be5f-b04d11f8cb11,EO
af201e55-2d5b-4ced-8a12-aa24b6d00999,SNE
f5795ed6-2581-484f-92a7-ff4c868ee559,EO
adea4f6d-951f-4f70-a321-0ac2b50ed0c9,SNE
cd235218-8b8f-4893-b20d-cda7a52c79b0,LY
2c8871e6-6068-43aa-bba0-2d33344822b2,EO
c11964af-b44b-49de-9c94-4e07b555d4dc,SNE
5eb03e5b-3417-4408-b27f-264e4d902c87,MMY
8690dd21-fedf-4e0f-b71d-3d735d607e48,EO
c7d8796e-7c1a-4d93-8279-d9429e509658,LY
05a2f9aa-9c99-4cf3-bc76-7d608b4ae7ae,MY
44a0b67f-83a1-49b9-a355-f1348dbccb54,MO
c3879441-7047-4dcd-ae43-9f48aecfada9,LY
e88e3204-5c87-487e-961f-365d5de6f200,SNE
d407d547-c83d-440e-b5db-64cf6b8fa979,MO
2add0dd3-6026-46ea-af73-0a2102a16250,SNE
885ab599-4228-4dc5-8303-4b30994463ef,BA
7306ac91-e507-4464-a9df-65fa9554eb0a,MMY
d19c91ea-2eb7-477f-8900-982e73f3d74d,LY
9fcceb38-badc-4599-98c9-028458fd9790,EO
bacada5b-4492-44bb-90bd-71e9d56ea751,MO
9c08cf85-e0bb-4669-bcea-d25bd357ef11,MY
89dfde52-50c6-4648-a97d-9784ae6bc458,BNE
bef9ec95-3d21-4cdb-9fdf-a9e9a030cf3b,SNE
cf4e67ef-a40b-449c-9892-3ff3fe333094,SNE
1a15e16f-4144-4a77-95f2-a57b17ae1ef9,SNE
67dc08c2-d1bc-440e-b89e-6e80f29d8d6c,EO
bd84b5de-4f93-43fe-820a-dadc19a5d0a3,PC
a275bf40-7570-4ec4-af83-3d31df4a8c2f,SNE
041f868e-16a7-4dcd-b833-8829894c50da,BA
f9167582-fdae-4796-a9d7-3301eee97c00,EO
0216afbb-cbcf-4476-909e-1ade8efedf6e,BA
2abeec74-7ae9-4a11-8850-c2d25a7173de,EO
9de5a640-2bf8-4fed-a567-232ae934e4db,LY
8c6adfe4-eb0f-4ddc-8ca6-ced410fba1c0,EO
398fd809-ff0e-4460-978d-0afe82c48614,BA
d251c876-5291-4cfa-a897-fe5fe81fb173,EO
c3bda3ab-6358-4e93-a05a-80cc3a42382b,BA
e1533f25-9769-450b-b715-8975c48dd15a,SNE
94166b7c-598d-46a5-9a2b-12114a5ebf97,SNE
296661f6-cb1e-4a9a-87b1-e5c311ebaa6f,MY
8b7b8f87-9321-48ef-a4c5-51c4210ad109,LY
0a79a348-83dd-4695-a6b5-518cb7045f6e,BA
fc9aaa1a-50df-481e-9599-34657f4d9687,EO
b1556598-1f50-4df6-91d6-7e8a3404294e,MY
e1c44bc7-d412-42e9-839f-afb9e07c28a0,LY
27752b07-0d50-4716-a29b-458314838283,BA
e859dba7-105f-4d69-b906-2165da23047a,SNE
eadd506b-f8a1-4f39-bfdf-8a1ac2e058aa,LY
cc522822-4328-4832-a610-fda70dacfb70,MO
ce20ad41-62b3-4aaf-aaa7-702ebb21b217,EO
297e4e9f-66db-4f3a-9a91-a009bf09dd65,VLY
b0525867-b85a-4da2-a15a-549ed700d308,MO
533b51fc-ed37-426f-a3dc-d2885ae0db9f,EO
f6d3d8e4-4bfc-49ee-bf18-8fee72b9b2a2,SNE
d6e87020-82fc-4421-8e32-ddb454db54dc,LY
3223cf4e-ddf2-4688-a55a-c54d37a343bc,LY
67859e4c-d308-429a-82d6-2c4fd66e7b70,EO
facce2b5-b52a-422d-a71b-3316879d70d0,LY
138a66a7-cc2b-4a2a-9277-cb2ac9c449c0,LY
d329cdc4-861e-4613-8879-5fcc030b08a3,BA
9f7d90aa-d413-4311-bff0-2d19cd83bca5,SNE
29a3813f-db31-41bb-9914-db94878bea97,SNE
fc1b0cb6-3be7-4986-8754-115eb6a90684,LY
bc2327f8-7bbe-4344-bb4b-7eadf271d3e4,SNE
5fcf0c8a-ad67-4937-9fa3-2b825011dc3d,BA
a39acd00-cf27-4889-a9b1-f4a892580a6b,EO
3a125ebe-fdb0-4c45-a9c4-0193bdb4e0ec,SNE
9aad1af3-6a3b-4a26-a3ed-4a01ff0c8658,LY
2e5ea735-dab5-436c-be7a-cfcc2af62b09,SNE
62ccc2c3-32de-473e-a8e2-3408238d5f7d,SNE
1dd3c6ef-738b-4755-812b-7bdd259591ce,EO
109ea6a0-aaca-4a5b-a305-e828c0671d70,MO
25f1e7b0-961e-4eec-8e86-49456149d328,EO
053a69a7-7a97-44fe-91f2-1ed640caf211,BA
e59e280d-54c5-460f-9231-b0fa659f258c,MO
8251ab72-5048-4ff2-91b6-6fc3809c4e39,LY
a67501bd-8c2e-426e-9aca-b753fe31474a,SNE
55458e7f-ab36-49f4-8d1e-067713a2c024,EO
32e95294-80da-4455-bfae-8cd003226225,SNE
8916f663-c1db-4c10-8e65-ba813c6aad67,MO
e1acfa64-13f7-4366-8550-31841965d38c,LY
a74b1cf4-7d80-4a1b-9d90-a26263b46adb,SNE
40658701-22f8-4599-9d1d-a63afa136015,SNE
26995463-b4ee-49df-8849-7076ed0a5ea3,MY
45be9a03-ffd1-420c-80f3-ac73931b3ec0,EO
eb26cf44-b26d-4915-a49d-9d1d84c9579d,BA
eb7bce33-4d25-4739-ba6e-b29ffe56bc61,SNE
c119ff9f-312e-4d6a-a21a-74f818dc966c,EO
504f75a9-7cab-4a55-9f50-78d79a9e0d2e,LY
1503b904-9246-4452-9f7f-417d535c8d57,EO
832144ad-285b-4ea2-a721-1dd52e11807a,EO
716416b5-bfee-46f5-bc81-d12ae8839f2c,LY
dbeee126-9c86-46ea-9e04-f7f8fb8c5f69,SNE
05e585ee-5e0f-468d-83d1-79c1a1249585,LY
3f93b421-f565-4680-b3b3-3df044e1a347,BA
5ecd9de7-2a8d-40d4-9c5c-96d1b6370f6f,MMY
3b0b5aba-33e6-4dc2-9df8-01f4f71aaa02,MMY
b7b3a1ed-71a7-44c0-b977-ee6196cd782f,EO
7697a5e6-d759-4ec4-953c-e5d75a110ec9,MY
7a242768-2794-48c7-9b27-084fe499736b,EO
cbb2a339-ad55-4b37-869b-b2e9b9e3f72c,EO
e4ee3488-7c4b-4b7f-95e6-6fd7d30b9e1a,SNE
d1e0d749-eb21-4380-9c64-44875e01d103,SNE
ec96fcf9-4e0d-4768-b9a9-d4ad06b1261e,LY
2fcc3723-697e-45cc-8a78-3faec750471b,MO
8fdb3d8a-7c80-494a-98c1-60ec0ce0b418,BA
68c94de4-5c23-4c67-9b7d-1b6593367adc,LY
4e276064-290d-4f8e-b367-e9939de32e8c,BA
994375e7-a553-4fda-a927-3bf12c6f7ab7,EO
7daecc6a-db88-42c9-9512-ccb6f6f93f1f,LY
1823481c-9d2d-4402-bdbd-f2a283c043f6,MO
8a4a8e19-595e-46e5-b2e3-c4cefb9036eb,EO
5a193f14-386b-4b49-8748-368d73b7dd83,BA
ddcd57bd-9110-44a8-82b8-80eed8e18f25,SNE
e82c57c2-ef70-4397-b21d-a0542783d775,SNE
674a67c0-1ba4-465c-ab32-f8d8fa17626f,SNE
e5395cca-41ce-4877-a2b6-1efe19cfedcd,BA
072b66ca-9dd8-4c98-8e17-53c535d34c13,MO
632d56bc-677d-40c6-a6ef-0f254ed9e87c,LY
f35d2552-aa0b-458f-a3ae-9c77b1e9a04d,SNE
03e26720-9384-4da8-98aa-3f52b7c0e1a9,SNE
6dbd3cdc-9608-40aa-ba5d-9ce247fb3b88,EO
a0d7519e-dbcc-406e-a175-ed39a8fcd1be,LY
f426957a-7c8a-4c94-8c49-1450d7bf7c8e,LY
bdb1ba25-fa3c-4e8f-bddc-336f5f1ec6df,SNE
285fe543-d61e-423c-ac2a-637c5f5b7489,BA
13945ee6-f5b6-4ecc-ae7d-cb3ed5bf945c,SNE
0785d782-f7aa-4f2e-ab0e-d15931d6b47b,EO
306ad676-b2f2-4200-8572-9f61e917ad6a,SNE
1695f2a9-851a-4cc3-8304-1bfc0464ab60,BA
cec07c53-7da6-49b1-98d2-eadaf2b84e27,EO
3c8368f4-3df0-4c3a-b91c-aac03aacf65b,MO
e987017a-964a-4447-a7c5-1f35a1947c0f,LY
c7604f27-7aab-484d-b3bb-84d7decae1b1,SNE
74a3e3c6-c018-47ec-967e-f1f0a22bd59c,LY
b0a9c736-ce9c-4d67-bc6e-e6557e188665,SNE
1c86cd7c-919d-4926-b8f1-81d8af5f7e39,EO
f0a6af93-33af-4c9f-ada5-db11df5b7c03,EO
acbb3482-5c9a-4b9c-9f1c-a254ab4d6216,BA
e7efd8b2-e84e-4f50-8e8f-064b82e0bffc,EO
bb3f021d-5ac4-4ecd-85c8-d53fb4f41c8e,LY
8bd51277-2855-4ba8-a677-55ca5e2e5230,MO
145c6659-b051-4532-b7e7-e8fb638a5c3f,SNE
5d15ac8c-5230-40a1-ae76-96d1c45018a2,LY
07daf7e7-51b3-43b0-88ab-84378f5e3e88,MY
486dc0ed-46c2-4c53-b3d9-985bcce6ee4a,EO
9d94815f-4c87-45e5-aa66-c99d96f289d9,SNE
ff6a0906-0e77-4dbc-a022-70055abce2da,LY
b69a5c6d-7b84-4277-a045-767037f7f2ad,MO
3cae2594-716a-4d24-a4fd-b99edee6ae09,MO
c2e7e409-5c61-4258-b66c-054178a308d3,SNE
d66262f5-9cd6-4ab0-8871-6c7d76004208,SNE
4fcbd33f-fdbf-429c-96b5-c22f59c5c9ac,EO
fb0e85f4-4a65-4e8e-a83c-7fb80bb04375,LY
48e5481e-1845-4f59-aee9-eeb4cfa1942e,SNE
d52aa236-0979-4e49-b1e4-3cdd3b7762ad,SNE
917c3294-3a09-4d1a-b9a9-7dc7cc62c87b,MY
66863ec9-067c-416c-a2c7-29c98e6cd5f7,EO
58fec1df-226f-4397-af5f-35ec1d3ab66a,SNE
00416632-975e-4eee-94cd-43fec05137a6,MO
12b3b6a8-401f-4dd2-85c4-3a0f5600ef47,SNE
4d92b7b7-9dea-4a94-8fce-8a9c9f7c2d4a,LY
19d1112e-051c-4a54-9c0a-29e3bdf50616,BA
570d7163-1501-46c9-ac90-740d524d75b0,BA
7833b42e-c115-4e65-9508-5c64b5d27c05,LY
c8c02eb0-2804-4105-98e2-5100bbd6441e,SNE
aadeefe4-899b-444a-bf4b-59ea6120919e,SNE
753d91d6-09a2-4fa7-b18f-a1c8d0044132,MY
e8f5bfa6-baf1-43db-a234-93fb4e226824,SNE
5b6d97ca-71a7-49e4-a0ab-5038e434c638,LY
be49332c-b366-473c-9181-fc67d809bc9c,LY
22919773-a918-4a82-985a-1915e4211a81,LY
8c410c6f-16f8-49a0-8080-8f5f22707c46,LY
32cef8a4-5a23-4d52-965e-c9641b094a90,LY
77ccf1fa-31b1-404d-941d-8a4ac6941e58,EO
8b68ca00-ce87-40f7-b5e9-f7af31d15e91,LY
e89939aa-53cc-428a-aad4-8b4833852121,SNE
ab487330-cf9f-4cae-817e-20bcb611ce0a,LY
95aa28f3-e14a-47ca-bbb3-249267d5f78f,MY
c15a8087-708f-4d92-838a-c3267c7154c0,SNE
e153f040-0be3-4c9c-96d5-536d4cf62129,SNE
973694cb-96b3-4d1f-b8ca-75316db72d50,LY
820c9e0c-fe32-497a-84f1-2f3010f9a56d,LY
2d0f091f-0377-41c9-9896-6e5e716ff3a3,LY
668fea66-abb4-4e1d-9bd0-136da00d1e4c,SNE
f107f3ff-8895-4da1-acff-5900ffc4ecae,MO
8eb98451-3cf6-4b29-aa7e-c3dbc9d64b79,LY
a4cff596-bfd9-4adb-b9bf-a64e2c63875d,LY
688308f5-7fff-470b-81d9-f719d72d3fd2,MO
4b529a2f-0d9f-4fe1-959e-4fe77c704c7c,BA
dc0b23e9-deb8-4e38-a4ac-559d1182510a,SNE
94394dfe-1a95-48bc-bdfe-3c7f8c2e8700,PC
5d1ddcfa-a63c-43b0-8be3-f444a4cff2de,SNE
cd1fdb8d-97e4-41e7-bf47-0c102e667572,LY
7eced651-3484-4709-b834-11380c75abdd,EO
4b38445c-63d6-4455-be3e-85ec4cc86fdb,EO
446b2dde-84ae-4022-b978-2f83f9ecbc69,MO
d3f0ce9f-148b-49ed-abef-28724b57076b,LY
f4062f5c-a801-4b9e-a306-694484f55c0c,MO
e2596029-2135-44f7-9d38-9aa0be7ecd1b,SNE
af988635-38d0-44d7-91dc-35a58ac675a5,LY
1e086fd8-c8cb-4ca7-b282-fa4845a0aab6,SNE
736a42e9-dfa6-4e58-8b63-57bf2bb50314,EO
ffe60990-16f5-43df-8bca-1478c1fd0180,SNE
ca6376b6-044d-4f20-8c51-9fb41ffc566e,SNE
92548585-d101-455a-a943-3633517af6fc,LY
a922cf6b-baa9-4d2e-bcad-1b50b56b753f,LY
a0b741f9-7ecb-4038-8aca-6ec210410244,SNE
1d2500c2-629f-487c-8d0d-49d69bfb8a8a,MY
294dfb6b-c7d5-4ec6-8a2f-3f8f528978f9,MY
b65b5206-27be-4524-80a9-39b57ee9a2fa,EO
00c1ac8f-b079-4927-ba7d-28906d2fb95e,SNE
ce9d20fd-37bb-494c-80b9-59c8cab86b36,SNE
8b59ebb7-550e-4052-b0ff-382a00ed2d7d,SNE
1d8d420a-71e6-4054-903d-c71cd9707969,EO
9629d0bd-e2c5-4ec3-9cf4-d97662a1668e,MY
e49edd98-acc1-4839-bfbf-ca31f72a0d83,SNE
04bd0659-0183-46a8-9510-7dc2cd557cc8,SNE
adf46381-9885-45aa-9ee8-3ec242f71ab9,BA
c6347eec-0bfc-4ab7-950a-648dc6ecb951,SNE
6b839e59-7ea1-4c21-98ad-b310f962037e,SNE
2dd363da-6b57-4e11-b3ce-0385a37dfdd2,BA
10449636-e992-4e17-8706-56fec638c192,EO
1be10bca-8a12-40ee-ad75-01e33c6a8495,VLY
a342647e-bf91-4a94-a259-c039c1888232,LY
a15b0a28-79fa-4f85-be43-30cd8e2d9d73,LY
d09ace3d-2e63-4b52-a20b-756df7d61a19,BA
2f9b901a-8c76-4085-848b-636dd835f716,MY
06c95e15-3285-45c6-addb-5a0827ab200b,MO
e2a87277-eeb1-4449-b4b3-0d5787e3d240,MY
00f45a32-b6ec-45f9-bfba-3a0ae837dcee,SNE
603842f5-9385-4570-838d-509700094073,SNE
ee269f27-bdbc-478e-8545-e3c7117e4b87,LY
e36d0b33-96bb-489f-9bff-293cf9ac84a7,LY
0340e0e0-279d-4d51-94a4-1528b6179dc7,LY
9397db22-aec7-4df5-a963-04cb60a16572,SNE
f6ab0300-e865-4e5b-b6c9-326eb6ceeef4,SNE
f7e42fb6-6330-4108-b5d1-6d2992eed22a,BA
3e0d01e9-2e0a-4a95-b178-a244a90c932c,SNE
163d5195-9236-4e89-85aa-5622e03959d0,SNE
ef6724ac-2837-4542-8d41-5909fd65e1cd,EO
db5dc581-082c-4f1b-b031-dc454b0cd91b,LY
8e887978-2eea-48c8-96cf-f016b0f64ec1,SNE
77876a75-2041-4de7-ab33-4041a89f12fa,LY
0b40010c-0365-49cd-98e6-74aa5d598c37,PMY
a4441871-654b-4be1-9c5d-1cc9682971c5,SNE
4f1994cf-c9ce-4022-ae23-87bf64b45f91,MO
f901213f-9f92-4b38-b87c-a28ce50933a7,EO
731c1c72-893a-484c-8a91-b66290ea2655,EO
588a0b3a-a761-421c-af62-dcfee9330c86,EO
04ebb6ae-2de5-4efb-9b24-751d1d5efed3,SNE
d73e1e60-f270-49ce-a350-bb1bef42ae18,SNE
7acc8d19-b730-4eb0-a7ae-035522269c3e,EO
43886acc-f370-4683-abc1-39ec68c6e470,EO
4be73b3a-1447-461f-89c8-ae298de9794f,MY
43f28830-3104-4fd5-a057-2209d5b1984e,EO
d9649acd-0493-4917-9e66-70b6116db517,LY
3603559a-367c-4b61-8378-ea839d4a336b,LY
fa58da54-9bb4-4e21-aa8e-052f6f667203,LY
f0922c24-847b-4bfd-a03f-a4076dfb64cb,MY
3510e7b2-2cff-43dc-bb6b-0e2eec2817a8,LY
572c0371-4e91-443e-b3a0-0b47fa394d64,EO
7fbe43b7-e8dc-45ea-977f-569ad6135bd9,SNE
08960218-34a0-4067-b2c0-47c103e57a3c,SNE
feb89af7-1a59-4b9f-8da2-60d3b75cf284,LY
f8c5309b-47d6-4dc8-9c7e-0f7fe504980b,SNE
2e1dd9c2-2d43-47fb-ad9c-a5cefd71428a,SNE
6a84b948-7961-4b20-9ae9-90ec388489ab,MO
ab702003-5a29-4910-b774-584cbf6b6224,EO
5891fc58-e8a7-4128-b35e-feaba8d3668e,LY
3ee1c806-b838-4fa0-a05e-6782a43aa71f,LY
472d51ae-4126-4e5a-b7f7-168c310cb0aa,LY
3a16d608-76c4-4ac2-b0ff-522e66eac7a9,SNE
ee22f22b-6a10-4edc-90f7-0b5656a1e84e,MY
7635521f-4248-4393-966d-10738bb56d08,LY
029514a5-423e-4241-9694-2cfbe388f964,EO
0ee2c35a-dce1-42f4-95a3-5736c2264ac6,SNE
119fc7ca-bb17-4f77-a10b-aef8981dca21,EO
acfcba18-266e-458d-a267-49a576193346,LY
c6dfaa1b-0a1f-45ef-9f85-225b65e4a481,LY
06656d3b-234c-4125-9222-d6793b9b323f,LY
1f6f695c-7120-4d0a-8451-e8e54e811cc7,MY
2737f208-8be8-4bd1-9b58-0c0bb118d864,SNE
9c106c58-d35a-407c-b416-9fb01c6f7a5a,LY
1c9cdc2b-07dd-473c-ad6e-33d6c2515066,SNE
9fd5b316-e192-489b-ac65-291a3c3a6701,SNE
b120a6a7-e152-43cf-acd8-0ef359643dc9,MO
debcffd0-b94f-4b50-bfc4-278c0ada8403,SNE
c1a034d7-db49-4823-860a-ac760b539f06,SNE
c6b2a893-92ac-4d2f-bbe6-f060d57146a3,MMY
95cbd1d6-d8c1-4935-bcb1-2c6efbd778a0,SNE
2c9a044d-411c-4c3e-9f6c-28d4db88f75b,SNE
2ca2b472-6785-4ccb-909a-75f5ce943d3d,SNE
a5792062-ecaf-4500-9523-958f9b99c9d7,MO
06a1e3a9-e32b-4080-81b1-76911c416fcd,EO
8a74d9b1-1d20-4ccf-b609-e901eb03ac3b,MY
44bc3ade-0f67-42f5-a0aa-89234d83d81f,MY
16fdd5f2-92d5-4d41-95cf-2fa6477a5939,SNE
a1d00404-40f5-4970-a0c5-e32142c5cd02,LY
e3d53b19-1d23-402f-916d-a50be079ff2f,LY
1eff5e3d-2c74-4aad-8f8b-99ac9d08f2d7,LY
798d7bfb-1392-4a51-a723-bb54f55a90fc,BL
00d18859-07e3-498b-a4fa-e66deff045b0,LY
d467e6f6-e0fc-42ba-a7cd-19eca6514016,SNE
4474f28b-e2fe-442c-80d3-61a55a74405d,LY
6fe34339-024b-4232-be83-9ffb4aec7a5e,EO
2f85af96-a7b5-4bf8-976c-0d88fdfb0a7a,MMY
d935a3ec-c76f-4256-986f-b7cd5a51b59a,BA
5874c8ca-d9a6-46b6-9933-53ff8cfa07d6,SNE
c3b64dcd-1184-4000-88e3-fb84dc79430a,SNE
48dd0097-dc61-4446-ad1d-0cd280939b57,MMY
8532010b-e19e-4d11-8095-feb00fe6d4b9,MY
00b5a648-855d-417e-9205-c4efd62f44e3,LY
7749c55e-aece-4497-babd-37ff8220c76a,SNE
627916d6-a223-44c3-8ce7-812564053580,SNE
0b6b1ac8-100d-4024-96fe-f3dbd5d6b7a4,BA
f5e42869-0368-4a56-a651-4ad3abbe794a,BA
89cc9cb7-65a5-4850-805b-5fb8af30d7c6,BA
22f08cc1-1a24-48a2-92e1-2da177553b57,LY
45f98ce8-fe9b-4452-9d9d-1bae69cadc90,SNE
c2a308b1-002a-426d-a227-31b75bd0a2d0,BA
eb2992ab-a09f-4215-9630-afc170ec9b42,EO
8f4a7034-a2b1-4850-b422-28ad3f7f82f6,LY
e309da1c-975d-47d1-b58c-c095e669a1b0,BA
e760fd00-8bf0-4156-a2c5-311600fe7fee,SNE
b43e6443-e51f-4b03-b1c6-c16fc77fc0c4,BA
65237945-28b9-4f23-b222-1db5ba43b051,EO
c68880f7-c385-4fec-b489-c0777e2974c9,SNE
b306993c-0472-40f9-96d0-963924dd5617,MY
8d55b687-c842-4bba-84c7-2fec78f757bc,SNE
3fd60321-96ff-44d2-b259-6c59d2d34d71,BA
46e7284c-b445-4142-baf6-4833d431c95d,SNE
aa7cfec3-3bbc-4688-acd2-8318a9b65916,BA
d2bf3eac-667a-49a5-83b5-6bc5b271e532,MY
b33fc5e4-4de1-4292-ae28-935a478d0371,VLY
e92eafcb-278a-402a-bbd4-106896b1d41f,EO
f51b5ad7-3a8c-4f51-a8a9-e90f79bd3961,BA
a742e84b-f82d-4c68-b038-d810779fc311,EO
95069f1e-4b79-4e95-9866-bd216c3520fe,SNE
47c43b5e-f8ca-4f38-9040-8763b2fe48de,EO
a8fdd43e-6781-41ef-bace-d606c85c3308,SNE
12ce8262-e6c8-440c-819c-ea0d45b44364,MO
9a91229f-e578-4693-8022-88bee3dae78d,EO
4a3cc5c3-a3ad-4a79-a9f2-6e84a7a7f3ed,LY
ec462b24-933c-4eeb-b3a9-2d02a50b6120,MMY
591e62f4-ba8b-4281-bda8-1f61f1eacc61,LY
6e5ba098-078b-426d-a8be-656b6e1a852c,EO
58652930-1555-4405-acd8-c6ae972a1c16,SNE
9fcb670a-75e7-4d20-8b6c-500d86f89994,LY
60d77e4e-0981-4551-9783-264c0b480aa8,BA
211f3298-ca76-4f39-b5b6-f28c32e913ea,SNE
0b159781-b34f-4547-81a8-0eaa92e5d3ff,MY
facaa636-1b1b-452b-aff9-7387316ff805,MY
39913aa0-9020-4941-849b-207727c79a58,SNE
368b473e-acf2-4c49-be50-20630980d25a,SNE
97d1bd6f-3e61-44ed-9306-16175991aed1,BA
7be03b8f-e3e2-4431-baee-f3246be15aa7,MO
0edc5757-44bb-4844-a187-3a0166c3a7a3,EO
965baad1-d71c-4402-a0dd-caa246f0312b,BA
22b2c824-a269-4058-a829-e49398d9e25a,MO
3e30e125-1f2d-43cd-bcad-0258d1ef8cb3,LY
4b632564-d8cd-46bb-a9c8-0a6d9987142f,BA
95447264-0e9d-43b7-85a5-36268a52c8bd,LY
f36f2482-dede-4e37-9567-76042409d010,SNE
79bc6659-1d5c-46ca-aa93-0d8c45f0fcab,MMY
42e245a2-0371-4937-a094-a924d4e09ced,SNE
7fcc25a0-c0bf-4d97-851b-9993b9d06227,MO
39556f4f-031e-4358-a00b-3f0ab556e514,BA
7df70d27-1a17-4ae8-bb64-f9da0e967e3c,LY
348a4c04-dd1c-435e-b485-ad6ed84dfb3d,SNE
5a76e127-e2d9-45a2-842b-e655a9f8e9b3,SNE
01b1b54c-2047-4213-863f-31ddaf4abb52,LY
0859c5a4-51e7-421f-bbc6-5770d721a058,EO
1319403e-9fbd-494c-8601-504a6805e06d,LY
363c7c8d-f91f-4ecd-aadb-3e6bea4e6e6c,SNE
6a7dfb65-1990-4e82-ae11-9b29ad050001,SNE
2ca2aa11-e433-479f-aae8-576402f90d2b,LY
d6417a36-7ec2-49b5-ada5-d41f64c33f55,EO
59f5f3a8-55de-4c32-9de9-bb5fb7b1b229,MO
9c89fd4e-e4c0-4f6f-b124-38b658ea1546,SNE
2d82aef0-bcf1-405c-8740-8cbfce74f95d,LY
178fdb7f-fc80-4179-8abe-c3ecf9d9d9d6,LY
4b0d82fd-3dbf-4f76-8ff8-177611252e30,SNE
e41cea72-edec-48eb-ada2-8195c2514f5f,SNE
c586d52b-3fa5-44fc-8671-bc196f6cd055,SNE
42beeee7-d654-46a0-a58b-d12c7ae72d65,LY
596d81ed-b714-4f2c-b525-73a2b0959f9c,SNE
268cdf44-3ec9-496f-afbe-f51aa62658f7,SNE
2ef58128-3819-48ce-99f6-d864c02e1ca4,LY
c528493f-f6c8-474e-b846-ac4a49764c89,SNE
4d5bd621-96cb-461b-bc71-07f060f9535d,SNE
7a551ec6-c037-407a-b16b-1c8f34baadd7,SNE
f3bee4f9-3fff-4e9c-8993-dea476d38c5e,SNE
9ceb1add-d8cf-4a80-a561-081ccc9dcba5,LY
7047b0bb-9789-4ae2-9381-239a57a4a9df,LY
cd74a70e-1411-40a2-8908-8ec3a6313206,MO
e2bd962c-853c-4a26-bdd8-52e625b77a39,MMY
49aa7f2e-5ba9-46fa-8c19-c4817deff633,SNE
846f1f34-c3f0-4ea4-8c76-af47e5569f70,MY
924ff50d-cb92-4ea4-b712-c55f9f1530bb,SNE
a6cd504a-da1a-47db-b144-0ea9a9038d14,SNE
b008fe84-1eae-4cb8-93f8-23388b1cd20d,EO
79083e07-ca5f-4123-921c-d4ffde0322dd,SNE
1497ff37-ad94-40df-8318-974c6fbcbda1,LY
85b7b4a5-2330-457e-a46c-b07ffce20046,SNE
4f61ca45-478d-4e76-bbb7-587035ae39a5,MO
0c1f5f2a-b0a5-4807-8df1-f6ca62bb6f96,MMY
ffa7f5ef-8508-4c76-92d1-5159fc9c6171,SNE
6508677b-318e-46e1-8d3f-51640036cb29,MO
ac48560a-262d-4674-9ad0-db6a73c591f0,MO
4a6fbf62-8baf-4b37-a10e-603497af3bcc,SNE
612699ac-c588-4cc7-a40c-306e2e0c2ebf,BA
3553cbf8-e470-488c-8bcc-8e2e6efaf503,LY
e3d2dee0-a036-47fd-8f1d-22dcfb370f87,LY
6ac38247-6db1-4aa9-84ab-9545e5b244b6,SNE
d82ceb59-18e0-4469-874f-72dec4804a77,SNE
4547fa31-3a86-462d-96a8-85f79b444a25,SNE
57623bb2-9015-462e-8191-29d65b42ae58,BA
ab760d08-12e8-4e83-bdef-8d97856346de,MMY
b08312b5-ddd5-4c05-b2e0-b4c736fa2a23,SNE
56955e9f-2114-4bbf-b6f0-06ffa15ad707,LY
c061c161-29b8-4f3f-82ec-4e2fbc24a34f,LY
c9c66b1a-44f5-46ff-973c-6aebd5a22001,SNE
499ebad8-be03-41ff-9f20-fa283d267687,MY
f264577b-7148-40ca-9ff6-900331a89d98,EO
35a8fbc9-e727-4523-8d45-9a8d14cf5ba4,MO
bdd25dcc-8c63-4ab6-98aa-a56670bd73f1,EO
6f90beaa-cd7a-4a5d-8259-5bc5f310266f,EO
40ada607-16e3-4cad-bc3b-0ec2bf900895,EO
aa7cfa85-db13-4e6d-84f7-c68e67bc105e,MY
8ecd368f-0777-4c91-a583-c886ee7f6fcb,LY
76b11ba3-782e-4814-8473-3318e9fd66f4,BA
a09b396c-787a-4364-bbdb-78d32fffb285,SNE
2604713a-e288-4287-97cd-99257858c547,MY
53dd7fad-c09d-4bfb-8083-cb832b06d761,SNE
130c3d85-562a-4d6e-84b4-3d95e2bdc890,VLY
f6986530-90a1-4ba3-97d5-f0349872bf2e,SNE
673e467c-1ce9-4b53-9ef1-67eba877d10d,BNE
ca7001a6-96a9-40db-963f-f59d8768a0e3,BA
af0a51c3-c519-4084-857d-def3ac91ed5d,LY
259c9514-3d7a-4b91-9599-261bdf4e1b99,EO
72b73b0a-ef3e-4dbc-a318-8a651392c879,BA
dd53660b-ce6d-4af3-89ee-7692d5b2b4fe,EO
d8e9a15b-f8e0-4687-b2d7-dbb3bede26cd,SNE
1f8a3a8b-96d9-4fad-9555-adbc6079d9ce,BA
c3aa387e-e4b1-4d6d-95a2-8ff728f7aa3b,SNE
5e53ee3e-15f9-4b7d-9f1b-d237f9cac4a3,BA
2c7f3141-25d9-41cd-b475-4d8fcd487344,EO
42619050-ea9b-4229-b8cb-c8600617b7c9,MO
75657d42-71d0-4266-91f6-de49e5357793,EO
26932bce-7f61-442e-b9b1-5045bb1ba37c,LY
acf467ad-0091-48a2-995e-5ad6a8f64dbb,LY
fedf708a-c1d1-4724-b42f-2a30aeb8447e,SNE
4cf5bce8-405b-40f6-9044-f05337caff50,SNE
8d9f53ab-8b15-4aad-a83a-fbffe171bedf,LY
b58cc37f-8a8f-48df-a7c0-8811ca96bfdd,LY
06f14125-13c4-49e8-ba8a-ccafd6cb9127,EO
a5f5555d-1b1f-495e-80b1-e2053ce7f0e2,SNE
7f8070e4-2878-417b-a8cc-de6de7a28d20,SNE
f0d69eee-2364-4c7d-939a-2a48482b607a,SNE
7920088c-42ff-4105-96cd-9b8f57f888ae,EO
9b39312d-b5a8-4e47-b6ca-db37148b9b2c,SNE
5df1c8da-4f62-404b-b1f8-741785f8c452,SNE
f3d14381-144c-40f5-b723-38369c93ebe2,SNE
f53700e2-1041-4eea-a05a-0c0d8c9ab712,MO
b237ba72-9543-4a83-ae12-632acdcf556a,SNE
963afcda-567e-40cc-9740-acc0349d8aaa,SNE
0269b436-bf32-4648-b76f-d0e0964f798b,EO
cf09ba36-239c-4854-a1f3-6d31eb0890e3,LY
047f47a7-c81a-4c26-823b-28507aa6c64c,LY
8f4f5a5e-7b29-42a7-ba9f-0fd77f3c533b,MO
2cb06031-f3be-407c-b6ac-8d79aca52f18,SNE
450c2484-dcb2-458a-8bfa-60e7cc24cc9a,BA
fd712d4d-f447-45a3-aae0-a63bb7eee03c,BA
74da69a7-79a7-4d35-8f18-aca42b04b587,BA
1b823c5c-7e08-42a8-b569-71a7d6725cfd,EO
6ccdfd5c-bd85-4521-92ca-10e330f5ab2d,LY
d0148ce1-f136-4494-9766-6c1b270ed582,MY
1e084d1e-e513-4f58-9e03-6b7182912abe,MY
6823427b-8d41-42b4-83c9-bd79069dee6e,SNE
291bec4e-86eb-4afa-8920-83f0b7f2c4f4,SNE
3a2d9c34-4702-437e-8c2a-df7130dc2a8a,EO
90c09eb9-4cd9-4f0c-9c7e-52ccd5c90aeb,EO
00546a2f-3ce6-4401-9acd-e5e2e32637be,LY
40ffcbad-d70d-4a7b-bd6b-acfeff4ae708,MO
3cf793c4-f243-4342-8052-252f14a03f6c,LY
7de60b19-04da-45ca-95cb-5559196ff2a2,LY
577f100b-7c69-4207-bb63-facc0eef18e8,BA
169424a2-61a8-44c6-8834-22b0c0a7040c,SNE
5d4716b2-927e-4b62-9924-ae6b7c9f5f1c,EO
8b7522a1-6ca3-437c-b759-1f3f36a66dc2,MO
a642316f-7b0c-4c49-aa61-9070e376aa4d,LY
057ae497-5f48-47f5-aaf1-6e6e2102d4c8,LY
396f20b4-4d0b-43cc-93d4-9e0dd6857389,SNE
33b9aa66-ea2e-4908-8842-9aafa655619e,SNE
99e9536c-c72e-464d-97f2-9083d2c48a3b,SNE
5709c25b-7095-4485-8540-95f7fe218252,SNE
8dcaa243-14f8-4d57-8511-bca70b0b9739,EO
533d04f1-027f-47de-9ecb-1c6a51e138d3,SNE
2ac2e6a3-32ad-4a77-8f8e-c863f7b4cbe3,EO
d3634372-d755-4389-978e-8495fc4baa5a,LY
c61f58b5-d839-4985-9f3b-c658411616f4,SNE
d174c5cd-a3ea-4d0d-9eaf-7a49939e5501,MO
5b3614f3-354e-4929-89fc-191d09eed23d,EO
10f33d16-2e55-4d7b-9e21-6357dae0c97f,EO
adb3edf6-d8aa-4866-bccc-ff079e9fbf15,SNE
174a640a-4bef-4ddb-b5a2-efd48670e620,MY
811be7d9-84c5-48af-8860-92e25aca060b,BA
376a19c0-91f7-41b2-9c46-9a3f4b079569,EO
fd663224-681f-473c-954f-d96584e1ef5f,MY
11cce52d-aba6-4a27-b08d-6b935de3fe3e,EO
60168649-a664-43cf-9a59-32ce010c7a2b,SNE
e171ae7c-89a9-4a65-a3ed-a33ea6ffa042,LY
0b82364f-60c9-428c-b414-449e9b033fc8,EO
6de409c8-1217-4a97-a14c-2ca3c119bbdd,MO
7e1d7631-da9a-4866-b24e-885b67791454,BNE
917acc24-97a1-4eab-a0bf-40286ebb185d,SNE
f02039f3-4e05-4b27-b5e1-5546fd966a28,SNE
fad9c7b0-7354-47b4-bab2-a980a470919a,LY
c5cd4760-de6d-4ccc-94d9-e83a7a3cd69c,EO
694a332f-dd06-4b4f-a3bd-46e854204abb,SNE
c9e68b15-0e2e-449f-92c4-d490074a8802,EO
70af425c-94c0-4401-94e6-116d7de1994b,EO
46cffb23-9408-4620-9e82-bf8a862b1a0f,LY
f5ee481a-0f4f-430c-9096-be0e3b4174aa,SNE
a9596057-bb3b-447b-942a-be13ad522f71,EO
29a0a043-2403-4e53-95b9-b7f73262e794,LY
6c406620-0717-4f1c-9434-f2cdc0f89b4a,SNE
be358e27-f02a-4c97-8b4d-2c6f294da846,BA
de5a56cb-273b-4a9f-98f9-65080ad0c7f3,EO
15f9e80e-6ac5-41a2-be57-fb37db084e8a,BA
b62b1c3b-6701-4bce-bf35-633cde8a8037,LY
47b50eaa-13a8-461c-b1fd-7652340349c4,MY
4e37c967-252f-48fd-9424-44aa1baa2c53,SNE
f6a4e046-2067-43f1-8917-8e17b67bf209,SNE
95163a49-4674-4488-a1de-302e207ed4fa,SNE
26ece50a-e24a-46d3-97a0-c2def4b93030,LY
245a7f49-c632-4940-8750-9de16d6eb4f6,SNE
64f95840-d9f2-4fc7-94db-83cff77327d6,LY
7f4724eb-c562-4a5d-9597-a74283f50f11,MO
315517b0-2b9a-4540-b605-6138806d0d7d,MY
912bffc5-4f68-4824-aed7-bb14bd32784b,SNE
b69f43f3-6086-4a99-8fe7-29a032a2172c,BA
8b900fef-7237-4d33-b1b7-d2447f3fda1d,MO
fcc67784-e307-4da0-b7a9-b80753c253c3,EO
68832984-6bbf-4dc8-845a-7f11e62b501d,SNE
453c3dca-a71b-4905-be2c-88b6bf9e92fd,SNE
6e327a70-4b1c-4c8f-a23c-8d663145b337,LY
a41281f8-cddf-45b0-bf2a-c19897cc40d0,SNE
d849f7a6-93ed-496c-84bc-df9e39b108af,SNE
edd53d01-ad81-4f52-a92b-f3e2e320b7a7,EO
a376591f-4500-418e-92d5-d239991c4a77,SNE
8cf178f2-7e50-41fa-89f7-7afe3343b8db,EO
cfbe8f4f-1953-4e9c-bf8e-c3238beb5a15,LY
2cdd728f-90b4-484b-be36-09b7b834def0,SNE
37b1e58a-836e-4d67-b8fd-e3712f3121fe,BA
d2b2e0bb-8994-439b-bad4-70dd1abb4e29,EO
8a891a3d-c949-4f57-a4a8-2978a975b408,SNE
cb6f5962-2f68-458e-82cb-c3025b030247,EO
df75af02-f020-4078-b3c5-8b1912a68b0a,LY
7c1adc09-6bcd-4893-9e01-31e01d139436,MY
c81fa559-8686-480b-8edb-c828be38ea70,SNE
00145faf-1938-482c-a5a7-c0a75b733e61,SNE
0d65430f-60f5-4ec4-b368-ac32e9997175,EO
e160822e-35f8-471e-8128-bab84d3f0223,SNE
195d8a3f-5388-4192-b3ff-fe5244dcebcb,SNE
55d2ff1f-4b77-4cf3-b32f-15a10432b4b5,BA
ae7e8c8a-946b-4390-973e-ef61f2df5735,BA
fe83e642-19b1-4226-8624-d2f6c8992204,MO
f2adb976-00c0-4592-b28c-d32b4592aa28,LY
82be498e-b9cc-4774-bb44-98dafdcd25af,EO
b1505a4e-a42c-495e-ad72-153e54df31ce,SNE
f975cd25-18df-4106-bcec-900120e4ce89,EO
7a1b35eb-1a98-4e7d-90be-bf5912fb2b9f,MY
e050e66e-f196-4370-bf57-28393dfa726b,EO
37b09058-e635-48ab-a9bb-0ae12b58b2ba,SNE
432b9be9-a266-4667-bc12-39b7187d3b35,SNE
f2abd89f-85f5-4d17-991d-f0257c890c84,SNE
03f97df6-f829-46d8-af65-cf9af1a35e2b,BA
8a460524-ffb2-4ba6-8abe-0a412247a51c,SNE
8eaf6278-0736-4f9d-b24e-10b1d1b5eb4f,SNE
21d386d2-1eeb-4398-99ae-a5953a18a175,SNE
4a67e603-9107-4c40-bb49-e4335805ef75,SNE
3da9a466-e3db-4f11-894b-ca9c816d482e,LY
a91368b7-acfe-49a3-bcf8-d145b54a46ef,SNE
da73bebd-040b-476f-aaa8-52dc80aa2b61,MY
ceaa10ff-1310-42a8-ab11-c5345fefcd94,MO
f09d64dd-8902-4233-97e6-517913d2d9e5,LY
73a625f8-278c-4c64-a1be-1b81a54f517b,MO
65b1b015-baa5-45a9-9dbd-18405797f174,SNE
4703b3bb-6488-4fa7-ad99-34b63873d006,MO
59e7d005-de85-4a61-9336-4c291048bc5d,SNE
6d53dc5e-575e-4038-8257-fdb45742ced5,SNE
3a796c13-3108-4d96-82f4-906f85e76d3c,MO
5640ddff-3329-4373-8660-664a5b1024b9,LY
705db412-9f23-4da9-bf58-2d626a1b6847,LY
57bc0faa-3c30-4443-82f4-b6b648b1495e,EO
6ede3908-08ef-44f3-ad86-d89c9cd5b14c,SNE
fe692620-713f-4420-b7e9-b9da8f1bc058,SNE
bfa93c95-1f24-4a1a-9a06-134266d53d4a,SNE
01f15d32-1e82-4a72-a540-eb51b7a12d41,LY
90d26189-e7ef-4c0a-a80c-a722e15d26ab,SNE
219de04c-de24-4738-b1fc-a3578707463f,SNE
576ac4f2-1a06-4580-ab2f-ace7edd93cc9,BA
1c3c9206-73b8-4407-b01c-4ec066996715,EO
8d475411-44f8-4799-99f4-0bedfa035d87,SNE
9cb1a2fd-6204-40d2-b633-883b33ad49f8,LY
2e2de97c-bff1-4b48-929c-2f6156c66006,EO
1ccc8b0c-0c34-4d64-87e0-4afb754035c0,BA
b4ac5251-acd9-4b28-952d-cf2f31d6a883,SNE
bf436014-555a-45d8-b73d-acb99b1f782f,LY
0bc80efa-1fdd-4daf-b415-2b357d095293,SNE
113ae957-05ba-4e7c-8c48-ef6fc9f0101b,SNE
1710ac9a-30d1-46d2-85e3-19b7ee42f075,MY
e7f06d9a-6f5d-4db9-9890-51c8fab68c76,SNE
83eba3f2-3eb4-4b69-8b57-58697d43cbcc,LY
6d10fff0-72b1-48c1-80b7-24e64a8cd46d,EO
d0fe6066-7eec-4324-8413-973d4bdfd4e9,BA
67da25dd-c979-4fea-b794-84c0c59eabe6,LY
f1b0ebf2-d8e2-44ed-a8a0-4ce1621feba0,BA
a79f0238-ef6f-4520-b901-c07444743cf9,LY
df02102a-e07f-4583-944d-dee4e9399054,LY
bde49c3a-55e4-48e1-badd-7d63a37f8cb3,SNE
c8f633eb-4247-4eb4-96ed-55fb0831aeba,MY
65f8eb5f-cd3a-4f2b-95cd-378046083925,SNE
56d48e01-ea3f-4071-9fa7-49cb6dc6eb7d,SNE
5cf660d6-6e8a-473f-b00b-3b0521fb072a,LY
d608d4e5-97c9-4b7d-82a2-b03bdbc51609,SNE
d43d57b0-6c8d-4cc8-ad29-54b67aa6405a,LY
e4f7519c-ff1a-493e-a222-030a5a806b32,SNE
b3b5429b-f0c4-4629-a6f3-09e98ee67224,SNE
e9dac1f7-9129-41c6-b73a-556c579f81ae,SNE
937824db-abf4-4bb2-97f2-1eca3e81ca98,MMY
34fd8c4f-c6f1-41e6-a2a6-93cca30c56c7,EO
14cf5939-334f-4ddc-810e-ccf4ca716bde,SNE
3c6e2bae-0899-4e2c-a4da-94f6adcf1d59,LY
3c8f3f05-1681-40a9-9a16-81f01d2f9759,BA
fd2d33b1-5ba7-4ba6-8fd0-2e7ce86f6b5e,SNE
bb35038d-28b2-4243-99e0-b48b61c47023,SNE
631a507c-2579-4ac6-b8f9-cf370d32063d,LY
ce5c9290-d68f-43f6-b181-c98e92548067,EO
05cafe6e-c27f-41bb-aaec-91ae90e6bb4e,LY
d0a5c4a7-3c05-4077-9bf7-49c9fc06d3a3,MMY
3f3d6036-fa28-43af-a801-0ee20bb34460,EO
a6dbb9d6-3411-440f-ae4b-50563b8e8704,SNE
5313632e-dd46-47a3-aa1f-0453dbea02ac,MO
93b97284-1367-4df0-91e3-55887e8843aa,EO
9bec3cdb-1c34-4254-a023-331ec1f1548a,SNE
e5ba0a6e-a23b-481f-8949-361bffc05046,EO
431724d2-3df9-4150-8ba6-a7b4e58beab4,SNE
fc4de317-2847-422f-92fe-c59cd9cf8f62,LY
b9f966d3-ad30-446d-8fef-585cf17ba258,LY
bf4760d5-1cb2-453d-95f1-84b7f0003d15,LY
a0a4c28e-2735-4b67-8734-2be6878763a3,EO
b1681b41-7d4f-459d-bf3f-d084081f3bc6,BA
e73d3da6-c537-48d6-9d90-369ab57a96b7,LY
480b2c0d-423f-4317-9774-e4d807878892,EO
ed4df389-5156-44da-9bee-e7ae95dd25ff,SNE
2cd4f005-c68d-48fd-8dba-ba00cd930579,SNE
24cffa66-e26a-4cfa-9677-2b1d7e275c74,SNE
2a3bd442-abd1-4e9f-9d72-23a834011edc,LY
f3c4e878-db65-4cf8-ac6d-e7122aeb5034,BA
18cf667c-cd3c-4511-9f51-e74d4cf828ba,SNE
067efb76-7b2a-4f48-aab5-422dd279000d,EO
31981a64-a6ab-44f5-b637-2e8eb5ad2472,MY
0d52879b-a81b-4dd2-be45-70d3647d080e,LY
08dcdef9-b6fa-41b4-b4df-48d0413979e2,LY
0fdf83aa-a4ca-4f27-8dac-951b779bad9b,SNE
9524cd68-d200-4052-9ab1-153310bc0754,VLY
b8642655-173a-48a6-a081-79a027589d56,EO
448f384f-0dd4-42b5-a09f-807b672db95c,SNE
0d205279-8e9a-4cea-acba-117f2da7cb72,LY
d6489e2f-bb28-4e44-8d00-2f524aae1273,MY
343961a7-308f-4ccc-8640-c2d63880ec46,SNE
7aaa8033-19ac-4c27-bfe5-e880e81498bc,SNE
fe94b83b-81b0-4fe4-95c9-96195862cef7,LY
2ce97caa-b2c9-4d36-bb4f-6abeec47d333,SNE
896820b7-2c93-4115-8655-ffbbc0f32c2b,LY
c953a016-3b73-4d01-98ed-bf088457750c,SNE
cc8b9efa-8f90-4a5e-a120-15a3740e88c6,EO
39430742-6db1-41b1-a03c-e363b5160036,SNE
615fadc6-a841-4d4d-9752-51c679a2622d,SNE
83881723-6a84-4ea5-ae41-c815db96907b,SNE
557de7e1-696e-4f29-a4ed-78b3e3a7f5f7,SNE
bb87121d-7825-4852-9174-e35959a87ed6,SNE
4c36b025-aa29-41bf-8468-1cc75d909f02,MY
4f5f72b4-dcae-4441-beea-f47f5df35d61,SNE
971af331-ee87-4fe7-ae96-61e7213f62bd,PMY
5e73ea95-3482-495b-b9d7-66b77677f8cf,SNE
8f7c3b0c-a7c6-4265-b458-c0c8ebbca130,LY
c9eea839-567d-420f-a4a3-a09d0ab631d6,SNE
e9238c82-c893-4991-a21b-df9318fa2507,LY
7e721c8f-a277-4d82-a474-50ec31f0b01d,LY
42842a1a-c176-4b3c-837d-7198d12156b5,LY
2f6856f2-d969-4bc4-8a33-25a9985d7488,SNE
da8ee3ff-eaba-4a0f-a128-f2d776965dae,SNE
cf257fe9-3422-407c-a388-705ffc664bb1,MO
86d88ae7-2241-4364-a28a-d27aaa118509,BA
e42e9034-931c-4f6b-953d-848cd81f7a41,EO
e98834a6-c610-4a38-b728-9023abe8546a,BA
ff657d31-6b24-4465-ba9d-9edb59062ea5,MY
20bdc012-0b24-46a0-9cfd-18e12b93fd2b,SNE
7e89d5bf-a61b-440b-9008-b23ee77e4236,LY
1103074e-1ef8-4f98-9dd1-e7c7696ea092,SNE
2f23f50b-a55a-4d9d-90ef-fce068ea85da,SNE
d29853de-d3bd-481b-a8ad-56d9dbd0794a,LY
0e89b35c-35af-4a23-9e1e-ba79e664b716,MY
b7d3db49-e454-4ac1-a3e9-80a95c7c1353,SNE
9569e3ad-b92c-45b0-acd6-a3c0e8933b79,LY
9d31c0d5-743b-4345-a581-40c3574656ca,LY
6135f97e-04ad-4160-b4c6-ff0b2ff50c19,MY
333b0213-e9fb-417f-b9b4-6c1f5b55b513,LY
bc57f6bf-b3a2-4e0b-ad26-458c17ef3670,VLY
fcaf1454-df96-470d-928d-096442084b0b,SNE
887edf9b-6e81-4862-85e9-8cbcd3a8ac8b,EO
662f5851-f480-4e6b-a007-36d346b4236f,EO
46b964dd-a03a-404d-b89c-f0bc4e63c0cc,MO
0e125ea4-33e8-4618-bc37-61a7eb92518b,SNE
192b502d-5984-40e4-a01c-d16bcedc9af1,LY
57bf19d3-a00d-4bc5-a470-ff29ebe6a988,SNE
e709bd9a-d213-44fe-b36a-ca6cf13f54f6,BA
b31e23f3-385e-4945-bd10-089d513d5af2,SNE
0f6c3db7-83b3-4c11-b99e-d8b4a7e6ca56,SNE
23a4ff16-e77e-4e09-a040-f9c574ae7fcd,BA
ec017428-0f9c-4202-a703-609732767fe1,LY
033fe03e-8bce-4c5b-bae6-4b770ccb9e93,LY
2f4fcf81-2095-4760-a894-a3e45a25b5d9,BA
8019034f-4e26-454b-8876-83934f935865,BA
69ac4d44-5a41-4799-b402-9ac5d7420105,LY
a320faa4-d43e-4cf0-9f4f-f58376f252dd,LY
45307680-4701-43a1-84a1-0ec566cdb93f,MO
3787ad9a-0d3d-43d8-bb9a-c891b343debe,SNE
01d9d029-a475-49b6-b31b-817a5ad29147,EO
4b074965-897c-4852-8db0-a09958af8956,EO
4e8fccd1-d1ab-4578-af0c-64132bd2271e,EO
0af979ad-4236-4b75-8946-c40fa8af8cbb,MY
94b7c51b-d692-48ca-875d-1999bf8ebad9,SNE
652ef157-9304-4591-a4e4-1c32ea477fe3,SNE
6db18a49-9fe8-4f4f-a419-b45cc00c292c,EO
f16d18e9-c2dc-48bb-b4a9-7fbe324e6a4e,LY
ccb878e4-b545-4047-96db-915983e7d54a,SNE
94fe9d1b-bb61-4442-ac70-5f092e95e93a,SNE
49fa4d58-f044-4efe-a766-17418f1be52f,LY
a62f9beb-c97c-46f8-99f9-63e04bbb11d7,MO
59cb1514-d57e-4daf-b3db-525f17ecdd46,BA
a3a05530-56c8-46e6-8006-54ce1bb63c5f,MY
44106d2c-16f4-4198-b4ed-cfac6b4f45ef,MY
483af500-5148-4899-b7e0-b3a387c389cd,LY
45ef19ef-bc06-4e2b-b110-d6dab8abeac5,SNE
5b794ed6-f538-4e68-92aa-05265ab5a3b5,LY
39f9aa0d-f821-455b-a9fc-c7110743577b,BA
b41dd910-6f54-4845-b6b8-1353688c2027,SNE
69102ece-88ed-4c35-b06a-c5c64a03c5d4,LY
aa476971-7936-4de2-89d0-3808d8481b6e,SNE
49bddc4b-4b0a-430d-9bfc-e6356dda39b8,MMY
1545f800-0338-4cc5-9132-dce7305e0f9c,SNE
f23639f6-526d-47da-ace7-5979798035b3,SNE
f51cefb7-0d84-47f9-80a4-99d02d56083c,EO
dcfa45c9-b080-4715-9428-307967c9800b,BA
dea1f545-ad27-4ef2-a43e-5a9f1291a37f,MO
f01c4ed6-3384-476b-b3c3-c4d90ec2646e,LY
400b9bb5-2bbd-480e-a8de-731ad17bd2cb,LY
0809a290-bb6e-445c-b53b-4a2c3f0a6ae0,SNE
89c023ce-9cfa-4ae2-a9ba-b8529ac57b9c,LY
d98039cd-1370-4cfd-841d-b84005f130fa,SNE
b4f8f2ce-3036-4231-81ec-99b43f231ec8,BA
c7147627-e5ba-4312-8cdf-fa1be45f0f8e,MY
0127de41-e1c1-4a8b-9288-8e2bf254b5aa,SNE
5fab511b-9540-432a-a6e9-c55f7f348e5d,EO
35a5f521-9559-4ace-9c79-f271a86c8043,SNE
6d57b38b-dd5b-4461-8343-ce726bb54caa,LY
50d0bcc4-2fff-47e8-b208-82ce11166206,MMY
6add477a-4b51-4391-b9c6-f6e69aa2505a,BNE
3a7b51aa-c5cc-4a9c-9306-bd42d8dd62a3,SNE
672d9baf-e076-4e09-bb9f-dc63d092cb0c,SNE
3af2bc35-b5b1-4b78-92b8-d8da394f8f68,SNE
eecf2383-1257-4f06-9f53-f1fddc313af2,MO
1071aa15-b190-4196-957b-33409ab109f0,MO
ac8716ca-04b2-42d3-be0f-7d88c6aff5a6,MO
0311568a-fe3e-4801-8de3-a1f742b3ba26,MY
80c76847-72a6-4d12-a8d9-3df069dbabf7,LY
2af18df6-75c6-4583-be34-24769f201c41,BA
51afb6c2-500f-4c1c-8afb-7e16688343ba,SNE
abe9ced8-6a6d-48bc-b042-48b985f852d3,LY
e3e76091-dcc5-4921-8436-847a34f5a186,SNE
0f8281f0-1246-434c-84ee-5f986d411186,SNE
0ba8e631-da91-403d-ab7e-65b2b5483f15,BA
dd22028a-b7bb-4f00-af91-c2ca337d3fbf,EO
cd7d6fb8-aabc-4777-b65d-e0cca9ee5e0f,LY
622041b0-dd89-4575-a357-1555a6edfd4b,MY
d6463876-4e2b-4c9d-81a5-c866616d2522,BA
6c373e7f-3f83-48b8-bd2f-c46cc835d77d,SNE
e7815d1f-83c8-4a00-a07f-a2bfa74cf71f,SNE
e2cd0074-dfd6-4bb0-a5ca-e9ebe06eec3f,BA
715589cd-feca-4a80-a949-f1bb79463958,LY
89f64bc0-c8ad-4461-9314-16bbf2072d55,LY
734a9ba2-c8fb-4624-85c1-60271d8e25e1,LY
5e6bee1d-d92c-4022-8a09-25d363e73d67,EO
4c0f1e09-2f88-49d4-8fc6-b2fb034f04e6,SNE
f4ec0cc7-9cdb-4de4-8304-685dfb6edcf7,LY
2a0c4db6-ceb0-4dbe-bc80-3d0f80507fe6,SNE
17f5a752-7fc1-4c7d-b9ee-223439aa93d6,MMY
e37c0046-6b16-4fc4-aa3a-6c1302b9d664,BA
8038912d-4407-4e74-b632-11a6511ba065,MO
d6473190-395b-41d5-b2dd-e78c3cb296b8,BNE
2d8355be-5886-47af-aad2-666fa5431c85,MY
b611accd-dfa0-4df1-97ec-d5b9d59bb54a,MY
7bc16ad0-7b11-4255-aa69-5c2677f6615c,LY
bf00afa5-4d06-4488-afc4-81b87bd893d9,LY
3f661686-4857-4cb2-8f95-cdef2d9b751a,EO
7f6840b8-9d6d-4bc8-9309-a0a11fa5c49b,MMY
2aa13ccd-22fe-4a11-a2a9-6640a7baf688,SNE
150c0862-0dc6-43b1-9271-c22b1e6d3f01,EO
ce3273e8-b1a8-48bd-b831-df518fb8813c,EO
75a62cc7-13a1-4435-98c0-af96f4c8625a,MO
60965d0f-bc42-4d2c-909c-ffd6659df21d,LY
501ef8dd-b405-4a16-a042-b253b9de03a2,EO
2541c318-14bb-472a-b2c9-6717b43f198f,SNE
ae21565a-c913-49e1-8312-d2c623596408,LY
71bba3e4-3166-4508-9f33-74e7faef4d1c,LY
599c0685-9aab-44f4-8856-d5055d01dafd,EO
0c7d2c8d-0628-4163-9bf6-3296ad114600,LY
5ab9adcf-c89d-4f8d-943d-f405a09c1731,LY
b56491f1-688c-45d8-846c-e042880e2dce,LY
435694e9-c184-4ce8-bf7b-6fe325d76221,LY
bfc22ad3-3904-4f97-a986-be1d4b454c43,EO
1b92dfe2-1087-4b10-a2f6-15472075fa15,EO
71426a94-8a2f-4813-818e-8c1c94efa004,SNE
ad4efdd8-877f-4b2e-ad1e-eed6761cc8ac,SNE
10721d4c-779e-4d3b-b86d-cb2ddac0dbe3,SNE
ec8c9f94-6af4-46dd-bafe-0f44c39b7782,SNE
2f22c886-b289-4092-9aec-58739b45ba54,SNE
ca39deb7-21dc-4b55-b7a2-8a62da1f2565,LY
464634a3-d236-48ba-ab1e-f0f6e4fff3f5,BA
fbbff101-06f8-4089-bf83-afed3877e032,SNE
16de115d-8da1-4c82-9608-565c580d8aa7,LY
36c58859-d21d-4562-a5aa-8ce4639c5052,BA
e36a458b-eb96-4997-a69e-7fd0f4092665,EO
0f8463c3-a448-4f9f-a932-8ea34be4626f,MO
ad3d69a4-8245-4fa1-b05a-b6536708e03d,SNE
0d5233b1-c8ec-4099-8af3-65d6a157058c,SNE
7110ea62-28ed-4663-a940-a3705c491a15,SNE
10308d7a-2ff2-444e-bbab-5affb4ea9259,LY
73866f1e-2344-4fdd-82f4-5f35fcf8fde9,EO
f4669a1b-70e3-4ed1-966d-740c14a9579b,LY
0303d25d-dfd0-4667-9f4b-439a4b714ee3,LY
37cb4124-257b-49ff-bb7c-68d5419e5eb8,MY
875f5c76-52e9-4950-a5f4-ffd7c248960c,SNE
35b51a03-ba02-4caf-92f4-055a07980ae0,MO
3f46c0a4-1ada-4b98-ab62-0074d80a23bb,LY
f2d8cfba-ec66-49b5-9884-c673cc2f7656,LY
e0e92c31-83f4-403b-af41-482a48b9fc30,SNE
45b2dc80-dff4-4965-948b-66f438c00791,LY
fb013553-79b5-4990-8f13-610204878fd9,BA
a1737298-1b7f-43e2-9dcf-78ffc8064336,EO
3cd69a23-2bf6-4aae-a3b0-f27b82d5cbb1,SNE
c6a5f975-050e-4bbf-b5ec-0171ee26c3dd,LY
b1e3f20f-7ec0-4cfd-8d6b-47696f712d5d,LY
f19ea0a8-beee-40bf-84b6-2237146d79b7,EO
95c2afaa-be71-401e-a7be-5db4ebb46ed8,SNE
3b5bd7dc-8f79-477e-94c0-dc068afa2159,MY
d6df83a7-69db-4756-ba63-f789ec77cef8,SNE
c131d669-bbec-4905-9913-e48e5b5667e1,MY
20d0081e-b295-4d7c-ac51-27e4c14b8176,SNE
2e101460-b8a9-458b-8340-560391ff2b71,SNE
a927e8f4-5ed6-4b36-b698-f03292f553de,SNE
d55585db-c746-4e1f-a528-3e9d20c625d6,LY
30053357-fb3e-441f-843f-305220f4147a,EO
2266a2f8-c825-4fe9-ba55-413208fc1170,LY
e4e202d6-eb02-467a-a6e7-9bcc43d61954,SNE
9fa8004b-5db3-4fcd-8031-d3f37839b15d,SNE
7253de68-b4d9-42fb-8925-9372c1a9b913,SNE
44b16708-be58-4266-8cfa-be3532a16af0,MO
b784faeb-bfe0-40fd-b7c2-f96445277d85,MO
f5c168e0-d26e-40d2-9bd2-dd3ac7f19d74,SNE
5d1147ab-0de9-4dbb-a3f2-c78e41341b8e,EO
8571701e-7e8e-464f-a749-e48362f95815,SNE
56e51b5c-1595-43d7-b965-dd29449eb9d7,SNE
24103c66-e174-409c-9b9b-95a6d18278ca,BA
5770a84f-c195-4096-b14a-f400511653a3,BA
1cf68a48-b75b-4521-944d-99b892cbd8bf,EO
9f2c8bdb-a84d-4a2a-b867-79101eee0f39,MO
ac1fa208-9dde-44ad-a1ce-66eb7ac9abf2,MY
7fe84f17-143a-4de0-8327-89e85975351b,BA
64dec5b4-7fa3-4272-90aa-003ec3fb3732,LY
f04c7ccf-38ca-4a55-8683-d5a6fbe38322,SNE
ffde6ba9-91a2-4ffb-8555-a7a74da9f74f,SNE
3a2ebc24-225b-47be-96ae-5f85816a8613,SNE
5f78e5e9-57bf-432f-b1ae-f3fce5db6248,BNE
2569b611-fb77-424f-a234-45d54dff303a,SNE
75431c5c-5d34-4859-a464-5fb23f313db7,LY
6cc4298c-9422-4948-9932-7c6dd944a1eb,EO
6c37f2b3-93db-4ffa-918f-c09c0daa891a,MY
d789a265-2002-46c9-9468-6b1886a7c4d6,LY
6f2cd306-edc3-4c8a-99a0-40531dcb41fc,MY
4f3335f4-e8db-46ff-8f82-c14abb129f77,SNE
fcdc6066-14a9-433f-bc91-bad5fd0ac071,SNE
68620ad8-01b4-49ba-bb3a-bf88d465371b,EO
e1cfdea5-9a74-40f1-90c6-86911f653711,EO
97236ea3-89e7-4584-b07c-f67ae77ae500,MO
4e12d9c8-cc70-4f9f-b0ae-22dd849d9fa1,MO
7b48c3ae-8d66-4c92-87a4-3dd18e348a31,SNE
b20f398e-852c-4059-b267-6c840e05b914,EO
2eab5129-c763-4437-8c17-78d8aeb1e4d4,LY
0042871a-9577-470c-acd2-057eca613fa4,SNE
937472af-c064-4c4c-b147-82e72ab43d20,EO
8cbe5141-10bc-48d3-b679-2603eac4aeec,LY
bf02663a-6eb3-4639-aaef-5c2b75c8faf9,EO
dfd615aa-bd70-4ee9-8e8e-3409b473b46e,MMY
e1f0ef1e-bf51-44d6-82eb-3c3327553e45,SNE
23642a80-1699-4ce9-b6b9-42c8de4b682d,SNE
9cd92684-5b7a-4396-a5d3-55e49ab38b94,SNE
6e4edf7b-5023-4bf0-9ae4-c91bee61730d,EO
75acc240-6749-45cb-bcdc-6c978b16113d,EO
a2ce12a7-686f-4a0c-9b4a-7066bda94fd1,SNE
dc9717c3-d68f-4b13-8b4c-879fac251b53,MO
490a09fe-b123-43ce-9f59-de21c3b464a0,VLY
fb9b6e8b-e47b-4aae-8f3c-2a145aa4e87f,LY
e6720d49-fb67-4cdd-b065-c863edb1d385,SNE
703e7ce8-5078-444e-8dfe-ff1cf7ce6de0,SNE
e434b39e-31b1-4ac9-80f3-06fcafcbd572,MY
26e68272-23ea-4f46-a2ac-7dc089ab5b10,LY
545d2c6e-e8af-45ac-b9f7-b895e0446588,MY
346665c8-c321-4282-9414-487ee4257558,EO
cf665260-70b8-420c-9d18-9616c1775754,LY
22bf6bc6-0ed4-4985-9795-ea6071eee96b,EO
30e425d0-f892-4ef5-ad40-8186773d4bab,SNE
714e3233-9f0f-493f-923c-b6cbe01524e1,EO
42d45124-aafc-4c03-9871-655312d0a76e,EO
0f75d578-104d-4ca4-8cc7-276ef7362a32,MO
c76cb674-f100-4c16-816f-64e5f34d2ff3,SNE
08d8f361-d18e-4773-898b-b8e065c197f0,SNE
a60e331b-2184-4274-9099-e0a40c518549,LY
6b0427b6-d7e6-4dc4-8834-41c1ff9a13da,MO
63c108ba-d6cc-4093-8434-ca407ddbf436,MY
cc3fbc51-db9a-4062-b686-74a09f49b1a4,EO
7de8f570-8676-4361-a2e4-7bc660368bfb,SNE
f1ee0e0a-87b2-4338-8101-541baa7ad8ef,SNE
6928d055-9074-4536-9da5-3cf7f84549f2,MY
70519393-f786-4baf-ade9-458098febec9,LY
3e116927-9885-4221-b6e1-5299814343b7,MY
852828be-c868-4976-bf8b-65434356f699,EO
b88d8ea3-bb88-4364-8716-389af85a7291,LY
67ef33be-dc54-4796-b4da-e10a5fc03c66,SNE
957f1d40-7251-4b3e-bd34-1705628164ce,SNE
548d5f7c-fd45-4237-ac22-11186b26aaca,SNE
08a9a6c8-57f5-478e-aa4d-c0f470a5b125,LY
e15f8ac7-2194-43ad-89ff-b5ff19c524dc,LY
1da2d934-ed97-4a50-87cc-db40ccef297c,MMY
87979834-64de-443b-9bf7-4867311576fe,EO
fc670359-c5be-49cc-9dd7-f50df00087b8,LY
12006983-9e5f-4e43-9f21-1226b1b06650,MY
1e21dda3-18f3-43ec-8e8e-c4e7dfe4777a,LY
06e6237a-2d46-417d-9fe6-8bd68abfe95f,EO
48478294-4440-440e-8366-04027f6d1a23,MY
01f66938-9a22-4deb-ba5c-2448d4861dd5,SNE
191c04b2-0c17-4eda-9868-1ca2b16d1c44,SNE
8518521c-b1f6-4f4a-9013-b9a7ae7b257b,SNE
03010f35-3256-4b6e-ab37-ac18c23116bf,EO
4ab501b9-0889-4333-b598-746b6232d976,SNE
324cdc3f-49c0-43a6-885e-b769df2d400e,SNE
6f9f4cc7-b17a-4916-9151-159f3b58f772,EO
672c22d6-f2b4-4001-b151-ca5d8463881e,MY
b850c8e8-6632-4520-8a48-58da832d288c,SNE
4d8a3776-624d-4a9b-ad24-abe1e801d0a5,SNE
5d968c45-7115-44ff-b5df-f0ceeee907d3,SNE
35174010-1006-4bc7-8bea-092cd77d5ad5,LY
20bcc39f-6d3c-461c-bca6-6815427ba22e,MY
1cebd314-454c-4701-a299-46c8afe917d0,BNE
28f3b4d5-d4d2-47b7-bff5-c07da29b5894,MO
12803d8e-25be-4a13-bd1c-599497ccf012,SNE
adb85e25-9e14-41b0-88f2-ef45f830752e,SNE
2268a6b0-50b2-451d-b52e-37cbe8279142,EO
3ceccbc7-e214-4fee-a5f9-c72a26dd934a,EO
ec3a67a3-5809-4bf4-8de4-ab181d4b7d61,BA
e98f8993-edbe-471d-ac06-afa5175e336d,LY
697e96ef-3fbf-4189-9b3c-bd4a937fa8b2,SNE
b4a6df51-7353-44f1-a99b-299074461416,EO
9bbe1f13-41f3-4636-9338-4251043663da,EO
9003b7cd-311e-40a8-b077-98c068dd9b72,SNE
8fc8e460-db29-4dfc-976c-845e164d5952,SNE
1a65f2a8-d918-47c4-be5d-6d82ba2eadfa,BA
757aa7e0-46b6-457d-8482-274bd59544d4,BA
1ad6f8c8-8d42-4bf6-b960-77b8ced3de9e,MY
61f874d4-fbdd-4a1c-9814-a54d8eb4a7b6,EO
fe3643dd-55a0-4979-bb23-4ce86ea47ee4,LY
d2d6e71f-45e2-4078-b9c2-f05aa2b768a3,BA
9913148e-ca4a-434d-9002-17c10f172f86,MY
0e4fc941-3813-49d8-bc92-44c440b588e9,SNE
bf7b5700-ced1-4ee2-aa1b-072b4134174d,SNE
c184acb0-d95e-4e5a-b91e-40b7bc1b836a,SNE
5bcd1699-137a-4dd0-ac81-ec176a077872,BA
0f028f0a-010c-49c2-b7ac-e8fa9710ea29,EO
e2984e84-6b18-4f7f-99f3-e1715fe475dc,SNE
0e09d9c6-e0be-4473-87f6-a91d6b90f287,BA
afd07d5d-f4d5-4bf4-808a-3dae30e1e6a1,LY
0e4d0fa7-2120-4029-81a5-515aa73a432d,MO
c88973d2-3b2c-45a6-933d-346ddf18403a,SNE
f8e39e3c-e00a-43d9-ae2b-7538926ff5a1,BA
5f3ee4ca-5bc6-47b9-9fc9-7603172d90b7,MO
12b1acef-df40-4473-940a-ae75be8cc718,SNE
c5c6f368-ad92-4bab-b299-464056050c32,BA
8692efe6-8d5c-4396-beac-434b3f4a80b2,MO
5590c74d-8b8a-48ae-9822-7e8b0e76582a,LY
058bd089-b7ec-4bc7-bcda-08a0ade4392c,BA
a965d13f-1f3a-4200-ba06-4b1e036e1f4b,EO
38e78c3b-8e69-4785-9ed3-f871d7baca6e,EO
b9272de7-395a-4ae3-b53a-3ea18887a88e,SNE
dd33c68e-eccd-4568-b068-decd1e428f4f,MMY
517f9b3a-90ed-4f42-8463-1fc09b46a2ec,BA
d78af8c4-9bf2-4e6c-9c43-a371d028854c,MMY
fe357ac5-85ea-4b6f-ad5f-b372a99c6083,SNE
911b7483-2848-4002-b68b-7782b7413e4f,LY
04195f3a-75e1-4bc6-8c6a-8125a1bcee62,MY
da58daca-5a2c-4c10-a328-f5d58ccbbd04,BA
550f97be-c6a4-4127-987d-ee76e9da5a3d,SNE
efe1bfff-bbeb-4367-bdfc-484cbe3e73b4,MY
20622e32-3cba-4561-9148-1781df192ae3,SNE
9a10d00a-10bd-4f04-b53e-a31696586e3f,EO
7885ba09-cf37-47e9-a3fc-44691f4a51a1,SNE
2b89050d-c6c0-4355-aaf4-f43fbad87917,LY
772ed116-45b6-4568-9538-8ae932d4a56d,LY
b4a60aca-e415-418f-9d79-587821a09b11,SNE
dc326372-996e-41e8-81db-e0b04e8930fe,SNE
8bd3835b-365f-484b-8481-d36d591923ed,SNE
ac230712-dd8f-4cf9-8079-aaedb0b18fe0,SNE
20632779-b3b8-409c-a8bf-c60625df432e,MMY
30201c89-1a1f-4340-83b1-07c9039253e0,BA
8747677d-09c5-455a-aa11-ef8fdf194d4e,SNE
a01dcd03-b854-44f7-9643-81fba6d4e211,SNE
0a776e7d-f5e5-401f-9300-ac7e119407f8,SNE
af37da4b-0d82-4883-aae0-35025abb7a44,SNE
04ae61d4-26f1-4f37-acb7-5407490bfcaf,EO
52297a1b-4893-4a31-83d3-9d7f8a3c4dfc,EO
d108e84a-05da-471a-ae69-84e1a8e9af6a,MY
416470d2-4129-4049-aaa2-5ae802bc3104,MMY
bc0dad88-02d8-469a-8924-549f70e8daef,MO
2c1cd412-a047-4fa5-8ddb-b2275a4b65f6,EO
a11c5a3f-48db-424d-8295-e031c32c748e,BA
ef876d11-fd10-4230-ba4b-15e6b5d0247b,LY
044ac5fd-b535-4618-856d-99cbb45f1414,MY
8f955a2b-d889-45bf-8804-13b468b4ec96,SNE
7a12a448-664f-49de-a74e-695ae4252250,LY
26b6eae5-6f4e-40b0-a893-cec572118236,EO
6dc4afb2-9a3e-4211-bbbc-332dbe114b07,EO
4165143b-d634-411c-8967-244fd5a61e3f,BA
00343c63-11a3-4e8d-91ee-d11da316e96b,EO
e22884af-3995-4221-83b0-97f36560b566,EO
06ce8e25-52cd-460b-b20b-59a5d784620d,SNE
66b61940-5974-469d-9eba-59a5d8537384,EO
c2ea3f23-f392-4dc0-be6a-d1ac4c5ea7de,BA
3b9bd20d-44e8-44aa-93f9-67a66b78c9cb,SNE
4fe97f0a-121b-45f5-9422-d9e05d587321,BA
4e774520-55f7-48c6-ab9d-f6adf76379f6,SNE
7b50d337-b5fb-4fc6-b7ea-f517ea14e259,SNE
ae266d45-5df5-498f-b01d-7e663fc3eb11,MO
5a2beef4-2d5f-46fd-b4d6-558ae77e0c9f,SNE
6fa29052-f992-4e1b-a3f1-618f68255345,BA
857099f4-84e7-421d-a3e9-aaced74a381d,SNE
991ed59e-acd1-472b-9e58-287b2660fc5f,MMY
4ef3ee38-3f72-4fef-b292-342b3c1e79c1,MO
1427ca4f-ded7-4b1b-82d9-b4a0c6238a9f,MO
1df63040-9107-46fb-b8b5-ed65abe658f0,MY
7b5dc391-f01e-4622-9959-499e11936567,MO
5ead107e-6ed0-49eb-b487-a41ef7bc15a6,EO
ddd16103-14c6-4fac-ad8e-fb5744e14575,LY
64764349-75f4-447b-baa3-e2bd96c21334,LY
40129cd1-383c-4ad3-b34c-eb5383fba5d5,SNE
25bfee17-960f-4a96-8b98-b795d2a3cf15,SNE
4574aa61-3686-4cd9-bebe-498dd3cf9dba,MO
0318228f-6328-426c-b6f2-82b056047110,LY
3804ee26-68ff-4491-b4b0-76d9345f18d9,SNE
f0448fee-5d47-4e2a-a499-c0ef307f9c8b,SNE
8133aa41-e74f-4cdb-9ca1-9b32c7a50c2e,BA
31e6e123-fc59-48e9-a8f9-6f208c650af2,EO
d2fb6fbe-ed2b-453c-9d71-9e8cb65a8a67,MO
9cc04de2-9401-41dc-80ce-24b1b522dd59,MO
3719502f-b106-4570-b0e5-99b8af33dacd,EO
4cbb2699-4e97-473b-98b8-1bf2a7aa99cc,SNE
848aff6f-c808-4f8a-b8b0-6d3566092aa8,SNE
fe28db30-215b-4db0-bba1-9e3db616b419,MO
c4810c91-f395-4ee2-bf16-1d578529da67,BA
763985de-10bc-4910-af42-76ea50b89f71,EO
44f688e2-aaf7-40cd-bc54-ccfe2463033e,EO
6c6ce7e8-32a6-46d3-b7af-dff8fc5a7a35,LY
96c36800-22c1-4b70-8bc6-f9f3db268eb9,SNE
b5686e5c-ab5a-44cb-9855-368aa101e971,MO
c416b3aa-2b2a-4084-b067-c1bf5183d32b,LY
89f5dc37-a57d-402d-a532-56c69646cd6f,BA
a3250cfb-683c-4741-bed9-26954d0a8ae1,EO
662db97a-ae91-49af-927b-6f428c57cb0d,BA
a136163c-7944-47ba-ac67-596c83f92435,SNE
76834732-d055-45c3-ace2-4bd879d825fc,MY
281c3b5c-02dd-442c-98a8-dc1cff55e271,SNE
afcdea5e-d2a8-4d26-afd4-140ccea9f325,LY
30053f6e-d546-4ca2-8557-b8bf5e997afa,LY
2325a510-e2de-4bda-bfcc-0ce799577c9f,SNE
7d3c70c4-3f69-4231-b0fe-c68d739fce28,SNE
0332ec5e-10a0-4bad-9ceb-bdea35d9eb39,SNE
fa7bcd6b-26c6-457a-90ee-8b46bc85395c,SNE
633e6c4d-178f-4b9c-b83a-0332eca18f17,BA
fccefbd6-27c9-4f27-9b57-47824ccd6c0a,SNE
db0f6431-ec57-4434-bcbe-22e92d270b65,LY
4f85ae31-b2cc-4b29-9d0f-01cee90f8362,BA
bcb5ab45-24b6-4f32-84df-3d3bafb6da9c,EO
a7f7ce12-085f-4bc5-9c26-d1e8cc060cb9,EO
478767da-5cd1-4b3c-a776-cb1c6d8b7591,LY
3f6c9c37-5719-4ecd-802e-14aafa2ee288,MO
454ca06d-d9e8-46ac-b110-5b8c8ea8c40f,SNE
cb7fde44-c81c-4db9-af9a-f6a68be7e5f8,EO
1f818644-1389-4c71-a586-55201361c1f3,LY
46a9dbf9-f796-49c9-b2a6-e309501e585b,SNE
93913ffd-0006-4412-8b7c-e377d2146047,BA
a7b1ac9b-eefd-483d-b210-0b471e5a5dd0,EO
228cc521-395c-4f5c-a14c-89bd3dbf0aac,BA
1388397e-0875-483c-8bfd-eb2f2151aca9,LY
2415e25a-880f-4feb-aee9-010daa4d34ef,BA
1e6bf5b5-3430-463c-8af2-d1a013b71376,LY
e31bab86-7435-4aa5-89c7-e9eb9ce9ccf1,SNE
c2706de7-bc8e-4756-8408-895acc6dea3e,LY
a8b74fda-c56c-41e2-b0e6-9dda349c705e,EO
15da7af1-9ed9-4557-a7ba-c628842f5d0f,LY
2da0573e-5c71-4280-9bf0-f202ed86aec7,SNE
c4ca85ce-c756-4ec2-8249-22cafe13bc4e,BA
a8643e0c-9010-46ee-935a-8fc6775e3f5d,SNE
78614b43-3389-4f2f-8c6c-1a74fa3aff87,BA
21c829c1-15c4-4a2a-a510-de7cd29b9197,EO
5b48eaaa-7e64-4858-815d-8eed135fbfbc,EO
80bd8ed4-530b-439f-9a91-68b8717c5d07,MO
d00d3c98-2f3e-417f-9142-4db0479cd8d6,SNE
daf8396b-af44-401a-8c56-71705e4c4737,MO
448d9f5b-62dd-438a-a92f-fd22e0388e12,SNE
7bf71a64-de22-4ad2-8eda-d3f3ef59ae96,LY
7ff2b6cc-8e36-4b5d-971b-322330d2b713,SNE
830ee933-4de5-4fc9-b1c1-5d3f28803aa2,SNE
482075f1-7981-4863-bdce-322c852890b3,MO
96c83f7c-9a0f-4600-a38a-fea7f57d58d2,SNE
66baa102-2acf-443e-86ba-ae17bf18fa00,BA
7a5df15a-243d-4166-b231-e4f4e06ac0ec,MO
b344eee5-edf3-4fda-a1fb-abefc875f893,EO
c85a03cd-9f8e-4bbd-a091-fc75eaff167e,EO
8f1fd421-97c8-4d41-bbe6-726235ad81fc,EO
4d9cbbd2-146e-429b-b187-2f5e926a5710,SNE
d7c08cc5-82b2-4c43-b143-e076692fd0e1,LY
8b45a6e1-eeaf-4eda-a0c3-e56988401ee4,SNE
97dbe47c-38e9-404d-b83a-4e583958270b,SNE
f6cd4ccc-0894-42de-9b7c-ed18fb9e8869,MO
ec1f1bd6-47f7-4aa9-9296-45078e769dae,LY
d732ef0e-91df-4013-9ff0-dba9da578bb9,MO
f486eabf-a2d3-4d5d-9354-9d86aa670fb6,MMY
6b567d91-66e8-4c15-bac1-79780b736246,EO
8944c6c5-8d6c-4d72-b78b-68af763e7923,MO
6d418b10-d152-4494-a90b-2819f0067a67,EO
d97a5ff5-503f-43ed-b059-acd707fa1f6d,MO
83cc21c9-cfad-4a3d-bad9-5706509e9a6a,EO
8b020023-1917-4379-81fd-65df4cde8bc2,SNE
5912b22e-fce2-4234-a406-124162e7d676,EO
4c02c819-8d3f-4213-8c45-f5dc64db560f,LY
41ebcfc2-25cc-4b01-bddc-6a28bed4620a,BA
9ca065ba-c20d-456b-9c41-b0554b134d67,SNE
92849de6-4971-4e52-a169-0415ec4424f5,EO
a917556c-89ed-4a95-a4bf-77f5f491d6e3,SNE
de692ca3-af67-4514-9fa6-77329dfbc8f0,SNE
b7bb4cf1-bb9f-49fc-a9b8-f61160b23f49,LY
884a6c2e-5298-4860-a8f6-5ea8fbac6c30,MO
30b3a388-d832-4c1c-afec-878e5107ad13,EO
b3b17843-96e6-40b8-af96-b43519f3f661,EO
7b1ef62d-2dc0-4ba2-9152-5b52a07b2750,LY
046192fd-6f11-435a-b620-011a630dbc1b,LY
8aac6005-6573-4a04-a153-91aef186a931,LY
b856fcc3-ca9e-4071-92d0-e07edf88dad4,BA
dd4eeff7-47f6-489e-ad69-a652875cd5a2,MO
d3bb87f5-1ff3-41f9-ab83-c25341b131ea,LY
919f009f-5521-4266-bc36-82fdd0f65145,SNE
3c9dc82b-482d-416c-8300-452886951deb,EO
b91f4f7b-68d5-48e1-a3d5-dab923df9b15,SNE
11eed0df-fdca-4f28-8647-1a3b7e4a048b,MO
c00fe52e-c6fd-46ac-9a7c-e9925138958b,LY
df56f742-6e6b-4bb0-96f7-7821cd618896,LY
aadbeaa2-67dd-432a-8bb9-f3f510c4ef97,LY
fdbf8879-b656-4b7e-8618-264312be4d28,EO
8c168cb2-6a17-4dfd-a6c7-b499c18cf62c,BA
2b667c93-16b7-4f07-bb7c-fd45e36f0b49,SNE
84c44602-6f2f-489b-abe6-d80dde847b83,EO
b61be342-08a4-4c8a-8773-6ed4f8823545,LY
2886a4d3-3acc-418d-a18d-c7cf6b1f60e7,SNE
d4392ec0-a813-4f28-a64a-d1028f7fb60f,MO
2cc8579f-b776-4d96-9379-f10e3b1b99d3,EO
5926f625-e77e-405b-b353-e5d83df3cad9,MO
95225575-8594-474b-b727-c69ffb9de575,MY
209531a8-c779-40a1-a3e2-a4099b4abac6,SNE
15eac371-d3ac-4b74-957f-76da223e900f,EO
9cd76560-a7e7-40fc-870a-ca1da85d794f,BA
be6c2a8c-ccb1-4cd4-95d3-a0935417b474,MO
9052c9bd-19ff-4280-b445-5fe299a5b110,EO
61534003-2d1b-4e1c-847f-c784c05a2964,BA
3a438f08-7724-4d52-b19b-fb9a09d7e938,LY
ea998dce-8a3c-41df-a3d6-4129454c66a5,EO
f0ea952d-0bb4-4552-a0c4-fa9815801bad,SNE
c0effce6-9e3f-42aa-8a2b-2b0e65604bb8,LY
0bfcfaca-9f49-4ffd-89c0-4ea3511dc816,EO
d237b5e5-93a6-48c6-a8a0-871503303c96,SNE
6ba4d0bc-99a0-4a42-9156-d4732ef9db85,LY
2e0f8741-ca36-4714-9c76-d014d2235fc7,SNE
9120f507-d870-41d3-ac7b-bc2d00afc09f,SNE
9b0ad3ab-c66b-4777-a0d9-48052b230b8a,LY
62ad819b-a9d7-4147-a58a-2294b3b62403,LY
6ac6f4dd-bf24-473d-911a-51edcb3bf649,SNE
1084f5e1-3b83-41d8-9958-be2b18597ede,SNE
481f390a-2caa-4664-b9d3-a418455e60e7,EO
e99dfeda-1ad0-4270-a0a7-ae5a6d180546,LY
75d51a6a-9052-4c6f-9ff7-59f5202d95ef,LY
2093e21e-7b0f-4163-933f-55655ecf278b,SNE
1c64a20c-b42e-47da-b7e3-92806952fd3d,EO
34d68d4f-cbb6-452a-a4b2-9f9de9222cc8,BA
166314b6-6434-4c16-8aae-0f863c335476,SNE
731995d7-0f76-4231-9eb8-415f55ecd0e6,LY
ebd35647-cad5-40b3-adbd-ae247cc98b40,BA
d2fe4ddc-36c5-416d-96cd-e533d58a04ce,SNE
4fb747e0-0049-4302-9fc4-60fcb8375df6,EO
2663af1d-3bd0-48f7-b9b3-71c049c24699,MMY
9f86a0de-7faa-4148-a002-f1a1108da7e0,SNE
c55fec0e-afa3-4346-a1ec-9f73f131660e,SNE
38e38847-ab09-4243-8219-cb6cc56fd243,MY
3089f7fd-c7fa-4f0b-9b36-3952f1ef75dc,VLY
47627d6f-5b95-4382-909f-039e93bece03,MO
5770ca37-6ff8-4894-8f76-f87ce3c2c552,MO
3c6de740-e127-47d0-82c4-4319546cf035,MO
ae156138-46cf-49c8-b906-c2c6f2b6214d,SNE
00bf235d-6968-446c-8fa9-ca0e7abbe022,EO
85e60fda-a7d9-4b27-9bdd-a10a322c82be,MO
b93c7c15-e90a-4fd4-8a2d-bc547647635e,EO
b048ee3c-0bcc-4325-8ed9-9c279bd7e4e5,SNE
3230cbee-3141-4a41-a6df-10abc755a5d4,SNE
e52c2364-6991-4fcf-aaf0-2fc5bc506f99,EO
6b91bd04-be49-450e-a865-f20a3647469a,LY
1df53317-b180-40b8-8689-6739e7109a57,MY
9a81b833-1215-4566-a18a-5bae9bafa827,SNE
ba04fef0-edc6-4d02-a674-f86a1c9990f8,MY
9959a6b7-2e6c-45ca-ac83-bb3d28070b07,SNE
e55eb1b4-e933-4895-827e-17f5f6b41bdf,MY
bfb81395-e446-4c7e-9394-1cd4ebd74371,SNE
0e4d9fd6-e644-45a2-b656-54f282ae424e,EO
9eddd3ef-86d9-43d2-abaf-d5761ddcc8e8,SNE
6c02deee-4aad-4571-906f-747aac57ba5c,MY
23c68c1e-bb2d-400d-a9da-10f1098f0c50,BA
1f54892b-a4d7-420e-bfc3-4c1e62327f67,SNE
5a897b35-957e-42e2-8414-af2c934b8d3d,BA
c5468506-edd6-4549-846b-22a9562d1317,EO
e58c1bcd-57ec-412c-ac06-00880fc170d3,BA
296c7ded-2993-451d-8f30-6074ee4d5cbc,MMY
f8ff2874-22b1-4efa-ac2f-5ccf3f3c5f97,VLY
5694fd27-03fa-424a-99df-5b0b54baa88b,SNE
e3624ad7-4a94-4faa-8054-e17f4e171755,EO
f9c7304e-2e90-404e-a00b-10ff0696091d,SNE
46b1cabb-4544-4aec-9afd-8ce683644ccc,MY
e55fccfe-00a4-44ae-b32c-b20df292d517,SNE
b885a0d4-df94-4868-8f7a-bf9aba26c31e,EO
381b44bc-1b33-41b3-b7ca-29871d682621,LY
579e7d97-1aef-4989-85d5-6f2b49e3dc1a,BA
ead9d112-7c0e-41a7-b68a-588503067d9f,EO
3c17ae3b-5e11-4e94-abc4-d8681dd862ee,LY
cf6a318c-05a1-484b-8091-ec7ac1172bfc,LY
d25c1830-d5ba-4c8a-8006-2e958d63f032,SNE
4ea8091f-040f-4fe9-84a3-3d442db29ccb,SNE
058b3a3f-19e9-44c9-9be1-77b5c629cda9,EO
933f8713-8d56-453e-a118-1c9e00ee518e,BA
e0b4b9aa-b204-454c-a6a9-da59e9c9393d,SNE
e8cf6a27-289e-4653-856b-ece56645bf8a,LY
8b131ab9-2d0e-4b6d-a67d-916aa7b3f0b2,EO
245b5e89-903d-4da7-baa9-00aaf924f8b4,BA
20befb64-b79f-4deb-a4f4-84edeb5e5d18,EO
ff7b5681-4fca-445e-ae03-9afcc75b5413,SNE
9cb06413-56f3-4065-ac45-4a0200109940,EO
188b072f-92b3-4e66-9734-df2efed81e46,MY
8d0bead9-b5f1-4a91-9361-d02449f0cc92,LY
01d2dc09-7741-4c48-a460-46842dd8fe60,SNE
7dbcca39-429b-46f0-a77b-f39d7225ca9c,EO
03520041-a856-4ef6-9e98-274276a5509f,EO
97920b18-8245-4310-9842-f5acb33e0c02,SNE
0cb715fc-e3be-44f3-8a04-47769de832e0,SNE
340ac169-7eef-4beb-a603-dfc65ae13584,SNE
0d7e5724-778a-40aa-bd21-88398ede08eb,EO
719cbc40-52f1-4fe0-b22a-157327b7a4a0,SNE
d6a807ce-5bfd-48c4-92cc-6d074b64d937,SNE
53de41cd-d63d-4420-aa81-232dd5a2e7f7,MO
7e8a8549-91e8-4687-8359-9704b67bfcea,SNE
3cd92ec6-5719-4142-9ea8-13a2589401ce,EO
70f5c707-8326-4dd2-90e4-dffe0d3b780f,SNE
bfa54371-76be-4473-b22e-6111668f3603,MY
b5b93784-2663-4642-82aa-477b8c81ef2c,EO
26730530-74d2-488c-a67b-bb6b55237be4,LY
c157e138-6438-4876-8387-83a4eeaa7f17,SNE
de851dfd-a959-4138-bc3f-f1c43ecd90fe,MO
57d5ba90-e85a-42d7-aef8-264fd5d0111f,MY
6ecabe67-bc8e-427c-bcf7-790bd293b853,BA
68415716-67bf-462c-925e-83ea8ec0b26b,BA
728d6fe6-0c84-48d9-a05f-2975520f9fb6,MO
a5d427d5-4045-4873-954b-aff89174e0f0,EO
5683906e-cb61-469e-a377-6a873ee345b4,MY
a0ae6a33-5849-43ee-8be6-6d5746915435,EO
10b7fc37-b757-4d2b-a970-fa6f77b90702,SNE
72c254b4-0005-45d6-9c81-4d9d68a8dc76,EO
40d08cf1-1b7f-4acc-9b09-708b74cbf64d,SNE
3ddbd9dd-055e-45ca-9ee7-4e0fbdc60014,MMY
d4808346-5d78-4a5a-90c0-e565fcf7f160,EO
fd23ddc4-1d1e-47df-8ef2-abb1699dced7,LY
dd8c6116-1b3f-484d-ac81-1f9d52559ecc,LY
f53083db-65b6-4b40-a29a-c892def7d7f2,LY
0d4fa854-d943-4ebf-a065-72ba5e5641ae,LY
5ad5aa95-34a4-48fe-8e8f-d51534af083f,EO
3dafe005-2735-4615-8132-b5b5e88c03d5,MMY
50507472-7f54-4361-9069-f4396d5c272b,BA
dd8ac594-00fb-4e2a-807e-61947f016dbb,SNE
459a8d6e-a037-4cdc-a5a2-3ca3f3be663c,LY
2cf9cd52-1f2c-4fff-be05-8941bccce4e0,EO
6fd87e4b-7a50-4bce-8d6b-9810c0439d8f,SNE
c8aa599a-429a-478e-ba72-08461828e898,EO
3319fd86-a8eb-473b-a0e9-08923e3dd1b3,MY
9b506965-00ff-4144-9ed5-087bd910e975,BA
523eabb9-059d-449d-b491-1d8f9c738fe9,SNE
a4c6be08-a397-42ec-8797-8c35fb9c80df,LY
b2e51b6f-0155-4e3d-a34f-a8588133990c,SNE
e963437a-75b9-423f-915b-f646a1de137d,BA
23742d7d-1927-4234-9e8a-6eafa8754da2,LY
5a624a3d-53e7-43c3-a28e-427cab09c9e7,LY
0c5a9632-6a7a-475a-98aa-43a46503d370,LY
fffec16c-1129-4633-8dec-2b8172c67847,LY
99fcd65a-e482-4342-9084-5e3f62f3b83e,BA
e47b459f-cfb0-41da-b0f2-f0d110c0671d,SNE
293a5686-577d-40ca-b1a0-82e786b97618,SNE
eaaf05d9-e08d-42b2-841b-1a2361d62acf,EO
b4505bfe-7398-4d16-85b3-f59d2ae2587d,LY
ab9a77e6-4f6f-42de-bc91-009afc06bc35,SNE
7e188e6b-8e1e-48fb-beb0-b8bc574d87cd,LY
13826b38-3e4a-40fc-894d-d945d0af5a92,LY
8a5ac0cd-57d2-4a11-9407-6c7a2dcfa94c,SNE
d0a58426-4df9-4068-85fd-b9bf5736cb78,LY
01a944d7-ad15-4428-be2e-9cfbfcfa87f8,SNE
55f10d2c-1d5d-4f56-a3bc-a3d4383596f4,SNE
352865ca-d4f4-4216-b145-515e9e041bb5,EO
5f3fd65f-79b4-484f-b485-8964abbd6788,MO
ee4081b4-9953-47bb-828e-95853bcf020d,MO
3686b9d2-b9c3-4c48-ad6e-d334df379fbb,SNE
9272903b-8a26-4a7b-b8d3-8fc25eff20e2,SNE
05d84735-50d7-45ed-bd27-aca9c7d3a738,EO
42be5cb6-d9e7-40b9-a846-558a80c0e00c,SNE
428ac79a-2e39-45c8-8a37-42f1151dbab0,BL
3dfddd89-df2a-4a79-b0cf-0bfcc099bf3d,LY
ee6fb811-3338-4082-89a7-8e57bab06ab0,MY
650704be-27d6-4669-95c2-aaba9b94e6de,LY
190167a1-c67a-46bf-a7ae-8bc08a8234bd,BA
67e23acc-6a68-4f27-8787-8f7c04b19a00,EO
56a9210a-add5-42c4-8828-0ea50fa152b6,EO
09cad1fc-86c0-44f1-8f11-e10349f0cf80,EO
5710b63c-e953-4734-ae74-3e0c805941c9,BA
28c3e8fb-dcf3-4abd-b4bd-4f839133597c,EO
6a0eb456-d172-4284-8915-b9297c485543,SNE
697a4a34-b4e1-4e3a-a92f-af62039c44ba,LY
a2630d74-c4d7-46fe-a1b8-f32ce280456e,EO
eec94969-5cf9-43bb-96dc-59355904fd23,MO
6b8dce9b-7a1a-4c46-bf25-0a3be0eacffe,BA
cb40e0c4-a47c-491a-9b75-5d1a83bf7178,BA
4c37ac73-8f77-45b6-9723-ace2bfb3c997,MO
537466c5-987f-4d52-be98-6509a856128c,MMY
90210ec6-60a7-491b-971d-8ec7d4245d9a,EO
a3b3d955-869c-454f-aafe-8d5783320997,SNE
6a520770-38f8-4403-b043-10b11fb983be,SNE
ffff40f2-6d6f-437b-8d0e-0311a3d14693,MO
4bb8c48b-c54e-4248-b71d-5a4d9de27007,EO
fc2e0a3f-efe6-4ef8-91ad-1c79f88c470c,EO
55f6f0d3-0a58-42dd-a8ad-e05e9923f013,BA
32f19f7c-d04f-4a67-a30b-638ad320376f,LY
f060582d-6a32-4233-a6d4-33cdf018977a,MO
c0a931ba-0ec2-478b-8414-08b6dadbacef,SNE
913ce223-82b4-4ff8-9fc5-63906406c13d,EO
67b99740-6f2b-492f-b3c1-fabe33f1ed9e,EO
e9974661-497e-423e-a281-286a9eaa06aa,EO
85e0e5b9-f0cd-4137-83d3-888bf638e408,MMY
ffbbb8bd-16ac-4579-91f3-3b408b619d4f,SNE
be97c67b-8430-4d21-86c2-820d39ca0637,EO
2bd2a853-9fa0-4997-a5bf-d719448349c2,LY
e307bfcc-b794-4262-b87f-4b52fe097503,LY
3cd39211-fc73-4ca3-b81f-104bfbacffcc,LY
25141f76-6df2-421e-b8e2-2ee2b3d29cc9,LY
87d678dd-636c-4266-991d-11b23beb3753,SNE
0a5a1e22-6012-41f9-ae71-98fe6b5233ec,SNE
bb932735-9bc4-435d-86ed-c841be3a0b71,LY
00472aab-2748-4c48-8c52-2e27cffb70a1,SNE
486f51ea-55cd-4cd4-a5d4-3c664b963cb6,BA
c6e28883-2178-45ee-9354-781e3ab48048,LY
5c56a577-1a0a-4f41-a829-06695a09f70f,BA
03de7d9c-ce84-487b-8644-8ee005cab7f9,BA
2cc7aac2-4219-49fd-a37b-dd98ec76b7e2,BA
e1b4b075-877e-4ca6-a85c-429a4a247f77,BNE
27a999de-0126-479c-a5ca-c29bbcb62ff7,LY
e14cfb14-679d-4db6-a716-25fc7160dc7c,EO
b46bd878-a1c6-4ca3-b57f-43287e130d9c,SNE
cff73a1d-a34d-4ef4-98fb-981f55d4f8c4,LY
4668a32e-e6d6-4def-8de1-75af0b6420f3,SNE
a4703a69-2d30-453d-a351-152a00b8e1ac,EO
31f556d8-d987-4b61-8de2-c58dcb10bccf,LY
043caefe-5e3d-4a5b-8a09-c2b35f2c5783,LY
0729b765-c973-4158-8481-e70e8bb6246c,SNE
d5955ac3-84ff-4bda-b8fd-0428eb6a2935,SNE
5bc73371-a954-42e9-a612-f1d2d23d600c,EO
ad6d46d0-379e-4cfe-a06b-28d42028d419,SNE
450570e6-0a43-438e-8ea3-50e75acb1e63,LY
7e049f3b-59dc-47e3-b0cc-38d8cdc9690e,SNE
bbbd557f-e5c6-4ec5-9a8a-ade1a5b59348,EO
3b0d529b-f769-4f84-b3c1-3acd1fe39935,MMY
b4c634eb-f6a6-4fe3-bd76-7eeaaf0e6c41,MY
4a82bef3-2783-4fd1-8c8d-6ca495c8dc33,EO
73706b57-fbd5-42c9-a436-d6f35a1a1ac5,SNE
4b6d9f5b-83ed-4afc-b2a9-32a463cd3cc2,BA
4029c9bc-a56b-422e-9b38-8e4f1120d91c,SNE
b9d22c35-7381-4f10-84fd-49f3cd7b55eb,SNE
22c36a54-71ae-4c52-b48c-3e671eb332a9,SNE
772c5b50-65a2-41c2-9031-45719d315e97,SNE
c80ec156-0797-42fd-8735-721a2ea36f20,BA
f7c8c948-a08e-49e3-8c58-73d7bd4fa9ea,LY
1c6840e8-b222-482c-96ae-4fb201b0693f,BNE
e0a70876-7b88-41c5-96f8-53ac0ecd2049,LY
6566d6fd-6eca-4676-bf91-d32eee13f38c,MY
b37829cb-c7aa-4eb2-9b03-73213b46101e,SNE
de1a48dc-7f19-4245-a9b2-3ea275e957cb,SNE
60fc20a4-4584-420c-9b6c-082be395329f,EO
52363b9a-4e0f-4083-ac4e-d047b89aba25,LY
2d83985f-4bce-476a-ab8f-b598f4ad5add,BA
85a2921f-001e-4d99-9816-93994b2032eb,SNE
8454f898-88a4-4686-a7ac-97a2b1b3a5e3,SNE
807d256d-043e-475a-a99a-c21cb321a71c,EO
b52c18b5-9435-49ac-bbb2-d3f0b4f94fb7,EO
3cc1685e-09e4-4566-8ce4-195c371dfcad,EO
2be98b0d-c833-4922-88d9-a04105f412b6,BA
c0619875-bf21-4e8f-96f8-2bd7602410ef,MO
9e53ab35-bdfe-4ac9-b862-16027a41a2c8,SNE
5d5852ad-a840-4ee4-a089-3473107c4f4c,MY
46bf1062-cd0b-4139-a7fa-e9951aabf426,EO
9b61a595-a138-4656-8f13-998efa3cef07,LY
c0161049-77d4-4048-a1f9-bf59eda69831,VLY
34f80b6c-9ad6-4f9c-ac6b-f908a74e3aa1,SNE
4eb9b202-bc7c-4f33-a71d-36d2b914456b,MO
98f4e94b-5634-465c-b457-0d0de9fb0d1f,SNE
2203d51e-d6ee-4ca2-84d7-e858353ba310,MY
b58e8cd6-a3c3-4cff-8d93-48e69b940013,SNE
e9d1d033-6aba-4ac4-9174-48d75d41e8ad,LY
85cd5c8a-c174-46dc-9370-481cf7c40eac,SNE
e507049c-1a12-4798-a7c7-33b06cab3a76,BNE
9d0557a3-98e2-4faf-9938-b6997e5b2c47,SNE
54eb6745-918f-40d7-a1bc-51b774e24273,BA
d2741a38-1a39-4b31-bbbf-64ae881def71,LY
efc86a7d-f909-4e75-b94d-a6b8eeb4f67a,SNE
b4255e97-900d-43d1-b773-e99799cf60ac,SNE
53d95b4c-9e65-484c-8729-4a5a55b558b8,SNE
866bef41-4e1a-4a20-ad4f-8387e99e0d8e,SNE
7a7aeea7-d6a8-4bd4-8d99-54f323d4def7,MY
2f8e3040-8dbb-41a9-9eff-1c685f4a9880,BA
19bc23de-615b-40e4-9a66-ced744927087,BA
3e6fb79d-fd3b-4943-a385-1ad11f2c8499,BA
b6eacca3-5691-45ae-93e3-9bbdb8105da3,SNE
51b22ae2-be2e-424d-84b4-fb3d9e8b44f1,BA
ddf3fc0b-02e2-4a71-b620-bbcbf6582cd4,LY
b2f07e6a-b1bb-4d4e-a691-14a411b5f80b,MO
75f14032-461c-4d5e-95df-a6851c148c1c,SNE
bb7cb77c-5421-43fc-9539-cb9a283aa121,MO
d92b000a-b05b-455e-93f4-de9d10207813,LY
61b45e3d-d04f-4ce1-bec9-e857f38fe78f,LY
4283fc00-256e-42e1-9914-efc499d0a39e,LY
b5b83068-3291-4ba9-8f13-8bf0b8b7cf7a,LY
69daf6fe-d652-4652-87be-d9a84f042ee9,LY
c674c39e-9a2d-4cca-98b8-2045beeb18bf,MY
bf78bf02-9da7-4111-ad74-4bf9da72f8ca,EO
158166d5-7498-4b46-8aa3-6a23540315b2,BA
95394580-1466-485c-a5ad-1c141f96b8c3,LY
e69952e6-1a09-4bc4-ade2-2f4b8e6c86f5,SNE
f5d2d7ee-b729-48d9-b30b-5b1e71ba4b74,EO
8e436c8c-c589-4b6d-8e4b-683da80c2538,SNE
89469ee0-21c6-45a6-bf72-0609f2af8268,SNE
5e1d6ef1-c27b-4e7b-a9ac-bff47d9f3e2b,LY
d2206cdc-6b22-45dc-acc7-a1855ec1f3f4,BA
0c707ee8-62ec-4ed5-acbb-1fa00d9fb7fb,SNE
f883dd86-fda3-48ac-98bd-86f9caf5ac7a,BA
360892b9-8f0f-4761-ab78-17b9a6194968,SNE
15998b40-7079-4d82-8555-28a5c737f642,MO
f1246c24-6963-41d2-b32a-f0148c721df2,EO
7ece556f-4e1f-4154-82c7-5f572a991c5e,EO
029e3e0b-f000-40db-9a8c-a755c82af142,SNE
21a2584e-80c6-47bf-bb8e-c2be80093fda,SNE
b6521b40-6868-436f-8106-342bbb1abaae,MO
61e5dae7-e74f-4363-a601-2d70d5a66476,EO
baf307ed-86a5-426f-8db6-e1bdd15e4deb,SNE
364fafdc-0ee7-490a-86f5-21eb8cb64c22,EO
0e966257-822c-476b-a199-37d41dc03a6f,BA
9428c2eb-11ae-4b09-841c-14197d88cb30,MY
3b2beeb5-2829-4cc4-a787-79a1419daa42,MO
6c9307c1-b2ec-442d-8128-370071c87c4b,LY
dc988a33-dd6c-486c-a890-6532e6db666a,MO
1f4c4d8c-d2fb-4cf5-9e8a-d5aafe435833,EO
f263cdba-8229-41d1-afa8-6ecf9026c386,SNE
a6adee5f-491c-44f6-9407-da2072673c3f,SNE
499fb998-41cc-45ba-85e9-6195be69fb78,SNE
06e02ffa-95eb-4583-b9f4-4166bbc2d514,BA
d71015d4-ab42-40db-9b9c-544082f3e73c,SNE
96a6ff2f-e46e-4542-a482-f27310deaffb,MY
f1e8edc8-1444-4fea-8763-eea99276bc23,LY
3bb89817-b8cf-4fb3-8fd2-da17997e43ab,SNE
2ebd8370-2889-4ee2-9e0b-cf573138e9f4,LY
4f6db720-5a95-4f47-a741-159f968a6276,MO
56f614bd-e807-435a-88c1-042fcb219f23,SNE
57a6decc-ae04-4486-8bcb-9d68bf3fa1b1,SNE
2e5d49f3-95cf-4fce-9dd2-c0be25f907cc,MO
3ab51525-445b-4812-92a0-b774a0861264,LY
799f5873-b91f-492c-a57f-7e3c982a88f7,SNE
c527a880-f29e-4069-84d7-a44ec9b65667,SNE
ee3614ff-e812-4997-baf9-9496fd9afc4b,BA
dc6bf23f-2796-43f5-b9ee-cf2e236b29a0,SNE
8b8177ee-6743-4e6a-a358-ef42e4de9cfb,LY
03ac5d11-cf5b-4c0a-929a-4b31fe3bc0fe,LY
9abc38b4-4083-4a4e-b60e-1c2bcecf790c,MY
964573cf-79de-4334-88fb-4c4202b5c06a,SNE
7b91c6e0-5da8-4976-b456-cf9fd8d14a97,EO
e7a6bec6-c0b3-49df-932e-aba81fb19238,MY
d3a8e003-4b30-4099-a8f3-070fe99afe97,LY
ce78870d-3337-4801-8bbf-786af769bc0f,MY
072efddf-4d18-4da0-81ab-cf105bec27f6,SNE
751ba629-34aa-444c-9db3-d43fdac52b38,EO
e9fe27a4-611d-400a-821f-66d3ca164fce,EO
bfebb7f8-8382-4c41-9f03-4446cf8bd339,LY
eda02996-426d-462b-b908-67132988942a,EO
326e8f26-349c-4712-84ff-ad5c3a0cf31e,SNE
c6b42946-94a0-4dd7-9c3d-382fa1f4987e,EO
4310d120-b6e4-4303-a6dd-16f67eb739cd,BA
7a381871-047c-4a91-821e-af86c415092b,SNE
0efc86ef-ba77-453f-90be-2f8b406ccc4a,MMY
9b797cdd-7f74-4c27-9b4a-30b9eb2bba86,EO
8ccdcd3a-6dc5-4635-9651-97950350522e,LY
e5f14618-4c15-4a7e-b3d0-075f79066ca3,LY
7b77286e-21c6-492f-8045-2577cdf24130,MY
01d92266-ab67-4712-a461-f0d2cd4e8eea,EO
196c6d2d-c1d2-47a5-8baa-ba3515a002b5,BA
64988c45-66c0-4fc3-92d0-111d8ba8d7f2,LY
3869df0b-06f0-45f3-86a8-403e38c3f717,MO
6bd2ba01-b118-40ff-8358-b45039e618bc,BA
50bacdab-896f-4518-b281-a34324c4d6dd,MMY
63b6c1f1-2edd-4b54-a03e-166006522c51,MO
8b32782f-019b-4ebe-b1e0-0d9f7318178d,SNE
299211d4-7ca3-427c-b55d-fc8f3bb28e39,SNE
04468dad-1c36-4301-8fe3-76662f167f39,EO
ae488b8e-21e2-4f12-8b8e-2217e611791d,SNE
3ae3c579-04ec-459c-9497-f97d1f597e05,MO
31d9f920-933f-4600-bb28-fe3d6c088daf,SNE
3763ca64-0eee-45fe-bfcb-4c262ca4e167,EO
3f4563da-67df-4812-857c-036d42006174,MO
1ed7fe84-3bad-4c67-a683-bffe938f3cf4,LY
0134f027-b54f-46c1-8cf1-26e9203d88d4,EO
6cea2d1d-15c2-478f-a9a2-a419d62e7324,LY
7b935e90-d458-4c7d-8ce5-a71e5b9f467b,BA
752110a4-5218-4cbc-9ed1-8e150d653b53,EO
4a0b164f-a14a-45ec-a66f-498c2b81e09f,MO
1a65839c-03db-4746-a3df-dcf7a63277c9,EO
bc67905a-cc97-4de6-bb00-2269fd8bbba8,EO
c5550386-d5c1-4e8d-8f84-a719b237722b,LY
3f80d565-885f-492e-a785-e3448006a973,BA
08d7dd5a-8bed-40c3-8790-8ae3cd552302,MY
4442b9f5-e062-4053-8fed-5a38cc42b8b7,SNE
28aadac9-e022-4ff0-a712-74ec4eccd24c,EO
b2eca8bf-2b9e-4fa4-b5ea-8570826cdbf5,SNE
e167c25d-146d-4a1e-bbac-91d4d9454f50,LY
1df278e8-6c5a-4ff0-a774-def1f3b44930,EO
aafa709c-d340-4312-ae98-2b345aace13d,LY
42b912bc-3add-44bc-a21f-fb58ebbfd360,EO
0b4fd078-e3d1-4150-bdb5-78363aa7dfe1,LY
26af8c4e-d905-4fa8-964a-aa58bb50cca7,SNE
e10caeb1-c7cd-4477-ba60-6bf70458be61,EO
6ecfaa5a-dcbf-4ef1-b058-d1ea9024ee5c,SNE
9228a7aa-8ab7-4b56-b213-eca115f5a23f,SNE
384334f3-540d-4458-8e40-0328670ffd2e,SNE
24256841-4f9a-48a9-9b0f-7f90157cfafc,SNE
03c961b2-5af2-4588-a21c-264b222144d2,MO
4abaa069-294d-4b46-b7ba-577ee250d92b,SNE
d6fa3997-5c0b-45ad-8b64-c0e663db9aed,SNE
fac3965d-9815-4c6d-8445-f36e5118ab04,SNE
76374d9d-27e9-4d64-b13e-b9e6d9b8c2f3,SNE
e6e6ec4a-c744-4c5d-933b-fac17cdb799c,MMY
530b328b-85b5-4fa2-9eff-0365d58e486f,SNE
0f9267d4-f659-4367-a639-b8b45baee37f,MO
6e80e3ae-857b-4265-b9b9-069d8b90a08a,BA
6bfbd4ef-8e41-4733-9eff-ae67cdbb19d7,SNE
dc11286b-e520-4bd6-9b5d-40c95b759f34,MY
c7d7b884-1abc-4c6e-9607-6563e61ecf56,EO
5b4f5eca-5760-47ee-8745-3dda25fbbb2c,EO
e30f396c-422f-4e16-bcaf-55094832dc84,LY
9be78ded-9129-4ee2-9da5-ef1f6594de2a,SNE
9132c26c-5c41-4650-b5cc-ad59e90df395,LY
55f7e7d8-81fb-4c6f-9a1f-8f124e9219a0,SNE
6c368a43-ecca-4815-84ca-9d870c297399,SNE
091d73a5-942f-4354-8e9c-f9893a611307,MY
d94cdd85-63ed-49af-acee-76973ebd75da,LY
55447a0a-525d-4c2e-8406-24decce03689,SNE
3db7bdcc-0e97-4cdb-ac48-f19d688f63d2,BA
00461dc7-3118-4496-86b0-79a6879bdb7e,BA
1bfdea3f-9fef-411f-a724-7672e042d00e,SNE
a513da73-bb96-4f8a-8f73-311d4e03f644,SNE
86c51987-d651-4f20-af0f-7d9eca961915,LY
5a2c0eea-4b92-4046-abb6-67d798eb680c,EO
73cffa69-bb2a-400a-b02d-7b2d3a29188e,SNE
6b857740-35b1-4264-b3fa-da4f21d4e818,LY
40590fc0-7b6d-4933-82fa-d150139768d1,SNE
6b6ee2a1-0e23-4194-b849-16411d08fea1,MY
a3a5100f-e251-412c-a6e7-c3d72b76aad8,SNE
c48b41a2-35c5-41e9-96cc-b75ad9b19b86,LY
a9984f9c-6f82-4261-a434-d2174971821a,SNE
dce19fb3-7e59-47a5-810c-6d3f42e19e25,SNE
d28f5cd2-4e9d-4532-ac96-b093998e263a,MMY
5c6a6004-ba60-4a0c-9e36-bb2d37a426f9,LY
c46011ee-2569-4396-af27-da80bc4d8890,SNE
b95326b2-fac4-4159-ba1e-c0c05cecbd0d,EO
a537efd6-5c23-44a7-8a01-ab3559ff12e8,EO
f54c33fa-233c-491d-a54a-993c8081d8c5,EO
5225d095-d88f-49b6-b5f5-bdfcdaa85379,EO
31227253-c1f7-4278-b4a2-4ec263e5bc0a,LY
05c33abe-539b-4c45-8eb0-06307e68c366,EO
9e6bab30-124a-4a70-a5cc-eef4cfd8ecd5,EO
bf06e03c-6164-4065-a9c6-4c891fd6e040,BA
f971bb14-7d37-413d-9a5b-748639d4fd27,LY
44c76a1e-50e8-46fa-b6c5-9c6aeb28772c,SNE
255f0a52-d458-4030-b56c-3e15db911c6d,EO
3412d99d-5cba-4286-bc68-0219b2959b4f,EO
85ef6c85-26f2-44ad-9090-facc0831766b,BA
beeb7b9f-fb1c-46aa-b89d-8974680531ba,EO
91457e96-0351-4eff-96d1-47da7487d4c9,EO
665b58d9-337a-4d47-92d5-f33c1b5528a0,SNE
3285f408-e0c0-4720-b1a3-5525060ea0f7,EO
c05f65d5-226d-4d15-8e0f-ce06d43b61b5,SNE
7f7648de-e3c7-4a52-bbda-12c445e77558,SNE
4e647cee-d1cb-4a2a-be2e-fe65ee70b63b,LY
e5a676e8-d658-479f-976f-e241418ce326,SNE
5e27e995-c68c-4568-b37c-fadacd0fd5a0,SNE
ebce83a4-4a46-47a0-b9e5-38475baaa241,MO
06170cb6-fda1-4592-923f-87c7b31b2fea,SNE
0a058876-2357-449f-a4b1-56f921b7f348,LY
fcbd5744-8528-434a-afb4-2d4e034545c6,SNE
b111ef15-b182-4da3-a900-07c52c44c795,SNE
5db29def-30ec-44c9-96bb-821568ba4e4b,SNE
0f495a9f-3d12-4587-9864-6f6b962de1f9,EO
81f50fc1-5d67-4bdf-b123-93e941c43c61,EO
d54e0be9-2463-4449-93fa-99c13e591661,MMY
cf9676d6-c1b7-4505-9398-bfe8fe547b57,EO
cbb1a6c2-6961-42ba-8917-9ac8cdb4430c,MY
ef5192cd-75d7-4216-95d3-116b76e6e2c6,SNE
7aac0918-5215-4cd3-b6a0-0090a99822f6,BA
ec61e1e4-7229-4123-836f-6efbabdae9a7,SNE
d15ab3e3-7338-43e2-9b3c-5cf338b9586d,LY
dd2097a2-81b4-4e63-bd98-73348dd197a0,SNE
75bd1e88-e8f1-46fb-92a9-1959ad26fe6a,SNE
7829f6d8-3198-4f24-8bdf-86456ebb7e65,LY
30e98da6-b649-4b95-9ab9-824c491fd02a,BA
6a9eaab5-3b96-462d-be88-29520eade0ad,BA
dee13c93-0a14-4ed2-8b5a-24961c0ce89e,SNE
3bac692d-0c2c-4115-b652-c9e5a5deb522,MY
932f8852-ee38-473b-924b-b2dc1341a4d6,BA
d2e5c752-1aec-4dc2-9dd5-d13a719298b5,EO
e1b18adf-1b54-4a73-a627-48574e131194,LY
bb12538f-237a-4307-b54f-61c20d8a55cc,BA
46400d82-aa12-4e6f-b8af-8dac451cc2ef,SNE
dfc1e4c0-1f3c-47e2-8e8a-03dc8a4544cb,EO
e201ab8a-c0a1-4af0-aee8-51abd85ab2ce,LY
210a44fb-751b-4057-be0c-34a39d6472a4,MO
57bcb1cb-e0b4-4f10-ad87-ac54414112cc,SNE
69118a19-f5ff-45a0-af59-81b0a621e169,MY
fac56a00-5a2a-41da-a086-6fe20f7fb373,SNE
24e677de-a1a0-4b26-b961-def636887fca,EO
1b2e4533-c283-4242-9f01-2c898f15c7bd,MY
2045025d-13b8-44ce-8788-6a5b0889f9d7,SNE
fef811fb-d634-44f5-9f0c-b5067033708d,SNE
5bc41652-cacb-46b1-984f-bb839528374e,LY
94d822e9-01b0-4c5d-acde-143105693048,LY
5340956b-05a2-418a-b0b6-2756ee13b85d,MY
cc589c1f-c307-4721-b08b-3f876434c273,LY
7b116f6b-36bf-41cd-a2a2-882e435f062d,SNE
f6846d8f-a03f-4f7c-90e8-ed42f28b8dcd,MY
4f8034e6-33ca-48a8-9d1c-85ed1aecee38,SNE
63395924-3e46-4fd8-afa6-b33a65bad7e9,SNE
3c0a297f-1877-4cb0-964e-4e95cdbaeee3,LY
2ec82827-f884-46df-bcfa-44d85147432f,EO
6de9b547-d796-4a0c-ae2c-9e21bc1d1993,BNE
1b06529e-f330-4548-b337-a754d5f45c77,LY
8986bbfb-78e7-43dd-9cba-c98925884461,SNE
9dcee4d8-7c51-478a-9e50-71d63442bb17,SNE
e803a877-309f-4d78-9b24-eefe1a9805d9,EO
6b122fdc-1209-4494-b611-70aa7d077db6,SNE
7245c811-dd0d-47d8-8f95-c10f97209806,SNE
f56464aa-f4a5-44fd-9285-1b8ad4675047,EO
4e723a90-bf9d-4682-a0f5-d9c974895aa1,SNE
afe3c971-bc66-4ca6-a3a6-fe8d384a9e97,BNE
992fdf1a-6875-4277-b24a-11660a6f8f44,SNE
1f6efe90-e9ef-432e-ba7e-981ac832bb22,LY
95ec6bf2-b49b-4164-bc9c-955d97aa8677,EO
66b7efd1-1787-47a5-8e43-e6952fc19119,LY
fe7971db-fce1-4f38-9b0d-0e3dd6a6f4d8,MY
a009e277-e80d-4262-94b6-56dfb7e16020,MY
685e8b0d-dab4-4653-9964-3f5f78c653ed,MY
5f27d700-6e7c-413c-a5c9-a7ad4e4d612d,EO
11c4e628-b202-4411-bc42-da4c1e305eed,EO
90e37fa6-1692-4d9d-8d0c-3f02d77c997f,BA
dd054e77-1499-40d4-8a50-5d986f235cb8,LY
963eede7-9ffa-48ea-a29a-ff4217377859,LY
c52e1073-3911-4b69-8244-49ab25e0b83b,BA
cf017f0c-2cbb-4471-a290-3859d6ec7522,MO
c5664605-da78-4a53-a622-482510bbf29e,EO
2ad6ed99-81fe-4802-a379-7ea277e9ee3b,SNE
0221b9a5-62f5-4247-b6ea-b7ae07ea8f50,MO
92520669-c3bb-438d-9ef3-b59df4fda820,SNE
7a29bf24-0fe6-4e4b-af17-c5049a4926f3,EO
6437baaa-dac7-402c-a601-67f0ec69cbec,LY
dfd2032c-e5b0-414c-a96a-bc320d7a0f02,BA
26c762ff-b76d-4e72-8a6b-3b7775aba014,LY
4f852fe2-fc72-46f0-ae30-e110787df7a2,EO
6587d3d7-bbae-4682-aaaf-45e615cd1dc4,SNE
ccf78b71-f844-4648-8e94-7152a1ca0be6,MO
831f3529-8d21-490c-97b1-6e8b5a10daa2,SNE
659a08d3-d422-4a0b-9e89-95316f08e384,SNE
a0f82780-0053-4eac-b978-b4a833ee25d1,EO
55dfc34d-146e-4455-a9dd-182f899058b1,SNE
7f4a7c2a-2ed9-4a59-ba89-27a6e8b415c4,EO
28c3aadc-4154-46fc-ac52-024e2e4c67c2,SNE
186534a3-8aa3-4d13-8bce-aebc6dcb098e,LY
0e418f56-9bf5-4d8c-822f-341afea9f373,MY
e3f02813-9bb7-4278-adc4-47bada0c7d59,SNE
e84542a3-d3e4-4a43-918e-7c30c49f9169,LY
6ab889a8-a492-4e9e-b7fe-e13378a6a690,MY
1eb46af3-8144-43a2-b97b-bb806eee8f15,LY
cbb4d277-9edf-4332-8c27-94a95c40ed2e,EO
66f0e798-fe46-4610-8308-80569d51ca35,SNE
a4dfd9ac-565f-46be-9a33-d4b928810378,MO
0450a687-2b86-4109-b557-5c8a0c363f35,EO
0749369d-8676-46c0-b113-76fa40d4cdd9,LY
0c5b0f6b-d49f-476d-9f3b-89763066d184,EO
99b85a9f-d345-421f-b1f9-c970bbc00382,SNE
afdec70f-eb2e-4ed0-b8d4-7eca07607f72,EO
c0970246-ac6d-4a47-942f-71bec6592e1a,SNE
857f4ed9-061b-47ee-8fad-462a45fc52ff,SNE
c64b8d4a-6710-4011-9f61-97c38bab3fb3,EO
971e2004-4dbe-4cef-aef7-70e506c28fb0,MY
9c1ee6f1-00ef-4a1f-8035-464ea61ef95e,LY
1703555c-ffad-4b12-a78d-a526cdd7f563,EO
03f7ff1e-545d-4c04-8d6d-0f03ab49f476,LY
8bc19dda-afa0-4045-80d3-6f122f2689ac,SNE
67a0635e-30cc-4a27-8f74-0300484ff76e,MY
dc818137-8854-4856-84ae-06412a81b26f,SNE
19ae65fa-b29a-42b3-bc81-10b0a5e46a9b,LY
9f9336c2-c2d5-4e5e-a6b1-9826c0c13ee3,LY
43161a97-8716-4c91-ad75-851e4bf4f788,BA
5150d213-81c8-49f6-b3a5-a41bf2707ecb,EO
5642f986-7cbd-4616-bbca-d174e648a93e,BA
7fb8f7ca-dcd0-439a-b306-8e95ee795ca4,SNE
5e47c17d-4dca-4289-8494-f4796dd57028,LY
fe553bfb-eb84-4e4f-aed2-bdbcfd4e296c,SNE
d9bc9001-d5c7-432c-9723-a6e060ddcbc8,SNE
34a96ab8-8ba3-4d40-b13d-85c40283ae9f,LY
b770eaaa-49cc-4c00-ac4c-6b505241257a,LY
0c897c85-f788-4ade-b860-ba4cf58fc260,LY
11891cec-c7d6-43a0-8767-9a207eb52e25,SNE
98c9d6d8-35aa-4479-bbd7-248e66457e16,SNE
14145886-2fc9-4b42-82d9-4b9b450eaa1a,SNE
88700a58-2c0a-4ac9-9dfc-bf8987b07886,EO
4fe74160-d6f0-43ac-86ef-ffc0c4c3c279,LY
4e687ef7-aeed-46ac-abd0-a114d981fb45,SNE
e518df32-d9a1-4955-afd9-cc79867585e4,EO
8f3a4351-03e0-42dc-bddd-a1df1620174d,LY
03d03dd0-2cdd-46f7-abe0-0be4de78ba50,SNE
738d315f-93fe-4a32-8604-fda05ef74721,EO
c26415ed-a6a8-4447-afdf-edd6154ac71d,MMY
2220da65-c7d9-4982-b816-ebcf407fe3c8,LY
47bf288f-c9b8-475a-abac-3cdad1fb66bd,LY
3a0fb47e-d9c3-452f-a661-6391f37be090,LY
4bc6f9b1-6873-479d-8ea8-ab7961c22cc2,BA
74302f4e-f11b-4b5d-8190-8b41d917bcda,BA
75709c46-8af8-4eed-915a-843e0ce804c8,LY
7d2db447-ab47-4906-8980-a0a34a73c5c6,SNE
556d32da-8c71-4fc8-9aaa-ff97c95019cd,SNE
1ed4e3fe-a7dc-4ba5-8f8d-3d1f5fb2b1a4,EO
69a04e71-fa3b-4e17-ad79-7471a3931a05,VLY
f375fe10-5169-4b98-beb8-8b2fa92f1b47,LY
330ef8bb-dfcd-4ca0-9b4a-9e83167eb62f,SNE
07c1393a-8d83-4aac-98b6-c1eb073cf107,EO
89f01a08-9ae1-48a1-a110-ee7009837caa,SNE
63742fe5-359d-4801-ba85-b01bc9ef136a,EO
791309cf-ef8b-4928-b12f-c97947db1a0d,SNE
b325d5cf-ed5f-466c-bc41-650378426857,SNE
7b93c861-d9b8-42c1-87b5-d6b5066f3ebd,LY
daa5e840-311b-41bc-883d-50d2605de310,SNE
eace8d22-bc63-45eb-8870-92a774ea61f5,SNE
2b491214-85cd-4fda-b2e6-15d03de01dbd,SNE
f26bb704-e5cb-4f97-86a7-5b0764854922,BA
85d20b42-6f29-47fb-9690-42c1683e05aa,EO
9f2f95fd-5390-4ae2-b9c8-2c448f1117b4,LY
291c36b8-8baf-4ba2-999e-9d62ba34d566,MY
11262565-a9eb-4db5-9d70-c5652ff0c9ec,EO
7346870f-8b13-4b69-8e34-ee86e2f8e142,LY
5067c547-d0b5-490d-8211-ed34c6f22533,EO
48ae601e-1b28-4658-8349-908fcb1a5c56,BA
93edb156-95ef-42eb-a7ed-75ee7329620e,MY
7b22a1c1-9112-408e-b3d7-ccde3f272ee0,VLY
6d2c7933-341d-4890-ad2c-d8e18763e5b9,SNE
d6384511-8c91-4501-8c77-f3dfc365b5f3,EO
93c16a24-35fc-4ad5-b185-9bb392e02243,BA
e3b0dc3d-fcee-468b-9bae-d832b4c0de98,BA
d67127c2-55af-44fb-abb0-49d9ef471dee,LY
48b945e1-6d89-44a4-ae56-cb014cd4d0a3,MO
94771cb5-0834-4cf8-83a2-4964b8090422,LY
7dc6f89c-6de3-4ec7-a07e-c9f97f28b5eb,LY
021f219c-6694-4ccd-a0b7-a50942a874dc,SNE
aff21126-768d-42d1-b457-ae126459230d,LY
5810c426-d58d-474d-8870-6071c0a5f410,LY
145570ec-3883-4c60-a7a0-cb1c396ca21c,SNE
10283229-1f50-4852-bf08-d251a49422d1,VLY
cb66c6fd-cb06-4cc6-8939-3aafe23605e2,SNE
4aa5d106-e4a2-4a69-ab3d-dc8d1b6a7a9b,LY
04f116d6-f84b-421a-85d2-dcef99a54b5f,SNE
762d83fe-6fbe-4adb-90c5-da2c34f8a39a,MY
7f8ed7c7-cc50-4f7c-80ac-e2b4e8b0dd0a,EO
6a0fff6d-0540-4f72-8c58-3d48b28eb7b9,EO
998e9bcd-eb15-4169-a1fa-f2962b980093,EO
69e294ca-e6c3-47ce-b548-a188ce803e26,SNE
c51e8443-4ff6-40d2-99dc-5c19ecb1b33c,BA
ef4939e3-41bf-46f6-a28e-953ff2939fc6,SNE
8ac41986-b829-4b18-a14b-f9e59c0f856b,MMY
afc69c75-7407-4610-9dd5-1b4e59cd4b6a,MO
3db18baf-a7b9-4dce-bdb0-1b78ca37d5ff,SNE
998d8c32-2e54-45cc-aad2-dbe2eb994c2f,MY
0651b02a-0b4b-4141-be56-7481ede2dc7a,EO
c6b639f0-ebc7-42b8-8910-6653f0a5bb48,MY
2fe2801d-d03b-4d20-a37a-d9720ede6592,LY
9b747640-942b-4cfa-a1db-1a496069c2e6,BA
90c955c0-fa28-4023-ab4b-c306c5c598e1,EO
525ed161-281b-4fd4-b54a-3886e188a51c,BA
72232bf0-c35f-4546-8c3d-cffcb1a01124,LY
fe653bb4-3a3e-48ff-8c6d-9db80865eb6c,LY
f88f129e-27ce-4182-baac-80c599bc6b82,EO
9c4fe3fb-773d-4c34-b9a2-6a06a95599ed,SNE
31596c6e-04da-427b-a845-b48eb70fa693,EO
9ac00669-0daf-4004-b4ce-e387f231edc6,MY
b4af849f-ae23-4d6e-8565-524ba23ca582,SNE
f5486233-dc41-47cc-a703-36ed8ff1089c,LY
825eae07-8e2e-4b41-9f05-f624a4646df5,SNE
37da4700-a9b0-4207-9589-2ee16c0e7765,EO
6f1bc1fd-8424-48d7-8452-da66aa87c721,SNE
a6f70d5e-da67-490a-bf17-5baf0fffc346,LY
1a3694d9-0009-4dc5-be6e-2683ab5d49f6,SNE
91b28246-f4fc-4e7a-b7b6-be51fc055259,MY
c03950cb-54f9-4929-b33e-862f739c3e3e,EO
cff7ef1f-afab-4994-bb54-02a2f5cbf069,SNE
59256aee-46b8-48bd-b41e-8d68c9454064,EO
a827dca1-4e92-411e-8c07-2d08747d3a07,EO
dcdabd1c-2468-4716-a780-f23a0ba6ae01,BA
08412cc8-bcaf-467d-9ba1-1036b273cda5,MO
6fdf3ffd-ac5c-470e-b580-b2c3595d6d73,BA
625ca0b3-559b-4992-97b5-1ea90a0ef134,LY
c92a27ee-3665-4e3a-adb3-f7da5111adf1,MY
0e65dfd6-5b2e-4e4d-a848-ccec00b3ebf9,LY
b7f77a4c-938e-4717-8ff9-6412d038793c,SNE
717c8287-31ac-44f5-9155-2f0fbc90e64e,LY
aab1ab3d-00d0-4dc2-9530-cdc7fea617a4,EO
3ce734db-67d9-4a05-8385-828c22e3879c,SNE
5b287638-392e-41b9-80ba-923717f2ab53,SNE
21da327f-a804-43ee-9a66-1fbf6877d9eb,BA
cc98dcd5-0552-468b-bc68-da8365514a94,MO
65f1804e-32fa-48fe-a4a3-0b62c308a945,SNE
9c561694-cc50-4ffd-8490-383191e449c0,EO
6ad31b69-87d0-42eb-8d53-bed5e76c0c59,EO
27181696-812f-4e2c-9492-de6d2f28e515,BA
5900d488-768e-4076-980c-6f04f1199cee,LY
c95c6fc9-f4f1-44c1-af6f-b02f17dd1a75,SNE
bf9fdc83-107d-48e8-bdbe-f48b2046fdc1,EO
09375d52-33bf-4b3c-858c-646de71c6ec6,BA
15700e96-faa6-439e-ad64-47884ceb6008,LY
c7454242-4ce6-4b8a-a359-7c413bf15c0b,MY
78d1204e-0638-4e52-bfda-0c086a38f0a4,EO
989a50dc-07de-47eb-872f-933f9fafff06,MO
db7b8504-8d71-45ef-81d9-c44679fa92d3,LY
7217b2f0-4cf9-4042-810f-c5868535f62f,MY
24a566fd-c58d-49ad-a5a2-f9b73cc08c07,SNE
fd9939b3-97ec-4dbc-b3c9-2b559fa90eb1,EO
1e0de06f-f947-4475-851d-c94a509d7b82,SNE
a2e417f6-6753-42ff-846a-3685975e9ea0,MO
46b94165-f4a7-4385-8831-413322187949,SNE
ebd9e358-9875-46df-998c-32209ec14ec9,SNE
d5737f86-df9d-479f-86bd-9b332aae2bb8,SNE
0c349868-9ac0-42fe-bd6a-5170288b282a,MO
9ba692b6-6578-4d29-b45f-9a8a26360512,SNE
31158d9b-8301-4947-9f78-ba9b88e6138e,LY
7f695984-99f7-478d-837e-a325730a02db,EO
ec6a440a-25a4-4956-ae05-47550f2d42cd,LY
c5f28b62-e8b2-4bcb-82f4-479b53fa047a,SNE
70e85798-7585-4d07-83c8-28a1d479b4ed,SNE
7a96fcac-3971-48ec-9859-a9cb7a53ea25,SNE
1a237de6-e34a-4ccc-8c4a-e689aedc890f,SNE
1a0c755e-b2c1-484a-a3af-65ddf7bed207,LY
904e7c70-70bc-45f3-a20d-25b384f47d9c,BA
88e80955-e6dd-4dce-af10-0edbe8d45ff1,SNE
1140c2f2-3659-4ed3-8888-0961016d42f7,LY
a0613111-015e-4c2a-b850-ab68dd0da78d,SNE
7b572575-3cca-45e3-9cac-61b2efec7c5f,LY
77c4913e-0724-42d6-90cf-979bbe1c2436,LY
8e95fe84-351b-4ad8-8cdf-3b6b6428713c,BA
d56ddd1a-379c-4312-895f-0f7176800cea,SNE
3646afef-cd3e-4799-a269-a026f75d8b72,LY
fded87d2-b396-49ba-b1e3-2298c743db2b,MMY
8b8e28b4-f418-405e-9363-a841e7db9d3b,SNE
75ad2609-7992-44f4-a769-8c08765307db,EO
13199d2c-1b9e-44cc-a10e-b3553b4d1003,LY
35f89881-31eb-4164-b566-223af94b0a03,LY
5a7f31b0-c4ca-4e23-8541-244186ff7224,SNE
3a2ed8a4-6a6e-4c9d-acbc-5c63ca5cffae,SNE
90dd0d7d-6887-4322-87fc-c3594a7b0924,BA
f78ab31f-83aa-4678-8577-0d9fcef3614b,MMY
26694b19-590e-4c93-84df-a74ccae54fe6,EO
ccd1f7cd-cf78-494c-b9a8-99aa8f5c1187,LY
f6318517-7ccb-4288-8d7e-e109ff77d2e0,MY
c657d263-37aa-4271-87e4-10a956155b30,MY
9e54aab5-aa7d-4cb7-be58-c5be8aa7db97,LY
57152238-8b5a-4b97-9780-d92a0b145170,LY
04934492-bc0a-466e-98ba-ec4b33bcab10,LY
b3d93b59-9945-4562-baae-b886789cc0e8,LY
6e698e85-b492-4c7f-8b1b-2f845a201af2,SNE
9a127031-16e2-4560-928b-a5e0b98f8413,MO
262c73a4-16c8-4d6d-9a94-9e566793450f,SNE
68d67979-fef9-40f2-8c9b-6e5245e3d21b,EO
d2276eca-b177-4c69-95f7-6e43777be382,BA
e9d22e76-7752-46e9-8945-6a95c263983c,BA
65ae8a1e-90d8-41f4-867a-e0aecc7334ea,MY
f8a2ad9c-80c6-4cef-8cf5-9d2418f9b4fd,SNE
57d27e66-7948-4d41-b59a-4737d329433e,LY
c806efa1-5cc8-4b0f-b486-8cc293158b0f,MY
aa019350-8cd8-454a-b5cb-2f6be8af12d0,LY
eeba8fec-b425-4e00-a0d7-40798e860428,SNE
49613838-bea9-4ad6-b279-eae5be594510,SNE
8dfd0ebf-150c-4b91-a140-6c9067c54d78,LY
14e39121-eafe-4ce1-bf78-6710c0d3fa20,EO
22738088-9c8d-46fb-a3ac-98ad0071dd2a,SNE
ae6f82d9-5e9c-42e6-af6e-33042c53834b,EO
49feb705-6716-45c3-a8d5-0baadd82bf82,MO
3a03423c-da12-42a0-b07c-35f0937758d6,LY
ccc49e5f-b9a5-418d-b162-6711b90e26bb,LY
29ed9be5-ccbc-45cb-b252-364ff5a21427,MO
124269a2-3a74-4883-92f9-383a0c8d69b1,SNE
da57adb2-6101-4133-8700-7dbe91d019a4,MO
19c73077-9119-4b37-812e-34dbc0cccfba,LY
2b829540-a34f-4799-b6c0-c7312128cde0,EO
2a918738-3796-42fb-938a-0e08ce5b3c95,SNE
91885c82-daae-4d2a-a6ef-710a21b5a782,LY
7af97f7f-b9bd-44dc-be07-1cd654975bd9,EO
a0ac5713-dd2e-49da-99cc-03709c83e719,SNE
e060119a-55c8-405c-95c3-3aae871b2a20,SNE
041db462-edd6-4d5f-8b0f-a28db2348b2f,MO
6df9f295-310a-44cb-a3a2-1fdeaef526be,LY
b6410b9f-7dc3-4757-9314-e193fe9308f0,LY
23f78a2c-676a-4a5b-bb14-3ce7143924df,SNE
53045c8d-2ace-43e1-822a-33cd15ba69e1,EO
8cfde1ce-9105-4406-bb6c-bb18cce1bbcf,BA
668da358-d1da-4558-a6f8-e4c425e258b1,SNE
326c4a1c-881b-4294-953e-e133bb476c10,SNE
93a42928-44f4-4314-81ce-a4ba16b1eeb8,SNE
287f8145-30d2-4ae2-888e-ffcae17c58ac,BA
da8d1a25-4043-48bd-9df0-4bd8f8c5899b,SNE
8253d004-4f8d-4846-b84c-0482e82c679f,MO
27fcd33b-f4b1-4973-992c-34de58dae5ea,LY
6ddebd03-20f3-48c8-9841-1a46187423af,SNE
dcfcdc97-310d-47c5-8c32-c2c9890cad74,LY
260593f9-848c-4e2d-a218-944d882fcd9c,EO
838cb366-dcf3-4623-92a6-bb03f17c2698,LY
3ca32f22-2d96-4da4-ae54-0b2606d7740d,SNE
fccfcc40-f74d-4a61-9ff6-030ad55695b6,BA
d98a2468-f7b2-4d9d-a986-e0875afa61bd,SNE
d46e8631-7328-4740-a0c5-7de1e3ab85b9,SNE
e22b87bc-3a7b-455b-9bbb-7581dc0c20f8,LY
41c11b3d-a3d1-49f9-a245-58dbb295026d,LY
9ebfc1f2-aa80-465f-8d2f-844a55c21f0f,EO
a0c3907b-8165-4249-b1ab-5d672929d399,EO
42b3bb2d-a175-4a2b-babb-126ef7016335,SNE
04b6dcdb-15fa-4746-92fe-d978e92ea455,SNE
86afa736-c663-4fb9-bec8-6bc20d1b3509,SNE
ff4031f8-e5f8-4c9f-9882-afd1f7aedbfe,SNE
507c65f7-2f2b-4843-b90e-571dde7115bb,LY
51f312b7-8df0-4b52-8108-8807123f49d6,BA
64a6727b-8d85-4a0e-b187-370aaf2b4658,EO
62867479-e07d-48f7-8548-e7777458c557,LY
b420c5ba-2d20-45e2-87fa-3da2b500d97a,BA
abf7436f-7525-4240-97e3-2881c925de9f,SNE
63dca63f-5fc5-4764-9016-8f6e2564dddf,SNE
908d7a64-d80e-4308-8dc9-a17ef51514e6,SNE
ba2f71c1-8d7b-41e7-af35-207d4b916b26,SNE
09f9b276-8134-488d-a951-952709641d27,LY
a16671ba-e4c2-4def-92e0-de7a97e712bd,EO
02e73a82-5823-4005-83d3-e9418633ec62,MMY
12e61ae1-aa92-454a-b7eb-d9c8659d617b,EO
9a67e81a-8563-44a4-816b-2ba9b247547d,SNE
6caaa7bf-da25-46bc-97b8-349f31bd14cf,LY
dfb777d9-ef44-4928-b31e-f02ff9e9dfbb,SNE
b3042812-9e88-4a76-b152-a15b2146a941,MY
6316a527-8474-49fa-801b-24e2d9dac92c,BA
dc713751-90af-417b-a85c-295423db592d,LY
d30d9e84-3dd9-4b6b-a78b-a96ef9633929,LY
71125997-45e5-4d82-b848-71a2ec3011d0,LY
2e5d1247-44ea-4659-a1e4-33733fa350d8,EO
a1e3c908-3081-439f-aaea-050cf017cf1e,EO
84240092-a9d0-449c-b74e-170a6212f442,MO
1bb3d94c-2bde-4d28-9861-c77012cb443e,SNE
cabb35ec-e1f2-4678-b261-b6a6e71ee32d,EO
35a95dc0-f929-4293-b101-02edcd02c1bd,LY
2e1a5da0-f876-467f-8e12-1ce2c640d2d6,SNE
cea30d4e-9131-4806-bb2b-fcd488164152,SNE
abe33c13-ebc0-464a-8ff6-8bd24dbed6a2,SNE
8565ef3d-3741-4f7e-aa73-c0c05ff47a1c,MO
2bbeab2b-db43-4d99-9327-b7e7bfc51995,SNE
3f9dd7b1-319b-4f9d-9185-fedd06672db8,SNE
c312321c-915e-48f9-a446-0936e5080749,SNE
68b30712-e040-4385-8d59-9e02dbb8449d,LY
44fafd20-19d4-4d77-95a7-e5980aafa358,BA
58782e13-b5a5-498e-863c-2cba5d89aa70,EO
d5cc140a-313f-45ba-96da-1dd0e075b380,SNE
cccfc5d4-285b-42fe-b896-4c7af1210baa,BA
84ceba13-ec95-4973-96e6-ad21604d3a90,EO
0259e890-0373-4065-ae82-b345d73545a5,LY
ce6ab55e-f88d-4fca-b6be-dd0fb89cfd59,MMY
4e39eb6b-6633-4a7f-b70b-310613c532f5,SNE
901b2309-3c99-42f4-bb9e-511f9ee869a4,BA
32c35e5c-849a-4caf-aa8d-acd75714d5f6,LY
4df1a27c-ed66-4d45-b3cf-ba4153bc4664,SNE
18ffe135-d79c-4e41-9f80-f379d987e827,LY
1b364618-c230-422b-a0bc-43187fe76f05,SNE
ed4fd5f9-2ef4-403e-aad8-a717c8beed05,MMY
884c9a1a-34ce-4fa2-94be-3729a0841e97,SNE
dd2b1054-1e1a-4af6-bc49-acd281788c3a,SNE
7af12eef-4c6b-4502-8393-da4310310032,SNE
ca41d099-9ba6-4dd3-a4ba-bba4f518f407,LY
de3946ae-a87f-4872-810d-b384b94df17d,SNE
3b1ff0b5-c410-4114-8d6f-bd5ff93755ce,SNE
09575f42-5d94-4b2a-8221-893288f601d2,EO
f0410d66-62f7-4688-a1e4-2aab04a670bf,EO
cae0e4bc-d9fc-477e-8566-4f2f15dc608a,SNE
99e13201-e26a-45c1-a857-5a0ba4e37982,EO
18182f55-4725-4901-81fc-b667ed2431cd,EO
13f73337-0d5d-4c33-9e82-9843e25a5781,EO
94e42eb5-ae5c-40fd-8660-eaf1a23af6b8,LY
c07f1fec-12ee-4ea0-b529-10f5e5e68a15,SNE
c9a816f4-2e99-4fc4-af69-2aff038cecb9,EO
7a83bd06-1053-48ad-9771-de3823dde94f,BA
b44d9258-d920-475e-8beb-04dd52d71f47,LY
b0ef90ee-f0ac-4618-b226-c5b9c2358bb4,EO
61b18593-a732-48d8-8360-36e3e8650033,BA
4dac1199-ecb6-4b49-ad4f-c189b4d1afa1,SNE
10047d98-91ec-4c3c-87f9-d113eabc584f,LY
7357641a-c6af-4b42-8722-87a8b196c30f,MY
a8121aed-f6c5-4e9b-a0b0-1b38799180c2,VLY
0ade53fa-6b7d-4052-94ed-2b4209df691b,LY
e1b2fe93-c3a1-4622-99d6-daec91cca1d1,BA
48e1a676-e1cf-4b7c-a4f9-e813d8c9e060,SNE
0e42d743-9fa0-49a6-9f9d-3defa379ad2e,MY
d37fdae9-a677-42b6-b172-96f6745b22bf,BA
fbb46983-24c6-4405-8cbc-b501b5625413,SNE
e7a983ce-b04e-43e8-a8e0-db45247684d1,SNE
c668e0c8-7bea-4a42-93c8-6e0a3b11a812,LY
0a95df23-193a-4881-9bd0-b6f41b35b991,MY
7df19eb1-7703-4706-a5bd-88484fa7bc34,EO
49029456-b550-4c01-a020-bc2fc47c7d3f,SNE
7ea7891e-86f9-42a5-91cf-54a8d6997afb,SNE
7194eb55-d5dd-4498-bc8e-e277cfec0bc7,SNE
ae1363e5-2fda-4d5c-8ef2-f71a5bb273b7,EO
ec75a7e2-57d2-4ca5-a764-f4b7ef76b5c0,MO
b160311d-8146-47ee-8242-76663d6128c8,SNE
a97e6ca3-ea92-4165-8459-294c3400aae1,LY
a17b39e4-68fb-43a1-86c6-3ff1ece17614,SNE
bf8fcc3d-b52a-4956-8387-777829982f2c,EO
e8791558-9ed9-4d33-8f60-3639d6ce0fa0,MO
1887a533-354b-4c12-9b94-18380a033f57,BA
d5d66771-74f9-44db-b22e-77275cf161eb,LY
2cb44ad1-76c6-407b-b279-ca027f3697ac,EO
e3a6a34d-a334-48d3-a83e-c02ef43eeb7e,LY
3e271041-2097-48eb-9ece-e1858fbc0f2d,MY
aa55f3cc-06ea-48a3-8549-02631a58a5b9,EO
8bc46878-2876-4b8b-82d9-83c820ed5ae4,LY
47909f5e-e9b7-4f57-9b4d-0f3d52a4785c,SNE
b6ad04ab-0970-4728-956e-250e9d9ca14e,EO
f19861fd-f99c-491e-a674-7625e772c919,LY
0a4090b7-a53f-4145-a4b2-e52250ba41ed,MO
a86b112e-aa96-4d85-90e7-cc02cbd2db1f,MMY
0d67c6d6-944a-45a1-87a8-62d6ff5ea113,BNE
1fd9ebe0-6466-4d99-865f-5045aabb0af9,SNE
17293f74-37f2-4116-82de-3ad6bff2e1b7,LY
b974fdb1-6836-4cb6-ab96-26966921b6e5,LY
dc1f1d95-c61f-4441-9697-0d45cbb9d966,LY
8fd981f9-2811-4775-82ba-72e5f1fffbb0,EO
4f9b0f10-fad5-43cb-99ec-eb6c679c1e06,LY
0957f7b5-19c3-451c-a347-3bb65458ab3f,EO
7db844e2-2dfe-40e9-94df-f32217036314,SNE
6987509a-d789-4a57-a2f8-21783f9ad680,BA
a496fe58-9a18-4235-a3fc-67ea11fcfbda,EO
df215d07-cf9b-40bc-8689-0d6c67b68229,MY
c2fd6e2e-28da-4b36-a3c8-3d6090cb2e0e,SNE
cd29c3d9-b107-4db7-a466-ae8bf191ef71,MY
5d86a651-795e-4101-879d-ed66a33012cd,SNE
4c717195-5767-4124-bf0b-e7fb664fd14c,LY
789f118c-03f5-408b-b07f-8996cd5f9d84,BA
bd0a5d38-5b91-4c66-ad72-718453afef9d,LY
44d39e30-cd1f-482d-a8a0-d2efc93074fc,MMY
b6e0bbfe-4cb7-4f60-af90-aad1be14966a,EO
ca97450d-1d18-46b1-a1ea-abfc64859b82,SNE
c09b8cb9-d853-4916-8d86-a2998d7309c2,SNE
994e36c9-4feb-4247-9180-a629a6a32577,EO
0eeeda63-bac6-44f1-83af-d98eabcee8f7,LY
0599c53a-f6cb-48f4-af05-3c77ab2aee2f,EO
368f7aef-ce65-4f05-b2a1-f465f310644f,LY
8b661464-30c9-4236-aafa-2abb58efca94,SNE
26919f57-5b9b-48be-be3c-9099edb73859,BA
99c3d149-0790-4b76-849a-355af3c5ef65,SNE
140f6c78-444c-4626-addf-4c1c0addeb84,SNE
e37d6762-582e-480d-b5c5-dffdc450636e,MY
41dfca57-8fec-41b0-b47d-84e10dbf44c6,BA
a6ecf5b6-804c-4e60-8820-c8a119d36f91,EO
ef903ac3-d9dd-4ead-9046-84b63ca86425,LY
b51a1bbb-3c07-4eeb-a613-d44368b9c5eb,LY
755f0a96-9ca6-48a9-9a82-c188124ddb3e,LY
97f905f1-d0c5-47fb-9a61-d2ba0a1b4a1d,SNE
d9ce8555-2745-4e25-b676-1c5f4e614f5c,LY
cd818a29-4bb4-4819-9da6-3cddfdf94156,EO
9130593d-0178-4208-8c36-32d6710298b0,SNE
1e472582-0d2c-4c7c-9da9-4576a95f9462,LY
746e2902-0d5b-4681-be98-99ebdc507424,SNE
461048bf-90ee-4291-b451-730cf574e9fb,LY
411baaca-13a0-4e49-aab4-07bb491a2dd8,MY
a025b8a8-9035-4b96-a57f-45ed1f14d1c5,BA
edc15789-4050-4174-a137-516446eb9b7c,SNE
cd3e8ceb-b4c0-4439-a16e-3e58f2c86a00,SNE
50826382-e4dc-498b-b219-84a8ff4a5911,SNE
7d36ad55-52fd-482f-9baa-fcbef1112e30,BA
addefc23-94ba-4e7e-9c27-b51574c2ced6,LY
7f2a8a75-9dbe-4ddc-b4b1-74e89887a8e1,EO
7b25ea05-4ab7-45a6-b812-f1e143b85d0f,EO
83c37d43-c230-48af-ad2b-1c349c596ce1,SNE
b8a77af8-bf02-41b9-b149-cacf12f1ebb8,SNE
f872aef7-d541-4ac4-b084-618616aa573a,EO
cdbbd1a6-498b-473d-96b9-a00c9e966d6e,LY
e790e001-fed9-449a-b0ac-aa1aabc00271,LY
9ce29caa-f61f-4565-b6d4-da61de175b2b,MY
dcf300ee-43a7-4f74-a3cf-d333f4fdac5c,SNE
15ecb8b9-98ae-40f8-871b-1b0d8f0d9bb5,LY
73389ce2-91df-4a00-aa4b-d15c9ec3f95a,SNE
de1efc9c-a205-4ef7-a30e-28e68139e8b7,SNE
f66cec85-f5a4-4eee-b4eb-a7091eac7ef0,EO
94216626-b4be-4d8b-970b-2abcbb47d5c6,LY
531c52c4-80cd-45bd-b7bb-0a6941459678,LY
047c5687-07aa-48a3-a1f6-e16477df8e4f,SNE
d113f12d-3f11-46b0-bd25-df8c2011eb04,EO
e42a8bac-2735-4735-bbd2-d7e0a8045044,LY
a1c920c0-6c5c-47b5-aa23-f6167b19481c,MMY
2f4fc64c-d678-4eae-8727-ac9cfbc63b1f,MY
0542770f-1d1c-47d5-8f4b-250aa7f35732,SNE
b6d6cbac-133a-43b9-9bbe-95efcfeeb740,MMY
03122318-79a1-450e-b6ef-421ce8eae8d5,LY
6235e097-a68a-4d8d-babf-52fb6a7e9ba4,EO
b31d8bfd-7e68-43be-af13-7a8e3e7f6fba,MO
67744d94-65fb-4121-ac74-b21e1f0a856c,BA
cca6dc40-6b4f-41db-9713-585c159c3ef2,EO
12d06177-5738-4e1f-98fb-1171b2793942,SNE
ab6d61fa-25fb-4b8d-af79-db1263f505c6,BA
4207b9b7-fa12-4ae5-952e-5cd5e4c572e0,MO
159190b4-5c8f-44ee-8791-ebb09621008d,EO
b1813cf8-6736-4840-b903-8afb020855af,EO
1a533785-f14c-4bf1-ab6b-aecf05605747,SNE
d170acfe-c0aa-45be-a9ad-bc571a084e74,SNE
37483256-fee7-4ab4-ad8a-2dd0503189db,SNE
64ccc78e-a7b6-4e25-a711-c0bea95252d0,MO
85f889bf-0fd9-43f6-831d-f9cb20e2fe67,SNE
edd45c32-e206-4e58-b4ad-b66a92e3bf3c,MY
b31b0830-9203-44ca-8df5-69c192b93a4c,MO
7a448484-029e-44a9-beaf-f07d2941bf44,SNE
d14e5aad-92a5-4648-a6ba-fed17d296902,SNE
e5b92b5b-2be8-4dc9-99f5-e2e2cc72d91d,EO
790c56f4-8ceb-4ce6-8ff5-0735f04db761,LY
393564d5-9b81-4988-975d-bc0ed0b3ba9e,EO
ef67181d-6381-4ce8-8722-775e5a2f7a4d,LY
3ce80a39-ebab-4653-81a8-2efea1c38f48,SNE
5f2c2140-ac56-4c65-82ed-071ced517f74,BA
459ae56e-c52d-44ee-a9d3-a061c54ce37b,LY
31505092-772f-47c4-86ad-836a835073fe,LY
acb1430a-2b0c-4779-aaba-5acb89b83136,MY
c327fdf1-8e98-420a-ae21-5467baa78a48,VLY
c2e60148-6c38-496e-b252-e759f63c9beb,SNE
1bd02061-ce5f-46ba-ad49-5772c4e36f6b,MY
4cc5840c-ae28-48f9-b6b2-2a02ebca56a5,SNE
ba33f8e0-c917-4292-b94a-e0e38e91a52c,EO
55459bdf-b722-4904-a83b-7313c928a32d,LY
4e3744d4-d1e0-4a6a-9b52-a95d8f1cd48e,BNE
ae818062-a8af-49f6-a7d9-0273af411bf4,SNE
0ec7ec2f-3267-4105-a755-47d778464593,LY
f5535827-f38a-48a0-866c-31bf19626d64,MY
4af72c2b-1dc4-4292-aa37-411b4fce5b3f,EO
e11afaed-f375-4013-8e16-7485cebf0179,LY
1f6009ba-d829-49ab-88c3-71800c4a8257,EO
49a35893-6ec2-498d-9f4b-24acc5459bc4,SNE
2aa15997-8ca4-4d8c-a0cd-c38b74dea88f,MO
2ad0b278-cfb1-4e8b-b468-e5c365d55f47,LY
5fd04c23-63ae-4737-b57e-de80104abda0,SNE
f8a89ac9-06a3-4354-a06e-122c0193bbbb,SNE
e904ef03-a48b-4e43-b6aa-eba72a6f30e9,LY
e46fb227-76fc-4585-b628-37f20c0f9fc9,SNE
7b75a642-d719-4ada-988e-112887657a22,SNE
471834ea-715a-46c5-bcb9-2831c1e5c261,SNE
492a7f92-358a-4f91-bf2f-e97773ba0ae8,BA
ea5716f8-23cd-4ee9-9119-a54368f40e80,EO
4da65f1b-ce62-4bbb-9527-071af8e87366,LY
1a5c17d2-d5c1-4372-bb3c-fdf8fdd925e8,EO
8ec06e4c-c3f2-49e6-8812-69e9900a3863,SNE
c309b873-522c-480c-a782-d65b1efb6011,SNE
8489f3cf-1645-4053-9fa4-4441dc65806a,LY
4e9700c7-5200-4fa5-888a-f6b8c80c7de7,MY
f36a71b0-8dc8-48a7-afea-e1a08672690a,BNE
71ed38d8-9bf4-4adf-bfa1-38ac1c11baf7,SNE
0b2654a3-728b-4a24-a59e-c17023415d2e,SNE
d495de6d-b9eb-48ba-9ecf-de2b518b5fee,BA
5d8c3e50-e8f6-481e-ba14-895038ae97f5,SNE
cfa068bf-aa38-4bf3-a45f-9d7520e19a00,EO
2d31146a-95c2-451c-ad52-56038ce2c27e,MO
ccd86387-c988-4ec3-b55e-017aae3ecd9b,BA
8f43956a-38d1-4a25-927a-0af04559dfd3,LY
133fd99c-7c12-4791-bd53-097f32ca5689,SNE
40cf3773-dd35-4c9e-9589-fd6d46e0d65d,SNE
0e12a4c1-75b1-4a10-9731-9da0a8c19462,BA
d63ccf6a-2c66-46be-b634-28c882f3681c,SNE
5f94fa1a-0d50-48b1-a179-357ccd4f2fc1,EO
d2a4a92a-06d1-45a9-adfe-c2a1b9e45b8d,MY
3ae39be7-37f7-4d62-90da-73f2200b2fd4,SNE
e78af8d4-68d0-4918-9a40-d2df6d03090d,SNE
00087247-1ddc-4e0a-a326-a7557ddd79f9,MO
26aaa12f-4d2b-46f5-bfa0-3fe0b2022091,LY
80e03757-5f62-4591-9a99-f09f6c890538,MY
260e8893-5b4b-471b-a6c2-0559ce394d6b,LY
702564a0-63ea-4af7-9b56-31c7ac03d8c6,SNE
0e55df79-9772-489f-894c-96e9bdb52793,EO
3e80ccee-6a50-4749-917d-5bd62ce2f1d3,SNE
87380ecd-b547-4f94-b917-fa18b8250599,SNE
146fd62d-78ad-46b5-a8f2-ec103c1adf7c,LY
63ec2376-bd49-4e36-b8e8-2fe5dafe1ce9,EO
e266e0cf-b6b0-48b1-afa4-197af20f25dc,SNE
7ba949c0-61e5-4b33-8f46-de5b07e4da10,LY
098484b9-9f32-412e-99d5-f772cdd782db,VLY
88bff258-ab27-4c81-a50f-8a2dddbd9a42,EO
7eca73b3-9da5-4e05-9f3f-b07bd402a3f2,EO
51084dad-3630-49d6-a0db-3a42faeac3c2,EO
c52eafe4-b810-4d78-a621-329b88d075c8,SNE
a7bf1782-476d-47bf-a474-74aff8c6468e,SNE
159389ef-c3c0-4c85-a7f1-6441baed5c4c,EO
421a7169-bd04-4088-99b5-75d3257d47b0,MMY
3ab53fa6-41cd-48f3-8289-ba758c4e94b8,LY
4eb2d8a5-48fc-490b-83d2-b97f64de404f,MY
6b6f7965-0a8d-4cd3-be18-5cc20a8a4176,EO
d35451f1-cdde-4569-b238-c5365e7b88f3,EO
357d2ca2-bb82-49ee-b5c1-7d8e9e46ce89,MY
79652bec-08c7-4164-8f06-97a3e0376213,LY
7539f780-80e8-4573-b98e-3b6d9198bda8,SNE
4cc65060-d41e-465d-bb65-b61e7758bc0a,MY
42f044ec-1d93-409d-942d-358cfe4c1d69,PMY
ed73e6a8-7d26-4e28-a881-2871f6358698,LY
31602184-5573-4078-9ed7-8c1d9b2320b6,SNE
7aae0c44-e113-42bb-9f6a-e1b964432211,EO
7ec8f030-ffb9-43af-82c8-0628f3043226,LY
89cbefe3-fdce-41fc-b00b-bfc16fd2206e,MO
7d8c87a2-6e0e-4aec-8333-e67049167d7d,BA
537daafc-3e0f-44ff-82ff-b478a4548334,EO
edf3fc3c-c030-4d07-a4b2-21957492ef9e,SNE
22fd6dbc-a35d-4fe3-8da1-842d20b9a82c,EO
67360913-7967-445a-aebd-0f368a93ab92,LY
6ecb7fcb-b19d-496a-aa16-8cc445f2270d,SNE
9a377637-9121-458e-b71d-7462d1bc1a37,BA
b067c0e5-d087-4161-b3c7-4f336a54316c,LY
4935f4e3-ac1f-4140-9609-2805f3f50b2a,SNE
d6f75a1b-8c78-4d7a-bbe5-6736e20125bd,MO
e4b3e670-aeca-41fd-984e-a2463c85b534,SNE
ed5799d6-79d6-45eb-9c60-de4e78d050ad,EO
6b6000a9-3b15-4d6e-a9e8-0b722ad16dec,SNE
590d1a3c-3366-4657-af13-b91cb19f2265,MY
fe107ffb-0e9c-4031-a058-3b244560cc8d,LY
6a98e688-d41e-4121-928f-7cb6bfeb666b,LY
7e0d04a6-088d-43a8-9f85-b55f16941367,MO
9d30b228-4b55-4143-b4aa-770d510fd553,SNE
46f8c646-a095-48b9-9852-794c4fa62df0,LY
257760da-9b17-48b7-8daa-deafbf6ee55b,SNE
7cdc4053-be21-47ec-bb9c-ce88ef92007a,SNE
b9505341-983c-4799-b508-2b5ed1a434ee,SNE
3a3a9162-2b27-4067-b368-fe2b9ed80e04,VLY
93065f6a-c6d5-4539-8e5f-0019a54b89d6,LY
a4c19f8d-726c-425e-a409-6cf15039d7a3,EO
3f036869-3a5c-4136-a214-825608fc1365,LY
c126557c-5009-422c-acf3-edd71b802a97,LY
0a8f2214-bf7b-4c8f-b57d-7cca97f65b18,LY
3eafa092-5829-485f-83b6-7ded7ce8fdb6,SNE
bb46e15a-c293-4de0-81cd-7c54ad1f6f34,MY
2b121adf-8e72-45b6-b5ad-dd69ffcd7e0a,EO
60372377-697a-4f53-b627-84da6f184750,MY
6b72220e-0c79-410c-aa3f-3af8bf706438,SNE
2fadcbd4-1e88-44e9-b1f1-026d59bc6785,SNE
95d25975-90a5-430f-8688-8d4f00f264ee,SNE
8ab61360-f955-4f95-ab68-3fdb980a957e,LY
fea1c0c7-ed8e-4154-aa69-02b1c983b65a,SNE
38065e63-3285-4896-b2eb-5239733076ea,EO
5e22a7c2-3dee-4c14-b966-d78fe1ca6fc8,SNE
1029c1b8-3af9-42b5-a80e-16aba53b02d6,SNE
27722d31-0201-47b8-9c8b-506fca1da3e0,SNE
2615a181-3db1-4f76-a78d-2ab8f0e8e9ce,BA
fd87ce28-e760-41ac-b0c1-54752e723a55,BA
e55f24e3-c20c-4002-9656-7aae453b6f35,BL
615aa612-b07a-45fc-8eab-4955da8d9e41,SNE
8632652e-d8c6-44ee-a24b-f274938a1004,LY
1031cd29-8fd9-4048-8ce5-4359759a07f4,LY
f6f0797c-f975-4ea6-bd24-41913cd041c9,MY
2d982200-e4c9-4ed1-a860-aff01c0743e8,EO
63a9329e-f25e-449b-8155-905395df3d4e,BA
7c3a408c-f550-49aa-a3dd-9473228cd66c,SNE
5b0848f3-3309-484e-97eb-39bbd9ce9e77,SNE
93441226-18a7-4253-946b-74fb5bac19f8,SNE
fc1af10d-4c2c-4b72-a23d-d431731837cc,BA
259a43c9-cf53-4963-8f3f-8d86f6799fb4,EO
231beece-ec24-4736-8e62-b57979d77197,SNE
5b31c065-a5ea-4c2e-a6c7-41046b07b069,EO
4f83f38a-428d-43ea-8dc6-9e976bf7012a,SNE
4f53f416-a534-4d1d-ab8d-552066678b5d,SNE
1bfbcbd7-d59f-4d7d-a9fb-c1de5f21c691,SNE
dcbd3948-f444-4e8d-af8a-8b71cd95c099,LY
49cb255e-35a9-489c-a1bd-f379cfd839ef,LY
e2fca70a-f7f5-4045-a263-5c4dc45983fd,SNE
4a7269d5-eaa9-496c-b57e-e64721748600,EO
305f10b8-de28-4364-9bf2-551065d46014,SNE
3b3c7611-5e78-474d-b702-b8904d22c0ff,MO
a55fea14-7443-4882-959a-c58c52e0fd7c,BA
c80b4e0b-46e1-437a-81c9-4791058ddf01,SNE
c33100c8-6a94-4f63-bafa-421874489ffd,SNE
1a0876c7-51ad-4be4-b347-b73174df7dd4,MY
e33bbbbf-9cdc-48c2-b97a-f9ba9030dce5,SNE
b0b6cbdc-f350-4fac-94a5-5be6cd8058a4,EO
be84c10b-edf7-40e9-8d7a-6aa305b501cd,SNE
8f7804d9-bcf0-4e93-81b0-acf3cba1b3ec,SNE
e04ea088-0ba8-43b0-b7d5-fd521fdc71ec,BA
25ef8780-8c8e-4d8c-8c0c-98b8454d24ce,MY
15edcbf9-7867-47d3-8ac9-5f934dc3e963,LY
dd18d696-d77f-4c14-be3b-a5e67c4f7fc9,SNE
dc16a3d9-b1bd-4a72-b8a6-2d5cb86d1372,BA
ad1d2ae8-93f4-4794-8a21-c1cf219c2a54,LY
cf3b7625-7580-4a66-b0a1-64b726873383,EO
62f3d0c4-3bd8-41e5-a9cd-80f209b1e85e,MY
228c4074-98d4-4eda-81b1-d1fdd816842b,LY
903ed387-d45e-4ee6-9c80-11aeda1678ad,LY
0a030540-6648-42f4-8ca4-f8a3399ed75f,SNE
8fc26103-895f-4f97-b1e5-e508b33647af,EO
d3345521-5fe2-4608-be69-88d6f47a4e40,MY
ee353990-224f-411d-bb00-cecf03d02a95,SNE
a6c28894-e996-41b2-8a91-98a40bbd26c7,LY
ed31b322-fca1-412f-bc7a-877c9f3fd538,LY
027d5481-0f82-497b-b282-98217a192d11,SNE
84089ff4-61ff-4df4-ba57-e5b70977fd51,BA
95f3a63f-8db9-4d2e-9565-cd988a11798f,EO
a44a3879-f5bc-4a94-9f88-9954858d8f5d,EO
362c44e5-65d2-4abc-99c9-c96fee0714e4,EO
75296c63-fb2f-4bc9-b552-400a8669b333,BA
42f428c0-013c-4cbb-aace-d4dd666ae706,EO
1cc08d6c-2be8-4b4b-8a1b-98c84f635fca,LY
5fbb5a53-74d7-41e0-8ad5-da22065f309e,LY
95feedad-a8a7-4ca8-8e9b-596aa40cfc8b,SNE
08eb8aad-3c7f-4ae9-a126-8a81f8a65bd2,EO
708f329d-7587-4ea7-9c2f-298ec5908a3f,SNE
7f7b32d6-a570-46bb-8f88-16de2eec021b,LY
461083f5-6401-4ed6-b9ae-4bd87e7d804d,SNE
e63bae6b-31c7-4346-ba5e-67f9f73b75bc,LY
d77529c5-0ec5-4640-b64a-e75f196a4b32,SNE
8af99c65-43d3-41c1-b1ff-0709d13753b8,SNE
729ac90f-8907-47ef-80b9-a32e59e82d7c,LY
c211d8d9-298f-4b16-8d31-9e90411a2c91,MMY
0b9182b8-a9aa-4a34-803e-82e88341e8d6,LY
f7f37131-b481-4800-8bc7-79fab1400150,MO
7c4845af-a77f-419e-b34c-250cb7995717,SNE
47eaa884-e2b0-4aae-87b0-6d75e65c6457,BA
6f021649-e939-432a-8ec2-f8ccb111895e,MY
05c05f00-165f-40ec-8bad-70297255efb0,EO
ffa87802-01f9-43cc-8bfa-c1b1f5eeaa9a,SNE
8121470e-39ec-47c9-b218-c13f72acabbd,LY
7dd1c88d-7c29-4066-9f15-8a2fc3c3612d,MO
b720a5e4-aa68-47c9-bc87-62abd6bcaec2,EO
ba7548a4-7e19-4f22-bc70-b3b9d820e1e4,BA
0c61c22e-14ae-49df-a522-9dbd7ef76a14,EO
ae49df5e-2a80-4f85-b899-6fc798c4aee8,SNE
503a7232-8c5f-4ce0-91cc-1ad33ea9d20d,MO
6c4b1abb-6ca4-4b58-b3b5-40a22c975806,LY
2f0d2c33-341c-4bc1-be51-86c8f4391707,BA
36dc8dec-319b-4002-a8fa-60055d2f2fd1,LY
204a1e8b-7520-4b1a-a3aa-da5727400610,LY
2877c764-230f-4b1b-af58-e7e82a7c88fe,MY
69cf9ad0-d9a5-419a-80dc-b71c5f6ec5a0,LY
5045d313-b7c4-4e1c-b5c5-1d9379c2835a,LY
ac8cdd2d-67a8-4dd2-8c24-4f42b6da741a,SNE
f5145ea3-c56f-46ff-a218-41be732f49d6,MMY
eb64226b-7573-468b-8151-894b81e339b2,EO
52021f7b-fae7-4241-ad2e-f94b02fb7f02,EO
5fc07850-619a-4d61-88bb-109558d49a89,SNE
4225a106-6441-4ac8-9e41-6f68379af240,BA
d84fb966-85cf-4521-967c-ee5030b84e59,MO
32335cd4-6e5a-4b33-9136-ec3798a204b6,SNE
d4c2767a-fb1a-4374-ac1b-0c5a1e308ea8,SNE
4c6b5f8d-b759-432d-bc97-c2267134ed9b,EO
a169c2e5-84e8-4e74-8629-64e3609d5449,SNE
8aa8bdf2-c962-4c10-92dc-c97987b83ada,LY
368e4e5a-6ad5-4979-a485-c36c60802b6a,EO
9a2ebe9b-7ecc-49db-8412-b36c849d748c,SNE
53aaa390-78c5-4ab2-9910-74fa82a8ad3c,LY
a938a571-5b1b-43ce-b02b-e80e51f5e57c,BA
3f23ed0d-bb6b-47c8-9a69-d921af2177fe,LY
f6becc5e-c726-40da-bb9e-2a6b6fc85205,EO
6d2df8d2-a7ae-4258-9b29-9831dca72949,SNE
f6ea7920-03ae-46e3-ade3-c39b2d8a481a,SNE
683447a7-a32d-4cdc-b575-182837b1b298,SNE
74bac5a3-722f-48c0-85ac-f47d59dea6db,BA
e7b4fc11-d9c5-4595-ad84-1a9e1eff1566,SNE
99c3db24-2c06-4145-9f5d-90b72bbaf855,MMY
8ea69d20-fb3d-445f-9b37-65e1e0830919,LY
8c2f34a2-85e8-43b0-ac0b-bd971229c942,LY
c9acca5d-726a-4254-a264-9632fb329793,SNE
50bb82b9-3a5a-468f-bfc7-14a4f8099964,EO
c7b74ca0-b727-457e-ad78-54b4b5dfeacb,LY
1ff1ea25-766a-41ed-be1b-a67a7bdb0de0,EO
d0a71d8c-a7ba-416c-a29d-96a5531185b4,SNE
d8ecd36a-77a6-4fa0-9708-fde8afbfc432,LY
ceba524f-2ec3-48b6-ac34-3b3ae39bafc3,SNE
280c0b08-340d-4d9b-8541-897c79682aa1,SNE
35c7419e-df4b-4a13-9efc-8527363bdccb,SNE
1121ec85-9103-4ebd-bb51-72a8f1f37317,SNE
df826c72-8480-4098-9b11-4867f7ce104f,LY
0b5113b8-794f-4cb9-9590-5e1d85af077f,EO
d22e61a8-53ce-4bd1-9f4d-40ff7e93dde9,LY
ee64cf84-56d2-4d68-a95a-e56af363b83b,EO
a5343fe8-aa83-499e-a64c-35ce8113cfeb,SNE
a9ff98a4-c3b9-476d-807b-4502da37f6ec,SNE
e1555c01-bd4f-4f6d-ba4f-7be06fd8bc97,BA
096d15f0-6569-4190-b2e4-2b437e7a0f34,SNE
6f8e941f-4216-492e-af14-ba3ecbdfb962,EO
36164c3b-6fe7-423a-9121-ff8bbd891990,SNE
ad161d0d-d0c1-434e-bb93-ce2b0c343a24,LY
48a00ee5-c9c2-440c-86a5-c1890847025d,EO
e5eb9610-3b42-4cf1-ab3a-f58d116b1e17,BA
3118d2da-1455-4448-9c6e-bde099d5e2f7,MO
07039db7-fea7-4805-8137-e20728ca4ff2,LY
c4ce155e-f634-4328-9202-07887b142d9c,SNE
5c5ff5f3-f8cf-49e1-b322-6d742a7745cf,LY
e8ee93f4-0c90-4226-b8bd-d148b8a48f40,EO
c309a96a-5913-416a-85dd-4a13e8b5035f,BA
3aa54d73-3962-469e-870a-b8bc1d7324fc,EO
112092a9-4a23-4290-980b-5a0c937b6216,LY
6c25fdd1-532b-4010-a1d0-9d40c474999e,SNE
f3a83bc3-cb9c-4cfa-930f-cbb10071f13e,VLY
23b3a545-834e-4c0c-8d5a-ec0b790ce572,LY
1cc93ba1-641c-4418-b432-f3e0011e4fbf,LY
b5d43d20-65a2-4c6f-b0be-d2f4f20912c5,MO
03869b49-6cb9-4ccd-b744-3b6da3f5d1ae,MO
c4d58fe3-558c-47ce-b048-1c93a67e94db,BA
f833976b-8595-41ea-969d-0db6f99fa9a7,SNE
ab92cd96-8698-4d81-842d-1dea8837219a,EO
f8b3ecb2-85ab-4e64-b15b-3d2817c1a865,EO
327599c9-1cf0-4c3e-94a9-f7aba0a3afea,EO
d74dfb41-e458-40cc-8c7e-13d1cd41fe29,MO
239a8d37-3b3e-4f43-ad80-e97a0da39698,LY
90cd08a9-b2d6-48a8-a96e-040548efd907,SNE
a10ad857-35b5-4a94-9239-ba8af516c564,SNE
72fa1147-2097-4a46-b0fc-6f2c64f2347d,MO
ade669d1-9d10-499c-ad86-94e56c37ee5a,LY
1e2f9c9d-ef0d-4bb1-84b0-221d85f877e7,SNE
98cde1b8-aa96-426b-8fc5-e4d69050a340,SNE
da28783e-d5aa-4cb1-9f72-b6c424556a51,MO
21b90750-2759-4364-baa3-b82919007745,EO
05d714e7-cd55-4f66-ab22-02e3d2be17f5,BA
053b0fae-ecef-4bfb-9827-678204c4d8eb,LY
23ada4b4-47d4-45c8-a7f3-87baeb741ac6,BA
19847977-7f39-4d94-88e1-cbea427100d7,SNE
6a9c819c-0ab0-47d4-ac41-7d8461fc75f9,LY
51a5bf7a-7250-43db-a467-50f23e5b7bf9,LY
e8461b30-8dce-4c8c-8158-3dc4e7801bc9,EO
8321155d-83a8-4e22-a4e4-d0ac6a6379ee,SNE
f5412af7-35ec-47fc-9eea-2e74adb00407,EO
6e8bdac7-0493-4368-a8bc-190337fed3e4,EO
b52a1f50-9160-492d-a42c-14be89a01e5a,SNE
4f3cb9b2-2a9c-42f7-a4cc-ced10b578114,BA
f895fc8f-2dd3-42fa-8ee6-543528db6be3,SNE
f0200484-68b8-4d5d-9025-bef73be0f155,MO
6a6cafd7-9f8e-4746-b03a-aa0acc773ea4,EO
c6b18f8a-eb14-4622-8775-808798147fd8,LY
125b075a-50dd-49dc-8b92-862b310babe2,SNE
667e5210-d9c3-4d69-ac40-635d90aef70a,SNE
c4e28381-3cc1-44be-af6a-61b51d37196e,EO
41d27183-f526-4728-a31e-801fff2ebef4,MY
c894f0bd-7f2f-48f4-8883-4c872fd0a06e,SNE
b93b12a4-25c7-4f3e-b601-4076f9c291e0,LY
de2b70cc-647b-4626-b7e8-6591989e40b1,SNE
aca048f2-ee0e-4ed4-87fa-50c68c77e77e,SNE
4b52e58b-0835-410a-b498-9c058027934d,LY
06227a58-8ca1-4f2e-afd8-3859d5cc7a5c,MO
3e2167ed-529f-43b5-9e74-1f7852518035,MO
dd7bb515-5d44-45d4-9c41-c55303d21963,LY
a74f187b-7239-4dcd-a86b-31fddf2cdd22,BA
ca196872-38e4-4cbc-8d8f-992922a7dd05,SNE
71eab4dc-5582-4d58-8331-4191ca3fc8a5,LY
8ad39e50-f10a-46ff-96aa-265559536b53,EO
852f3f6f-cdef-4947-b13d-2bced84b001f,EO
76eb21ff-9d85-4ecd-bbd1-5bbb30e494c0,EO
2234c1c0-fa6e-4b3c-92f6-9c10f068de1f,SNE
e942981b-dfca-4d81-9f0c-d462412b6e2a,BNE
838d4593-ac2d-466b-9fb4-be53f9215e11,EO
e333361f-8772-4ee0-9ee9-362b7ab34898,SNE
16322061-701f-428e-ab05-c3b0a6aa9c62,SNE
19f7b13f-1f8a-4f58-947d-c6aca1666b7b,LY
44cd5283-c822-445d-bc1c-70d78ef14abb,BA
7625236d-c069-48ab-b5d9-24b08fd20552,LY
bbf69e6d-c891-48df-a22a-5ab2b287e04a,MY
df8a2291-912d-438e-b664-ba9c529cc8ba,MY
80f2bbdb-c96c-410f-a875-9a1144f8fae0,EO
3a23c7c4-8e19-4b42-b202-dd9b7485bc1c,BA
6b60c256-adae-48f8-b1ba-18a4c4d1412c,MMY
422e3cb0-2971-4fa4-8649-7ef92368cb21,SNE
0b3ea73b-94d9-454d-8fbe-10943674a5e9,MO
ee8c90af-5873-44e4-91a8-acc7e7f24c85,SNE
fd48268b-10c3-4ddf-bf47-819a31031bcd,MY
db37056c-e6d9-47f4-96a2-80136288aff3,EO
b96a97ca-2431-487d-a8b9-e5bd9153450f,BA
27166a76-682b-49df-83b4-e77bd1fa71aa,SNE
c096399f-3131-4da9-b83c-89ec0d3ee893,SNE
a2a3f7cf-0cec-4300-a389-12df4a8682e1,EO
82b0e709-18c8-48e2-b220-60a574ce9e43,BA
2a58ab2f-6d0b-4f8f-8103-3bf35501340f,SNE
2fd9b6b4-e8d7-4497-9d64-a68fb01eff4b,SNE
71e4df78-c0ca-406b-8096-3b49aeb0c209,LY
263d51a1-133a-4204-9d73-f96bfdc3e236,SNE
48934018-1678-4c6e-8fad-06676cb3bccb,LY
8bfd0833-6e97-4198-a68c-fa551b5d29cf,SNE
6fc621e9-3cb4-4ac4-9483-f8c46df439de,LY
9cd124fe-7f5a-4668-8292-4f113c29cae7,MY
f6ed7504-67fc-4800-99ae-5993b70164c4,SNE
3ce8aa7f-1a34-4854-a84a-450b0a84dd31,SNE
db6da1db-e6f3-478f-9d93-40ebb947e661,SNE
236ab024-8d58-4b03-affd-f7d0ec24dc6d,EO
d53b0fd4-2ce6-4a9a-8836-351458370e82,BA
cd727bbe-2ed8-431f-903a-c27fbab7a787,MO
5f6e1bcf-1d19-4664-ac2f-59bb506bcc9b,LY
10a2207f-a80b-4211-8ea7-04c9bbdb8e22,MO
ae2465b0-a482-4964-bd55-97634b7eee56,BA
0522a8b1-6d1c-4dd1-843a-87a5256a9ec4,SNE
c7105005-a178-4077-9cc3-e1a1e84f58d5,EO
c2b65f3c-f201-4166-aa2c-f60946201c6d,SNE
69746c8d-ccd5-488a-93a0-c23d5595d951,BA
13a73271-289b-4c67-a452-db779fae21e1,MY
3ecac621-6c49-49ef-ac38-268770380419,SNE
69cb171f-a920-4dd5-bd02-1f85fe09513b,EO
6958a771-935a-4e98-80ef-da63ff64af56,BA
155f4c0c-5fa0-4c4f-b588-7a48532f8afa,EO
53c3427c-646a-43ad-9a0a-1e233afca289,LY
ac0278d5-7df5-434c-8cd5-37694b4ac397,EO
a25b9856-031a-4497-b54d-452fdaf05ca2,SNE
e1061b66-d5c0-4b94-b35a-db9b8b1b4084,LY
6ca160e8-5f7c-4ff7-9714-192be3f3d8b3,LY
272d5b87-a206-406e-a5ec-bea2dcafa572,LY
8eaccb88-d075-49eb-81b4-2048e0d41a31,LY
f92c814c-d499-4797-8263-792fbaee0b96,SNE
6152eb7d-a630-40f4-8bf9-be5be2487178,EO
8e192447-9df2-4b57-b967-452cef3b2310,SNE
109e850c-02fb-4285-aad0-af88b2db163a,EO
158bd3bb-c9a9-4e6c-9e4a-a5c8084d3f52,SNE
eddc14aa-a53f-48ee-8f2a-7d60b6c22fd7,SNE
071e0224-c668-495e-9a8f-c89e4a58a175,BA
28010a91-dbca-402b-bb55-0a5df302c528,BA
2ecc1148-2513-4690-a69c-c95ab6abe54d,SNE
8d7b0c62-65b9-4f28-8047-3ce52d32ab55,EO
0c6a2c31-cffa-42f7-8b1e-6932a02096d5,EO
100e135c-c041-44ff-be50-1afec4c25dde,EO
69c3977f-27ad-4f41-b57f-12ae6c303a3b,LY
37cc6b9f-da24-4486-bf2f-e5d564a8a892,MO
1692f1dd-78e4-4f7d-a176-6eebc34d69d5,MO
33ec1607-5d1e-467c-958e-56578f063fd7,SNE
ef6b21f4-e2db-4644-a5a1-c06ddd12d075,EO
58c8d70d-7558-4016-845c-2cd9e8db0bcd,LY
452ec21f-ee7a-4a33-ba72-159887b569b5,LY
ecaa0d02-4175-4f34-9aae-e448a032f88c,SNE
815b0696-7c6f-482a-99d0-c7ac1573cdb6,EO
ae18f5e6-a777-4ff5-9b08-c162cf3099cf,SNE
8af99d1a-1d9a-4ed9-9663-42ed53e56856,BA
ff033da2-cd43-49c7-976b-42e5a017cad7,SNE
45c9e571-4bf8-467c-94a2-a019596dd8d5,EO
1e61f024-d6c6-46ea-9342-497bece3de22,SNE
ff30def9-6b28-44b5-a06e-f16f2895d8a0,EO
55e2029d-58df-48dc-860a-b06d33334d99,LY
5ef982aa-4f19-4b7f-9b47-89f4ff11a0cb,SNE
b195799b-2afc-4045-8ef1-7f0a9e827efb,MY
876b7e4c-24fe-4210-a9e7-c3f5f3cef773,MY
e648c186-35c2-471f-955a-e38fbc780960,BA
7fc05ece-2f7d-44ba-92bd-fdc9f4896840,LY
946c6817-1535-4b75-a63d-5465c582a97d,SNE
c2adccd3-a82f-446b-8f58-9450f788822d,BA
7d5cf759-965c-4b22-a4ab-aaaae63bb780,MO
3486011f-9fd5-4c9d-b163-d9fb67467e32,MY
3ae7c4be-9100-4b07-bc7c-aaa60b43ce4b,BA
aa1ca8a7-1e06-444b-9072-bd9a78486620,MY
42b9e61f-65f7-4435-9196-f18e75f1beb4,EO
94fe02f1-c618-48e8-a29b-38f15fb1e5c5,LY
56a6e708-444e-4d0d-a31e-e6556ea73ce3,EO
30502fc7-66f1-4764-acdf-768f9ebf7b15,EO
a946b995-2d05-4064-8dac-3e1fac86397c,LY
034cef68-7d36-4459-bef5-93ac40feb880,SNE
ce2c70c7-0b33-4d92-8c77-0b88313f4c6d,SNE
b1b17510-1dfd-4cc1-ad43-7f7428c560d2,MY
8682b793-8616-4964-a49f-58d414a57ea0,BA
6574b79d-7e61-44cb-9af2-99a92c897bd2,LY
2ed7f797-5959-4167-b2ea-ba25bd575446,SNE
771073ea-a89c-4033-ac76-d835cb660821,SNE
bdd47b2d-8462-4512-9c5c-d79c4ccb73a0,EO
b74d5a0b-20de-40fb-bfa6-27f5ed984e02,LY
fd472c0e-5c09-4a18-a30e-060c138694fd,EO
34c0ef73-1632-46ec-be17-a02d89801b0c,MY
0dc44ee1-6bae-4523-822f-e3b3f931d3e7,SNE
447a25fa-e281-4343-a217-98773dc8187e,LY
2ac70782-6bc2-4388-9fa8-7822ed2e8f4e,SNE
c485e0c4-e5d1-4575-95cb-c5223102030d,LY
c383b9fc-2786-422b-b116-178d00197ff0,BA
f8409b82-9398-4ace-885e-5f19b9c136e0,LY
961cc856-335e-4b83-ab9b-323505e3ad0e,MY
0071baf5-bd16-4edf-8783-e5f7d023cd6c,SNE
a43b0c31-aaa9-4bfa-8491-f4f916127c0b,SNE
b4a3fb23-465d-4173-a36f-3dc3fec5351b,LY
23a7d318-fca7-4a7e-a1b4-ddd63de2e072,SNE
034da64e-378b-44ba-806d-fe308483f458,LY
1418524c-e9da-460f-8126-8f0516d06f51,LY
6d58b4c1-476a-4c3d-a7e3-ba0aabab5e07,EO
4adcba78-1458-484f-b3e6-c063041a2fe9,SNE
e40cff55-b38c-42a8-9b61-7d90f76e3750,EO
f9f2cf71-fe66-42a2-a11c-44183fad2d94,SNE
02a3de8a-d1c7-4246-b91c-2f4fc6a7939e,SNE
373bbd70-d391-44d6-94f0-27056a2dbc0e,MY
6dca2464-02ee-4dd7-a143-a5b546c6c2c4,SNE
4365335f-b410-4447-9ac0-fad2f21e75ba,SNE
e6b238e8-16e0-4680-b7fe-a3841b756f74,EO
58989be5-160a-40e5-a72f-eba0744cbd87,LY
3b7e06f9-453d-4a65-b7ce-0e15dad22bcb,EO
59fe97d3-4d6c-4ef0-b122-ddd69483c165,MY
df1fe5ea-5593-4586-a2f6-456655cfa29a,EO
a7e80c23-1c27-4d30-84bd-18e031b2e6fa,SNE
7173e383-47e3-4757-b117-35f14fa212d9,LY
6412569f-212e-48c8-9d0b-00e9c9494e4d,LY
b4eee5bf-d376-4c2d-9319-5a0eea031d29,EO
22794dab-33a2-4764-928d-7a878ebc2d56,LY
9f9fd524-d9b2-463b-96b5-36a6141e0090,SNE
612e474e-c52a-48ff-9db0-088886151393,MY
35563437-79ef-4fec-935c-0ee95bfb7d0c,LY
92913a82-58e9-4066-9801-565cac79b453,SNE
ad17d3c1-b624-43b9-abb1-c60ebe452ab5,SNE
26585b6a-8ef4-4194-9340-c78e3adc2d99,BA
12fee2f9-c68b-46a3-915b-1d021f38844e,SNE
50f8141c-8ab4-4d7b-9a8e-fafa5054b216,SNE
e0a2a690-0912-454e-84f0-4e79a1c6b6fd,BA
2ce63377-64fa-4636-a224-9179c643c6f0,EO
ae67d8fa-da77-461a-8fc3-010ac58bf18a,MY
88cc8f04-c563-4f9f-a912-daef8a1f2bf3,SNE
b6f5c24b-97d4-4863-a5d3-e7d4e7f822e1,SNE
eb095019-fba3-40d7-81c6-8dcd61948b5b,EO
c2c5037a-16be-4472-9ee6-dc51889f333f,SNE
0399deda-55d0-473c-9c69-f2a8af2dc000,MY
ba0946a2-7d59-472f-9400-046f08b9c221,SNE
0a494950-06af-4613-aaea-15255e331d1d,VLY
93d53bbb-370d-4f1a-b611-09c32314e44e,SNE
c677bb03-5633-4890-88d2-e92482b2bdcc,MY
0bef95a5-bc99-416d-b6c5-d19ea9e21171,SNE
7aad8475-2c83-4976-9d4b-92516e256ada,SNE
0bb2b0b4-7a7b-4d65-a791-f2b7d59924bb,MO
15b80e80-f360-4734-b907-e0af03d08710,MO
5a7dd0ef-7611-45e6-baa9-94c4211cc841,MO
b5e0d146-c962-42ba-a217-ebf74473d471,SNE
6da81ee7-76cf-49ad-842d-bb2ccb61546e,BA
f590cdbe-4a80-4a79-a9e5-d3759ab4ab44,EO
013b5c2c-c293-4860-b419-7f966b45989c,SNE
a6083526-9984-4303-b70a-b4202326f313,LY
b4432009-524c-4f71-bf92-aa6498654628,SNE
4e2ebf5c-6c4c-479b-8a56-bb793c3abc4d,EO
ec8f4ed7-7183-41e6-b61a-98bb53aac3de,SNE
78b1d746-c24c-4b09-b6b6-f932b4a28e58,SNE
1b83c095-2515-4116-9698-7f7bca420736,SNE
0c2d6b74-941a-4102-96ef-e0f8a9d67849,EO
f132c7d0-ed9d-4ebb-8107-0fd1756ac68c,EO
2ef1922f-971c-4aa1-aa85-1c4a1056456f,LY
920dd707-7646-460b-828c-b8993101d808,LY
7151c85d-5fb6-4e0b-ae6f-a5f912371fea,LY
73a36a7d-12b6-42b7-bbb2-27ba94b30776,EO
9ea9f16f-4165-4a56-8b94-5931c6f40a49,SNE
32a00c8a-c46d-4680-a54f-b11581bb346b,BNE
3f165408-e608-40b8-b3b7-1ed70fa884f0,EO
69375614-84dd-4c20-b838-297f51b1131a,SNE
9c3c6317-239d-4081-bf9e-d93b33ef12d1,SNE
849fa703-0a46-40c9-9cb3-412ce8f4500f,SNE
06a233fa-d2c3-4a1f-95b5-298df4c6628b,LY
96be412e-9925-4f48-b08b-e636ec0dc680,SNE
07021c43-34d8-4983-b252-c7ce006bd9f5,MMY
fdad45f6-d41a-4cdb-b179-35b6dcbeb702,BA
fbe68579-32ff-416b-af76-e9260abfa60c,LY
daa29c13-d64f-4157-b026-39560862add2,PC
857e97ed-fb07-4464-9942-1b9361691a50,MY
1ab0b667-1ad1-4129-afc5-7525af0f9fb9,EO
e3231944-65a1-45f6-8f40-bb9f2b59469a,EO
830de422-0193-4a19-8e2e-1b7d4092aeba,SNE
8239d532-d81c-48ec-bf41-e69ec9b83fb1,EO
7c1bf0ef-2d23-4dba-8619-8c8ca0c55e6f,BA
a23b8c58-6bbe-4566-9087-5b26a70864dc,BA
2113b349-5eaa-4e3c-b691-a9b8dcf98a67,MO
17013011-c307-4c00-ada3-6a780ff7acbe,MO
af9a95a9-69c7-4a03-b841-c825fa963e00,SNE
f636ffc6-9131-497c-a860-5e1761a23033,MY
ebb703de-c25e-4269-8897-f95e68747f00,LY
ded6bf04-f5b9-4753-964f-ec0ef571a7f5,SNE
0f9e3940-202b-4d59-84d8-8794b33cc03e,MY
699e3ada-a9e9-462b-9647-f670d5891fc4,EO
93d07c5f-a66d-4ee7-9c20-0881104b3325,LY
d5586fa8-f923-4460-a485-1a9cf3f218e1,LY
b8c7ff31-e4ca-44be-80de-fbe327b5d907,SNE
30728127-6172-4e53-9406-a3834888f7b2,SNE
836f5884-d5bb-4b55-97f9-4ca21dc65407,SNE
47b64753-e765-4c93-9e6a-864f47019dfd,MO
574395e5-aef4-490b-861d-4dfcc533c373,LY
6d2d3c11-5243-4484-bc5c-5eea0d6f65a1,BA
f7b01094-f7f1-48b6-b59b-05f710953699,EO
e8e4069d-9df0-4074-8257-230653a19b22,SNE
435c1f80-04b9-478d-96aa-5b1aa918036a,SNE
c088d43c-1969-4baa-8e88-429c486bd248,EO
e1f2ad55-b161-4c70-832b-691f50871aca,EO
1bfd0ee2-0714-42e1-a346-2651f634ed47,MY
ff745cbe-1571-4656-a6fb-71d375b987cb,SNE
c3aeef31-a561-4092-a984-cedc7fd7a88e,BA
bd91b027-96ac-4516-8e5d-ee2df5c21748,SNE
5cce274e-d080-4518-854f-4cf04a39f0d8,SNE
7d5f7449-233f-4a19-9109-ce700f25cefb,MO
bc1190c8-4186-411a-820b-6a4324d1160d,SNE
9036feee-e790-45b3-9139-4783a4de1aeb,EO
7bedc86d-11fd-478a-abbc-9ce36bf34065,EO
c94877fd-1e44-4abc-b875-69860d19cabe,EO
1ea5495f-21fa-4b9e-a610-af1777a5a824,BA
cd6e9b4f-b7db-47e0-8e73-7b2ce57540e2,LY
fb7de4e7-f469-4bf6-9e95-aa56f48829df,SNE
f791dd74-73f7-48dd-9426-4ec0ef75cc2f,MMY
011ef798-a222-411e-9872-f8225c4dcb8f,BA
d86d4b40-ac78-447d-ba54-dae71317f0bf,SNE
a775652f-fdbd-4189-ad6a-9fecf4025136,EO
7ab62ec3-4c47-4abd-933b-6840b6270890,MY
73f4e6cb-46fb-4789-9e4e-fcc7ecfd13ee,MY
aa848111-2691-44e3-8a8d-09a6bb53f003,EO
eab33f0e-c7f3-49bc-a5fb-f077a2f15fd7,SNE
7ec05316-40fb-4016-a273-0005bc26723c,EO
09a92a98-a461-4650-a031-cbf29ecc4c35,SNE
36f01fba-8d33-4eaf-a249-26731c63e5a2,SNE
6348d3e2-81d5-4387-acd3-85080c05f72f,SNE
825efcb7-325f-4f9f-9801-07f5bb1d8324,MO
6fe126a3-7f11-46db-bfac-9f90d3e90951,EO
fbefe6ed-76f1-4f08-a694-2ccde47ebdb5,EO
dc0edff4-12bd-4db9-b3cc-dbe625967e7e,EO
0a5fa803-190a-44bb-8bec-f5018736892c,LY
bb936b28-caeb-4870-a39d-a69e8d6baac2,EO
8b797d1d-bc49-4cf4-88ae-5c9215bbac13,SNE
2c023c83-4bad-454f-8ede-41c7f4002df1,BA
9dc1545e-2cef-4ccd-a063-19d6c826f53c,SNE
d2b2dc77-bef6-491c-9a3a-522c2b662ab2,BNE
ef6e2c70-66c6-419b-b025-3442b04c8bce,SNE
24b4b8b9-7e36-424f-917b-37df60c193e3,SNE
5741030e-2903-427d-8252-a2cf5cc28819,EO
a6a49e45-0a5b-4d45-abdb-46ccfbbcb690,BA
4c09cbf5-acc9-4281-a71d-cd2363e83d2c,VLY
e76fd671-ad3d-4ef7-8125-2404be08f278,SNE
03707420-29b6-4830-b9e8-91794a5d2134,BA
67869054-06d8-4d19-a681-b66f38386a2a,LY
9759a867-f6e8-4b6d-9ddc-d8a7be51cd30,LY
36a3934d-bf2d-4d90-975a-e933ae2d47e3,LY
453918a1-a511-41fd-80d8-63ba965c9ca5,EO
088ef44e-e0da-4f3a-9e93-2b5b6e40f612,LY
3c4c5dc9-0d98-40cb-829f-28a7fc6613ab,SNE
d22f88cb-a842-40ef-8a02-36180ae8ade6,LY
c1b0929d-c91f-47a2-8833-5ac1015efb92,LY
93ecfe57-f36e-4454-a9ae-62a1583331d3,BA
f152a9ad-54ba-44f0-9632-417d0b6508d0,VLY
4a026ce3-fa05-4917-b34a-aa4bf552326b,MO
47329495-7ff4-46bb-bb9d-c9308cc7d109,LY
73cdad71-eab6-437e-aea5-b9dcf7339983,MO
f508d5c8-8275-40b4-9fd2-4d7eec5fcbee,SNE
45a41940-4afc-4d59-a110-6adfe6666cc4,EO
714d7f0f-c340-4d86-986d-d5f9cbf57048,EO
eea805ee-afaf-489a-9038-ec87c90090a1,BA
006958b6-96ba-4532-98de-3c869da3c542,BA
d9e3e809-e89f-4508-a9f3-f6263c903956,BA
c4e2b3ed-8d46-4ef2-8b3e-cad305fb1aa1,SNE
f2fa8445-cb74-4bef-a740-80c09a849404,MY
99e33ba1-5f84-4132-afea-9a784d320c84,LY
cc0fc031-34b2-4514-9bf8-9baf29f15cf8,EO
2df2cf67-35fb-45bd-982c-04387299385b,SNE
386f6808-ae20-4a25-9e41-89a0ef3773f6,LY
bb6aa000-007e-45b5-b9c0-75cdb0440d20,SNE
c38a44de-0fc2-4a6b-9c6e-1133620053bc,SNE
a3837e47-0f05-401d-a3b3-b2ac341e8e09,EO
b2aa3877-e71d-4036-a615-7b0af5592dc7,EO
9e362a56-4628-4990-aa72-8f4384b5bf87,LY
7632f3c9-7af7-45b4-93a6-6d2f7e6e7414,SNE
83d43d1d-4dc7-46eb-a4cb-c09957a88af6,BA
c7340443-9ff6-4242-9c59-76049a1f3fd9,LY
dffa95ea-2d5c-4407-9c9c-26fa60f3f79c,EO
f806612c-2254-4d70-888d-e10140c1ef11,BA
178c5ce2-f777-44a3-9f65-923af6224a81,SNE
46396ed0-418f-4e0d-9dba-b7b0272ba6b2,SNE
7d43508a-86bc-4b35-bf0c-c29a620695ec,EO
268ad0e4-c9f9-4bb4-9a56-3159961fecf0,SNE
a23972c1-b1ad-4d5a-b362-944499b69a31,SNE
dbb82820-7c79-4b1d-9637-a25ef63decaa,EO
978f3ea8-ce07-4512-8576-56dccc319442,LY
e45362cc-1c3c-4e2b-afde-c824c70823e1,SNE
1d9d0195-d3cb-4779-8f0a-8076e9515fcd,MY
aa80f766-3584-4270-a132-a5b0477edff3,LY
4b10ceeb-2d45-4792-ba21-fe109bd74ee2,LY
4d6c21f0-806c-4abc-9f65-fe993132c6b8,SNE
a61114c8-703f-40f3-b1e5-e4ece0eaea11,MO
e63e586f-c4e6-4a4a-bb49-89793f692038,SNE
65038c8f-d362-45c7-a834-22a09462aa73,SNE
ae8cd486-e60e-4f39-9fbf-7c4bf52b0f14,MY
9fbd5204-0e07-41be-9f34-f5521226598f,EO
4d6dc14f-4d60-415b-8a23-07113428cd07,LY
a4a18297-9fb9-4fb7-a44a-8844fe2e8d7d,BA
3574bbd7-8a24-4743-80c8-c22f30d0cc65,LY
a5186100-9c54-4b19-954b-8a45107bbe38,VLY
7c297f67-7091-4d44-8fd1-adb713b7f38f,MY
4dc6b58e-e9f1-4e00-97fb-57ca856dfa79,MY
fa678ad8-1f05-4db1-9cbc-c3bb6c205930,SNE
9fb4709c-3b52-43a5-80bb-19ccd85a779f,LY
a71fc473-d975-4b76-9aa5-efe773471f1d,LY
33256679-b493-430e-bf72-0254a214c5ea,MY
966d958f-b7f2-4880-8c53-1501cf2e5244,SNE
655a694a-7ffc-43e7-b7aa-9c0576fafbf3,EO
6301da12-8291-4d85-aa53-cfb3ecb5c0f3,LY
d45e462f-4836-41d7-ab30-c6726ee8b81c,LY
27f2dc99-9383-4108-8d0b-b1ae779a1a28,MO
f9b5a488-037d-4ab1-b4ce-51841ceaf378,BA
e4709bd5-4633-4a75-8709-c3f484cf40ab,EO
cfe26575-e440-47fa-a9a8-96b62bd8387a,BA
33dcb4fc-8329-4b9c-8251-4e65b6ac5d8c,EO
67a65c7e-8716-49f8-81fd-9caa2a6a4ac1,LY
6e8fd205-9a2f-492f-89bb-db2b21debfbd,EO
a27543ad-580d-40ea-9a90-b2de929d67f1,EO
423ece76-baad-4da9-a480-fb344ceaf091,LY
1ec718b0-7e35-4f5e-88e3-d6fd9da5276b,LY
86f9983c-1582-4d51-afa7-ff2e94c1e0b9,MY
f7a0ebc8-5fc7-4ae4-9901-bd16535c5dcd,EO
4c31ea62-04dc-48ec-bd9a-a7292197dcd6,SNE
e4bdfa79-5b3c-4166-b2af-3b27b1d57957,EO
6536df19-37a7-4072-85f8-f604067f52f3,BA
db6fd40d-8741-4994-a5c1-1e772e1c6017,LY
da100e49-e599-49b7-bc6f-c8509a04c779,SNE
6b9ad22e-0743-4ef3-9427-61c1485fddb3,SNE
9add62ba-1ac5-4b48-b80b-0d2464149001,MMY
c3f42331-999f-4bc6-b0eb-6c3f0d69a821,LY
95ffc6aa-aa83-4571-b1bf-7e3b7d1385cb,EO
844e6bb7-a06d-4c82-b310-7686be25f622,LY
f54a16c1-f472-4cae-a0fb-6fc5c8750b6f,MO
f9179fda-7a1a-411d-ba63-c1f1ade4bcf9,MO
3143db93-3923-4143-a029-9ed91a84c0c6,EO
b43c5ad6-9ff0-4b44-8680-0ed97175c140,MY
150010ff-1d3c-4175-af5a-ef4a8ae61a4f,LY
011512d2-1b41-4d0a-a440-b114f5d452d2,BA
0d0a7e52-6c8b-47aa-b279-8708135842c4,BA
1551b9a7-0987-44ec-996b-8c0101f04f3e,LY
7f2b8455-0f85-4b17-990d-d38086ced7f4,SNE
7eb98c2f-b8e0-4ff3-a809-65fdccc7c428,MY
58e3c67e-725a-4c2f-9c07-e55584f3cd12,LY
98a90d26-b11e-4a40-bb81-510beef10803,SNE
6e881cc8-558a-496d-b0f1-692f3c8ee056,EO
25f93f17-d4e2-46e5-bcee-3887a776d553,LY
b00f2e0b-7328-482a-a05d-c43b5671986f,SNE
67c49482-7fcd-4578-aa19-670673cf2fd0,LY
b9f5ee20-3853-4b7b-a5d3-3c51dee02d2b,SNE
176dba1a-4aae-4ea9-bd0c-976f60c05037,LY
160e88e8-2f67-4627-9c7b-369041bfb6a8,SNE
a76d3e3a-611a-4540-8ae9-ed43057f42aa,EO
8efab6a7-ae66-4e59-ae88-dcd4c63d3a28,EO
1b0188c4-812c-4757-9f8e-bc5249a5b340,SNE
2b5930a3-8fb7-47d4-8aa3-6ac0e2e82cc6,EO
fc8ab59f-1e9e-4bef-8cae-7a54695f57da,BA
9eebbb14-b81a-49ae-b3de-657a671a442e,MO
d9de94f3-af80-4655-a239-066e8486827f,SNE
61cb1874-7def-4115-a871-3ab4795e027e,LY
8fd4bd51-1a9a-4095-83f1-764d850c3e28,SNE
91aa9428-42e0-470e-992f-6b0ee6d52167,SNE
ad989cc9-a711-4f39-8d49-c0b7125dcb17,SNE
411633ff-d7ae-4708-b4a3-53d578836f20,SNE
782964cd-3ae5-4925-b937-929220c1ccb5,MY
3fc65924-6305-40ca-a040-577e5c602b15,SNE
47f68428-7b50-4baa-a4b8-23e48e502434,MO
e750d90d-9c3b-4ea5-8fc3-908d27b464da,EO
cc781a13-da9f-4b39-9555-d5a923d3d473,LY
e3efabee-28d1-4fe9-9310-022dfca38238,SNE
7a12e09c-131b-4a60-b60f-0b9bb090a8de,LY
65c63cb9-bfb2-475d-ae70-aafe674ff265,LY
d677cefc-7d06-45a3-8ac7-860c1024d4dd,SNE
1f0fca89-f116-4d06-9978-9793855c1024,LY
199d1028-b103-4105-a806-e9c3f1a11ad9,LY
ddffdd20-27d1-4d3b-a81c-712f3d6937f1,LY
ae0fd6e2-e24f-4206-b24b-242bc2a1f79f,LY
1f508692-d06e-48f5-b57e-d96ecd9a88c4,BA
eacd4b91-4b72-457a-9ca0-7a04be254dc2,LY
a90b5d9e-cd06-4d4c-bfcc-cc31bd8c98b9,EO
dda16c03-5b94-4688-8da2-3b3cd7646f26,EO
ba3ccd2c-e416-4b4e-b91e-60f52d8e2e12,EO
8c188347-dfc4-43ff-9f12-484a4011b7e8,BA
1e2b8a92-42b2-4f1b-839d-1a01c68b833c,PMY
a64f4b53-2556-40b9-b03d-4556ccf138dd,SNE
aae04ac1-31c5-4043-97d9-361db9dfe830,SNE
2f71b522-462e-48b2-a22d-d3d3067cf16c,SNE
c8b9892e-9622-45e9-abda-66c6e9b34591,SNE
b90e9214-a084-4bad-9b32-4b5715e7972a,EO
fdb2bd88-309e-4c7a-bd7f-5c2de0e76f89,EO
dbfd80d6-31ca-4d33-ba24-b9894e660a7f,LY
cf47784f-5941-406c-bc38-3a2f2fb18782,LY
59802a4c-e98b-40ff-b6af-f65da7ee5272,LY
50192f11-e670-4141-a7c2-2d4051aa06ea,MO
3ff74319-8514-4380-a380-20837dcd2eb7,MO
118d1971-fd10-4d3c-9592-225ffcddff8f,EO
a6964652-34e3-4ebb-abf7-58456bc4e92b,LY
ce0b5812-b9d3-4a88-bc84-3651ad733c7a,SNE
7a9c53a7-3e4b-4152-8c8e-c3b096e80099,BA
384d0f16-c7ab-42c6-b9ac-80973cf106c5,MO
07840058-c9af-4e89-a0b8-3e17572307e3,EO
33113386-d73b-4a12-b9cc-800a8251d9e2,LY
c176b3c6-2655-4a0a-bf10-f66a6eb87036,MO
ea9766ac-242d-4b5b-bf0e-d5ded9737072,SNE
8eb53f03-5663-445c-b332-ed54253b5363,BA
b1d6430e-13f3-4e91-8c16-ed48f2ec82a3,EO
ae729f45-c435-42f0-a6a0-e6b665a4709d,SNE
969210c9-a778-4c83-ac50-bc8ccd8a0112,EO
239676d3-da6b-4172-a9dc-b1b3e0a32f1e,MY
1eb59358-8f10-4264-a446-8c40b3bcacad,SNE
0d140a70-4508-4269-b62a-a0ead2881dce,EO
562db42b-e166-4722-b7a0-7b9bc9d1a18a,LY
726c0c0a-8c49-49dc-ab82-f7fd6bf902ad,LY
6cf6b9c7-fb42-4f14-9f77-b1a07f35076e,EO
0e778675-49e1-4ea6-afdf-712a8d5ad5f9,SNE
e2c9f111-e561-4518-8a06-a563388a76bd,SNE
9e9d42a2-56dc-45c1-80f0-e5906fcbe6b5,MY
91dd98e9-ce79-4c19-accd-09b747252a03,LY
76a9129b-720e-4e77-b1d5-d385a8bfe1cb,SNE
5d07513e-6fda-41ae-a5d1-145c5500671c,MO
bb568c5f-b98b-4ba5-89ee-94209792980e,EO
99170002-65e4-44c4-ac39-d399993130e9,EO
a894986d-beef-4e2b-9e82-73f79f08a547,EO
710c1b99-a5c5-4f0e-8fa7-a9b1813d975e,SNE
e4404b1b-97aa-4c0f-bd31-0ebffdbab23d,LY
3637a0df-b92f-4744-af85-2926016eea20,SNE
b1eaa46a-30b4-4972-b7be-acbef04c3519,MO
525d284a-cde7-4479-85ea-aa2fd5d157cf,LY
3c5a42bc-72ee-4b88-8149-cd06be4f9cca,SNE
201bf192-8248-483b-ab43-c05f1e56caa6,SNE
7d65be1f-d4c8-4717-861c-b782ebec4296,LY
ba67090f-afb6-4f6c-837d-8a59d33cb9ed,SNE
e9ecf644-5ed0-41ec-a18f-f3f2b73a6703,SNE
3839c5a0-7c87-4db6-a3a7-1425c83631f0,MO
2c9660b8-905f-43c5-9d72-cd99b37c7e88,EO
392866e6-c931-4c53-974e-1c7b1a9d0eac,SNE
740389bf-02e0-4335-b84d-2644508027ea,SNE
32af7c06-d57f-4b27-a84a-7f65e36a3504,LY
6176e6d9-6967-476f-a34c-4f030ddb1e96,LY
541eadf6-ab80-48e8-814b-69166b2fe042,LY
b182d171-ce04-464f-87a0-4afd9d6ec720,LY
eacd0f4b-5f70-48a2-a80e-876f89307b01,EO
63299f63-2c59-4070-8523-b72bdcbe6099,BA
915ddcd0-7dc4-4fb8-9049-75ef1b007a84,SNE
5096dcc1-a175-4bc9-9466-0c6a722fb080,LY
215bdf13-818c-4d65-a2aa-bd7351af0110,LY
43f47e11-41c6-4d2c-b5be-3487f431721e,BA
35b0e07b-539a-4227-a2a4-e2fdfd5ccfbb,EO
c9ad64bb-d02f-4707-ac52-807e2f0235c7,BA
dc11b20b-b484-44ed-b346-64ec38f3e04c,MO
0ec6ed70-db3f-43bf-bd5e-9b980e3e079b,LY
a1b09541-e562-40d2-8747-432ec7031ab8,SNE
907737e5-938f-447a-9e64-8f0edbb64277,EO
2ce48cda-6405-4194-953e-1d3817cdd385,EO
13aa778b-be66-4035-b5fb-25c1d236b36f,SNE
2f682dfb-333d-4474-971a-33c1257362a6,BA
65d5f32e-0f42-4a45-829c-5ce3749de267,BA
1fb3f67d-3c84-484e-9249-47426d50978e,SNE
b2b25e69-4bbf-4a49-8f24-218aaaceceae,LY
f7279e3f-5c59-475f-b0ae-fe866e0af059,LY
dcb84321-e7bb-42fc-a040-2065a65b9519,SNE
3856b50b-e204-494d-892d-e59b75d594d4,SNE
557eff30-ff87-4671-8291-41da9891c254,BA
f76b85e7-26df-447b-bb35-8adf3ea41b44,BA
4522b221-8e97-46cd-96f2-ae7774a00100,LY
09781044-f933-45b9-b815-47cf3348c4ed,LY
b40b6392-b6a0-4bc2-ba3a-7c9b692bf30f,LY
bede8be1-831e-4d46-bcf3-bd07dcecca6c,MY
1972cb28-5417-4aa6-946b-018c6fa09af0,LY
c1a28920-ab33-4b09-8289-3c1548e2d05b,SNE
f50f8133-8234-497f-b772-229d01b9baae,LY
145a808d-c429-4fba-896c-93ef0d410d2e,BA
7e4ff6fe-fc0d-47f1-9f11-5b58a9ab61f8,LY
d7c16f5d-1e20-46b8-b9e6-b9e2c4f15088,BA
d9ed0ce4-4fb3-48ae-866e-b9f00a8de0ca,EO
a7b2dadb-caf7-4f93-a88e-4bda86927b5a,EO
7fd17b4c-5808-49de-b765-1e640022fde0,LY
82a4fc80-d8b9-45bd-8c76-e45e8a5fd119,LY
d91c8670-0fea-403e-9c1f-6a60cfdbeec4,SNE
3163c719-e832-44aa-83af-50cec6ca3d08,EO
71f5d26f-402b-496d-a573-607a7f39b361,EO
a6e13db6-8e7b-4245-a5e7-783ee0ed7569,SNE
4e1d2f02-96f0-4c94-b190-29f2434af15c,MY
849176f8-6623-4542-a911-63ddf5760436,LY
3b590a3c-f592-4d2b-bf6e-4176c7fbc778,SNE
1866da0d-c949-45cb-8f71-ff914df6fd60,MY
3ec3b9ae-d43f-423d-b94d-e2fb3bfad9fc,SNE
7596544a-4c42-4b08-9bf4-9ba7f59fcaf4,LY
8a73f9b5-e33c-4706-a1d2-709ece93a38a,MO
aef84473-6b7c-46ce-9c77-116613534990,LY
578ae8f6-02b3-47ea-876b-e12956bb4bfd,SNE
ccd3c3c1-c6ad-4574-a3d1-cb9f515ccccf,SNE
5f3ca22c-6fb9-4e10-a769-802d338185e8,SNE
5b71393b-21c0-4563-8e57-a3a5c4dc8c33,EO
2168d2d2-c446-4f80-a479-f4f522039794,EO
1965f297-d9f9-4457-8f32-860bd3212070,SNE
0c34fc4f-29a6-4c2a-8eaf-acc380e228d5,MY
b8bd4c15-01b2-47d1-aa51-7ebbb4ef34ff,BA
3546a4e6-75cc-4fe1-9e1b-e8993d2766ec,SNE
1f790186-3948-46d5-8b8e-01056f256589,SNE
9091e144-26c6-4803-bd1a-94a3cfd15e30,SNE
43c94d5f-384d-40c8-be5b-5a17a8ad55a9,MY
a86df02d-492e-4fa9-ba60-95f4a068bb7f,EO
a8c092c4-80bc-4563-bafa-a2ffea4010b5,LY
7f5bad54-89de-48b2-87d9-a023383144d7,BA
cb52d701-7430-4bde-9594-3d40c1057044,LY
efb77f63-5c4b-49fd-9488-3411e7e3c62d,SNE
6c0f41db-ab78-429f-8956-3e7d9da71b04,BA
4dc74438-9457-429b-80c5-fb037fa15d64,LY
a5261ca2-7135-4678-92d9-b22d2fcc393f,EO
b6ffef78-9d7d-4480-861d-dcbd92a9f7e7,SNE
17471141-f656-485b-8020-d66bd416a2f3,BA
850d8f87-ef05-4868-91a7-34fecfaad8ac,SNE
22b99ab7-8082-42dd-8a79-d3ea36cf7be8,EO
2ce4f6de-d0bb-42c1-8ccb-498ffdea886f,SNE
3a4aa1cb-b9d9-4c1f-b920-30262a01c707,LY
282f0386-ed7f-48ba-9fba-6779270ab14b,MO
e22eb2b2-e52d-42ab-ba9a-fdac0cf0cded,EO
eccd9b13-eade-4b90-8572-3611381315b4,SNE
8286438d-6565-4919-a612-f0bd7d6b9ba2,LY
7a73c1d5-13c1-4580-a93f-62cbdae4ded5,MO
78789731-0f96-422b-bb45-50cdc3fe6f3e,MO
8219b7a4-ed3a-480f-bf79-9557ccbf746d,LY
b69da6e3-fbb4-47f5-84c8-5ba3e3cf7309,LY
830e67c2-0614-4b1f-be61-852f8e0c53f2,BNE
df79360a-48a9-440a-8af6-0d9232762a3b,EO
c165380a-c74f-4b73-8b39-f9ec6baa50dc,EO
2cb07774-d0d8-4040-bb80-04afa2eb3c54,EO
528e50a2-b4d1-4064-af3d-d5b31cbc9e66,EO
7b7754bd-6aea-4c42-8663-3e0d89a42e65,SNE
142188d1-befe-470e-a737-c6bcaa179150,EO
941520b1-e368-4652-aef7-4f366571d304,LY
87b9528b-6da8-4bb1-9c8e-a05aff62ef52,SNE
e657a932-d954-41d6-acfb-a7de34975bbe,BA
0e530437-5fb3-4f42-91f5-9bdc201f5bce,SNE
c38cf1bd-acef-4d8f-bb83-3f00df06466f,LY
c2aa1685-adaf-4d39-8902-34f1147625b6,SNE
b004255e-4893-402f-b3ec-e45132c74b10,MO
f29faad9-8da9-4312-a807-e35c07e22c93,LY
8f11c461-167b-41d0-ba16-1cb35f6d2e19,SNE
5563ae27-1e5f-4ee4-9835-0a0e9abe3375,SNE
710683c2-5b92-4231-a218-7b2866a07fce,LY
44cfff61-efa5-40af-ba05-14ea10bae6ce,SNE
37e5ccec-2f17-4db1-97f0-d77faa4db66c,EO
6f59f9b8-1c14-4408-a7b5-beb0a5e228dc,SNE
38bf8d61-521c-4724-9d42-1624da801aa9,SNE
951f43d4-b610-4f11-97a6-e218593bbebe,BA
fee76f78-21d5-4734-a749-bde7d17954ee,SNE
cb6daf8d-efb0-44bc-94dc-78f1633d1ddf,MO
47de08d5-0c0c-473c-a329-7b7b68e24824,BA
ac9f55d2-2a41-4300-8937-35d22ca7b716,EO
65dfc0a8-3808-44be-b5f8-b9ec7671bef2,LY
efaa05fc-01db-45c9-bb98-6e871720c6d4,SNE
c5e1e78e-b14d-4c56-b8b4-9548f225c862,LY
d2dea257-1cf0-44c8-8964-f48a299f91b6,MO
eba03a7f-07f0-4665-8f14-e681c9539fae,LY
67159e9d-b878-4f1b-a352-8dce4fdacafd,SNE
6b996444-0e01-4994-b244-f456b3d1a304,SNE
cf72778b-3457-41cd-b2f1-50687e357338,MY
2d4d2f09-1c00-43cf-84b6-2c491c22f828,SNE
ae8613e8-a39f-4efe-b5ba-fa53a3588713,SNE
33c4a729-8841-4a63-8adc-696d491bc99a,BA
02ec3649-3f8b-4c62-8d81-585e8ea15a1f,LY
0e735408-f243-4ae3-a4dd-8df757cbae1e,SNE
9b77ce5d-0543-4f77-8bcc-84c161050207,SNE
34497cda-e8f9-42a5-8566-b0def4dad3d9,SNE
1f802a4c-479a-4481-9ff2-4ba84a416b5e,MO
7d87f4b5-42f9-4f3b-8722-b4172525ccda,LY
7e02f97b-a79b-4e94-a188-786220d07286,BA
4d15e8e5-e7e5-4996-b92d-d9f6bbb7c266,LY
aac86baa-12cc-4c14-af32-551fd935e272,MO
bdf99d08-3fdc-45aa-a92f-36affd956081,EO
a74e7bcf-ed87-4182-ac9c-b1402d9c84b5,SNE
777541e2-d3ce-494e-8616-e897418af60b,SNE
333f90d2-b084-4d1e-a603-a9b9446e38c0,SNE
875efb9d-5d3c-4eda-a33c-dcd0fd69e831,LY
c2f4c3f9-1c79-4d82-a4ae-f1fb4416fbf2,MO
bc04dde8-a7be-4e7a-8e21-69e59c418671,SNE
93b93cd2-fc37-4810-993d-7b55783bdb64,MY
75c47cab-c097-4331-bacc-63da5b82dfdb,SNE
5043ceee-3d65-4d2f-8d75-b2f387c66b55,EO
14899153-34ab-4cf3-a118-e9374a811215,SNE
17d9cfae-efa6-4a71-8443-056a0cbcde64,SNE
2ca1de2f-3995-4ee1-9831-0f32f55fdc04,BA
583462c6-ca15-4ce8-a6ad-726ed4da7434,SNE
9ca92861-e2cc-4943-a81d-9ad7c3bda2f9,LY
d7da3f6f-d77e-4464-8b1b-8f170069ecb1,LY
c6ee0937-ecca-439b-a646-30a3d226cc6e,BA
f1f84026-aa46-4df7-bce6-389d2e65a159,BA
bb923efe-8b48-4b58-856e-5c81fb0daec4,BNE
9946d8f9-0b69-4031-8653-010d1407de01,MO
43c3dd3c-e264-42a2-a6d2-7093337bd413,SNE
459219b2-bab0-447a-924e-ed93f841d4cb,MY
711c1546-d0c0-4b7e-b931-6f93d4f1881c,LY
f82ae2e2-a9cd-48a9-8a11-7d81dbfd195e,SNE
c75a20ac-92d1-4a4c-9e19-8a6de7455100,BA
4f29cf3d-3375-436f-aecd-dffb2746c16c,BA
1b6dfc83-c92f-4b37-89fd-a63156a41399,BA
992789fd-7ad3-49dc-bcb7-e50bd7f6a01c,SNE
623b852d-0e6b-4cc1-ac03-fb22168c0969,MO
78d5fce3-08d0-48d1-b2b6-62902e0ef036,MO
6d4de724-919f-4a2f-8a92-90fde4c6941a,EO
4e206314-8ab4-4ac7-affe-479f39cec52c,MY
24371cbf-48ba-49f0-94bf-323f2f8937cc,LY
eba7fe90-5252-48b0-b725-42a5c6be5133,BA
e6cfd409-5608-4301-ab60-17571d997911,LY
6df9b587-4343-41d1-b9d6-d8bc9d1de4bb,PMY
c41c8702-8f98-4df8-9bc5-a3e18b210cc8,LY
a22ccc0b-9e7f-4774-a5a3-3b3df6547ff9,EO
40aab165-2523-400d-9596-11fede83d0cc,BA
33ea9655-ff77-4f3b-ba59-2e651f635b5d,SNE
98d20bd1-cbc2-4e12-951f-5a31d537692d,EO
577043b7-746e-4b8d-843b-ff711eb98a93,EO
bfddadf9-f6ef-4960-bb75-2ae3394c7ba7,LY
7d26b680-0ed5-4f4a-a8f5-8514a96a7811,BA
6a960f13-7924-4d48-8ec0-2d602d2e896f,SNE
8824bbb3-8ff6-408e-9af0-fe53e1305a43,SNE
341acaba-1ffe-4abe-b526-4a7e47a21a37,MY
08aedc74-3ffe-4173-8fd7-febd390c8c8c,SNE
2297e4bb-59f2-4ca8-b087-bd073f3c72c3,SNE
2d454e9c-5649-408e-a2eb-cf493b05b66c,LY
94389008-abc1-4543-9c41-e4d69c3ef9f7,SNE
68d20fdf-7ca4-4920-a5d8-e0304b024afb,BA
dd7497dc-a75b-4284-8cc3-c0122e783615,EO
97149126-0501-4ac8-8fb9-010ceddca481,SNE
1c38c48b-18bc-42ee-981e-3f23bfc4bbcd,EO
f49aa759-925d-47ef-950d-9956e20368ad,SNE
cd534fdd-ab45-4ad6-bdee-07e304f8a576,LY
2046220e-dcdc-4f28-9512-8d48fffb7c9e,BA
774212bc-58f5-4d59-ae78-e847f81db041,MO
b1234848-3f0e-4ffc-b3eb-e2bc06b9b680,LY
f087ac04-fce7-40c2-b721-056818de27ad,MO
fbb3c39f-8820-47fc-bc0b-9592dd3fa424,EO
3e1caefc-2f0f-458c-a8ba-d5cefa3da419,EO
593ddfa1-f473-45f8-9788-e0e3a49e76a4,EO
7ec057bd-0395-4481-9c7a-755521c29deb,SNE
a162226f-677e-42a1-80f8-1a54f6a6be3a,SNE
0a7e8c7b-161c-4f6d-a0f1-212d1cc20fc2,LY
ba2a8472-a83f-40cb-b83f-465305032fff,LY
adc0541f-21b4-42c0-a0af-ffa7e59d1b25,BA
de702da7-48b7-4a48-8e80-01517522bc6e,EO
17abc55c-045d-4a15-9648-d1fc4d4ac831,BA
beca54d5-0778-4a83-920a-e4fe020e677d,SNE
f23b47d0-84ab-41d3-b4b7-6b60f81321aa,EO
37053d35-f5d9-4f2f-90c3-705dd1b130fa,SNE
d98c3af3-f127-45ef-83bd-4483ab0268e7,EO
75943e97-819d-4c88-9bb0-920ff25dc092,EO
e3dce3ed-2009-4491-be81-77e73f26d185,MY
a51d6fc0-2a68-4ff7-8d84-63e58170d63e,MY
7344b718-5fe4-4dcc-8aaf-7bf8e30a4aaf,SNE
760cae0f-ec43-46cc-9e60-53df22926db7,SNE
a82f7bd9-3cb4-4a62-8a39-12c9e7be3c51,LY
93bb143f-0959-4c67-9ad8-2370217cc566,EO
e0d1a52d-03d3-4a6e-8ce8-24f748fcafaa,LY
17502d60-38cf-4db7-bd13-dc43004b58ec,SNE
0e4c1310-4b3a-4bba-a417-38438731297f,SNE
ab63f0aa-3fe8-422e-b665-b35f07545670,SNE
7e53f79d-f225-4c56-9f4b-945711d452cf,SNE
631f4d4f-de22-40e1-bb34-51f596c7998c,MO
0bc21006-f8b0-435a-aa6b-de4179d8dd6e,SNE
9c84be68-6ab2-4559-8bcf-64c5005bf9fa,SNE
32b92d57-efee-4f8e-bcf3-6af50d2f6212,SNE
6021ad15-0caa-4758-bfe0-87780c4636f2,EO
c4c23aa7-82c9-4cd0-a07a-93c2152ab932,SNE
6899f8b0-e3b1-4a69-894a-13d8de4dbb68,LY
974a7194-09de-41f7-b3c3-7c02b1b8c3ab,SNE
26fa9b11-bcad-45d7-9fa1-53dbae01358e,LY
88cfd03b-3019-452f-887c-cd5067c9235c,EO
ba2a0f7e-9a12-4016-be82-a6432287db7a,EO
301f5a6c-ccde-4251-a424-f5425f9c2be1,SNE
df4d8ec8-bc4f-4803-ab98-ae88bbae3597,BA
550f2147-d6c0-4f3c-9c9d-cd3b28e27696,BA
ef4425f8-c59d-4b48-96e0-69934d0a49fb,SNE
fd0d7338-278f-45f1-93b8-9913ab0d7164,BA
54645e34-5220-4f68-af22-13e27756e520,BA
1a883c9c-aa98-46b5-8ca6-9a2f97f2622b,MY
911ffef2-b314-42df-94ad-6df8c1c2238e,SNE
0a879f9d-664d-42ac-bfcd-0ded73efd325,LY
82445b22-f5d2-4d5c-b8cb-bf5f973e6ee7,EO
96aa299c-9d23-4ae4-a60a-caf2cb818d63,SNE
3c3e04b2-4735-4335-872f-fbdf84c6943c,LY
f87c5566-c015-493b-96bc-63605722100b,EO
d59649ad-2932-449e-8d38-fb58a845b87e,SNE
3ed02e3d-f713-4f10-b84b-34c64b4715ec,SNE
9af5707a-9da9-44a3-bca7-6863cf45f3cf,MO
b28940bf-5915-4d79-856a-7d8565e5153b,LY
cf809219-ce94-41b8-9cd7-aff9ac75221a,BA
95dfe6b7-0af7-4398-96d4-b7dfdfa4e28f,SNE
81aa960c-cb7c-4d50-a070-1eba8a67bc3b,SNE
cf0f346a-9bc5-400a-9dd4-e4e620d13c5f,BA
7d74cd9d-329a-4c17-95aa-b5d57d21be0d,VLY
dc9e0679-9c90-47b4-b1b8-21532a76515b,BA
7c4e28bc-a187-4ded-8a49-3f80c792b983,SNE
b5c035c7-c678-472d-8014-dd037ee34960,LY
843126bd-ce3d-410f-a6db-4c9344886c15,LY
95b04646-d20a-468c-a2e8-096904826908,SNE
89b75c80-b2ca-4a09-b764-341d722b5828,MMY
26d10354-a2be-47df-afc0-fcb4c129d0a1,LY
18852ba4-5cc6-45ec-9206-d48fc513d769,LY
86ac065c-0f4e-4025-89d3-86876c3ff91a,MMY
48f9e1ae-2d91-43e0-a3f0-856f80aab09e,LY
322800ac-eb20-43d8-bbba-7878c4219e70,LY
ba408756-0d04-4c7e-bdbb-1142393b2fa8,SNE
da96bfe5-4830-4ffc-8d35-3174e6aecb5f,EO
451de7bb-d98c-47f3-9f25-217c0e5cbc40,SNE
c6d8f277-ecad-48ba-b090-07faa8584894,SNE
15512169-4c6e-47a7-b8d8-1b6e3c059ec4,SNE
fc161997-8982-4768-b930-8ed9da06c0ea,SNE
a9d31153-a4ab-47f2-903c-b035eba5137a,MY
e9769dda-5e66-4966-a29b-914a2cd6b680,BA
247ff72a-f81e-461c-8eff-cbb0ffbd747f,EO
9ccf8ed6-435c-4cfc-9273-d6f0c7b858ff,BA
45a7a49d-8c6a-43c9-b4d3-152caf9f9717,EO
801e7521-948b-40de-a6e8-ac3c46041b13,EO
82305cab-c911-4f62-aff9-2e8ce0769207,EO
758f12f1-b3de-4b5e-be2a-371e172382ae,SNE
389e6258-0661-4a4c-99ab-56b6560cf422,EO
cc793a40-4b7a-4822-b43f-13b63d899316,BA
eff5330e-9009-46dd-8803-e405e0b96c31,BA
ec088045-1a3b-4869-a5fc-2e7af31e8d5c,EO
6e43a055-627a-44e6-bebd-1875a952a8fa,LY
8eabba20-6449-46c0-b178-859e538ac8d6,SNE
8a955d15-8fd3-4ea8-833a-fd7b6213c1c1,EO
f0aefcb4-2c47-44c9-9f64-05eed2ed9ce8,SNE
2242fe6c-16ae-467c-9fc7-406a6eaaae5b,EO
aafc500f-38f7-4249-9b50-337e357380f5,EO
68351630-db57-4ab0-b21f-1e12e98fe7a9,LY
45ecb357-7b96-4147-9161-68be7f2393c8,SNE
27d59b24-3651-453c-8334-adef7dedec3b,MO
93530dd8-9619-4903-baa9-a687e343fe3e,SNE
c5b5d824-fc22-4660-91b7-e159bc447f42,SNE
12abc9d8-0127-401c-82cb-1c2b21b786af,SNE
6ee4ed5e-1a9b-4903-8a60-0b284b8d65e3,SNE
6d73e2a0-6219-4fa2-b634-56a644ab91b0,BA
df47797f-04e2-44d1-a7f7-0ab7f510e0cd,SNE
9b4bb6e3-190f-4575-969a-6a6c0c31b09e,EO
9cfb2986-4e8e-43bc-89ba-7600864e1a3f,BA
5554d401-0b1e-4328-9704-1a7fad9ddac7,BA
271b0220-c51b-4524-91ab-99eb8d45d6cc,BA
b3ddfa96-6f17-4d66-9edd-e4b4e41ed7cd,LY
626335a3-b22d-4626-90f4-8a4b662d6e15,LY
133a7a69-26b3-4d69-9f5a-61cf18c3b0c2,LY
dc074c8a-29ff-4afb-a430-34e3e837d9c8,EO
1c4d995f-9030-45ad-851d-6c83d2957455,SNE
da7427a2-0213-45ea-9c18-b45926ebaee7,LY
eac67013-c218-4492-8b89-927b027469df,SNE
9db9374b-cdc1-4e27-a9da-54e288b0ef20,EO
cffb9e22-9f3f-4c43-96f2-0111a8c108e2,SNE
b9413744-3db3-460a-ade2-9be028d72a99,EO
c4e52503-3dd6-474f-8cf6-7f4ed4cd03ac,MMY
63ef2f9d-212a-4a0d-81bc-0cf955468e28,LY
4a12dac4-4c89-41b5-88b3-e2d782cf14f3,SNE
91c67944-e3f8-4543-b886-f61f58745deb,LY
f90488d5-46a0-4401-8fad-b41147a0abe1,EO
f51e26e1-6fb8-44b8-9991-2c95784348f1,SNE
a26f7342-e815-4a9f-8605-1b172cc2ba2b,SNE
8cda8b47-060c-45f9-b69e-e7063fc98c5b,EO
0fa8c0f1-9d0b-495f-8897-7f853c602fac,LY
e46eb78e-c810-4c37-8cb8-3cac67356a92,SNE
8848d1f5-4fcd-4301-ac31-8b87c6ab64cf,MO
9ea753ee-1aa8-4b93-a037-7fb7618e324f,MO
a517f4ab-3b3b-4962-925b-f897fd821565,BA
f0df25eb-da7e-4ad4-ae0d-b6077ab11165,LY
b3268648-0ab7-47de-bc48-3b6f6021feb7,SNE
4e59f379-74e6-4da1-bfb9-23095db8e67a,BA
ae7982cd-df13-430b-8be3-2dd8c0581464,SNE
624a17ff-b8c5-48a5-a016-0fabfb627cff,SNE
27b9a0ee-62ed-4f76-a442-524c45beaca1,SNE
e800e5c5-1194-49ee-b33c-d7b5860a7589,LY
026028e4-50ce-4c26-a7d3-2e13c2d42ce3,BNE
8fd6ba34-c3ba-48a9-90c5-4482608f1527,BA
a3e58363-2fb1-4075-87c8-bd53017ca82b,EO
ebc4edf9-a66b-4a4e-b645-79d60b2e0bbb,LY
030c508d-a793-49af-b716-7c68bcf37f1e,EO
d9f959f0-f360-4db8-a6a9-17fe54d5fc48,SNE
03b61588-6048-4f0c-8d52-bb7e2b775fa0,LY
85f15beb-0a36-480f-ac03-f7b33e46685f,SNE
12bc0473-9014-4fe5-899b-90333c7e18d0,MY
aae5c27a-90e2-4689-9f20-e59be4c7e274,SNE
b45e45ef-894e-43b6-96f8-fcaabf53b0c4,BA
1ff3b215-d07f-4f52-8fd9-a67055110036,EO
37bb6a06-6fef-4659-adfd-bc3e57cb049a,SNE
7036dc99-70cd-4465-8793-0b48b5bd6994,LY
1d62e8d4-b42b-447b-938b-c0ed83107cce,MY
d205ec16-8f53-4485-beda-2296d609c411,EO
69b2f4c5-f8ba-4530-a48d-c670e84acd2f,EO
6488ca4e-5cf8-466a-b3e0-006ba03414dc,BA
9f7b1f9d-0ec7-4365-92a4-7ac08f474f4e,SNE
4829cd00-3448-47d1-8f09-fac9f0cd38b9,BA
12d81cd3-95f3-4e3b-89ac-27157446736e,MY
5592950d-b389-40d1-a6cc-034f94e875d5,SNE
d2065b97-98bf-42e3-8773-030d27684474,MMY
9109f485-2ed4-462c-9eb1-09091c72946c,MY
eb5ef203-5c94-4f7b-aa1f-dd5996a47701,LY
f3ba531f-d76e-429a-8dcd-cefab0a41a1b,LY
f7f6b0cf-7593-4176-87ba-87e49ebe10f1,SNE
81a3f02b-1a05-4688-a7f5-ad32f2b00481,BA
7356bde9-b3f6-478e-aa00-309225f0af53,MO
44889261-8327-4799-849e-b70a2b3a5f26,SNE
4748a0bc-cf5d-4326-b07c-572bb9477837,MY
9fcc0ee7-3a3d-4ad2-8245-dfdaad9b1a5e,EO
23ef159d-6373-4d70-81eb-31b95b1f9cd7,BA
aeeeffd4-3e46-4194-9cbf-3a913485adf3,SNE
9a710df5-f0d7-45af-b9ae-68af0629e4b1,SNE
eb66b8fa-9cc2-4e45-8f2e-3a3683c82bd2,EO
2a09cdb3-f3a3-440f-b06b-e77ac842f4a8,SNE
03801261-c860-41a7-ad63-6ad4fa4cb3f6,SNE
acaabf7b-7a07-4c99-b6a9-d7aaff0f3088,MY
28eaa05e-c2c1-4f48-a943-80c4bbe0dadc,LY
bb534b38-7d59-49be-9c63-334b15476a30,SNE
36c92fe4-7ff5-4c46-8928-a446e3b19ad5,LY
04a8764d-2242-46ed-8db7-8dea87779619,MO
935caafd-8906-4e4e-a327-40f3a817cb7d,LY
12477676-9246-4ad4-b6eb-5d8c969fa4dc,SNE
d876dbbd-a7d4-45a7-83ee-d2f7126768db,LY
fff213d4-6c8e-4de0-a660-bfd39da89a6b,EO
5a3d3a19-9d0c-4092-ac1a-8d3541f030c2,SNE
607ffc24-e695-4013-a8a8-71fe36f61f7e,LY
10eadf75-57a2-4d20-a6be-bbdcb16525c9,SNE
1f0abd3d-de01-4ea5-aa78-c44892578d6e,EO
bded786d-75af-40d2-bc39-e576423eb035,SNE
e56bfc18-0bce-4f67-b2a2-042c5065645b,SNE
7b900b44-cc77-483e-a78a-2e60390c0010,MO
27b6df83-32a0-4e2c-a1ce-133d8635fdef,EO
077e4f79-b4cf-4cd1-80b7-9d5601482cd0,LY
0c517d2f-4fbb-4ee8-92c5-3750d6e7b498,MY
160b551e-24d6-457f-b772-9789b90e2193,SNE
378f7f6c-a14d-40a9-8d9f-3bbbfe147017,SNE
389565b5-4413-4046-a773-961d705e6af6,SNE
a8e903ba-4b76-4bea-99e6-df45d4b9a435,EO
c42d5198-aaee-45c6-87a4-c5f9ca2971b9,EO
30b8d717-1597-4778-9728-3cb7b065c005,MO
3d983ab3-72b4-4518-adc7-ad956547e8b8,SNE
b5229617-8313-4c9e-aeb1-558a27b4db80,EO
384b7233-25a2-4813-96cb-8a9f1fe3d4bd,EO
51aac5f9-4e0b-4f37-8148-9057b3439ea6,SNE
81b3b637-94a5-4dba-9ae8-980b7cf665a6,SNE
dc8e57a8-1e33-4bbc-8ba6-76b3f12e29a6,SNE
a281735c-58b3-4762-89f5-255e4f7189ff,MO
211136dd-a5e6-470c-8e89-5f9fe1827c18,SNE
97bddf15-820d-42fb-af39-02b2e48360e3,MO
ebf2c2b6-d12f-481e-b906-8976bfe1ec22,MMY
afe92e87-437f-4a66-92b6-905a80024359,EO
24e8f0c3-4802-48e4-abbf-1438b9d67678,PMY
b32ee042-4c2f-4742-8025-809949af9105,MY
d86dc4fb-4d15-4b7d-91a6-bdf448193178,MY
a6125e11-40b2-41dc-a0b9-202c8bbd78ee,EO
89683ae5-11e0-43b5-bda0-80ed3175cec4,SNE
ad3590e9-216f-435f-864f-5adb187aab4d,MO
b23b47bd-9429-4a8d-b2d1-69626ae20463,SNE
ae09a6a7-4dd3-44a2-91a9-ae7b02336b84,MMY
f6718ba3-55d9-46fc-a242-d0994185a82a,BA
bd938549-97c6-4e1a-b070-006ea8b8dc46,SNE
1ecff6a0-4c78-4ef0-8c34-1c95a42a327d,EO
87397fc1-3e12-4e92-9875-cdd8ceaef0b9,SNE
3b3f6ac7-e992-4fdb-8f55-ce10230a696d,BA
e2abc5f5-7f0b-446f-b9d3-551e79315962,LY
deba6db4-e9c7-4045-b963-88e39f399e01,LY
129baff9-809a-45c5-95d7-0e6762e2de47,EO
e1455e50-0738-4efa-8de9-164dc344d323,EO
e7b467cd-3e1c-4f62-be97-69ed13697640,LY
8715ef7c-c339-417f-ba6d-907342958c08,MY
56f79e68-574f-454c-9cc2-2f73866d9760,BA
daceee74-4a30-4b56-ad1e-50887751e5ca,SNE
ada88930-fb8b-4fcc-8324-6bb933e12e45,EO
851736af-98ee-44e7-a158-6ed51ba8b610,LY
06329664-42b2-437b-8cb8-ce81d15adcb8,EO
0671fdfa-400c-4e18-93d3-5ad50ab35579,EO
b0b950c4-d222-4902-b84a-e59dfa7c7c06,EO
fc0c1d80-149a-4bce-b991-1eb30bc1c753,SNE
921dea8d-a1c6-4007-a2f7-ea2495aa84dc,EO
6be786e3-30e7-49a4-8cb3-c7f88f85baaa,SNE
22e765f9-d5fe-43a3-863f-e12b957256a6,MO
2bab8cdf-6b43-454d-82b1-2b5e84fbdd52,MO
70ec8a86-ea8a-4655-b991-567c3b6f6812,LY
3f3c8573-e4e8-42df-b0e8-e9a5b6c74093,SNE
713d5fb1-3b6c-4e12-99cb-0f0b6b025f07,LY
2c6c0359-2bd5-40e6-99e7-e25e5e44afdb,SNE
d8004e29-925f-4a7a-b573-f33e0efe3feb,LY
54e61aa2-3e0e-41cf-8384-2ade9b040486,LY
e2247184-0bcc-45ed-934b-ab84d3d39956,EO
ee0f14c6-57c5-49b1-9a58-d038f611083a,BA
c6beab12-a272-4a63-8217-7e1ee0461954,MY
f170574f-bb57-48f9-8bc7-49f6c0e78639,SNE
be8588f6-fcd8-4089-adb8-0182d1b7e2ac,VLY
517346c9-00ef-4721-afd7-95e04838b42f,SNE
1f09db43-a4ba-4621-9714-895331e8c2a2,EO
ae0ae70d-f5b4-4d07-ad68-a286244a926e,BA
f17a8401-5dbb-4447-8ba9-b96b9d5016a4,LY
d8f54360-c729-4e25-b891-f39f79a8bf18,MO
cc7c382c-a68d-4441-b2e9-493067b82886,SNE
d06b8296-f900-4d74-900b-8c176d22409b,BA
a3396ac5-edb1-4c02-9c85-0e2c263c7689,SNE
78a4bd95-393a-4017-9816-27bf797a4718,LY
e8af98b7-81f8-48e7-a1bf-274ea57e37a8,EO
59231745-8c07-4491-90b1-71311dde248b,PMY
dd37c9b3-6b1d-4647-8f67-fae01d4ac6f2,LY
54f418a6-167b-48f0-87b4-a68c08ee9a29,SNE
6f1c7329-b8a8-4c63-ab33-5c505913bdde,SNE
1cbb6288-d1a5-492a-8dd4-7e67dc0aa1da,BA
6231c78d-2e47-4dd2-801a-da0274a27308,BA
89137cd4-b5f1-4e6f-a848-09f4334055b4,EO
1a74bb34-4718-4e11-9b9f-1a0ccbab7dcc,MY
3e3248aa-bed3-4d15-b0be-e6586b72e353,MO
2e7c7e67-1e6e-47a4-91ad-77ad8cc74763,BA
2e23448d-200a-42dd-86b7-f43a2f623be4,SNE
dafab1fe-2859-46ac-a742-3c576cb3f341,SNE
c07031f4-49ec-402f-b5a3-a1c35ebef7b8,SNE
9d6dc508-a91f-44b5-92f1-25aff3e0c261,EO
1eb97fc0-3766-4676-a04a-7479818fac73,EO
0099a95b-f0db-4a70-add9-b5d5033fc778,SNE
7aefc9ef-36ab-4ea3-aa0b-4aed0514fc76,LY
0072611d-abd8-41e5-b9de-e66af063b72d,SNE
35f259d1-5493-4b5a-a434-0c32f788ea22,MY
51d50a85-5679-4535-bff7-06511f087f0c,LY
26ee3f61-3525-47e5-9afe-5dd5125514d4,MY
6de85f82-89dc-463b-bba8-7402e568f4bd,SNE
2267df1f-fd67-456c-bd30-47f77b4e3b45,LY
901445a0-664d-4fd0-b579-7a2cb42dafe2,EO
dc2902ec-5dfb-457b-aebc-8032d36c4d5c,SNE
cd982213-7fcd-4962-ad32-d38c2f276468,LY
23f9b2eb-2922-404c-bd99-6c43f34a4b6e,SNE
58cdbb79-3691-4cc9-ae0c-78b67c45fa5d,BA
3b192a6c-2299-4fc2-b0f8-5d4a38fe9563,SNE
94333ecb-d138-4c57-94ca-1f4a68135e90,LY
8b0b5e46-1389-4983-a022-4dd265add4f0,BA
3fa9a855-ef6a-4c23-b2a7-90ca079e0db1,SNE
c02e2380-d54f-4f38-959c-4beb5dd75c97,SNE
f8352980-fd66-44bd-987a-5d43c84e9a87,LY
9d65ad09-c7f4-4e4e-a0f3-2dca0fe58eb4,EO
80e3812b-c684-4bdc-81de-f8dfb1ebecf9,BA
683662ed-df08-40e2-8665-613aa3b664bb,EO
86c383e0-317e-4aea-96bb-ebe3385c0dcf,SNE
f953b2f4-88fa-4858-aa68-e0136f7d2d8f,SNE
f83edae9-053a-44b8-93f1-5b5c50d0ff45,LY
adae3ba2-cb9b-4316-b7f1-c968ee7f9737,SNE
932aca90-0ecd-4646-8523-fe5a0ed91461,MO
7deaead7-37ff-439b-98a8-3bb24e4961ee,SNE
158799a5-2eee-4c76-bda5-5fcfcdac7465,BA
71034368-0c10-4046-95e8-c765ea05abce,SNE
58ee8d6a-4cd6-4e20-a914-ed1d63eeef92,EO
56f14fe6-8c92-49dd-ab1a-b1e8e2eb3099,SNE
3833f7eb-427a-4d26-9d59-1f64b85d4690,EO
af74ea60-0d30-492e-a4b0-54eb29fe9c5c,EO
40cf0138-3c4a-4e06-99ed-d9cdced6f4e5,LY
2c4f9e3e-f425-443d-8f63-0548258c9857,EO
f9d725a7-2aad-4b14-bf9f-8526d0170e7e,BA
48af45c4-6374-4573-8dd0-e5faf0e48c42,SNE
d30e3314-67e2-463f-9a55-8929dcc093d5,SNE
b6e95387-4973-4f8e-a04c-526b5af14776,SNE
100ceed0-0d2c-48d4-a4eb-3b4f64c430d5,LY
bafb2f99-e5d6-4dae-ae0a-45752bbe98c5,SNE
138fc66e-15df-4af6-a87c-da96134cd8a1,LY
5d35eeb1-19ad-4d52-acd8-1a0100498624,MY
338999ab-36ba-4cd2-9081-1e212ea52b46,EO
968ada25-4715-4ec8-a460-e6cfbf5a165d,SNE
81d95a14-3b96-4c8b-afbe-4a81598369f0,EO
13300a44-6646-4889-9af3-58aa92c5cb87,SNE
33af20d5-f06f-4210-ab50-ac72f609dafc,BA
0243c7d3-26e9-4eab-959b-776c3cf0da7f,MY
252204f6-b804-4bcf-99b2-3901d1f0d3c6,EO
2ff1153c-854b-4cee-986a-a02a3d47dba4,SNE
42551151-df77-4c66-ae9b-deae08ded4b4,EO
0f60235f-89e8-447e-a648-cf608fa0f6b9,SNE
f593c205-c6f2-4ebc-aa06-9d441f37d25a,MO
b5ff0eee-d687-4169-82fc-99d8433f4858,MO
a0020810-d7c6-444f-9c99-337a1e0c8b41,BA
83601d8d-662e-4d35-be0e-0dc551a220bc,BA
f462cee5-d601-4b1c-b730-ee2f08604eae,LY
c60b8242-1ee9-4131-92de-715d513ccb21,LY
93767dcc-816b-4bda-a723-f2ded8dc1dbf,EO
92a87761-5797-4928-8fd0-9561ba36675e,LY
9749c73c-ee17-44c7-9cc0-100deeb67eab,MY
eae8682b-1d8e-427d-81b7-0aee4f96e727,LY
424bbd95-f285-4f2f-8556-8cba0b82a2d7,BA
869196ad-38ca-48d3-8218-3ba14c0f48e9,EO
d88e1e8b-9b25-4765-a576-aa3dcc74cbe6,LY
67f643d2-ada7-4231-bb28-83a1962868e9,SNE
5b7cb448-f889-4d39-8624-9056976674c6,BA
39580ca9-7cd1-4b37-b732-0bc7d7723ba1,MY
1bd6812c-cfe8-4d8a-b3a4-1b48bae79de2,BA
0465172c-80ce-4253-88ea-38f41eedd177,EO
66f242ac-b836-4eae-a157-a2620e0eb9e3,SNE
75967d3b-fdc9-485e-b86a-f751b37eecea,SNE
590fb296-83e0-4c5a-9cc4-5b10168dc4e0,SNE
de0757eb-4c56-4b63-a81d-8ab85f13e3e1,EO
897b688b-aefb-4b5e-b6d0-384eab80bb4b,VLY
45a94cad-f078-41a0-bd21-c6d19cca1e02,SNE
f5644f79-7190-4a9c-a870-033f4b91ad1d,SNE
3e7310d1-f436-431a-9d19-8febf0bbae01,LY
00cd211b-3454-4b85-9db5-5381e613911c,SNE
d8e8bfe1-1509-49fc-9378-07681f226209,LY
47b87100-ffa5-42f5-971b-e5797541d140,LY
b92a20c8-aedc-46d3-a791-0244a097b028,EO
caf4611d-5106-4e51-876b-1203e11d5248,LY
8317cdf9-b1e3-4266-9159-dfc05338dc84,SNE
b6ccf865-beff-40ab-8e91-459f74eb2729,BA
74717565-1ecb-4102-9ef9-73379110c14d,LY
7d85d2c0-5892-4971-94cc-a8c990f727e4,SNE
0facb102-1bc2-4f35-9a00-650cba27c642,BA
07498429-f5f0-4b2c-b019-a1fe99342287,SNE
5718d61e-5892-4ec1-b251-ad2ec8729ab0,EO
232f120b-2c90-483f-833d-e8bce4524ac9,MO
8807fdf6-d1a0-417b-817a-92768071b0f0,LY
c0738e01-fef5-4471-b550-6e2968e170a4,SNE
519f4b9b-01a8-436a-82aa-8ac8c8739cdf,LY
1bd76f36-6a2b-4518-a3cc-5daa0d12e3d6,LY
d63c3cfb-0de0-422d-9371-63c88038a30d,EO
39ba90d5-5567-4d5f-829c-2b1fb54ec465,SNE
979a48e1-00ac-4e1d-820e-bb2463769145,VLY
760459b6-9e6f-4055-9055-b0b8e516e21b,BNE
53b1dc79-5a93-48a5-98d9-559f2316b99e,BA
4c5f48e1-e2e4-48fd-bf6c-45909c07264d,SNE
43c7ba45-7d26-4b97-8a6f-41632cfc0f92,MO
6dcf2bb0-ac5a-49d4-96fd-c713f637fad5,BA
9fae5b7c-93f6-490d-b313-79d61d9b16d9,VLY
1c05f55f-a628-43d8-ac07-8ab02cce280b,SNE
379ebbb2-02d6-4808-8230-b4c84891a21f,LY
c0773d6c-c681-44cb-9cdb-a5c8c31230d9,MY
480f1ac2-1dd3-4f82-ace3-679957b20415,SNE
12684f00-e85e-4575-87ec-9f1c3476347a,EO
96dfc1ac-3a84-425c-90f2-91dcc1ab8d75,EO
f7a21d05-07d2-41f6-802c-aea8bd57bfd3,LY
deb0e6a8-88cc-4614-99dd-9cc3f28d4ef9,SNE
ab3cdd98-c4a0-4514-b38a-55684c9f8503,SNE
914f99be-79ff-464d-91a1-6e1161620f18,MO
b717b81a-20a1-44cc-bedd-0a8d393e069f,MMY
2732e34f-1572-418a-b13b-044cb4d7eca8,MMY
7563e5ae-1fe2-4923-917a-06b639cf746b,SNE
6bbf094a-791f-4a91-95fc-780356fccf56,BNE
b03c2366-e561-42d6-8abe-a0fafc7118e0,MO
38878122-aa5d-4cd1-ba00-93bae0f19fb2,SNE
d3bb8436-d281-473b-b18f-293db716ac9e,LY
4db34ed4-1389-4914-abe7-c36de8c4410b,MY
986008f4-760b-4534-a6d9-82046370b38b,SNE
92b4fd94-efe5-48a0-bbcd-4617ff50e5fd,SNE
4a37661a-b800-442f-aa44-525d25be395a,VLY
0384ffd7-874b-417e-94d6-daf4f1e01c0a,EO
0a9828a2-5bdc-41ba-bffc-9f335179f2e1,LY
fe4b61d6-6432-4734-bd7b-e6b6a7b2065b,EO
bf52d637-1b9a-43af-8d1c-f3e3bebf6149,SNE
ea8deee6-665e-465d-9df7-e06f8cc75e49,SNE
59fe6a77-d54f-442c-a860-0e6040c4dabb,BA
9718f66d-9a56-4ba5-ac2c-e4e0c278b902,LY
cac50905-2cd8-475d-a27a-2d5daefb9c1f,SNE
ab8bb4f8-5f1a-496f-b803-7a2f3eed3a92,SNE
605a55a6-cf53-4a04-b6ca-601f32b8af58,LY
6447444c-d4e3-471e-b11c-8fa551dc499c,BA
86b7a77f-3a7b-4877-a9a4-174216e19dc1,SNE
7fbccc2d-b2c7-427a-beff-35005fb574d2,SNE
21287099-c549-40b5-b14b-45ad83abd030,SNE
242c17c4-bd38-4ab7-ba3e-9d113ea17462,SNE
11cb9ddc-7ed1-4659-9835-4a8ce578503c,SNE
9bd6a362-03c7-4f23-a84f-6ff8435cac45,MO
c33c42a9-cf3a-46fa-b2dd-11d50500030c,SNE
efe2029a-3e49-4681-a04f-5fa8b9d97365,SNE
ae2dfa7b-4288-4022-971d-400f17ba3deb,SNE
7c84350b-e093-4bcf-8f90-8299e4aa1d4e,MMY
32e5d7e9-e2bb-48c0-80ef-5ff09fb8e51f,SNE
febaaf83-1bbc-454b-a9ea-12fc732dc3f9,BA
30878fad-c61f-4fac-b547-cd50f099a6b1,SNE
1cfcfd5b-5709-443a-a3e1-c8abf13b0f84,EO
bd5df013-11ff-4762-a4bc-a38b6ba9b79c,MY
fa3946a7-5619-4517-a57e-1a1664b2a6d7,BA
84a3e122-0cfe-42d3-88e4-266be700318a,EO
255d41f6-68a9-4384-b2bb-3dcb7db731f4,SNE
21f6ba71-2fd5-482e-8c39-a45dbb946952,SNE
e47fe6d1-542e-406a-811f-659eee1a3ac3,MY
9deff2dd-9280-40c5-b6f1-94a6a066aded,SNE
69a23854-83ea-4d76-b0b0-2ccc78e96239,EO
f90ecd1c-5200-4c43-9c31-4ee193ac3f2f,SNE
0cb47843-dcf3-45bd-a38b-34365e89eaea,EO
ae91c53b-e3ba-4245-a4cb-c70ad8c99113,BA
44e7eb33-2f3a-4c22-aba1-c56ad00b5010,LY
aee446a3-9340-43f8-a928-248ded4c3c28,SNE
1b69fced-d198-4133-962a-184932c7f39c,SNE
d60373aa-8567-41c8-9eb4-e2042a8adce9,EO
cfc23259-1594-44ee-907d-7c82d066a317,LY
e390f4c4-56b9-4334-a9c4-53ac3a4e79ec,LY
22b8a8cc-f537-4a21-8082-0e21abfa77ff,EO
9723d175-e966-4431-a430-c7c85c9f65d2,EO
89f227c8-0088-4247-bf54-07802dfe0ba7,MY
ad13a2fd-a440-4d4b-8f91-30f2d4b6063d,SNE
5e9d36ae-bd05-4f85-9fd3-da089e8bd8f3,EO
8afd7953-cb2a-4ed3-9ffd-474da5d118fb,SNE
e4491dd7-76a6-4fa8-be56-8f6127ac5d7b,EO
10ca690b-af03-44cc-8379-ca664a5ad6ba,SNE
9ac649c3-b5b5-4f3b-9cf1-2de208169c96,EO
c9f1dce4-2668-4f31-a33c-49980269adc3,SNE
e32d9293-eac7-4818-b418-4377ee3b1c21,SNE
552473a4-425b-4ee3-b064-05861564c6f9,SNE
008263d9-3804-433e-8668-71a9323dfd1b,BA
1b34d62c-1f02-42c6-9a81-03764807e255,SNE
05075cde-580d-481e-9d87-0275332faa41,LY
43966b89-a41e-45f7-8a69-2616609b0172,VLY
d34ed325-53cc-466b-ac84-2090373083b3,LY
e0ab134a-e295-4b46-b273-7212baef799e,EO
1f586c09-d9f3-4d45-9c16-dd25b08dc385,SNE
d034c7ec-aeed-412c-ab88-d9bf308c3dd8,LY
99f6ac50-1c87-4aad-8ac4-696d4f0c3903,MMY
d1c94c7f-f67f-4c52-80a9-eb9eec5ece84,MO
ee3e6701-04d7-433c-bdaa-d14a85e08e0d,SNE
4d8a003a-81d4-4c13-b0a2-1b3e4280ae23,LY
c2fea1bd-6f51-4815-ab6a-b4e1654a5d94,MO
f55f8d12-04c0-464c-885c-939b521872e9,SNE
7d405d4a-563a-4aeb-ba7c-87b08d04db34,BA
a7bd8dc5-2fc9-4382-92cc-0b3e7b4f5a35,MO
4c2d00ab-2b68-4b91-aba4-adef9a27b0ea,BA
58f741b4-4a15-4eb5-a388-6e4973aab95e,LY
3f93a726-b46a-4273-823a-1a4b325ed44e,BA
76ff8f67-247f-480f-996b-aaadb357b405,BA
ef45b363-a315-4fc4-a5f3-6072cfdffb6b,MO
90579f3f-5d3b-4a0a-b19f-5658ed440889,EO
1b254ea1-647e-4861-bbc9-58f1022e9030,EO
0c6a0b14-3623-4dc3-ab0c-936bc45aee95,EO
992d21b8-21db-439b-86cc-df74781ae686,MY
bf038cff-82e0-4457-81f0-97581a5a4628,MO
9206b632-f62c-4749-8992-08b2a35aa99b,LY
e948fed5-cd6a-41ce-a10c-3aa974b3f722,MY
cfb152d3-3272-4639-827f-2c7952179942,SNE
7c497369-4985-4d65-a339-04fe54d05cbe,SNE
ce4f5d41-f645-4095-bfbd-11cfa82b539b,LY
9304fc85-5a43-45f4-904a-a63f7cbf384d,SNE
087ad8e1-f6f0-46d5-9026-e88fd7652c5d,SNE
c9becc82-9210-4676-87f1-8ac158f61e6e,SNE
9f2b003a-1838-41af-8073-3a0ca390c518,MY
7e2f8a6b-5143-432d-9b88-454935059bd2,MY
7939add4-3c92-4947-9d20-57ffb4b4a7a7,EO
39139e82-1c13-47a3-8fed-786a5c02cf96,SNE
e793a9f6-9f2f-4555-ba99-901bf40b83ea,SNE
71794ee6-d155-4e4c-985e-dfbc891396a7,MO
766e93c9-12e8-4ead-b013-6e01de4f32ff,SNE
e6650fed-aeed-4a4a-8e12-e7db3d280939,SNE
68514317-6ed0-4e84-8d58-320d9d92a569,MY
def187c8-656e-4c3b-84ba-b4980439af60,BA
a29b2efb-97f0-48d4-99ec-e69f2a80b5b3,EO
6e4af56f-4a16-49eb-a080-df418c514bb5,SNE
4dbd3604-b661-4eec-a492-cc6c440fb2e9,SNE
f496d35f-be62-44ea-a2ee-e3046636a9a7,BA
fbe54d57-bad7-47a0-ac43-2d9e7758099f,LY
3ee9dd89-ed7e-408b-bfdc-cc72c1518aea,MY
5642a143-c1cb-42a0-9d1e-bfa9cc3cee6d,SNE
64f30898-d769-46f4-ad6d-010329a02e3a,MMY
39f5ab4d-01f6-4aa3-b03b-fc65b4ed82b7,LY
28ad5302-30ab-4bb3-a76d-c41b1a0a4800,SNE
58be1d92-5fde-4666-9bd1-2d6f033c3ea0,MY
1dc901c6-baaf-418c-aa15-17407545dc22,LY
d7d06afe-5cbe-4aa9-9d34-ca5305284764,SNE
f5c7988b-c775-4fbf-9f6d-9eaa9cc00282,EO
0fc373a5-c5df-4814-855b-999433e0d94e,MO
9a0e1723-a85c-4a5a-b1d2-a5aebc500b00,SNE
b2b79df4-6d7e-4f13-bd83-329d5744d368,LY
e92e36c4-e7dc-49c6-8ac0-5f1fce893752,SNE
3533db39-3489-46a6-8ed4-bda0a4cea651,SNE
8db83187-52c7-499f-ac6d-b5ed4753bfa5,SNE
5162a1ec-9962-4098-9a90-cd21608b1ff2,LY
da36749a-9f0e-47a8-8048-6c3ee1924f0f,MY
39ac91ef-5281-493a-9b7f-15986947e62c,VLY
4c2bd3e0-478f-47c4-8be5-b25cdab5ae2c,SNE
783e793e-d72d-451e-8227-51b811a7923d,MY
3dc8d649-5bb8-490c-9bd1-a9a030be31eb,BA
02ceb6ad-12ef-4917-9335-8ea440d13a5f,EO
77d5432e-57f1-4827-abaf-9aa51cd88cc1,MO
65c5d8c0-5aea-4888-972a-96ae9959ddd8,SNE
871680d5-9203-4a69-bfbf-02c3887b54af,EO
9a4e4cd3-d58a-4b0d-b73d-1e3e40ebb7f0,EO
9d80e079-41b6-4978-9149-af8fa78ab762,LY
898ab12e-b0ad-45c5-8d86-a40c8e3fdd8b,MO
729c852a-e1b6-4c96-9547-e6bcd4bb75b2,SNE
1df48f11-2822-4eba-a0ab-3155cebde4fb,SNE
ea4ca488-aabe-45c4-bbea-59c485ee7a04,BA
d4c5c052-295f-4e05-bbfd-b48b2506acf2,SNE
3746778e-3431-43f7-93c7-bd4d1fff0ac0,BA
48cab3b5-9668-46c6-883c-02726809d224,SNE
8c76e95f-0b5a-4884-a253-f8a02065271b,MY
937a7eca-0111-4aa8-b767-b5203a970ba9,LY
0bbf71e1-7be4-4253-a766-8bee92027b5e,MO
202f2630-202d-4241-a325-22b2cc8285cb,SNE
485f4a04-7b87-4fe1-9249-e8398fa9e099,LY
fb38f551-4d71-453d-91bf-f122eb063966,BA
8679ebb3-5612-4155-b9f9-02d84df0f27c,BA
10ee0921-b56a-4742-af82-150407fed238,SNE
f62a8dc6-81c0-46fb-a4a8-86c34ee9156a,SNE
7b3d82fe-6c5d-4a02-b7fa-6fc81660fb16,LY
e6f1278f-45d2-41fc-b9a1-cac718759f86,SNE
99a6ce5e-eb14-49fd-ba02-838bf37cef3a,SNE
d95b4b43-c777-489e-81b1-88215b24aa4f,SNE
b7d611bc-09f3-4d91-8d46-6aa2cf1ba65d,MO
2af004c2-6a6b-434a-b6cc-2ec384479730,SNE
9cfaa3af-7386-41ce-a9e1-4f2ebce73c68,EO
09c9e590-f5a5-4be8-84c8-0b190d5b75e1,MO
c61abc0b-e7f1-4ae4-8827-9e4fc6dfb290,MO
9f2e7d57-9a92-401e-8198-5568f5edd540,LY
34618b3d-93a6-4a75-8c18-695cc4b69aed,MY
f0e83663-1e5e-4c9b-afbb-3fbdd66e0f77,SNE
6b07886b-ad1c-4231-8b13-8280a1f6d63a,SNE
c848ed3f-1f2b-4cf5-a40c-060066025409,SNE
f5ad6e8e-45dc-4ef6-a964-8a537560fdf1,EO
7ee00628-d56e-4c19-b903-cb5c0514b674,LY
5f23cf39-e7c7-4eb0-bced-76913fdde077,SNE
e73b2c6f-dd4b-4612-90a4-90cd800fa215,EO
3b4f75ac-fddd-49db-929d-ca12a2fd6692,SNE
ab3734b7-2de8-431d-8b93-4338e26b07f6,SNE
570b1ba2-d4cc-40d3-b727-31bc87787f13,EO
79fa6828-1c38-49de-acb2-e8ff1cccc2cd,SNE
b101c9ca-29e0-418b-832d-157aae06a3c7,SNE
353b2e4d-6875-44ef-9944-e8025519df66,MO
ef7dbfed-2b23-4d3b-8845-a1a8f2e22f76,EO
32c20930-eb42-4cc8-94cf-bbd484f7a030,EO
aed9685a-75a0-4d5a-89b0-4444a2ebcbed,MY
9b8f2142-56d1-473c-b680-51c38e584b41,SNE
0ff672f8-d82e-42e5-ba56-0c4002c6b1a5,BA
6892e4b8-e1e4-492d-a4bd-104be8c4fc0f,BA
164df447-6fcf-404c-9286-e739eb667d18,BA
8026208e-6cb3-4d05-b96c-d9e96d053fa2,BA
77cfed46-5cf3-427b-aaa8-67d64dc75c24,SNE
02d53f45-011e-499a-9bb6-5af04e027bdd,BA
f3997e38-2d5e-46d1-9283-ee60e383f358,EO
834dbb28-9c7c-46ac-b241-9b269904a61f,LY
ae06adf8-0a98-494a-89d3-937e3ee3a0c1,EO
ecebcea5-d287-4b2a-a559-d862f1b1ccec,LY
40683cff-cf91-480b-ad13-b0865984900c,BA
74da95ec-adc7-4cf2-9007-ed8227c0aa5b,MO
fd7ca5d9-b328-4dc8-bef1-f17f2b3d806b,EO
be68c296-e814-49a2-b6be-4f30aea8a183,LY
9d46d83e-0d6a-4049-9397-e16c18a6a43a,BA
df5325c6-e9f6-4528-a76e-fcfb873739f4,BA
76e98df4-8a5e-41eb-9f56-d07c287fd1d2,BA
a63691a8-c0a5-46ba-aca4-46e46e077d96,BNE
33da3926-4b64-433d-8063-ed9c657ad424,LY
45e56320-674b-48b8-8e9e-fc2dc5cb8c31,EO
39a4cf9d-0696-4de4-87b4-6fc11cc272be,BA
86754ff6-0147-47f8-82e0-b174affa87d3,LY
d593e986-bedc-4e4e-8d7a-c02ca9299324,EO
bc377002-f85d-4c15-b705-4c311a272838,MY
6333deed-0653-49b7-ac45-1084f89204cd,BA
9c8854e8-94af-4f7c-ac10-73c27d14904a,MO
a924073f-b7e4-426f-96ec-3b33272b923c,VLY
a29bf9d7-d1f2-4e6e-89e5-8dc7f1c3fd2d,SNE
6670593a-2cea-452b-a035-c9b5bc016e21,SNE
0f30e2f0-4f7f-4ae1-9474-a7fd3a9e87a6,EO
d9b15abd-18ed-4d58-890d-49784cf791c2,SNE
b6c0de3c-8b0a-40ab-881a-82dd131a76fd,LY
9f9aeed3-0a69-46cd-bac5-827c0db24134,MO
1e3687b6-d522-459d-a867-3e541d48e5eb,EO
104c7bda-71f0-45ff-8761-a6b266561b3b,SNE
d2d55088-47ba-4c2d-bd51-943113218c0a,EO
2d304e89-3633-4282-8fff-506ef3cd498c,SNE
a537a07f-b733-43ee-b270-a83b16eb45ee,SNE
a4bc55f0-84f0-4286-b12b-d7b68897c486,SNE
2c6a5acb-067d-4db9-92c4-836579df05fb,EO
1408a7d4-dc37-473f-a210-135e71fb66f9,LY
f9186c14-a2d7-4b9c-8ad1-0c0df2961d77,PMY
1f5d8ba8-942c-451b-94a4-01fabec98dc0,EO
39de4d30-6f41-45a8-8461-193d7a356135,SNE
a05639b4-4fd7-4afd-a317-cc0c2a003878,LY
da242fd9-36a4-405f-b053-28ace9fbec98,MO
43b7a3d0-8e47-4a35-a6f4-04aa725e44a8,SNE
3339b68f-fa50-4b6b-abd8-fcfafe264b70,SNE
47533efd-352c-435c-991a-f2214ddccc22,SNE
5ff50478-22c3-417d-84c3-938c4bc4aea1,EO
5d30d265-34ab-4037-8427-ee246f5d9bd4,SNE
77e48710-2016-4624-8ace-e3672791085b,BA
169b95f4-500b-4a18-ba6d-6a03d6a14f2d,LY
1443de85-03a0-49f2-9fb0-18aad6a23676,LY
c5ae9bc4-f3d2-4945-b4a6-4d5b756dbc30,SNE
2c650075-6db1-46d5-b30f-c2a3e720eaf9,EO
bfb8fabd-a5f6-46db-8f19-7e7c47da807d,EO
e80c5c8f-b084-441a-9a5f-dc5166b6f52d,SNE
246f466e-7d02-45de-bd8d-9dc9306239fe,LY
57b05e5b-8cf5-4b3f-a7ce-555d85db4beb,SNE
b5619b96-b8ce-42db-bfba-c8b1e0d16f6a,BA
b234f674-84b3-4096-a4fe-e8c78c1bd8f3,SNE
ec26f4a7-1063-4400-802f-cbc7bd24c26a,EO
f30a9c8d-01d6-45b0-9a79-adad979ec0b1,LY
cc2041df-3d75-44fa-af8b-28210af3569f,LY
bf5c7767-0a0b-4396-aa77-b104a03bc565,SNE
d3178813-b3ba-4bde-b5e0-86c03b3633a8,LY
46f9c008-04b9-415f-b954-a9e39a880fe2,EO
7bb44c11-b6ba-459e-861f-fda9d0f1a4fe,EO
5b3dc9eb-0509-4142-9049-74a31b499985,LY
36b8fd39-7711-4568-af0e-6ff7e0d1fa13,LY
a7b44444-d693-437c-bd0a-561c2cc34bed,SNE
4149f9a4-98cf-4aec-b42f-70f4fbbf1c8f,EO
7b070d19-ec56-45b1-b905-820f060c0996,LY
21e57bbe-1120-4b17-ad69-fc1bcebf8e97,SNE
67782341-4155-4af2-9f3b-1c90c8c0307f,LY
27e1054c-8764-4763-9d02-90ab23e2251a,MY
c4e2f32b-46df-4e1f-9253-9caadd28ffb1,SNE
88bd4502-4d6d-481c-95cb-edb9047bab6a,EO
e59f4384-359a-4a95-95cc-52174f21e908,BA
e4c77057-fcbd-443f-a062-210236aea34d,LY
828cf724-8fcd-470d-93e1-616506402de1,SNE
40d8a26b-4ab6-463d-bda0-23d278eed040,BA
77c388f0-371f-49dd-8081-4f7a71fab2c8,SNE
deed1ad6-b64c-4cac-a185-4681d3a1d6cc,LY
52628909-c462-4b8d-bf10-8b91ce301a2e,BNE
372525d6-3fe2-4475-b903-91b9654d608c,SNE
082724b8-5de9-4a5c-b3ae-80cff84020dd,LY
02bebd46-6d5c-475e-88a1-a7497070fcf5,LY
fd5b8818-6b82-4520-baf5-1d7db011dd17,SNE
f992bef2-e4c4-45cc-9a1e-706491e1bc44,MY
63dc8692-610b-46f7-a1cc-e544525c0a81,LY
c71e6355-5508-4de6-b60d-79f3fc58c555,EO
35b4bee9-b1a7-4f2d-8471-9abb0e69199e,BA
1a78928e-46cb-4cfc-af58-484dcea19756,SNE
8c6d5b07-8114-4811-a2ef-cafb878145f7,SNE
6bdfe0c1-5319-48d1-9c72-f10aa2f2ebfb,MO
1728a90b-a01c-46e4-91ad-238634eef3e1,EO
4a2cba55-c0da-45cc-8105-e15c7224f7dd,SNE
e80acd2b-c648-45f0-b539-107940f94045,EO
a239e54a-1d49-49c7-8533-efaa34ec7ac5,LY
f88cf072-17c3-4299-a0a7-2c592f5fdaae,EO
92ad24df-f38d-4820-8e4d-55861b6a0366,EO
c2175bd9-9c60-41d6-badc-06b56fbaa28c,SNE
d68a8b10-f704-4949-8ad3-66b742c7596a,SNE
f2d591c0-58b0-4507-a1ae-c45c28bf3e2f,BA
e710ef1f-7613-4636-8818-0d7fb821da35,EO
21690bb8-00aa-49e7-bae4-e6f8d39aca5d,EO
39c019f5-8830-45c4-b525-6970255ebe90,SNE
07e1dd74-bed0-412e-a03e-2110cfdb0717,BA
0d33b590-bc8c-47af-8a8f-e75bf8355712,SNE
8f697d77-7494-40fb-8e01-fff268a68342,MY
6e1ef8b0-1bb3-4b1f-a378-9abf2bd4b61b,LY
16639203-bfc5-47dd-bb53-6f94e07a08f7,LY
5a174b88-88bd-44d6-8c29-59486bd79bb7,EO
b2888c45-1d41-46fe-b11d-765ef78ba6e6,LY
a390662b-e153-47ed-88d9-accb77acf9b5,SNE
8bb253ec-1587-4c19-8d7a-3818bfb3ad30,LY
b75739d0-1f1d-448d-9cdf-035a67d60c16,EO
1072e323-5b7f-4b4f-a1e6-0b5b48b3891c,EO
561c6730-eb9a-4908-bd86-3cfe75a9af67,EO
4c3cfba3-1718-4d4c-ad17-29b7bac1669a,LY
ac2c5002-0115-46ac-88f3-74cde799593c,LY
1c3dd5fa-9fa7-4741-be35-7ec3e2066e27,SNE
f18b2d48-4508-4e1d-9657-a6bed0618059,EO
b603e85b-2298-44d1-bc9e-6682fd4804ac,EO
7a4621c6-8f2b-4167-bc6e-924928f90787,SNE
0c15219f-2eef-48ef-b405-d8c1c9888b1a,EO
5d5d18c7-61e6-42d0-8d86-3a1a495efb8b,SNE
0382b125-e9b4-4163-a72a-f509fc129b85,SNE
f0058961-d61d-49ab-91e9-a6844a574427,BNE
4eba889e-cfe1-4a2f-b615-35f4345b7e39,SNE
551e3f9d-e635-4d00-87f9-91ee7db1d820,SNE
024e2977-1ba0-497b-ad69-d06ecf57cd3e,LY
a3c021a2-29b1-4697-9295-98fca1f6f305,BA
ec08d178-68f7-4cc2-a55f-4b643702e8a2,BA
2b2548e6-aee5-4bb7-9536-e74385d733c4,SNE
4a6b3c90-0085-45ea-b2c3-e73699966814,EO
16f1b9f4-a3b7-47e4-95f9-49d8540ab06c,LY
e0988851-b3f0-454c-a8ce-78ed9df959fb,LY
66f38e24-440d-41c5-8b11-aa2cba5a41dd,MO
3a56eeec-ae15-4668-a4da-0455a32259ef,EO
5f49496c-2a52-42e3-b554-9a521be9e6ff,SNE
3764c3c7-5543-43ee-b414-239f3caefba6,MY
d859a44d-461b-489b-8baa-18dd6b1a347e,LY
bb5351cc-7736-43e1-8b05-89e915922a5c,SNE
1014fac5-a859-4589-8814-9144b4c9a8d2,BA
683f87ee-e02a-48f2-a0e7-9878b1d2afc5,LY
8046e0a1-7e73-473d-90c8-5163cca9fe1f,BNE
bd7dd966-0ffe-4e8b-933d-7a7f987dc9f8,SNE
f2b50a61-4bf3-4f88-a834-349517d82e43,BA
7a000519-79a8-4067-88b0-53ba0d9818b2,LY
3ecfac5e-c4d9-4a01-9879-a4043dd1d8e8,LY
ad13d009-c2f1-41ee-8bb4-935d581d13ca,SNE
16935de3-6c57-4f61-b6cc-0a1f3631e86f,EO
15f22a96-3c12-4f37-aa3e-2d6bdbfc813c,MY
ba612994-cfe0-4e3e-b910-1deafc1a1f3b,SNE
ba5c2f47-8c18-495c-a21b-2775ad96e11a,SNE
e5ab0054-c399-42f5-9e7a-8dcc2f3ce70b,SNE
18cb915d-2391-4b70-92a1-5adcba03a56f,BA
06c4a637-2b45-4c00-b8c4-877fdf29b92f,EO
7b60c2ce-5cdf-4e2e-86c9-f56e2bac0807,LY
dafd1688-d3e3-4efd-a234-31e4695c5278,EO
15749d06-449f-49ba-bc9d-4fca4c0cb6f9,LY
62e58baa-7e94-42c1-ab87-56d9e3968cd3,LY
d5fc9ab4-6540-4968-8997-70a70ae5b59d,EO
ae5c7bf6-9dba-4963-bb08-e3163e523bcc,EO
ebf662a6-ed35-46ae-8664-a9be7edcc890,LY
78ba9e70-2b3f-4c2b-80ba-891fa1dcab8c,LY
bc541593-e3e0-4f4a-9bf6-b69c71a29c02,LY
6f0d8abf-87d9-4af3-9994-538268426ae6,SNE
338ce322-8722-45e9-b23e-832d41c439c1,LY
22ce7929-217b-4d73-8181-1025611af8a4,SNE
130ff1ba-c35e-4545-b405-da75f38ec04b,SNE
fc9251db-34bb-4195-822a-f96d121b5921,EO
c5064e41-5465-461f-a814-2218fb8aa1a7,EO
5fbba1e7-6ee2-40f7-ac98-b13d986540a6,MO
c82d575e-7a06-4d2a-9b42-457bf3c62fc2,SNE
28cae072-c126-423a-99fd-6bf5104042f3,BA
9c66f462-615e-4e11-b90a-805314c13faa,LY
adc9cbbd-3feb-4dce-9c4b-d9961b62f3cf,EO
60e2fe73-3150-4cb1-a51c-53bbf8f8ad2c,SNE
9b6978ef-ba46-4774-8aee-d6a54c7b2d31,EO
0052a4c1-3971-410d-9528-14027fc57057,LY
e4efcf11-3c61-4dda-8d23-6d7fc0f62985,MY
a6893213-e24d-479c-b4f0-3d70e24d98f7,SNE
1018d550-dc27-429e-8f72-3ab7ea72955d,EO
814e6497-ed4b-4aec-8481-8b0ccd6f414a,EO
e8fc7510-f291-4f90-a8df-dff3398c46e9,SNE
7b8c9e9d-04e2-402a-8e83-c286c18e33d2,SNE
cc749722-b9aa-4775-b08d-1aa1ce2e3dcc,SNE
bb73ee2d-3f15-4c01-8608-fd1525bf25d7,VLY
cdba77e7-c49e-43bf-b9aa-0ffffc001253,EO
33f019a3-fa24-422b-8260-e5f6bbed3ad6,EO
86b21e3d-5586-4982-ae67-fd17e0bcee60,SNE
0cb49191-6e22-4558-8bad-707e63a00c60,EO
ef458738-c72c-418d-9a47-34434e8f974b,MY
62aaed7e-a538-43b0-ba82-681e35e47809,EO
95e87bf4-23f1-4388-943d-96e9e572dee8,LY
b6609b37-6e09-4fe0-ac9a-504cbd467226,LY
dc8d3a44-c240-48aa-bfc3-ad5a67da1861,MO
7e0451ff-b3e4-4134-80ce-4e850da4f6ce,LY
16b61967-4787-415d-b6f5-53cd9d2145e2,EO
1c28cf46-6800-4b7d-8c5c-3827ecba1b8e,LY
f31fa322-aa92-4ea8-99f7-5f76266b2ef3,SNE
46dbc4ac-5e10-40f4-8c7f-455f2b0ce7db,SNE
5117bee5-e7a6-416a-823b-dad2e951c2c5,SNE
ede7beaa-7124-4d03-aeb2-1fe57ccba09a,SNE
061818f3-22a6-4208-b456-dc3fe136efdc,SNE
a8c3ec98-8da5-49bc-badd-822f27c9a847,LY
b0ae4e6a-b5ce-47ac-85a7-31c18f3c0176,SNE
ea56fa26-aab5-4861-b36a-fef004c9c44c,LY
59e0f657-5257-4559-bdd8-de0b9f18e75d,VLY
2c60bb8a-c4b1-4b93-9d0b-72c231a42a82,EO
3c1d7b9a-e721-468b-8229-314e11a491eb,EO
a5435550-1a85-49cb-9c0e-7697971e265b,LY
fc0c2518-20a5-4a60-99e1-e0ce08a61d8e,LY
91cafd25-eadc-4f8a-969e-da69a7532d1a,SNE
3f902f50-516b-4bc4-a2c6-a0aa656d0915,MO
3d58606f-b6f5-4a92-b78c-d540fd2c5324,SNE
4778ad69-6bf6-4863-9d56-5f38be97d7fe,LY
64e46f28-df45-4cde-b299-1bc213162965,VLY
4b2175c7-61e7-4575-a95c-0b476c2ac234,LY
a2d03017-21b3-492b-a035-d13dd9aad75d,LY
e1da351e-92da-4c45-bbe9-2aba618b11f6,EO
0b0b5034-f951-4d31-b745-53ee61509da5,EO
0056ecea-273a-4862-bdfd-b52696e65daf,LY
a6fe7586-8075-4a56-9bdc-a4d3a44be6af,BA
1e665ced-0526-4c01-87c5-ed97ef183a2a,EO
42f428c8-51c5-4ba7-b2af-673637b5d0d8,LY
3f721f86-ad5a-4ea5-8ec5-13244c7d6638,EO
82478c15-fc41-4137-a802-a0fa4084ebaa,MY
5fa44e7f-5e98-42f6-82c3-4ea15d01829e,SNE
2667cd0f-141e-41b5-a82f-290bc0eed921,MO
aee949c2-f67d-4faa-bbad-8ffc3b6f94c3,SNE
f5e99bf9-1027-44bb-8b61-1d00a1a7faaa,LY
6f19d6ae-c04c-454f-b501-fff6d3e2cc2b,LY
63dd0de7-0a78-494b-b5c2-7059cf0c32f1,SNE
59465e57-f453-42e6-9835-588572f27b4f,SNE
2935a5b5-79c8-4bb5-b14a-f58c08bb48e9,MY
f7e0afbc-6828-457d-b16d-1ab15fa80349,SNE
716b422f-a851-4640-bd58-68c33c3b0486,SNE
394402a0-2d28-4b97-a84d-9593de504626,SNE
08ea2469-80ad-451e-852b-584f931756ad,SNE
7fb5c875-93e3-4803-9bcb-9ae10a53b169,MMY
2c0e4d3e-c224-4ae6-ac1b-caa0cfc58db9,BA
2a3810b7-a8bc-4f5d-9cad-defababb95d5,LY
301ec2fb-118b-4d45-975a-5ba02dbd2f88,SNE
3725de52-973c-4dfa-8905-2ce3ce2f98e5,LY
8a8b2955-7f74-42be-85c7-d38c03dc4cf7,SNE
5830078f-1d1c-4042-b14d-96dfacd1a828,BA
32204c2c-bb26-4cfe-bbaf-28954d311668,EO
859fd6a2-4d9a-4113-aef7-e0eea78f5136,SNE
771e3d6b-ad35-4ae1-b5d0-435f2ba4b9ab,LY
ce183ca1-a2a2-4fc5-b93e-5c5ce7ccd22f,MY
4d1fb5a6-8e26-4518-8198-a4918a5898d8,SNE
b70ebb62-a074-43a7-bb0c-8f94affa00e2,SNE
e8d1315e-15d5-49e0-a4cd-0ea87a0d37e0,EO
2d84ee60-bb44-451d-bd41-c63c6938f87e,SNE
aabaef39-892f-4d22-8996-36cf61892528,EO
91d5d95a-f573-47bc-84b6-713866f43972,SNE
27e712bc-d9bd-49a3-bf54-c85cfa4ad8bd,VLY
1515aa01-7272-46d9-a110-d2161b27660a,SNE
e9fd4b45-5684-45cd-8a77-766c4962ca9c,LY
abda7ccc-8b5b-4fc0-a045-ce13783cca95,EO
c06bc091-f27e-45de-aa04-6d17cad5824d,LY
56590d63-51bc-4fb3-8f45-7a64f6eb2974,MO
d7bd6f41-7039-4337-9eee-df4f7706b56e,LY
48f3f384-07d5-4f6f-b2cc-ec801be43b39,MO
006fedb8-b4cb-4380-9b86-1c52fdce0029,EO
22fe8378-5887-41ee-8735-d97e299fdac6,MY
99cc69a8-fa39-4c03-9767-a87c57f49fb2,BA
dfa51574-863f-4dac-9fdc-493c6cb391e2,EO
2ef7d13c-963e-47f5-a379-a4774b956844,EO
5863eab8-399a-4546-a015-ad6020a44229,BA
62a64028-bc82-47f6-aa36-980af756300c,MY
8b451393-e810-4bad-bcef-26807dc02ed5,SNE
8a5d4104-20fe-45b3-ae26-f77226098012,VLY
0cc694d3-b31e-4d2e-af24-8a004741eb74,EO
c2aca2c1-6264-4d9c-a229-bb3a2ad0b6dc,BNE
edf5f9a5-6506-4ad7-a9f4-348b7f0c2bfb,LY
c86ffc72-7fb6-4ef2-8460-a505197ece1c,EO
25e2fb7e-bbc7-40cc-8fb1-997fa702bd63,EO
ae859141-83e2-4916-b22c-05d3f9c42603,LY
e336dde0-f477-456f-8ba9-42ee11fb475b,BA
9f28fd6d-d192-43c8-a068-13e43bb77983,MY
cc83bebd-6d1e-471f-8d50-52a907c8510a,LY
73814af4-e5cf-4bf6-a24e-bc44106e973c,SNE
e84ed815-84c7-4d8a-8304-2bdb9c7c9bda,SNE
4f059db4-8a10-4324-ae13-5d5748bd51d1,LY
522ff141-eaf3-4bea-9963-eddfa1f5cc5e,SNE
535bb6c2-b5c0-432c-ac2d-c444b1488636,LY
e8d3c035-1e54-44d6-9591-15399ad21b33,SNE
b20270d4-25c7-4470-a5b2-cb59d33eac20,SNE
b37d50c2-df79-4d3e-bf33-a077659ce406,SNE
a0a98c0d-fea9-4e81-a960-bd6094b89054,SNE
fa7a41b7-deb5-4d3a-8dfa-634410fc3549,SNE
82dd7c4b-b820-49d5-bd29-4d4960e1cad3,SNE
c5bfc7d9-9f25-4d97-bf8c-b8872bd9bed1,MO
0a485525-24cc-40eb-8e99-d3c4477d46fd,EO
14a7b5ea-982d-4229-ba32-1df5946309ac,SNE
794c14df-a7a9-45e2-9cfd-3a7d17044c1e,LY
98c30a1c-d94c-4418-af5f-e9f8ac4e2b43,SNE
8a7242a3-d67a-4ef3-ab90-53d6b3ee8a9c,BA
e2ff5095-5b36-4527-b1a9-0f3751cc61b4,MY
8007ba54-4984-4e7a-a4b4-54cfb4ec3f64,LY
892db5f5-a7f2-40c8-b53c-39ce00f0e231,EO
7142aa39-bacc-482c-a4e2-f88ad7f80b92,MO
2888782c-5148-43ae-b38f-868789379d67,PMY
e4427c30-fc79-45c0-9881-3523a51c039d,LY
ccc557ab-bfbf-4665-a856-f2182a5b1732,BA
af9e4952-ed3c-4fc5-ba16-ac2f83191bfe,LY
7bc8dba6-499b-4e9f-afe1-a85a14c52299,SNE
0c856cd7-f752-4665-a444-130062bcd734,EO
3cc8f07e-6faf-461d-bab5-f7f316b7cab8,LY
3b2d3a4d-6a78-4a06-a97e-30426174bdb8,SNE
c8be6613-0720-4d1f-8bea-ac0ed2f406a6,BA
20d7342b-b82c-445f-8ac9-bef74bb18259,SNE
571410e9-1faf-4306-a7db-aa7382133305,LY
f4dfc958-d745-40e8-b018-49362154a0b6,BA
f0d70f3e-dec9-4768-b5d4-664582083db5,SNE
ffe14f79-f204-45a4-acf1-c63d29af71fd,SNE
bbfeccec-83fd-49a8-b6f1-28afe8f9758d,MO
fe181710-7f78-4ad3-9fb9-1f537ac2b4dd,MY
51b40b43-a922-4d86-9dd5-2505ac587c59,BA
4b534c85-cdb8-44fd-aafd-564c0c4d08d2,MMY
23ec614f-690b-45b0-9e1f-0ba71db1e27c,LY
4f608024-2655-4fa3-ad2d-7e68f14c5112,BA
4a011f83-33f5-4132-8b34-25ad759ffd54,SNE
602d2bd4-c939-4b26-b010-2e26b5e85139,LY
a30c4f90-64a1-42a9-9030-d4ef1661041b,MO
7a16c4ad-3503-47da-ba16-fc6df671d905,LY
c1715367-dbe5-48c0-86fa-d2a4a5b24d34,LY
6fc6b1a9-1308-4d60-b641-b31f2d2676ec,SNE
fe939610-fdd1-4be9-a377-0361690761c5,LY
183e3964-a39c-48ba-942c-4b5d4b637c2e,EO
217fccfe-8fe7-4581-a5ba-212ce1142c84,SNE
e9b09ad0-e58b-4a1a-bd09-e53a06dc4968,SNE
ded291af-f873-49bd-9230-827675a1024a,EO
4ce0a2f4-86e2-4fe8-ad65-93b027ebbfb7,EO
20c2044b-dea0-462c-928e-b5e7f0938dff,EO
7e38f14c-b815-4240-b1a7-89b02affbe4a,SNE
82066576-edf7-4929-81c7-b82c31da0d3c,SNE
74953b8d-6067-4092-86ff-984389fb2aa2,EO
21817a28-308b-4ff3-a4a4-1b1b93a530e1,SNE
def3a1ae-2fdb-45d9-b9c9-fa7939f44a80,SNE
2ecff174-62d8-41f4-989e-5c4d57c7f5f3,EO
b120fc2d-9909-4d88-a5e5-c1100d5eac54,EO
7eddef63-f857-487b-b081-c21c2cc0942c,LY
99e9465c-2a28-415f-8490-d53ec15ff80f,MY
58b135f9-9504-4ce8-80cf-7b44e304b322,SNE
a7efe6fe-2c92-4890-b87e-4ee62c80508f,EO
ec81d6f5-b09f-411a-a24d-87fe224ddcdf,SNE
a1ec2bd0-630d-46f0-a5ac-034ff1038136,BA
8e77c3bf-2683-4568-878b-33515fabf214,SNE
ce652e6c-6113-4f68-9c67-005959f33406,SNE
018756d4-e92b-4945-9c37-2047f8acb60d,BA
12f8ae4b-efb9-4d62-b996-4fc4836746f4,MO
5252e8b5-585a-406a-a244-acbaa0d1a649,EO
b76e8e02-6e41-45bc-a50b-f98df5eac921,SNE
6f1a05c0-ce6d-4ddc-8b8c-7ce933806215,EO
d468300c-51df-465a-8b5f-5a7df44e909d,SNE
c44b5759-85d7-4281-926a-9c2c7a975f5d,SNE
c3d914ae-5111-46f1-b67f-9d14d7dd2945,LY
5186116b-7536-4de7-ae8d-2c1d81fa4a92,SNE
bde21af4-4def-4cb8-ae24-12ca4f1bed57,LY
9073e62f-d01c-4584-b7e2-0521b95914af,MY
4f3de7dc-93dd-48f7-ae16-7e903150f005,LY
f4b06dcb-c5d5-485a-99b1-999200c2bc58,LY
6b73db8e-30fb-4163-bf93-4805e04fa4df,LY
d3208ce5-1ddd-414e-8042-300d440676ae,LY
3477c7fe-b6eb-4f30-871c-c9fe23193f6e,EO
2f77c699-8c2e-4880-853b-6b0e2643b86f,MY
6d4f89c1-b96d-48a3-9c62-48073c29de42,LY
fabb09d0-2ff1-4cf3-8871-21365118e752,SNE
4a104ecf-dc5b-4fd8-bc8a-05f57e557933,SNE
bdc36e47-c4a3-48c9-9f86-bae8e8bebe00,SNE
3647dfe5-0499-493b-997c-05604b83e377,BA
142ba592-8a80-450d-9c25-50761d062f2b,SNE
7005df77-e02a-455a-bac7-6208e0021255,SNE
030bace8-0f94-4798-bf53-8a865e7dd03f,SNE
899716da-1bec-4a73-9981-25a2064f5c62,SNE
c0684d48-2686-4de3-8afe-98994cee59c3,LY
751d70ce-2e25-4441-aebb-6544b362bd3d,LY
ddf4b6a8-e162-421b-99d8-8bfdcb8dd830,BA
d89a4d16-e128-434c-b4ff-947a0601229c,MY
2f9c76ef-9ce0-4e0d-a8b5-b2aa2c98a1a7,MMY
34baadb7-4960-425d-8e20-72e374ab10ec,BA
64742848-380c-4bdf-bfac-6a6afc09f002,SNE
3e256c20-5435-44e2-a944-efadf783ae59,LY
0440c9e5-276d-4e10-81f9-4f5b9b57a5bf,SNE
a6e68f26-a287-4132-92d6-2ba904165181,LY
1d4e4f20-3b6c-40b3-8bb5-9efeada170ba,SNE
ea3b687e-f0b5-4871-b3e8-85631daefd3a,SNE
3fe847ba-44a9-475d-b3e6-53ebd126f6dd,SNE
9e0e2e6c-402e-4e2d-95d5-831beaeb9b45,EO
7c49c734-ce32-4990-a46b-903b5dac0455,MY
b7d10555-1e5e-4978-b974-5f6cc39aa268,LY
215c7ec1-a1f9-4d4e-836a-2e8c4d0ce4e6,MY
ee605802-cd5e-4858-8f49-af3b752e300c,BA
fb498b7a-a112-49a9-8ab4-7d212fa73ad0,BA
e462f436-3f20-4ee2-8adf-1ae6de41b43a,SNE
0a395c19-9b4a-4676-beb0-fe0b588869a6,MY
03540df0-21d1-4cc2-b92c-4dfdb9576366,SNE
abc00cee-e80a-4778-b4ef-94623dca751c,LY
a8311e97-442a-406f-8c53-46916a68a968,SNE
b19276eb-8146-4c4c-8a53-06a20ebc0cc7,EO
840abe06-fcc4-4ef2-b0c9-dddd1f404683,EO
e0bd1398-6c56-4e62-b63a-d49848ecb3aa,SNE
0ccbd873-500e-4335-bd47-d92f9df45c0b,SNE
e5a10dce-4334-4d49-bce4-ce34bfb389f3,BA
f7f5ecca-e69c-4138-b2eb-bfccbade738d,EO
43200711-64f5-4c33-a2dd-c291c1eda8f8,MY
b6dc2d35-8419-45e9-a29c-3adc32261a40,SNE
2e09023f-95c5-4503-aeff-f3f1673b0ee1,LY
2d47901f-fe8b-4943-9ea9-b58ba6db9a82,SNE
c4b34df0-42c5-44c8-b459-f61cf2c1ed0d,MO
a0ec1137-e4ec-4756-8fcb-a724d84e7359,EO
3a2ef424-91d8-4d46-b778-b211558a1bb4,BA
d1122e03-5842-40ed-b6c5-f0fefda048bf,EO
6dda44f3-2702-4a22-adba-08b486b4ddaa,SNE
23b52e85-7829-4945-8919-beb95aa9b092,SNE
bbc9b067-a6c2-48eb-b547-faddc0728231,EO
e6c3a1c5-683c-4008-8134-81fe76b6d1a9,SNE
339b5b96-6058-4c2a-9a0d-325c21ca8375,MO
065a0220-8d36-4441-ac1e-0a65b6a32a6e,BA
0b986895-1650-4ce0-9236-e680eb5c17a5,LY
c51174e6-7443-4c45-a846-23931d47f4ad,SNE
4d8badf7-c1ef-4c24-b6fd-01cb16206ae7,LY
61ba0e7d-2386-4805-b218-41f830f56648,EO
2c316b18-3f56-4a7c-b975-63e0a30691fa,LY
951eb84b-cb26-4357-b142-6a51dfb01beb,SNE
2588317b-dfe3-4293-8bda-e681ec82139c,SNE
34f97558-9f48-441d-9b39-2040ad52d838,LY
a8f7dc17-5a34-4305-8bd9-4909165e87c2,SNE
38e94cff-dcb5-4f43-9e55-2e2194fb5692,EO
0ffbd584-baaa-4785-abe6-c0fd1dbb5070,SNE
43608c45-bce3-4e6a-a337-dbb4f02eee21,SNE
bc8607dc-23d8-4bd0-94bc-d95c8ecf31ad,EO
9bb58659-daa5-49e8-8f63-361c8cf8d009,BA
e63f7345-158e-48ec-a125-81632e799185,SNE
d5ca8ddf-b247-4ef1-83de-dbf883186f09,BNE
03cec0c5-68bf-4dc0-ba57-cf56b858d8b6,LY
982b95b1-a4dc-43ed-9c8a-5f82202a4942,MY
bc758719-252f-4b02-9cd5-ae49910bbb99,EO
7773528b-be2b-485b-886c-090ac3b41fea,EO
f38fda6d-dace-47fd-9b2d-9293ad0a2bda,SNE
21a97b18-280d-45dd-8f83-19107be03c2d,MO
0540549c-ac6a-4b78-ad05-dcf996cd0b35,LY
6d16dcc6-d902-4434-aed2-874d71768e9d,SNE
30b415a1-3e39-4f58-aae6-b8924e004bef,LY
491f5592-7be4-4cfd-8dbb-f71ef85e7085,SNE
364da856-06e9-4c28-ae99-d500fe851f18,MY
54572456-e85d-4162-8b97-4f74ff180c24,MY
1fe61e18-53a0-4125-9ba1-22d78198879e,MO
01540a75-eb1e-44f5-b896-bb025c745507,MMY
46935767-9eea-4c8d-81c1-01c79423ee1f,SNE
0e96bc65-6ac7-4693-adb3-cb8d1b49b453,SNE
c2d3a092-fb48-4eca-a317-a748f9027d9b,EO
780f0723-7988-4645-bd02-93e421d9d831,SNE
2f750742-b8b7-4629-a1c8-ac2ebe0962fd,MY
7d31cfe6-a0ec-4e74-be64-fdebba6c87f0,MY
6daeaac6-d568-4921-b30a-de23960355cf,EO
bb9e541b-01f1-43d7-8c73-1203c171730a,SNE
831972f2-4ec2-4473-ac67-24970cd21922,BA
22b20576-561d-478b-8c99-392e2829013b,BA
f2f4b71e-1f47-4da0-ad11-701092c08b59,SNE
88339c02-ee6a-4a79-90eb-ac0d143f0caf,EO
78aea8b8-56bb-4449-801e-b4e6fd346289,MO
2c572cfc-b9c0-49f5-b1fd-e3be7e366be6,LY
2a273723-5584-4de2-870f-53443cb35739,SNE
df302bcd-1123-4069-872f-e1465f40ccba,SNE
a7f39953-2081-4bde-9d03-7978d56ac5dc,SNE
de4c31ea-44cb-44a9-a1d4-f1adc81879b0,MO
a08b6e54-442d-486b-aca1-857cd686548d,BA
0a351763-e878-4916-bcde-49979a5fd68f,EO
1cec0e71-9a19-4db9-9f0c-5ae493e5bc2a,SNE
e9c178d1-3849-4e63-855e-739b49726d38,SNE
83e35fdf-449e-4b39-a20f-07caa8f9ed49,SNE
b9dab083-d7ac-47d2-924b-db4670a82b56,MMY
e9f774c3-e0fb-412b-9ec1-a0b921872c4d,LY
62ddd632-67ee-4c9d-9855-2542ea0805c8,MY
fc88a3a3-f28a-473b-9569-6344c0089161,SNE
45ec2215-c8e2-4c48-872e-fd8c9d081d13,LY
7d61da83-e5c7-46d2-80ed-5864d378256e,LY
1eb8ebd7-76f8-40d0-9f0b-c19a20ba12d3,SNE
0bc0651f-4abb-4798-b696-f442e0af9b81,MY
dbb544da-d16b-4909-9b84-5f8660a4da26,LY
5faaaa71-bbc0-46ee-8d63-8cb6343e6cf0,SNE
ec8f92ac-dd57-4786-a6a5-2338a87d0026,SNE
4f3075ca-00fd-4196-93e9-cdd9523b47c9,MY
36193e77-336e-44db-a961-6b0ea4bb2235,SNE
9e4be148-ea27-498b-b9fc-d9f223f6d560,EO
01d6df0d-3cb5-4a01-a919-13a56d6993e4,SNE
00a6c685-804c-4a6d-bdcf-5cc32001264b,MY
71340a01-bb14-4101-814a-e53f90b9c560,SNE
17d8ebc3-0121-48ca-b1a8-081556c835ba,LY
675a86f5-fa1f-4532-a94f-150327e5d743,EO
7e2555d5-6755-41c3-98c1-931325bedbea,EO
81196a0c-89d7-4601-b0a5-7336311bf5d2,EO
099d70ff-c8c9-48b4-a3b0-a5b685203632,BA
0cf783cc-2365-4853-8242-18d9d46f496c,MO
dfa7942c-d5f6-47c9-b35b-663b72c0b6fa,SNE
5b350b39-a4da-4cdd-a579-9f1e97c86c95,BA
c4ff75f5-bdcc-44ce-8898-50513013fe02,LY
e8e69cea-65b0-42de-b8e6-f233b3260028,MMY
a73a656d-5880-48c1-a86b-e4fe9b904d18,SNE
5065ef59-006f-4001-b996-fc9e0538c3d6,EO
09eb5387-b00e-4b1b-a9a3-bef232ba868b,SNE
4db073a5-6b1d-4347-b0ed-8ad8e5f11d56,MMY
6998f573-a16c-44b7-b221-d34db39a0c5c,LY
1567028a-9660-4c94-ad5c-531c69d8ce78,MO
f273ca43-ed93-4fa2-8027-3e1b353ad321,BA
8f35ae7e-1ab1-47b2-9f32-8ecddb625005,SNE
7ad97fbd-80d9-4f36-b1f9-12f4406ec487,SNE
d85e3ade-877f-4e01-97a9-ee845b37fc54,MY
9f043f6a-d62a-49d3-9370-9775627cdab6,BNE
65c49862-5cbb-4aa5-86d8-fd3a0f7d0c6e,SNE
393052a6-b569-435e-8179-e1616a61d4bf,LY
5578a8ef-5638-4a57-a38f-f21b45a1c2f7,LY
47cb7129-20d5-4868-a727-f2cfe0731603,MO
018bf0a3-acc0-4153-9165-5cdb3db33143,LY
73ace7fd-74ac-4d43-b2e3-e1c6ccb48cf9,SNE
d1f87551-01cb-4e52-b637-955269a4b27b,SNE
4c22bc89-8f5e-441e-af92-e4b5c24ae187,BA
31b8ad6c-076b-4776-a1d9-c461480edc30,SNE
8736c624-f375-4c59-8c44-519274d8bd59,BA
e83f0992-b574-4088-b322-52de413cdbb6,MY
6985e8e2-1695-42f0-8f01-08f0c55df8fd,EO
86556205-36be-406b-adfa-07a1aef04a0a,BA
4804f0f5-9a77-4be0-81a2-e47410d694dc,SNE
4359d98e-a3f7-4206-94bf-ae8ffdda0c97,SNE
3f125405-b087-437e-b754-b1dd336f87a9,EO
70413e8a-ff06-40c1-a15a-fdd1d889fb22,SNE
b1250a1f-c61c-4f48-be74-adf34645be3c,SNE
71f9ba8d-7b14-4009-8b80-116d974fd31e,BA
768ae5ba-0c52-48e5-ac05-eb85bb0defc5,LY
6782dff8-b5f2-415e-ba7b-a5a04edb49e7,BA
1711db23-c521-438f-8659-020c61bbfb5d,LY
0aa4b381-5daa-4568-a5d3-55499073b5bd,SNE
4726f595-6504-4f3c-bef2-a50ef5d87786,MY
2e6d22b4-ed7e-457d-9283-639b878db371,SNE
78b36065-3a81-4aea-9695-4ecb1cd9b782,LY
d60a16be-c45c-45f8-a50c-54ed8baaa81e,BA
94d10f07-198d-4370-8518-f9480c7de574,LY
711130c8-3347-45a6-8c60-9877a27074f2,LY
3aa38efa-60fc-4a24-9094-94373fb443eb,SNE
6228086a-bd90-4128-901d-90f48cc21d59,PMY
1e37a10d-ae33-4598-809c-6ee76b5606d6,EO
75be5cfc-a04c-45d7-9f54-9e35d6e57c44,SNE
a07d11d1-bda7-4324-a678-fb001ca78a6d,LY
53603edd-71d4-41e5-b0eb-bd4eee5f037f,SNE
42a31ff3-7918-4ae7-a572-c34f019d63bd,LY
ad578e68-b9cd-447d-90b3-5c5e39e0b5cc,SNE
b27464a7-79a9-4bfa-9691-b7a9a2f9fefa,LY
826364b1-bde8-44a7-96f9-d0b2a7305a2f,SNE
91aa4810-f1f9-462a-94fd-df0cc12a05c7,EO
35fd6840-1d10-40ec-a9cd-e57d23c400ec,MY
7058962e-6338-41e2-97d2-ec65ace7c569,BA
0198e352-377d-4e07-b667-099da862f838,LY
84677ea4-2b98-403a-b4f4-c76d33e9eec6,MY
33d61104-c251-410a-ad35-a67e39bd5f96,EO
2a533dc1-aa7f-48c3-8256-a449cf3cc82a,EO
332c3bf2-8071-4d29-acbc-aadc5390ca1c,MY
226596ee-8c19-46e5-9fcf-92399e893c86,LY
7139c80a-9657-423c-a766-142adb6b38ed,EO
e5d8c609-d99c-4f5b-9541-f03d6653c391,LY
11be42dc-7c77-45b6-b928-c476f6c8f495,SNE
a6bede1e-a7c0-4bfd-ae6c-0c9fb963db63,SNE
df73e111-7040-424b-8912-3a2a574b71be,LY
2552f535-d6c8-41aa-8020-729b7da2944d,BA
ac62be3a-01ec-4558-af80-058b254e789d,SNE
ec56bbd4-2b2f-48f4-9901-f03d1042286a,LY
c3d1d887-e828-4d5e-a70f-98f15451066c,MY
21eec821-61cf-469e-94de-89c4c49187b6,EO
f2e54a7f-9b0c-437d-aa68-7f20dcb6bb45,EO
5340a434-5889-4055-b9e8-f86bd52ab4c4,SNE
e8d5f169-abe9-49c1-9f1d-cd648b05d4f8,LY
bbac5116-8b22-4162-abe7-20ed7dc72deb,EO
5dc85ea0-c8f5-4975-945c-0d2f485e1cae,SNE
adcab2f5-cdf2-45db-b1ce-a9e0f52aec89,EO
c09f9ea1-55a8-4440-bed9-b16f2fcfc251,MY
6793f0bb-9da9-4a67-a1c6-50ec52ee3842,SNE
f9ed18d7-f55f-4a1e-8abd-199761969a90,EO
478d9c5b-423a-4cf8-9d6d-74f7f786d3da,SNE
622e7ccb-00af-4d56-b429-4b8ee5d39136,EO
9ca61759-b2fa-4537-af6f-a9c3c2ffddbe,MY
c133bcb0-88f8-4ebb-a4dd-13453324b589,BA
8aea6ac6-29b4-4550-9a21-b0565864253c,SNE
2776dc9b-e637-4fc9-b113-ad7b5b335f26,SNE
31c92242-26c7-494a-82f7-d062e16092e8,EO
fa59dfce-3336-4ec9-becb-f0cb1465872c,LY
07490ce3-1528-4019-bf05-f17c03173975,LY
51173b59-4ec2-4c38-8115-6a9ecb4e246e,EO
c815ed19-04c4-41cc-8f5e-bf403ac92c9d,SNE
818575e0-c597-4bf0-9a5f-4737e1675897,BA
8d103fd4-bdf1-48b8-9399-a7f94ad19189,SNE
c25b092c-6f9e-4d8e-9f90-89ad6adb8c8f,MO
ad9a5309-6c77-4ef3-bc94-0a400e5c8eda,MY
850be613-d82a-4248-98b8-4178f062ee0e,LY
7792cb11-5b72-465b-a19c-78cd98cb5ffa,MO
d857757e-dd97-41f2-8aec-e75eff2d8a99,LY
f722a410-43cc-4b9f-ad05-a4f01bb1283b,SNE
35035c31-07df-46a1-ad62-4c4da68a9057,SNE
6718308e-37e2-45fb-8320-c31c82faafc0,SNE
c6c82326-f62c-4faa-86a9-6de6c8731f21,BA
427ce306-9217-4e7e-a125-b1f9140078f1,LY
1b5d142d-9e73-4eb7-91c9-4d67f3034373,BA
1fb0bba5-597b-4cb2-8e83-a89c9747eaa8,LY
2813c72d-18ea-47ab-bf6b-c889a64767a2,EO
e2b3867f-ab51-4c17-b0b3-c642725b3fdd,EO
46cf93b3-fa97-4c7b-a085-f6802eabc1e1,EO
f3f13ee6-cbf9-4f72-8087-ddd0d34806a7,LY
a91e1421-5ca6-41dd-abbb-0a5bd1e169d4,LY
81653816-b5c1-48b3-9d5d-c3904bdae930,EO
21e28869-774f-4966-891a-5674ba735823,LY
526097c7-997d-47ca-80a9-b43a31b5df24,SNE
0bd85e69-c931-4263-b6a4-4b9028c6b680,LY
180c3ee9-a8fd-41de-b721-a79cbc25ac95,SNE
b670671c-9dcf-4c5b-87a4-f683c2e6d8a5,EO
761d9848-12f6-4de7-8e8b-c1fbeeb41db3,SNE
9ad33dc0-e0ba-4078-bcc6-35cca6e9ab6e,LY
e35b5c54-387e-46a4-a9d9-1a879286f4ed,SNE
ecf8c4e3-b8d0-4173-9fa9-d350f95d64b0,BA
66b27e7d-78d8-4247-85b8-c124313793ad,MMY
fae9fb67-c281-45a5-8bbf-91ce8f0abc3c,SNE
ee0750d5-61c6-49d7-9185-7c913b0878a7,BA
12eb717a-8347-4b59-8b91-42cb1f0270f6,EO
c897aedd-7dc0-413f-8ff5-97d1dccfd1ca,BA
a6656b71-ac5b-4258-a58c-60be2b09cdba,EO
e7ca31f2-d3c7-48ff-8db1-5c5abebb2959,MY
24d2c1ab-d27d-468a-8f9c-438886cdd273,BA
70b264c9-984d-467e-b526-f79059ac5dff,LY
bdc9ef73-bda2-472c-8dee-3f5d8da4ec85,SNE
18885d1d-2e6f-4ad5-81fc-e2b71b7cd33c,EO
097f5bc6-7901-4802-8df0-141b512673d7,SNE
174a0491-0c6e-410a-9ad8-4f6a5c128242,MO
466cf0a6-2a01-4194-b028-ce924c942bb3,LY
9d06e8c1-66d3-4cb9-b3c9-ff3e52a7a800,MY
7812a508-23e5-42d3-8fda-a6426bf6301d,SNE
a9bb5c2b-fe68-4a4f-929d-a17d0083a4f7,SNE
c6617083-1b2f-4643-bae3-da76d89f661d,SNE
f35803d9-4925-4b1b-b656-91ed53facab1,MY
42b05cb0-1eed-4510-a7ed-668a8f0c7358,LY
8af28dcc-09fc-4221-bef3-89b13d7f1447,MO
fce5e60b-eee9-47ff-bcc4-e595cb4ebc3d,LY
2824a6e0-5a93-405b-8361-87c04115f926,SNE
49da9d14-10a5-44c4-9b0b-3f2e6890dc61,SNE
30c54f09-df97-4a1f-ae8c-ce4195c753c7,BA
9f70b6fe-557e-48f5-9419-16eca2e6f5d8,LY
54608892-b81d-4614-bffb-b31697bc77c8,EO
596d6e58-ba92-473b-8bd6-3cdce246a938,EO
e30ea96e-0654-4de4-b386-ef66e7ac1fc1,LY
338e2ae3-7e62-48c8-9385-aaff9aed0a77,SNE
8684093e-1a23-4e59-bcee-a066e2b4e4f1,EO
ed951ae7-66d9-4434-bb6a-f28a9845d947,MY
b759d903-abe1-4f42-bfbf-13772ae8eb87,SNE
2e0e116c-ff1a-4c6c-a387-9ce245868c15,BA
611ea468-7e72-44bb-8253-d9b18d11e8cd,SNE
3b93f845-2f6e-4aa2-883a-ae5856c75efc,SNE
7ad6f19b-d424-4d0f-a515-a9cda6473acc,VLY
ad283801-0a53-410d-9dcf-15f035437022,SNE
b3e9f3b1-22e0-42dd-8ec3-0792a9e36d5c,VLY
a1870967-fcc8-423b-8244-7a29d2b41c84,BA
5a0f6d73-9d29-44d4-ae16-abcd30df1470,SNE
ae944293-f1cc-4e81-8d26-c4cea51cb3c7,LY
cc35e355-6fdc-4d16-8e54-4c914ca74577,VLY
66ee6185-d104-4012-b7e3-cfaec99c7979,LY
6708e667-314b-4b86-b23a-3be509952454,SNE
5238e28d-68a1-43aa-b51b-3520dc41d389,SNE
99f0ddbc-23c3-4d95-83b3-4c1a32df5706,LY
4051d05d-e407-4841-8f74-4c523eb0b14d,LY
e07fbc6c-519e-4cb5-8ffa-9a5f7bfabcaa,SNE
24ed0a38-c7bb-4b8e-99a4-d831d0d89bd2,EO
e1d1724b-96c2-4b89-b6ea-a7eebd977762,SNE
93445aeb-8ed6-467d-b526-7cb22c49da80,LY
2c057d81-daf4-41eb-a36f-fa031280d793,SNE
d8056d2a-2acb-4a53-b858-28d5a7a34566,EO
8193057c-18ff-4790-a70f-5335a254bb22,MY
be7ccf65-e4ed-4ea4-885b-ccf308e9b3a6,EO
fa7d13f7-0995-447c-902b-0f679edaa2e2,LY
47c45f88-f033-4d26-bb14-f3cd28263466,BA
364465bd-61e0-4ceb-9386-e2fc7cbe22b4,LY
a569e1c5-58ca-438d-b64c-1b009b9b61dc,EO
b8c7a345-8a1c-47a7-b7a4-3f39ce04c0da,SNE
e6d32835-a57f-4f5c-8240-f54633334ca5,EO
67f212a4-cd07-4687-ae21-d5ae15f35bea,SNE
6067d92e-db2a-4404-a663-6ecf867085ee,BA
6023648b-a178-4850-9fb1-42f32854d1ea,SNE
2c890205-4645-4642-bd1f-081229cab89c,EO
d7274db4-0563-4404-bfe9-429e9b966c4c,SNE
305ed732-9a8f-4bab-8319-d84affc72b2e,SNE
2b6bb877-ef59-4aba-9f4f-d4bb5679ecff,EO
16a12f64-dc92-46a3-bbc6-a713a500ceca,EO
37ce537b-c1a9-4dcc-937a-ff09b3364545,LY
e0509a82-33db-493a-a469-fd01ccceb365,LY
dfdea44c-03da-40b1-8324-d730957568bc,SNE
dcb30cff-2023-4861-bbe5-1c397f4e0531,SNE
e9f7442d-504d-4e2e-a90d-2229a8151ab1,SNE
65d3b455-faeb-424f-907b-becd0be2e28e,SNE
20c33c00-da0d-4906-bbe0-ad8f0b4353b4,LY
18a401ef-550f-4c77-852f-0a6f837de639,SNE
b832e671-d828-4962-a2ff-42b7bb8cf8b0,EO
100d32ae-9511-4921-b0a1-be0dd2ea53bb,EO
7350566d-0f62-45ea-960e-eb33f1975fee,SNE
298b8f19-b0ce-418d-bf29-bc576118649d,EO
2af7ff2a-8bf5-4881-a950-d8f21a722aaf,SNE
a2f18ae5-b148-48ab-8b02-68860751829e,EO
3ba911f9-6733-4b09-b932-27259ac8574d,SNE
219d0033-149c-498b-b8e0-6dda2e298338,SNE
626853b3-b4e8-4283-a0c7-72d03ca68235,SNE
d1c10789-3db5-40dc-b941-a59366d62ba0,BA
6550d05c-2c39-418d-99c6-86be98623c36,SNE
2f0602b7-2eb9-4f4e-9c89-4d908e0acb42,EO
47f9f20d-8052-4e81-8c52-06abf9031114,BA
7be89a1f-737b-4e32-817b-1d88a2d5d4ef,EO
bb274423-8d1d-4684-8ccd-afea794148c2,SNE
e6a6ae7d-b7f2-4278-97fb-29129aa159f9,EO
2b99c75b-445b-4d49-8e39-88a1e860d42b,LY
926781b0-5031-4453-9f81-c31c3547621c,MY
64ee528e-1b1e-4aa7-9b82-6393f9dbcf44,MY
8c19586f-24a1-4a11-927c-14457dd2a8ae,LY
e6839e2b-1119-405a-9b3d-7d0a8c56fa47,SNE
199dd920-3c6a-4053-9850-926212f918c4,LY
1e058121-6267-4ffa-9b65-a0955d7225a3,BNE
3b1bb239-7dc0-45a7-898e-2d94b57e0801,MO
e40bb9eb-9771-464e-9305-b04025308f71,EO
a59edbc5-45f1-43e9-bd36-fabb409b6bf2,LY
32faf400-6e43-4814-af10-af23a24ee48f,MY
6225564a-d45e-4d58-b438-d820a12bf88e,SNE
0fae6623-a988-414f-9077-c1a953385ee2,MMY
6d053c03-5166-4925-bd45-757b60169f27,SNE
2c7bc73c-37b4-4990-916c-2e13b4b3059d,EO
0455be20-6dcc-47e6-82ac-249ff9a7d5cb,SNE
5485f405-c6ba-4f3a-8de6-b21b99d7853a,MMY
44a17528-7b8e-4976-bf96-063b2596faae,SNE
1d43b8ab-9008-47cb-aeca-b83087114b9d,SNE
bd30c5fb-fa78-48c2-815a-66a6c2029f45,SNE
1ab2a073-46f2-445c-bb85-f1dfc81ae387,MO
9aef18cc-1038-47f5-b2cc-3d50aa748fa3,EO
6a2a9d5e-0863-40c9-8965-64a8393921c1,MO
8b28405d-a56d-4752-be4d-cf7e0405e558,BA
13ab15d5-bcb9-4d86-850d-914e5fa4ac23,LY
7e276cc7-a0eb-4eb9-b715-5794f3bfce2a,BA
436842e7-4534-409c-a5ce-aaa5bf938417,SNE
a13a6ce9-9aab-4285-bb76-2e75c2bc4809,MY
cd60ceb8-5251-4abb-ab05-1f8567e1153e,BA
0afc3e83-7965-43ba-bbb9-b30641d5915a,MY
48cc9c15-7eb5-4c38-bff2-8c761473f281,SNE
ce59d8c3-7a00-40c9-bf95-ce00b407753d,EO
c00695d2-01be-4b76-b0b6-f9601f156be5,SNE
0258888a-b0bd-434e-84ab-6abcdd545a71,MY
f611e9a7-6cea-4194-ba7a-ac49ca89e3ec,LY
995b1479-f0cc-4f01-a4a4-7c9183437789,MO
7ac6443c-c792-4875-98d1-a0326a55b507,LY
c7da5c66-60ab-421d-8162-e2b31eccbf22,LY
90e8c0f7-d6bb-4c44-84be-ee0424ee4c8f,SNE
4f15a03b-d119-4683-9b7b-8851e903d8b0,LY
a92e2654-59b0-46af-9603-6d24533afc2a,SNE
1317f901-b060-4001-a3c8-b7996d5d8a17,EO
1075bf24-d851-47ad-b9f2-6e5c659c7451,LY
e151e5ff-2ad1-4086-8d09-b15a70fdbaba,BA
de0e6523-9405-4789-b413-9d419b9f6bfe,EO
757c3e11-d964-4306-8de5-73fbd2cf84c5,SNE
34f80374-fd7c-41b8-800c-3f4bd0f92996,SNE
72ef5a5a-458c-48e1-a5db-eaf15d71bb60,EO
5b23868a-34ab-4f5d-b262-736560f98b46,SNE
2ade59d5-be2e-4a40-ad37-7117625fe0de,EO
d70d2037-19f0-47d7-a30f-f1e8142cd461,SNE
b83fe4a8-62bd-4b0c-8694-43e618ceaca4,LY
b20f78b9-a3c5-4b08-82d8-a0c719871121,SNE
5639cc43-8c43-496c-8fcd-d5fa5f53d920,SNE
bb6978fe-115a-4e22-859f-1a3f6ec13eaf,MY
06274ace-2790-435a-907e-7e8deaba386c,EO
1646eaae-f37a-4db5-8723-eec3670e5c56,EO
a323b781-4207-40c8-84e8-2a7b55d5e0ce,SNE
0fec29fd-e484-4f2d-952d-d5994049dd6c,BA
3d1a27d2-dc2d-4de1-a8c6-16eff1faba3b,SNE
2afb7c88-ff57-4fa5-984f-a54ca84b5f1d,LY
2d3c1987-c2b3-44b5-bcc7-2b381ee76562,SNE
5b1a3312-dcec-4498-af4d-1a17c2807c40,EO
cb8b6520-c39d-4c93-a836-37c9072a5646,BA
86a1d6a5-f7cc-45a8-9596-da59c4aef462,EO
9d833e9a-3419-4190-b6a9-b52b63447754,SNE
e5cfa768-0a18-4973-bed0-4b21709b388a,LY
127035bc-aa5f-4c4d-89d7-24fc6560c6dd,LY
3c9b9629-3fc6-4f44-a828-2798d5b97bbc,LY
37fb19f6-049e-4079-a39a-10099856898f,MMY
1aab33f7-1daf-47ab-b5bc-9a1822510b34,LY
2aef1744-8f93-4cdc-aa0e-734650773de1,BA
b665a22f-d98d-4d22-b3f9-fc29999ad166,SNE
32de434f-51c5-4767-abc7-7935fa55412d,BA
c2f7784f-ec56-4d70-98f1-ca271b236cbb,MY
846f3f5c-2f6e-430f-a402-b8b167f65cb9,SNE
ad7a4f06-7505-4cee-9737-a2fc21d6bbe1,EO
121aa01b-8188-4529-babd-6e779d86b352,EO
ed21dbc1-b10f-4f9b-80de-172b4a8b76bc,EO
418cbef9-9ba0-456c-ac48-d2af898e872c,SNE
d2c3f71f-a3f8-474a-b573-eae0f38b7cc9,SNE
46694e41-aad7-4e01-aaa4-d492dfc5b306,MO
0db94014-56d2-4c6a-bccc-7bde511efeee,EO
af29c7de-0ed8-4920-bc2f-e420af74120a,LY
ad4f2b5b-572e-4d7b-b348-7f236db5a342,LY
c9901eb8-d2cd-4041-90a8-ad27b6b3eeab,SNE
39aea6e3-cb98-42ba-b7e0-c97dc78aeccd,LY
d8059b70-8bfb-4751-802b-5b69d9269b62,MY
7ad06584-81d4-4c4a-9a4a-0ae5cd9a9db4,SNE
768f19eb-4ce7-4597-aeab-34a8ab3ab129,MO
805e9970-62f1-4867-ad1f-299c3d77e554,SNE
8fa85050-a3ab-414d-ba9d-a0d514b83b3d,EO
1e0ad428-c9ac-4644-a8dc-993afb8db060,SNE
82707b55-ce2b-409d-af3a-632cf82d6fba,BA
65fa008a-f795-4fd3-bf1e-a40c77634526,LY
31e79a33-0802-4e59-9ca5-8a23b052bebe,EO
e28cdb2c-1fd2-432b-b2a4-17921167eb5d,SNE
3457cf71-d27b-4f51-8506-02bb9f413d49,BA
280cfd3d-432b-4b1d-a484-0ce612064872,BA
24f3b094-efed-4594-adea-67771c85b4c1,SNE
fea06a30-e4f0-41c5-b394-60b817c3051e,BA
498710a0-36b5-4d5f-a13b-127a5dade869,SNE
6e8c6fba-0f99-4666-8624-7bd8275af49c,EO
aca466bb-8ec2-40d6-8394-0accc76b3211,EO
29187842-9a53-4cb4-a721-351cdda0e8d0,EO
4e801d31-1d54-42d8-8c73-d3a457cae413,LY
d259aeaa-8532-4fa9-b126-bfae0887ec79,EO
67a0f00a-12e0-44a3-af9e-ec12079f3e16,SNE
1813397a-0806-413d-b7e1-3f9d441c75dd,LY
3c9eb368-b9bf-400f-a1f4-75a935309db5,MO
08fe99bc-91ec-45f6-a447-dd032dde0798,SNE
6360e791-af94-4ce0-953e-09a4eff9a4bd,MY
7d19daaf-26a8-45cc-a4a0-af9d1c1ca1b3,MO
b020a6e6-0a80-430e-8ef3-d4610f7df035,MY
c4f6742a-73e3-4376-8efd-4ee26d9925fa,LY
1cda68f1-d06f-448e-9541-ed36eee1e65f,EO
8521db99-9f67-431a-a175-4efc67272670,EO
3c0fe3d1-3b10-4dbe-8b73-9cbfad89100e,SNE
97b65451-d18b-462f-91ec-769148cfac73,SNE
4050fa47-3692-4628-a2b3-5763eabde08c,SNE
7b716389-ee04-483b-9d5c-50a6a81a2286,LY
8fa9538e-00de-41a6-ae85-292be22a511c,BNE
92e6d313-05d9-4b51-9846-451dd39b7c11,SNE
67f58d07-8230-4a53-ae89-5643af8395f2,LY
a36e3c20-8fb7-415c-9c55-37b7769fa8d4,EO
14945e8c-5452-4a5a-a3e3-ce37f8ee33de,LY
6c8daab3-e52a-48e5-afda-20fe9caebe58,MY
5c9a747d-8a3b-4315-a562-33aeb5779efe,LY
6c86a25c-35cf-4c96-9c9f-99d87344b1a9,SNE
07eefe1a-cc0d-4267-a976-463e36783111,LY
bf92c3b7-4c65-4cb2-aae5-23495fbf5b32,MO
5b61248f-85d3-4dc0-9d1f-f78ec2cf6a52,LY
a1aaa87e-3bcd-49a2-9677-c6feb36e7771,LY
97b6ccd6-e8f8-4c88-9346-9e913c5495bb,SNE
42cbab50-7eb5-4021-b49e-9da03f1fdba7,LY
4d6c95d0-8d9d-42c0-adce-1770d5932104,SNE
963cbed0-f55c-4b2b-8ebb-a90789013815,EO
f5a8a485-f457-4bbf-8b78-147d35bf3a03,SNE
0e343f2a-b57b-42bc-acc7-dfb56304d05c,LY
71be47af-e0aa-4dc2-afcf-5ecd8289e27b,SNE
cba26406-cc9a-4937-a361-27933f2d5c2d,EO
50ef76d1-ee68-49c2-95bd-40ab84ba7506,BA
ac560265-88d4-46c7-bb3f-58a11b92e837,MO
0cc82421-b17a-45e9-a977-9df00859e5e1,VLY
6910df4f-88a4-4976-8f55-8548c513b83e,BA
1adfd405-e7bf-4666-93cc-8ef91b25b8d3,BA
9132fd3a-8602-4ffc-b192-bae5f06b4354,LY
d2dfd3a3-9fe6-42b7-b705-dbc1822522a1,LY
2da6d530-1a2f-49ce-a1fb-e021144b73ff,BA
a6840cef-aa95-4fcb-b730-533561bf63aa,BA
52a514f3-e46d-4f77-bb35-dfcbe152bdcb,MO
cd4aa258-f951-40fd-9605-70c7b732eb03,LY
48e2655a-b332-4556-a4ed-6e15bba10b29,EO
6608b8b9-ae92-41a6-a7c2-d6fa684fbe6c,EO
b613a1fd-e537-4bcb-9337-b7142ddf918b,EO
853c0988-7c35-49f3-8977-0d34dd66f058,SNE
0c8f4d12-5561-417c-9241-22da0938b148,LY
923b1e44-9a69-47b7-a2af-fa10fa8ae16e,BA
fed7d615-f945-4e05-8bf7-5d0a06fb818a,EO
74db7c38-f6ba-4dd9-81e4-67ed9b007801,MY
cda51571-8fdb-49cc-9e49-6c0bca77ba25,LY
2aeafcdb-238f-4a68-8154-2ba5274ef431,BA
bdab2798-b955-4176-a468-f9187b6d5332,LY
70461f63-f9dc-412d-9910-d24eebcda965,EO
d7b82d50-720c-4419-87a6-864a6af67749,EO
7ea3df17-441b-46fd-b812-83f356426c47,BA
b14d1a07-4c85-4015-8229-64cc9ad3ac1d,EO
750170ff-e087-4af3-8e21-ea4f2cabca7f,LY
6798eb94-f360-4906-9a55-3ab7df63b3cb,MY
dbbbe204-cfe8-40ef-84be-bbc1891ba1ea,SNE
2934fe5e-7b99-44c5-a7c8-039f0aaddb2c,SNE
50caaba3-3d32-42d2-9987-3915c441ccdc,SNE
7362653a-fa90-407e-a154-8208eea3ff02,LY
a157f7b8-f82a-4675-9853-090b2cb1c357,EO
d6f28f9b-0c0b-43f7-ad4e-dc378c18340c,LY
d70f23f6-086d-4c7b-845f-13e9283601bc,LY
9c12622e-f66d-46d2-a7ac-9c9e3b733f2e,BA
a648781f-30d3-4614-8b3b-8093ec33ae5c,LY
d6092352-9897-487e-8e53-66bbcb04cf5b,SNE
67c339a4-bbde-47ea-8c1c-02e4ac87462b,SNE
e5edb1ec-96cb-4692-952a-ad171101851c,SNE
00be29dd-02f8-42e7-a034-2a8da001f3e5,SNE
284885d7-ca55-4a1b-835f-4fbcdfb5c8c9,SNE
433e0d21-83f6-424d-918e-289cb9234581,LY
814fc175-9ce6-47f5-a8c3-71ec0e854d0f,SNE
bb920f5e-1407-463d-8c03-b032df0308d5,MO
3ab459d8-f0ca-40f8-b596-18df9f5462de,BA
8b695a58-0cf8-4942-946d-e825de72a41d,SNE
6e1d1f0a-f50e-46d0-bd30-1941d693e0a3,LY
3e73ccd2-d22d-4b94-9a7c-7a40da96f0e6,SNE
629d4a51-3743-42cb-944c-ac646d1168fa,LY
330c0795-62b2-405b-8ca9-9bebcf408758,BA
261323f9-1817-4f8d-9212-dde6fb7e4fa4,BA
34865af8-a5f8-4831-834c-53efec71820d,BA
b3067205-f56c-487b-a5d6-cb61be5dca76,LY
c1f9c634-f8f6-422d-895f-ad40d27f9ee2,LY
976fdbc8-5ce3-452e-a943-126f4f95dcc7,LY
280178ed-97fc-4517-8c2d-96750ec12e2e,BA
e82851c4-d1a7-4dc6-8092-67a2de91a222,EO
58317d39-f034-4a74-b304-cfcc456e2134,MY
d3044d57-df83-4c81-b8b2-11b4d463a5ff,SNE
787c073a-acfa-410f-a781-b9ae60ff423b,SNE
ed88f49a-15da-434e-aa54-20bd4d8c6e31,SNE
187a37d0-9cbf-4396-a7f9-af154f58177a,LY
9a803b9b-04b0-413e-bc04-6c8db91c7f09,BA
fb1b9240-568e-496e-b04b-f9d4c81645a5,SNE
9a7e3ecb-ffdf-4c31-b30f-f640ce237ae5,VLY
b05334e9-27dc-477f-9632-1dd5889cd4a6,LY
8406d406-69a9-4b20-a155-2ddd57ba7407,SNE
94e24ae8-f58f-4a58-9893-49f28dbafcbe,SNE
b1c006b4-8928-4ec4-8f1f-afbcaa462bf7,EO
0c836a41-b350-4971-ae2d-3e02a69e1602,SNE
e8e716c4-6d86-4293-bef1-421afb4eeff6,BA
389d4d3e-c614-4e53-9271-9b7a071131fe,LY
9e6560bf-5b2c-4286-ad23-eeb778d5d56d,EO
bb5a3126-dd02-4e46-ba9a-fb55e57eaaa1,LY
9d493bc9-8ffa-4358-824c-a88fa5243277,SNE
94d1920f-7bc7-48d8-a30c-6b86a250dfa1,LY
001153fb-9025-42d9-a8c3-a25ed99d6df2,LY
73518988-1713-4324-97ab-ac3ef81d33ec,SNE
7add5d9a-5413-4a7e-a037-b26d3423933b,EO
e24dc23c-619d-4a5f-972c-d0e7fc83bf78,EO
b4b00c28-3a1f-46d3-9f68-ff4e047a43f6,SNE
02a566f3-7210-45f0-8841-2e027d14d460,EO
7f9a0219-79f5-47d5-91d3-13123193ad3c,BA
0203e277-b72d-4e62-873e-21cd13f426e2,SNE
ac796614-3163-44e6-ab4e-1e9b959c343f,SNE
b332034b-fa2c-4140-bdb7-e89d73636bd2,SNE
87100aa4-d4ad-4c89-ad2a-b7ca1ec2df18,BA
c69b594b-c2fe-4334-a723-d7156b86166b,SNE
82b98b4d-7be2-474e-9386-4404c17639c1,LY
5ad1fbfe-e075-4070-9cc8-0e67f72e6d32,SNE
b62c1c11-b81a-4da4-bbd2-992a26e4c3f8,EO
8b436b50-ac96-4663-890d-60d3128fdb05,BA
322f558a-d784-4035-9b16-02b8f2dedc5b,SNE
0aae26b8-44a0-48ed-b2e6-339b76dc2fa0,LY
e05f507f-122e-49b5-902c-785d8f683d66,SNE
fdbc2461-8775-4bef-a741-1aeb51515489,SNE
e8540936-ddcf-46d1-8387-8baa95c9f2a5,EO
05ef2369-d8ae-4490-bc74-297fc985d951,SNE
f6db8ea5-6d41-4e3b-b933-04678a70d18b,MY
7e524d8e-d815-4d3e-9482-dcf131dc45b4,EO
7289c6f7-6e83-496a-b675-67770214611a,MO
d01029ca-0e3e-486f-a3b0-92aa0fcbd862,BA
3d64ca32-1404-4b09-91c2-0508c141c9a8,SNE
44e69c16-cad5-40b5-b57d-9c907cbfd83c,EO
d4a2ad0f-f5a0-4060-9a0f-154122849af7,SNE
134fccea-a125-4be2-929f-720efe0d08f3,SNE
e49e9820-c2c4-4f0d-b5d5-034c2906e4fb,LY
6a4812f7-9f06-4b03-813f-996604eed85b,SNE
62d7eb7f-0ba7-493e-afa9-6cdafcd1fdc3,BA
d9c62ea7-6865-4faf-904f-cff7b235d393,SNE
7dd699d3-9e64-47b5-b4e7-fc040e4ec562,EO
31458890-0434-4156-b660-1bd8e1dcaf90,LY
040b8ada-2aa9-4195-b24f-4cb78c4cff7b,SNE
b5350297-8083-4962-bc3c-49f5311c9e7d,MY
ba0bb0f1-2557-4fbb-9073-354530168a38,SNE
18994d55-3c03-4153-b2a7-ab70d94e4a0a,LY
4640d319-c78f-4ca7-a170-5bac5767246a,SNE
6103bdbb-c2bb-4631-8fce-614b9d8a0e56,SNE
53f74870-0178-43fe-86f5-af2fc349224d,SNE
de0f229f-31fc-4960-ab31-3ba5e873dd8d,LY
ab9f799e-6023-4cf1-8c69-96bdf495951f,EO
b1caed88-f0f2-49a2-93e4-ffee8e5b8b7c,EO
9cc6a5c0-ed9b-464d-a1ab-a2707e62a211,MY
188765b3-7e81-4739-9f6a-0d7dbd812cb9,SNE
aa3b91c4-fb14-4300-9723-6c8b7fa7b07c,EO
fc6bf77e-8f88-4a8a-af91-1270db9f4c81,LY
2aaf6f59-f146-46ed-9577-dea79066f6b0,MY
bf8d910a-6215-4c76-a387-532ccb2331cd,LY
cdffb1a0-71ef-483f-8d62-d7acbc2e3cc5,BA
3c76399b-07c3-49b5-be16-745707c52541,LY
8ae9f430-74c3-46a2-8b9c-c45e57488c8a,EO
c389bc84-c100-44c9-890c-151f5e3b40ce,LY
f14648f9-316d-4e8d-9d41-031f09aca225,EO
1c9a01e7-fe27-4e90-a6a2-7dc21ed15fb1,EO
8f82d797-adcf-4cbe-9c6f-ceaa33910913,EO
c17fe1b5-cf14-42e7-ac65-69ef561a1162,EO
f7d0654b-5f43-4922-9ebe-accbafbb022c,MO
772fc497-7db1-43f4-b93e-321d4ea83b58,SNE
03ac1557-77a6-4ffa-b3c6-3c361aa42e49,BA
6e8175a1-d4fe-4f74-8b0d-8b13c574be42,SNE
e6105431-115a-4b5b-871a-d958ff06547d,LY
b98302bb-4d22-40dd-a66e-56e52b8e2e4e,BA
f18586ee-f819-41ac-8227-d5d45ae43499,SNE
c71da83c-1221-49e4-9214-9dc31ed6ed60,SNE
1832a2c3-62c0-4a19-9d0e-1c5b1a207d4b,EO
48d8c103-f985-4ec0-bf56-625e0ee19829,SNE
3b5fdbaf-fd9c-4577-a083-b7694470a4d5,LY
225b86d2-e93d-4849-bf30-664b1adbe970,BA
5d2f1e79-5dc9-4821-82e0-767174d502ea,LY
d35a9f84-99d8-48b5-b472-788ce39bcb15,LY
8e851da2-c857-420f-b443-031d0cf56267,LY
cf391f1a-016a-434f-bf02-7109a033db75,EO
c26d7744-2137-4ebe-938b-1d7ea4230cda,SNE
87c6eb39-df68-4d0c-95c5-457782f435e1,EO
01a0b4a2-1e2f-4d0d-984d-729208236450,SNE
c89aa927-35cf-4be2-a55d-8252bf704278,VLY
2514c256-22b1-4ffe-8aae-f1d5f91fc225,LY
f522d224-c3f5-4718-b854-90fa5f52e16a,SNE
174de20e-afba-4ab2-9bb7-9b454ecf8e26,SNE
0c12b2db-b97d-4eec-aec4-9d0c695fc794,EO
e3579021-97ab-450e-8263-8b63b89585f1,SNE
92d1d673-871e-4a3e-bf49-da249598df3f,EO
d6e3ee9b-1fd0-4edd-a795-e5633c971c3f,LY
f2fcd3ac-9ee0-4883-89fc-5362f0c76876,LY
5b02b433-3ca9-4af1-a292-a5a7f9067c61,SNE
3bf87c83-f84c-4f9b-a8f7-764723dda1df,EO
95f58f92-4bc5-45cf-9091-49910c61c864,BA
b845864d-9a5a-49f6-a3d1-3136f151a53d,VLY
697b70cd-a20f-410e-9bcc-6735cc88c7fb,LY
1f301d7f-a7f5-44e7-8920-532c2ea064ea,LY
7dedde10-31ea-4157-81d6-0d8825b1c673,SNE
34a076d9-cdab-4552-8dde-a301e8c15b78,SNE
ef3bf475-2f45-4ce1-8ff3-d79a5bac5859,EO
a0fc55d4-c61e-4c79-b650-19496101caf9,SNE
048ee823-5c4c-45e6-a2ea-40220a108e3e,LY
58939215-0c7d-4e2f-a756-8d238d3bb8c5,EO
591aae66-dcb6-4c3c-ac57-f92a37c879ee,MY
53e3eb99-d12f-45fa-ae0d-5d28194fdcf6,SNE
20b3e060-0811-47c2-80e8-14ad6e712334,SNE
92699105-72f2-4617-9905-f28ff9708eb6,MO
82d4047b-4499-4f56-925e-cc2a17a98b57,BA
5ab82f0f-8fe9-4492-96cd-58d8cb822a0f,SNE
abb2f6b0-3c14-493c-bbe4-f6f82c493561,SNE
f742e403-2909-40a5-92e9-8fe2c59e12e6,BA
ebf2913a-f2fd-43ac-a992-ede9d8a983f1,LY
fc0c316a-5b1a-4e42-b9c2-cc4faeebd44e,SNE
89c3ccd2-504d-4514-b1f8-4ceae9ebc052,BA
87ee9b7e-1f9f-4a12-8013-444a98dd228a,LY
6136d07d-d70a-4d0f-af40-2fdd6af86a19,BA
1148e812-ef59-4f74-ba7f-4109bb634ad8,EO
f65ee19e-113d-4b55-bd47-f809711c1686,SNE
333047d9-eb15-4b75-bc03-672fb04a9ffc,SNE
7453a7de-3364-4ed2-966d-4e2f97abe01e,SNE
96ed979f-c809-4d96-a0ec-10486ca2344f,SNE
ac97d826-030f-4fc5-aa2e-05b8a01711d2,EO
c939b0dd-3f07-4963-8a74-efa9a240eb6d,SNE
42a86df5-1e0b-44fa-a718-aa6380942e00,SNE
21ead6c7-5cd3-49c2-bafc-24aefb9a63bf,LY
a18be46b-d5ff-4fd5-8603-ee11faac9ea9,EO
2d032199-0adb-4a52-bcb5-d0251d92e09d,EO
a1d4047a-ed8a-4238-9774-50ec1aa297d6,EO
5e29149e-d559-4b7e-b816-aa034a16a548,MMY
91e3fcf7-355f-45c7-8d84-f90b9a1346a6,SNE
411598d3-4477-4277-b326-fd32162af73b,MMY
6dc7ede8-82d6-4f83-abdd-5b6c7d4b8d71,LY
fd02bd9b-5a6c-4b1b-b00b-be7c59b3b858,SNE
17b21cce-a9ba-440e-b2d2-32261d67d1d9,EO
500f03e5-5099-4081-a792-53de0344ec81,LY
cd161d08-da1b-4ebb-a928-b5480e887b14,LY
f7c77fd5-e103-47ad-bf19-8bf4234323ef,BNE
f5438842-af34-4c63-ac5c-aaa4e66ed5eb,MMY
a330ba97-df8f-456b-a78c-b64a32575a15,LY
bbb32bb3-2b77-4a92-80e1-758a7a75786e,EO
129a4d7a-49ff-457f-a34c-1cf5b4dbbb2b,SNE
2e057431-548a-48f4-81db-2529e76b7fa2,SNE
1544bacc-4c8a-4004-862b-03e3c6b26226,SNE
f764efa1-a9c4-4eba-9f0c-c3199ee3fc30,SNE
451eb3dc-afa0-4e12-94d0-1e74f1e81c70,SNE
a8ae6a04-41e4-4b92-ae6d-002629960955,SNE
4dbddefa-dfe9-40af-b61d-ce7e45ec4108,MMY
b25e8415-94fa-4d22-9d37-3ee16c2d29d5,VLY
b3c6c96c-1279-45ef-8732-47466d9c4521,MO
649f969e-e199-47b5-8c52-a6c928a49229,SNE
c7770bbe-ecc2-4e68-a4a2-08097eb8aa26,LY
ecfdf0ad-cfb7-4d93-bf25-9feb97e10cd5,LY
e81f9b48-6b43-4604-96c7-85a842d58b4f,SNE
852c0116-47a5-4939-b3de-c1baeaf0bba9,SNE
40199041-f704-4dc9-b73a-9ae351649305,BA
75874bb1-759c-4486-ae34-c217bec84b9a,SNE
b8dbbd98-5fb6-4089-8799-de3cff6891bd,SNE
ff3da38c-28e9-4ce7-bcdf-18295e598d43,EO
e4b367df-4269-432b-9c87-a89e79d4dd0f,SNE
ca627515-ee7f-4cab-920b-4d1deb58b2b0,MMY
6a4b4bbc-acf6-489f-b99a-32aa21d66d52,SNE
bde4def7-5077-47c8-b811-1c78e3e87321,LY
28fb9559-12cd-4ff0-b822-420fed869ae9,BA
821d4e19-f115-494e-84ef-7ea749b6efbd,LY
a7ce5b72-06a7-4493-a227-a581d23c42ae,MMY
a49e40b3-2e85-4651-8ec6-704531e44a74,LY
426ed3b0-5962-4eef-92aa-8a1f0b11ff0b,EO
430ccea9-5dcc-4c10-ba88-53204a93ca2e,SNE
3af662e9-2415-479a-aeff-062c0d7a75fe,EO
596ff7a5-0da0-498d-bd92-761684f99309,EO
ea850309-5d5a-4342-946b-57b330623b32,BA
f36db21a-8f27-4ced-8f80-49eeb066efc4,LY
73186b9f-6126-45c9-afe3-39ec5588dc82,SNE
78561ffc-20c0-48a3-a1f6-5fda2b7546d1,SNE
98c81813-56de-443b-8291-6b43e3d33421,LY
4e5711fe-566e-485e-b9ff-df79912d16eb,BA
be5802f5-ff40-4301-b667-2e0c8962d2d2,SNE
3802fa45-d9f7-4045-8137-2634e617167a,SNE
a5b210a1-9564-488a-8541-f8ffb867c80d,LY
70bc639c-880a-460f-99ce-171fc0ab363d,LY
92c6c7f6-12d7-417a-93f5-eba2b2c088c2,EO
32212875-3eb5-4999-939c-ec6b954cf78f,MO
920216be-108d-4252-825c-33d8290c5c88,EO
5cfb8805-c33e-4943-b556-54fe1b0f5161,MY
62ac1740-9b03-41ed-b724-a4a19bb083a2,LY
cb5374e6-c257-4f96-b997-34e3440616c9,SNE
cc33941d-25e3-4018-8e67-bda58de39af4,EO
3bb55324-96e9-4607-a60b-7e30ee4098de,SNE
dc85269a-cfa9-4692-808a-4cc2feebfe85,SNE
bfb99d51-2ce2-4805-8c18-3fe3dc9c4ed3,MY
abf5bb0c-47d2-4fd7-b9d4-5c6eae07d358,LY
31e5cdb2-60fc-489f-b434-4d7e3dab4458,EO
47fce514-347b-4d12-9d2e-a9c39546fade,SNE
de950fa3-1f10-4c04-bc84-62f7443f4e0b,SNE
b905fd3c-5834-48d9-8c93-e0743a54d316,LY
b833c23a-3043-48c6-9980-a6787bced7f9,SNE
3f07f606-12c0-404d-aa4a-daba4219a3bc,BA
21135620-8a85-4231-b4ae-44217a935cfa,LY
b0d7477b-95ff-4dfa-8920-8ba9857f62b4,MO
75600b1d-5b43-4d78-9c7a-b3a06bc01eb9,SNE
ca31c237-f1e4-40ef-a55c-86df188f90fa,EO
ce8ddaa9-aa99-436f-b8d3-b0729346b4e1,MO
3e44e5f1-8a1c-4e63-8390-817afd0e8ebc,SNE
7a637368-bf2c-46d1-83c2-069582449420,BNE
78ed2bc0-ee9e-4d7e-98ff-0c888d12198f,LY
e27ecf32-b9e3-4b74-a81c-6cd332ca57e2,SNE
7c40dc7b-204d-4b34-bd4b-f2920c14df0d,SNE
83f6fa81-93f3-46b1-aff2-ff7f21473323,SNE
8f0572e7-d4b7-44e6-a5fb-e133426c6e66,MMY
92eff0ea-9cb4-4e16-aa42-c6eda67989c3,BA
650df0b7-45ad-4ad7-ae8f-f5e646c64cf4,LY
8ee0ba8d-e369-4ea2-913b-96bd084a9e51,BA
7f2d1bc0-92b4-4951-b2d1-3281b06eb5a5,EO
1489d0b5-95f6-44f0-824f-4be1e624f457,SNE
f78668cd-63f0-4521-b9fb-8a9dfd79a8f8,MO
6f950a66-e0f6-43b0-9aab-0dbfb3373f4b,BA
4bf94bc3-4a39-4f41-9f28-05864a56cca2,SNE
a335fb17-a511-4506-9ba8-bd61eaffe795,MO
4556b564-b5a9-4bbe-99b8-68d91e8d80ac,BA
27265733-1d81-4598-923c-a94ccc18a4b5,BA
6a0e6401-62e1-4dc4-8e4a-173362e84bb5,VLY
e16665e1-aea9-45b5-ade8-1d1d45e33719,SNE
4b16cb79-1f71-400b-9e30-ec0f24f572ad,LY
deb505f6-fb4e-4b57-807f-fcfa196d68ce,MO
ec2705fb-f348-433f-87a7-ad0951a980b3,SNE
7957e995-62d0-4419-b4bc-2169b6eafbde,LY
37ecd726-9109-441f-9322-620da188c6c3,BA
eefa7e3c-bd88-490d-b8a0-4f62afda07b3,MO
271038c2-3e79-4bfd-951f-502d24eaac76,SNE
e49f5a83-4574-470d-afb3-a32c5f5d82f2,SNE
2214fd9f-bcf3-4dfd-9afe-ec42c51e610f,MO
859567a4-55f6-413d-b11f-cefeb38dc6d2,MO
a7c78c72-eff0-407a-9c9e-476513d13312,LY
6d9bcd9c-eb5b-4e2c-af21-77329e5ec3d0,MY
abd90b5b-3beb-40b2-a487-193e9491717b,SNE
efc1a643-db59-45bb-8457-4c5292bbf559,BA
b7e1b445-5b30-4a52-964e-395a9fe90b75,SNE
a2efe0c9-0c5a-4ecc-aa13-333d644664e4,BA
62e6e8e8-1f7c-48b9-b35c-2be099f48f47,SNE
b6bd5e5f-756d-42a2-a8c8-1c0dd938f341,MMY
99540b83-5cd1-468c-abf7-5a7a90fbabf3,MO
c51ba6ff-5ddb-418b-8bb4-6d31ae3d119c,SNE
99b29c1f-0cb5-4758-8e91-3840fb2ac99a,MO
4d23fb60-6bf9-445e-bd91-873123ea3f25,EO
212d8067-b567-496a-90dc-b0f182060390,EO
4d82d3e7-f97e-4284-af23-a6ae83151859,LY
875cb771-7b28-458d-aab3-4c15f31ac6d3,BA
2933523e-39e9-4e62-b0db-f3e4cb2f2251,EO
32dc4141-36f2-4d4c-b667-1f46f18f14f6,LY
582e84ad-b470-42b8-ae52-dfb79281e2c0,SNE
b5ae7482-9e02-4bb4-9a59-9e80b69cc16f,SNE
2d6ca195-b3f0-4e75-9437-51171952510d,SNE
ec2be6b2-fb13-491d-ae62-577717657e12,LY
ebe53aa9-c1cb-442c-af9e-9b76e05a5160,LY
51e9b332-26b1-4ffb-bc2d-38998fb13c30,LY
72e47543-2389-495d-a84d-4000eaa4d750,SNE
8ef0a259-9b34-47bf-b6b0-ebcc0c10dea5,BNE
0907d99b-b41d-401a-b03b-22ecb0145ece,BA
e636e75d-2243-4ffb-a808-a5182bfec8bd,SNE
25c4973d-6070-4378-aac5-55ce4303f6a4,SNE
0b086da9-b1c1-45a7-8e98-95df1ed6b471,LY
0618b4e4-e6e8-4f9a-aade-e910787b334d,LY
26499adc-d3d8-4a9a-94bb-e3f4856ff8a1,BA
35c7cf03-84ba-4120-97df-70186757c094,SNE
6ca87269-d6f0-4798-b67a-56eff16640db,SNE
096a2c21-0d9f-404a-9bf4-1d67eb64d47a,EO
10a0c06a-e238-4573-b85e-c8175df92b49,EO
0abe7fd9-fd4a-47e8-9822-f28322c226fb,EO
573106fe-3949-466a-8d39-30d9ae68f091,EO
58f27bdd-88a0-47fa-8d7b-d58bdac20e2e,EO
2c79ea44-9157-45f6-94ca-f6d6b12b8275,BA
f23a0097-e266-46d2-8c08-56c98f218e36,MO
e38117e4-69ba-4d06-90e5-d1be72fa91d6,LY
eac8414a-2281-4c80-ac3c-16afe9155d49,SNE
12d9bdc5-d81c-4bff-b8ff-bb9c7bc2f1e0,LY
dc83de28-af5b-4656-81ed-667bb5dde884,EO
7c50a3d6-735d-49c4-bd23-749c9a6152e4,SNE
463f6419-6e0a-4026-9520-913ef4e99539,LY
cb93ba80-6349-426b-abec-eb19a85efdac,BA
6fd71e5a-711e-468d-8338-99164f3e6a04,SNE
bf730761-0e6a-4872-8c5b-e6230e3eb1dc,LY
e01c7541-ea81-4614-b857-abf7c968a901,SNE
04172d39-04a8-4fc2-9e5e-a07ebb17ef1a,LY
2f94c183-26e7-4428-8d5e-b81a262339c1,LY
6b58b6fe-eaf8-44d7-ae8b-4a96f453097f,EO
a39a93f3-e6d1-4281-8a01-b3d9908a1650,LY
576d36a8-4098-4abd-ab1f-04cc85c8c972,EO
751c14a0-3ec1-470d-a8f0-72e2a2c57222,BA
2f8cf059-ccaa-4c47-96c9-078c1876e713,MO
f4300724-45c3-4c82-b74d-294e042112fa,SNE
e26f5185-8291-46d3-9f66-952e89d594ba,BA
c052011a-c97c-4b7c-a30c-d55e6a0ddbb6,BA
a02597d9-011b-48d4-bea2-a0d3b6896ff6,VLY
dc24a496-c60f-4ba7-9557-893dca306741,EO
1fd5fef5-dd6f-46d8-b0bf-319af641ff5a,SNE
3a21ad9b-c48d-4957-a212-ee579bc95eaa,BA
63b4acd9-eb0b-4e1b-a0fb-e8855445ac0b,LY
ee7b9cce-a1bb-4cdc-aee4-13586c891557,LY
da9c3b4f-be08-4ac6-b5d9-a160e5eac438,SNE
9e5c4cd1-feb9-418a-a5af-8ade76000cc8,BA
0a915269-a52a-4469-8306-8a68bdb04994,EO
100f2912-a627-4e01-8afc-96591923b6dd,SNE
ed6ad73b-dfef-4a32-b8c9-4e635c1dd9d0,SNE
ac2e4c5b-e234-40a4-bebe-9914ef79d9c3,SNE
dd895e00-fce1-4a39-91c4-0d843f6bc6d6,LY
801de4f1-6f1a-44c5-8880-62fd1b480570,EO
56ed6789-5f86-4f43-b29f-fc75be68e6de,SNE
aeb663a6-f6f8-4990-9576-4aea49532c52,EO
5255b08c-3f14-4ae8-9fa7-6c2eb3daa612,SNE
d18bf2d2-42fd-4194-a8e5-aa28a39d90a6,MY
2d498d4f-9820-4b9d-804c-dd36bd63290c,EO
020aba14-4c4a-441d-92c9-d7f93e726030,LY
931e9e09-6e66-4481-b5a4-99e52d1b1a24,EO
b6ec7637-2afe-4e62-a2cb-bc55255aab74,EO
24d3f4e8-e2d7-46e5-9441-d59c9ff616aa,MMY
a62ad0b8-84a9-460c-bf7a-84f4460583eb,SNE
8fd4fc26-df13-488f-9b1a-fc0293ceef77,LY
159ef4ea-1eae-42f6-a56d-c1c6fce5ce05,SNE
42506846-4e29-42f6-bb0d-b537f7a95d11,PMY
2e0fba37-74d3-4bb9-9c1a-e15fa46fab12,EO
293f59b0-d80f-4d28-a35b-6484b030972e,SNE
a55083d5-c7ed-488d-951a-957d99476ff3,BA
4bfdef83-20e2-4a6b-87bb-7700d7f6d7f5,EO
60fd264c-cc91-49f6-9304-a0d0cac18dfe,SNE
3db97d92-8f76-4303-a51a-a490a1a481cd,MY
e693f11c-c39d-4d05-abc7-20950aa9a45b,SNE
cd5947de-54f5-4bc7-a742-8fcdc5a60007,EO
9ace3ac9-bd20-45c3-9f5f-6f63f92c308a,EO
9e84ec51-4486-4cbd-b9ae-6b8dd548abec,SNE
b07358c2-c5e0-422d-81d2-7ced9168fabf,MO
6e27da08-f039-49f5-9aa2-f9ff29e52289,MO
e5366051-87b2-46ad-80e9-9bbaf444d1c0,LY
1d296ed4-0059-42a0-8405-19585606d9ee,SNE
80e99f66-9891-45fe-9c1f-18290df427d8,LY
a49dfdf5-b004-4368-bf78-bb55d25ee7db,SNE
230d1e17-c86f-4d1b-86ef-1cbd5bf1e492,EO
adee9d32-a541-41d0-a4cc-3a891c1ac7a4,SNE
879a2328-f4ba-442c-ac66-5db2fee333d0,MY
3c6b040f-e5ba-4cb5-ba56-f3672965306b,VLY
d82cc663-4cb7-4a5a-b258-e02468ba6f15,SNE
1dbae776-119d-46a6-b157-ed95cd74f7ac,LY
57fa5b47-c555-4f16-931f-fdf394c8a369,EO
09c4ea47-eea4-4932-bca2-4a93d98f0cb2,EO
05c25b42-5903-459c-b1b9-0b9fa62d6943,EO
5ea67798-d027-48a4-a120-06aec995b07c,MY
de591ccd-363d-40c9-b0e1-86c8f95cc136,LY
fac49164-d270-482e-b91a-ef8ec2abbd9a,BA
afe04bdc-902a-4652-906c-ee86c389a2a0,SNE
0c52c5d9-077b-40c5-ad52-987b98537932,BA
82e7cb8d-71f2-4904-98f7-46980bf52e11,BA
cdb4f479-14d6-4093-8db1-5cc3695324d4,SNE
ef15734f-e500-4513-9186-10015b58ad39,EO
319f764a-7cbe-4fcc-8b09-e421d8d0cd87,SNE
0b41b45c-e1d7-4e1c-baa0-e1a07cdded9d,SNE
6b749c23-7b4f-424a-99d6-66118869f445,EO
d9c18f27-701d-42ca-801e-6ab5d8408b16,SNE
7ed857f1-6616-48ec-b0a7-2d946b6d273a,SNE
1e7cb771-1c85-4622-ac92-c2906efcff35,EO
8aca7462-55a6-4471-8b49-a6aec6b36f21,EO
ab78b171-83a9-48c0-8236-c551ee0c35e8,EO
63ec1850-3b06-41d1-b817-62de88f6ebd8,SNE
f29ad1d8-2259-46ee-947d-8417d3e79601,MO
4eb79b81-af1b-4e43-a746-996d6da8a0c4,EO
0ee4688d-7977-4591-a5e5-060b7f285bb2,EO
52d98ca3-a684-4d2b-855d-396e2110c838,BA
2de1939b-e25a-4afe-b428-563a31981e44,LY
691598e4-3e7e-40b6-b910-1f98b6d1dfb7,SNE
9a6d6ba8-73be-4551-8639-220f858922b5,SNE
880fa4ef-7678-47b5-987d-cc751bc956bc,LY
b57e1550-7652-4094-b8ed-44f3903b3615,LY
16cbd54a-625f-461f-a2c1-1f27b601947a,LY
920b67a5-827d-4892-a9a2-883c366dc70f,SNE
2d7a74d1-02f7-4c23-9e59-18fc1203bf6c,SNE
003ac5d9-371a-4a55-8f3d-7cce9fd64b01,EO
53fe16ce-7f18-47ab-9e47-63cd9a71a6b1,EO
74417745-6ce5-4199-89d5-45728da654c1,EO
44348dae-9d0d-4e27-887b-eb2983b6c816,MO
c3c2b6fb-6cb9-494b-b169-a72202eb9db3,LY
eb1e7850-c91f-4b70-9084-323ebcebf199,MO
8d8f1d03-a4e5-4e4b-9846-3594e2dfd069,SNE
98e79e55-52a4-4c07-8ffd-2d8921c89da5,SNE
26e99f9e-bb1f-4bf2-a550-4d3f60e06d0c,MO
2d89924d-7d18-4199-99da-403b6fafd821,EO
3ffb4df1-14c6-407b-beaa-2aa142bd2075,EO
788185a1-e2b7-49d5-bfae-2106338e6cd4,BA
0d163242-8c54-4184-9740-7016421d9eb6,LY
b3d5e812-f335-4777-8eb5-de3896cbdbe5,LY
b209f798-499a-4f46-a1c1-6f1442432973,SNE
4ba98671-4c34-445c-9659-ffeee7b3b3a5,SNE
9dc9562a-822c-4d58-a531-2c244d6a36fa,MY
377fcfe4-afb2-482c-bb0a-6006c5ce33d2,VLY
bd51c3a7-e7a2-4e85-bcf4-a538da24ba76,LY
e500866f-50f7-41c6-afe2-a55a62614195,MO
5da44f48-dde3-4456-8637-396ca6122bc6,EO
b12434b9-b723-44b2-a4c4-c130f314aecc,EO
c6c8e8a8-b3fb-4eb7-9909-fc705be4e779,EO
f9d5c654-20cf-423c-a4c9-e0f6a5285135,EO
bcf6fa58-516b-46fc-97ab-85a88393b97b,EO
9935e1ab-1f93-44e8-b9d7-31593664da5d,SNE
45dfd232-4b9e-43c8-a002-0ad026d7a3ff,EO
8386a656-722d-4c72-a8e0-fc6034b1b1da,EO
f2a1a4bc-cc78-46c7-b963-212c7c1c9eaa,SNE
3890e04e-32a3-40c1-9724-e5bf298a5225,SNE
6be68074-8563-43e0-bc42-1e6f10267a7b,MMY
4dcc5d51-6cf5-4bd1-ba37-205bca81eabe,LY
ab4e333a-f3c1-47fd-8fa4-3cd2435d353c,LY
50719c83-5500-4251-bcfa-d68b42cae647,LY
4ffeb7fd-2c08-4264-8254-42be1b190b7c,BA
64110acc-4dab-4b5c-b607-d1854dfcaf76,MY
8117cbb4-a6aa-4d2c-82b7-bc54322c2b0a,SNE
6359410f-301c-4bf8-800d-e82a50baf357,LY
9ac1b389-3d7f-47d2-9b71-ef97a2cdae86,MO
34110cf6-04dd-45ab-b5eb-13134245dd9c,MO
a92ca4d6-1eb3-422f-86c2-c746dcd2e28d,SNE
5d10967f-888f-4a47-b4a8-131fb0719b0c,LY
44058c78-3de1-45fd-94b7-da2e253066d6,SNE
5b3376b4-c196-4fa5-9a2f-9cff34737e9e,EO
934a9d98-bb53-4b82-9a4e-ee403e403dc6,MO
6fa3b5dc-773a-44f6-be19-317cd671c764,MY
55d0505e-8460-4461-b198-248a19fb1f33,LY
4f1e7e5e-cf09-4839-a4bb-e91050d3147e,SNE
5df69d1d-6e0b-4888-a307-660ce0ef24c6,SNE
12b85806-894f-427b-adbc-710cd498960c,EO
d75c3fca-ec85-4509-a2ae-951b4b8fbd59,SNE
4997af46-e26b-43ac-902f-b0c7dba484d7,SNE
5c35b155-dc7f-4724-8314-083fc0ec1978,SNE
bccc2ec4-f939-4ef6-ba76-9ea7bfc1b957,MY
dbbf6d61-c12f-413f-8b68-bb377b05811d,BA
adfd7f46-0004-4297-a1fc-1c08f1fc71d9,BA
13a12791-959d-4d1d-8f12-d112f2ee2130,SNE
0d904f22-0754-4ca4-a038-c8d2a0d7055e,LY
7e0c309b-4414-4b0a-a179-5f1c635a8763,LY
7f2d549d-a134-4ec8-a885-e170dd572c94,MY
97f6e1d0-8af8-40e1-a475-febc5a459e33,SNE
27028cd7-7cbc-4f78-b3ff-55947f64cacf,MMY
e4c90b26-84db-41e3-aab7-5babdc335787,SNE
0b2193e8-89ce-4bc4-a17b-5fb2199bd853,LY
5b42d4f9-88f3-4179-8953-72bc5e16eaae,EO
21b4ea23-c92f-44e5-9c12-a1ba2757d754,EO
ae433a96-d3a9-40e1-a65b-ff602e9314d2,LY
fb5edc0c-1494-40c2-8078-3443698870b7,EO
3fc20b7e-f9a8-4790-ad50-950ce3abd564,SNE
bc0c485e-c0f2-432d-bf83-170443f3d02c,SNE
f26fb750-9583-4381-94d9-9cd383360efb,LY
bccf6b72-1c45-45c1-9c6f-9e604c5b887f,SNE
f30de264-841b-43a0-9bf1-388550ad1f05,LY
ee527655-fb54-4761-a359-5fb18bb58073,EO
d679feb2-992e-4935-bde6-96d06ceb6397,SNE
8a1d2e0f-a6d5-41d1-b709-669e622e6398,SNE
153b7e28-3313-4501-a457-d14dabe05b84,SNE
e1b08d72-f6dd-4795-b72e-5b9716f4acca,MY
584f5060-937b-44fa-ab8d-669d727ed9b6,BA
ad5134d8-c51f-44a1-94ef-7662e668425c,SNE
11891e6b-8bfa-414e-9ecf-28f716f75e58,EO
6431b025-ed15-4b74-9c7b-4df08addf346,LY
f6b79ad0-862a-4fe8-9ef7-01a9bde21c72,SNE
937f93dd-826c-4285-9359-23b2de9589f9,SNE
7c4bd489-8455-4f58-b318-fabdb78b1ad9,EO
c52c6f59-877c-4b53-9f3a-10d5766c9565,LY
d05a7d76-774f-42f5-88cd-af9d74f194ea,EO
d31bc552-01cd-45d8-88e7-33fe020be9f5,SNE
23fdcdc7-6d31-4fa4-a524-30b3895e4686,SNE
e5283596-9ff7-491b-a753-ca9696e8d357,SNE
8f07b822-db95-42f7-9cc3-471044ae5ed5,SNE
05dd0e18-1ffc-4277-aac2-0389d1ce9984,BA
2feaa347-0bd8-49ed-8192-2b7678a9d36c,SNE
223a83e3-2a69-4f21-a079-7a27728e44d0,BA
72219215-f4fb-4851-afb6-4e36f490706b,LY
d73e98aa-bdb5-484f-bb66-37c91e98ecf1,SNE
020511d7-397a-41ba-bf7a-d1e2ac358a70,EO
96217cc8-a5a2-47dc-9583-082012774605,MY
06f44202-093c-47bd-aa32-e57c5f7d9f62,SNE
a5d42116-bccb-40a0-8f82-c0902187bac5,MO
940c50fd-832f-4cca-8b36-9fadedcd4b84,SNE
abebd737-f8d3-4189-b98c-616d6ff0a00a,SNE
cd9e5094-cabb-4cbd-8d8c-c2a0aa59ace2,MY
4cb80166-cdbb-44f0-8837-6520aa75c74a,SNE
28085d3f-86ee-4ab3-89d3-59086c9c32b3,EO
b9ab9f3d-cedc-4ca2-a380-0cc5bf6bfa36,BA
cc6c2ef8-d48c-42bf-8ebd-c153cabb5195,SNE
ddf6a40d-b86e-46fc-bd6f-8f6a3ee2a4c1,MO
8cbeb1cb-6464-4ba7-ae99-a181a8bb3b46,SNE
c14dfff3-76e5-45fb-bdc5-e12b5fe93f55,MO
7f2fcc6f-4abb-490d-8c8d-30ac0ecac1b3,SNE
22f3f53c-ea18-409a-991f-3b13f6773ce7,VLY
83f55441-344f-4439-b1a0-cf0d3e491987,LY
79571fce-8f28-4e68-b7ea-70f475f6b78b,LY
40e47091-66fb-4fb0-aa59-b286fa668db2,SNE
4177d612-7c6a-477b-8990-f116e33ce585,SNE
95b304e1-342f-4549-8df3-1b4bf6198ec2,LY
a5135854-4c76-465f-93f5-7335276854a4,LY
2e20504a-36fd-4927-9835-c03afa483072,EO
048c717f-5fe0-442b-b7ca-787a300c75ed,BA
a18f0e4e-1e48-44a2-a83c-5fe8290f8d12,LY
79dd4bc3-aafd-42da-9cfc-6675fe779245,LY
c5c42c20-ef1c-4331-aa1d-ff764e62c518,LY
e6a3f8d3-09b0-446e-be0c-7efbfd83262c,BA
84a13017-c7af-4129-beae-0d0d2b2d7741,SNE
c2d0d044-097d-4dca-a3a1-a6fa87059faf,LY
0608af58-6e73-448f-8314-ab7814111916,LY
71840ed3-da84-4632-a405-09e68490569f,MMY
6b560c1f-ba5e-4c9e-b0cd-2f244c6bc00f,SNE
9b3ca676-f305-4e51-bfeb-29577b1d0fa5,MY
fe6c9b01-fcab-42ff-ab9c-b4eb6cacabdf,SNE
33f5557d-cd19-4ad2-94a8-022cdeb6acf5,MY
f678742b-6269-41b0-a103-3bf99e3bad3a,BA
6da195b4-a0c0-4674-a996-5ec89d13d26c,EO
99bafdc6-d557-436b-add9-0660bf484824,BA
76e65bb3-09a6-4ea0-a6c3-ff013609a8df,SNE
543e50d5-32c5-4838-9bf5-d1f41680fe09,EO
077f01d7-2cbf-42f4-b8ca-2be8fe29d34a,LY
48f9b423-daa3-4437-aefb-11f02515a6ec,LY
bda9d28c-f12a-40bb-9777-29501cb9f7d7,MO
3c38e5a5-4c14-4279-955d-f4ff0aa01950,BA
0b47165b-80c4-4c71-afe4-44a274653c90,SNE
583da3ea-8576-43d8-bacb-2c3f55cb5aa6,SNE
5f3a83b7-f5a0-49a4-ac37-ee520a369612,LY
5a560b1c-4b3e-446e-a187-5b0c72c71592,EO
9b51208a-569c-4849-a724-6375012a2717,LY
3fe3d69c-4a34-43f2-b3d4-09c2062122eb,LY
56d73e64-66b3-447f-8a44-65bd67a61e28,MO
28b290cb-b9b9-4c0c-91d4-518a956b4c39,LY
cf1d73d4-fec5-4f46-8deb-5bd4d6eeb54d,SNE
be158092-d517-427d-80b7-7b8815abaa95,SNE
e831303c-1958-4114-9e53-9b56c83f4395,MY
4b976e33-a089-4989-8b42-9be538b54e2d,SNE
06a401d7-5a21-4f5f-a5b5-121be45aa722,LY
f73672d4-2660-4bf0-9f6c-d267630e599f,LY
51ffd133-9b4e-4fc9-9854-467553916f4e,EO
e7c4205a-657a-4537-bc33-b2be85133bff,MO
9f970b12-89c3-48d7-8ea7-8bb1a010f7b9,SNE
ada592b1-71b7-4759-bc9a-dc3e4ed9231f,MO
0382f4df-1713-44ec-82b3-2f5aef02f801,EO
3096eec6-12e5-4d8b-a634-22704a0d3dd0,LY
600a3bf4-2b8b-4cd1-889b-534ef7c243de,VLY
211ecd0a-6f7e-4ee4-b7d6-90806154f169,MY
1e529034-624c-4dee-a5e9-8bf8c8cd2af8,MY
6baf30ae-5353-4c06-b7ce-428bd9e53e1a,SNE
e5e7d34b-5680-42f6-8227-0c4170ecd7fa,BA
13909dfb-f94c-46f6-9e40-c0ce98bfb6a5,BA
514c26f9-1e68-46ea-9d47-34c524406b9d,SNE
bf299142-8e0f-493a-897f-caa724e9a1b0,BA
ac63ff69-14e1-4843-b385-eb6a34777cb5,SNE
b8599395-c0d0-4b09-bbe8-33385b6becc5,SNE
a3d8d4cb-9c71-4987-a03f-72f3eca5c5eb,EO
21b6f1ac-3bea-4f3e-981d-e10d03ebaab1,EO
0507b81f-1232-4a47-b0ee-86a6a65114df,LY
f70f51d4-2c8c-4838-9ae1-836212d149ae,SNE
64a251a4-e135-4e9e-a9e3-bc9ed84c2d58,LY
0b45075a-d607-4706-b57e-ec8402a8262d,MY
471e3095-b718-4620-a2dc-1775a2117234,LY
6064b7f7-c66e-4b59-8f0e-4f3f35fc3fc9,MY
65e0a5a0-9444-4a8b-b3cc-5e60419b2211,MY
0bce60ef-f81a-4950-9d14-350cc07d015e,EO
7868e88d-4105-4847-ba6b-4f423a696e8b,EO
732c8fef-1980-4269-9ac9-fcc8a0596934,EO
e9a217a4-d3ad-4d73-87ad-cd5d3143ebb2,SNE
7c6c51e7-4704-4c6f-a387-a51a812c6f04,LY
a9396cd6-92cc-4d14-98a1-1c54b0e544b6,EO
96a034cd-42e7-44ba-9ffc-ff0293d583c8,EO
3f02ecd4-0fc2-4868-8e89-2b0af8b77344,MY
90217e7e-619f-44be-a76a-1f3df8729345,SNE
4c165229-171a-4429-8133-4b0a8db3e49c,LY
015734f4-877e-4da1-a5d5-13af75132868,EO
2c22d56d-6ee6-4e51-9ed2-68396a49a3cc,EO
8cad6f43-ea18-4cfe-beff-184f1a71f437,LY
dfe7974b-6be1-4233-9b5d-af3c616bd3bc,EO
33589b54-fc24-4eb5-92ef-b8e2b4d518d3,LY
58c4e5c6-b125-4c57-8a0f-32293fc038ed,SNE
869d1d78-0178-4810-bf2d-d56c225f8d99,MO
3f1d149b-57eb-427d-a23b-436639b55a73,SNE
eb3dc387-7619-4087-9db1-db2de5da7f92,LY
217490f6-ebef-4cec-8c67-4a101051b737,SNE
b8ee0726-3871-4f79-a16f-9bee9963d3cc,LY
68f66cef-3cc6-47ed-a25b-d9fe7b824ee7,EO
4f7f2dd4-a5a7-425c-b15c-4e202dbbe7cb,SNE
05026dfc-3a05-45d4-a8ea-6940214d9d35,SNE
a34c4b54-fe62-4984-8f18-8aec4acd50d6,SNE
cc08f14f-4a0d-47cd-8ba0-247ab1feb272,SNE
bdce41d7-6e45-45e8-b052-6008ff4e3a42,EO
891fe6ad-3c5f-442a-8fcf-e233128f948d,BA
d031867f-0e3e-45fa-b516-059c7d32bcf4,MY
fa4ffb6d-5f14-494f-9f52-f1739d23ba15,LY
38e3dc76-a89f-43db-864c-c805410106ac,LY
7d32fb4f-0235-4133-af7f-d74b576ead76,SNE
7dfe1dbc-2451-4661-9e90-3e944b1bd420,SNE
bb49b916-9906-42a6-ae24-51ca464b912d,LY
c9a3626c-aed9-4f28-a59d-2eb2574198d6,BNE
bc0c3ecc-18f0-4851-b0a4-152331fd3afc,MO
581b2945-03a4-4412-8942-52696a6a766f,MY
f8e04acf-0653-4e10-9318-cd66a0f6fc6c,SNE
1b2b2b43-4ddb-4675-a1d2-f535c96f95d3,EO
a6701784-63ca-4533-a224-b2638e081956,MO
80fe146f-e751-4df1-947e-bdb463e65265,MO
99706659-ecd0-4fbb-ae68-d282429029af,BA
332a60b4-2382-41ae-a73e-620a8b7cb02d,EO
87dbecbc-ceb2-4e88-a524-ad3248b1dbe3,BA
f27eaca2-a7fd-490d-9d94-f21b1287d0d0,MY
beab6461-2f69-4143-9075-1059e98e3456,LY
0c33a862-2ee4-4cf0-9049-6101a2e908b3,SNE
6e6ad2cf-9d52-4368-98a3-3d9867c8118a,MY
3a7f55bc-cc19-4300-96dc-88931f8f72bd,SNE
b275ee11-830c-43df-a570-c84165a06fff,SNE
c1566d9d-5420-4765-9fdd-085b3ae773fd,LY
8f935633-fd61-4703-8819-d53395b0c2f2,SNE
9d520d3c-ec6c-44d3-b148-e0c4bb28f65c,EO
cd0d8a4a-02e6-40ce-9cfc-da92485707ee,SNE
3acc847d-5b22-4cdc-9532-9e16ceec0a6c,MO
321195ee-472e-461a-9c1b-c9df25efefc4,LY
0ab2e339-c481-4661-83c2-c0f8d5bd85dc,BA
f58b54aa-acf4-4d23-8116-449e61a9e10a,EO
7912d935-ea06-47d6-9901-5df09a1edcf4,LY
f8afc75e-c756-4383-acff-dc9b8b2a740a,SNE
41e4a9b3-a8bc-4231-88ed-e70fc59b6981,MY
34cfea3d-21aa-4ef4-bde4-c2bf36adf802,LY
5b0cca31-8576-44e5-b8d7-d5e03dd70061,LY
68dd64dd-99c1-4637-9707-c1a6f728e4ea,SNE
181495ab-8e3f-4958-932a-efdf652b5ba9,LY
ae1fb2a5-28ee-4c2b-9712-39de635aaffc,EO
2286833e-bc87-448a-b6b8-eda43445d71e,SNE
43669305-222c-4524-a664-90951de2c8ee,LY
4e714667-0d49-4334-9959-8e89ad6f1837,MO
905a451f-92e6-4986-a9d4-966d9fe9b61a,EO
86e3ce3b-a164-4c2c-a4dc-0a330da54520,EO
3c18c6ad-b895-4d33-8244-d2757fa95d7c,SNE
d6b8d402-871d-4969-bb2e-dbf796c07be5,EO
4656b4ab-ff11-45bf-a8e9-766d560e4d57,SNE
3844f019-023a-49a2-bbcd-86f1be78ac89,EO
8f975398-9780-4708-ab2d-2655be5e3383,SNE
b177b7ef-6c6e-4908-8a1c-c5ffb4eabafe,SNE
8fec7299-bc87-4599-acda-0e4d5b32e61e,MO
90a9acfc-02eb-404d-beb4-57fb2b475777,SNE
7a250e61-b6e4-49e7-905f-5a246cbaf594,LY
3f1f8e0d-50bb-4d51-9a9f-9aad8aa1b453,MY
87cb69aa-0b6b-4404-8517-0d63286ffbf3,SNE
6e3dc3c2-2ae1-431e-8dde-61d28a61e30e,LY
dc378b49-52cd-4714-ab9f-607b7c749f3a,LY
14e8c28c-4f9a-4ab5-ba8a-ee6babb3574e,LY
80f12615-48a9-4a4f-955b-6c1c8c7da243,EO
aa3a3e36-9982-4c19-bf9c-7af4781ab51d,SNE
3eb20594-659e-4106-b096-a4773a884712,EO
09989bc5-cad0-4aac-93df-431c56efe673,SNE
df04d1b8-c5b2-4b87-a016-7a7ac42b8d06,SNE
ae4c3b26-4a10-40e1-947e-9bc5d27199c1,MY
86d71235-5cf7-4813-8c0a-50518d0f1df8,SNE
4a634184-e2e1-4510-b65d-ed58ae48cb81,EO
b0ef75a7-202b-4e76-ab2c-3c755fe325f7,EO
58bd4316-2b69-432b-a137-9e687f3a0656,LY
089b87ed-fab8-4999-a80b-502f30ae30d8,MY
373361a8-47c5-4aab-99d9-beeff1b20db7,SNE
bc9ab2dc-6828-483d-aa9f-50be5143de7c,EO
f71e0240-5c35-4b00-b715-b489805326c5,BA
2148aa42-f6a5-46b8-bef0-73a7cc887974,BA
5d33590a-58da-45b2-b2e7-cc14da21adbe,EO
b5827be6-27b8-429f-93a8-b90d553843c7,SNE
e89530a8-ad15-47a5-af03-63fe90b14924,SNE
15bb8ad3-a191-4e32-b316-f7c5c31ac692,SNE
3086b6d3-0dc4-4173-af45-2d8e8c5b2e35,EO
78a249f6-01bd-469d-b6b8-84c1a16dd01b,SNE
6a132c03-8bf1-4146-be15-9dac9fe8955b,EO
596aee26-f785-41b6-aaa4-77d3ffe8f207,SNE
875b77db-1ffe-4a0a-a55d-77b2fe18c1fb,LY
a01fa273-c24a-4e23-86a0-8a6ccec28f92,SNE
49212664-a3f6-4b28-8a1a-d3bffba9aa7b,BA
df2e9e7f-aef2-40b9-8f68-14f714490e46,SNE
d05e5255-ef94-4276-bdfe-bd0766520c3a,SNE
74225a66-58ec-4f02-a61b-9f8362d8a9e6,SNE
a310a18d-50f8-4a59-be92-367cc88d5b91,BA
04ed6fe9-1185-4f6e-8d7b-a341bcfd418b,MY
848dee8e-a882-49d4-a94c-61c533ba9434,EO
12617a34-8f4f-4a89-8e90-91a31be4a144,MO
715d56f3-1574-426e-a51e-8231bd6d82f0,LY
9d8dffa9-3cfa-4cbe-82d0-582a08ad2499,BA
981cc833-116c-42f6-89b8-67ccacb827b5,SNE
546839fd-f9fc-473c-a459-001cad3ace0e,MO
c45747c9-9475-42b0-9690-4f33c71bd066,BA
615599e9-89b0-45ac-b625-8194c3a48a84,SNE
0e534a6d-2017-4fbb-874b-4871f450c928,MO
1da66163-2e72-464d-bfa5-48eae17e9d67,SNE
fc3b7cf2-010d-4db0-b32b-07ab715894dd,MY
5090b461-6f27-4d44-aae2-fe11774a0f54,LY
57276b77-f36d-4e59-8f9f-2e43cde3e7fe,BA
83032d76-45e2-4283-9566-2ce5b794a8b2,MY
9a4040d1-0655-4513-b3cf-e4a712325211,EO
2ad9ec18-f394-4761-a267-d0ce866563aa,LY
552abef7-e296-4adf-9bd6-61d9cecf9e7a,EO
9c7407a7-b60b-4002-92ef-427306f54517,BA
271ab90d-c55e-4ec3-9e86-c3f41e110719,LY
53ec728e-81d1-4854-a464-41a6dcb2f42d,EO
4d4ca829-530b-41e4-9ab1-d2b1547bfbf3,LY
72e7a016-4089-45c7-b4bc-ee0fd719d7ce,EO
f808b7a0-ca24-4531-aab3-0e0d02acb066,VLY
a8cf34e6-ef0d-437a-842a-536ba50da349,SNE
7e4f9592-44b5-44a1-b5f3-3f3931a97059,LY
7bbf8725-5966-408f-a6ea-fa4bfc202f8f,SNE
ada3a2a9-5945-4a6f-82fc-d2425455e8a7,LY
ceecd47d-b04e-4384-94de-cad30ed394c0,LY
81056c66-8b5e-43f7-9272-806245b552a8,LY
426ae680-231e-422b-9f99-8c326f8d2381,SNE
e61fe67e-5ca5-4600-95a1-69c144c50cf4,LY
dbe72ab9-4b0e-4f1f-abfe-02b70d27f109,BA
4d1d41f8-ddc2-42db-8d91-9ba14b75ba0d,SNE
b3ebf9fa-ff48-44f3-9233-9e86a3796b68,EO
9ae1818d-7a66-42d5-add4-1d33fb3812d1,MO
024bd12e-605f-4dbb-8a09-0a447c49a5c8,BA
57d3b6fa-73aa-4771-9555-be46f6c967d7,LY
701faa16-86f1-46fb-a296-292d13d2c6bd,BNE
70ac8427-518f-4dc9-9a57-7e998b35369e,BA
b8885d3a-69a4-4376-a8cd-f33b7d0cb397,EO
89f71ef0-f4e9-41a7-9c2b-51f5f85accf1,LY
7340a0c2-a01a-422b-9b54-d965a435096e,MO
cabb8d1e-220e-44d9-b14b-5f651dc7b888,SNE
09bc2513-a617-40b0-85cd-78a4ae7c4020,BA
f1afc4a3-1db5-4914-92f0-c8563c447042,MY
91af8927-4508-4dd8-998e-e89b149dc70a,LY
01337471-3288-4b84-9b9a-d396d7ff3b24,EO
9f85db21-7b0c-4984-8a58-1f60ce4db2b7,LY
d3d6c0f6-0da9-4afa-9724-81c3c331b58a,BA
b2dab9ed-aa27-4bc0-84f8-88c48e3a8170,BA
675d02b6-48c6-402a-b690-4c11c7548377,MMY
4ff20df3-a0a6-4915-b372-b73628d7c69e,SNE
7ffbd445-cbbe-4516-99a9-b987d9aa9ff8,MO
9b5218b7-e6c4-4861-9cb8-a99aa1ef2118,BA
a1009379-4fe7-41e4-b9ba-6aeb1e96bac0,SNE
76571033-75df-46d4-a923-6239d9104a8c,SNE
4bb0644d-fdc1-47e6-b4c1-a52287605733,EO
0ecd7993-bb85-4661-86a4-af04940f4187,LY
f6e7a6d5-b15e-437c-b5c8-1df93aed21d5,SNE
21e8fb4a-c3f5-4137-bd28-07cb2880955f,BA
733f42c4-da92-4e89-a8c4-d5d7c8f63a04,LY
3f8db4f9-8989-4100-b6e1-59302f80f54a,LY
00237c96-9d91-4df3-a883-3481aeb2745f,EO
8625adc4-2281-422c-9b26-6eb3cfabb776,SNE
3e8f3b6d-12af-4e35-94d0-e9a6134fe06f,LY
f25739d8-9c1f-4fde-8f53-b7f65db7fb28,SNE
8f6feb4b-30c2-4039-86b5-269bc54dbea5,SNE
fc9ac25b-2abd-4eb0-9cf2-89a4bcf8c48c,LY
016f0c1c-2e52-4603-a94a-1769b31035af,SNE
34d1a7d6-8796-4dd2-82b4-075697cbf3fb,SNE
5992e9eb-8a0b-4571-b77a-0559bf65b3ae,MO
78d172a9-1ae6-4870-9d4b-18b85800e68f,SNE
a8ebaeb6-588b-42fe-95bb-5c7fe2aa9e5d,EO
4c77f1b8-0914-4948-9109-510eb8835b16,SNE
aebe4268-17d1-4067-93f9-80324af14869,MY
7fe1848e-7c7a-4752-91be-f2e8cc9fd91f,SNE
488c51e8-4630-4740-b07e-1083699266b9,EO
aa65dd6e-5b53-429a-bd80-e632db2f328d,LY
f1145edb-e8cc-4de3-9a02-12ca83f51d0a,SNE
fbd1e94a-958b-4427-852a-39bade55c430,BA
4c0e52e3-9569-4e3f-a820-5d64fe5f0d51,MO
35553acc-4e00-49a8-9279-0cbeea3f88d8,SNE
15fe9784-545c-4226-a640-5bb0f1e61b52,EO
a76e94fb-2905-42d4-b275-f6d2646f480c,SNE
edcc9b82-47b7-4362-a413-cc61d645d513,MO
9a3d9722-f539-48c1-97d5-7b54c0d174ae,MY
a58485cb-13d7-4890-b4c7-ce5b94af7bcf,BNE
a9727cc7-6f9d-4525-9a05-3b77f4fc56be,MY
3820e2bc-cf95-4622-be68-3cecc683b433,EO
f7e6b93a-e578-4f55-9145-8b1a2f478cf1,MY
3b8cfc6b-e34a-4dae-947b-3a97d1c2496d,MMY
4a8f611a-d764-4674-9b26-922d72040d32,SNE
46570844-f3a1-490b-8e4f-1c7145bd8b40,BA
0be6086b-6597-4def-9fb1-8bdadaf75b54,LY
afc084a7-93e6-4362-8e7c-d14e6b2bacd0,MY
f9ba0f4f-d9c6-4d85-8d7e-5b52d3084b3a,LY
30313e29-4cfe-4dee-b177-f1e2d3f5d470,LY
5cf39d30-2125-45eb-9455-6db22d8d85d7,SNE
3f591b8e-970f-48d9-9de7-10a3c577c0f8,LY
0985e2ff-a18b-49d9-9ae3-f4b0d0cc820c,MY
012adcff-7323-4a57-af9e-a3d5c4e12a9c,BA
c2df1cac-03d1-464a-b0a3-175bd3a6a311,BA
6bd40bc5-b625-41cf-be17-f2d9b01e19e5,BA
81d00e99-0384-4997-824e-41e23123206a,EO
b73da818-c612-434e-ab88-00bb613b50be,SNE
bfdd7bc1-2727-4191-bf88-b5a9398e910d,LY
c840f6a0-8c78-447e-b03d-c6fec47f0fdc,SNE
f019458f-7c7e-45ed-8091-929609d2593b,SNE
664b0738-5423-47fe-bb25-ee2466625ccf,SNE
afc29622-2e41-41b3-9095-c571d026ed23,EO
b36c753d-9166-42d4-b571-15c9e5d7397b,SNE
bed486eb-6183-4948-b3f4-a7a8b5f6cf6b,LY
cad0f472-92be-4b4e-9688-d482db80acb7,SNE
0be0f8f6-4eb5-4cc2-8dc9-4e4c246030c8,BA
f7439de1-a52c-4eba-819a-4525651f71b3,LY
e5c7c70a-5f7e-4105-8ca4-bb884d23b93e,SNE
7db430c8-20e3-435d-bd67-e47855a3a9d1,LY
80ffd412-bedb-4350-a413-ad3a1d8e6937,SNE
54434311-e14f-4b67-9e11-f7fa711a22fd,BA
dc137f99-0646-4c74-925a-8e8f470eaa55,EO
03486310-f2e4-4d77-93a1-34f47dcb67ef,EO
a199f5d5-93b0-433c-9b33-1a61d086dd0e,BA
e63b383f-6210-499a-b93a-62946e63db15,MY
17c3f8bc-4fac-40fc-888a-324839a179fe,MY
620f8628-4be5-4d2e-8236-b188a2261dc4,SNE
4b1bc634-5eba-4948-88e7-8d0be6477400,LY
a366b3c9-e4ce-4551-b532-fe72d39bff17,MY
77571111-10b0-4ebd-8458-1494037eaeff,SNE
ee2f9340-a939-4e62-bd9d-48f739114be7,LY
7497ecf2-cfb2-4c9f-a5b3-de61977a5808,SNE
7d0cc23f-b29b-4a51-9daf-8db0b2828780,EO
628ec3fb-3d58-43a6-8965-f7755534dd7a,SNE
156b9743-c53a-4a8b-93ec-f9cae7615e98,EO
f5297e84-cf21-4507-aae8-f6d56e57149d,MY
eac01a2b-91e9-48ea-b5c1-3898f4891ebb,LY
18237735-dbd1-4367-bded-1a7a4bf166f2,BA
8f9347dc-d5ee-4df9-a783-9188df576d38,SNE
1d889c99-4f2b-43d4-acfd-2e75e8f26611,SNE
04c84c0c-03c7-427d-bda3-d30654286107,MO
3bbc84e5-a7b8-4535-9abc-cd129e017079,LY
26f5e575-d977-4518-bb13-366eed3c2b3f,SNE
71d765da-2667-4b75-b47d-71960f6d5ff8,LY
01b9cd93-d251-4734-a439-5249ec8640af,SNE
15f5ad4e-dd00-4f4a-8993-7e53f443446c,EO
24b90689-93a9-49bc-90b5-2daacc4c3e9a,EO
77bbf9d1-224f-4916-af1b-c7c89c127c54,SNE
30c2aefb-38af-42f8-8023-743357bed857,LY
998de058-9aed-4fdf-a66b-7292cc617911,SNE
7ec9ba86-6906-4fd1-b391-e2502bdbc40a,SNE
4c4cf496-8798-4b46-a2a0-1bb25508c028,LY
e0d965fe-6b1f-405c-b0ce-9331f9dca53d,BA
33e1e4ab-9445-4432-bf77-a3640bd1f450,LY
47b58cf3-2a0b-4695-bedf-53dcda0b6030,SNE
84c2d9d7-a8bc-4799-9bfb-bc63ddb2ff07,MY
c753c24d-0b68-494b-8829-87e059b61296,MY
80406eef-d5f7-4778-a24c-857d23f05f05,SNE
4bd3bc1f-6257-4bed-abad-43b9b5e456ba,LY
5103dcd1-68cb-4e82-bcc3-421ef27c20f6,LY
b98a2207-fb17-4e45-b4b9-45296133172d,SNE
4b586d92-468c-4722-a34f-c59fdb355ee9,MY
a000034a-927b-43eb-b963-5e940caedb4f,LY
7fa968b2-f2b8-4dd2-aaa1-1336ebd9c6d9,SNE
8593081e-87e2-46f9-a41d-e28aa1535bcd,BA
9bed5d4c-cdfe-458d-af94-91f47b3c2a77,BA
61e42e3f-3f4a-42b9-aa59-aed9c12d434f,SNE
9e0a8f43-39ce-410f-b2aa-5ff19cd9cda6,MY
4a439d09-174d-4965-a44b-8a875b7361ca,SNE
a03c8288-dda3-4543-b202-2ab31dbf086f,MO
c20e73c5-c573-4a85-9a43-64373cf42d4b,EO
95e8f570-7258-49ad-8f02-52a72fb01616,BA
f0752556-aa5b-4072-a557-a526e5babf0a,LY
da3ec992-7444-4854-9ce4-4d752d9d1fc1,SNE
854f8f6f-0ddc-41c8-b129-cf81437334b7,LY
08548078-8f35-4283-8d5e-80a208924423,SNE
bcbf0658-c430-4362-ba42-22ea98bddd20,SNE
bb597d45-ca4c-4747-bd1a-df6d582c74df,LY
69c1e71a-0c9d-4645-89db-95fde8919e55,MO
a10455b6-cbb4-488f-9a0a-ae9f2f00c06d,MY
4a34e878-ab40-4c9b-a31d-808dc76d9ea4,SNE
87cc0a4b-2ced-4f95-a56f-1288ca807ac0,EO
8f98e89d-ab57-4ee5-a8d9-81e672524517,EO
84948d2c-35d4-4ad8-ac20-5920707f3323,MY
28809b76-c51d-49ad-b4b4-77cfe5e15dfc,SNE
15305b0a-44ee-4a26-827c-2015be2b66ee,EO
ae89bd2e-fde2-4e1a-952d-c9fe728604a1,LY
6b833d12-40eb-4fe4-a824-7d9374197027,EO
e3c456ee-846f-4521-bf90-81b38c3a000b,EO
23df5a46-a110-4c6e-8526-c8d04480d7af,SNE
dc13e882-74cf-4090-801b-9abcd5fd4907,LY
b9e6d342-f428-4e20-8afa-1f35df2090c7,SNE
0655025e-b9c4-4290-a683-4363b6a79399,EO
1c04bcdb-8313-4fd6-9f7e-8491e458caf1,LY
f6628c93-27f6-4684-8913-44c648329d3a,SNE
91e27918-401e-4960-97b3-0848a5f707a4,LY
8ccf2041-c9ce-4813-820a-522d5655d87c,SNE
2d471470-99b4-4f38-a7e5-5ce7309d0125,EO
388121ba-d972-4a12-b817-e9b29f2e9532,LY
9b85d141-eb6c-4389-86da-7b3b37dfaa13,SNE
84cabd04-d5a8-4bb8-9822-2869ed4f519a,MO
431a8094-c7cf-49ad-b795-bc288f20ee6a,LY
5a78559b-4785-4902-917d-1d1473faaf2b,SNE
42217111-650b-408e-82ef-8b49ac56a173,MO
fe5b3ca8-2a90-4441-ab77-1b5b7d3ce981,EO
4400c0d4-5838-47e1-933b-cc520e0934e0,MO
fa7fce95-7378-4738-8ebb-202167faa22d,BA
1e8ede68-8d28-44d8-a2bc-ee50eb0e543c,SNE
0fd916ef-36d1-4230-b0b8-8bd2b00d5976,LY
11b11b03-13c1-4777-92db-f38867725ad4,LY
1f4f6cf6-b5f4-4ca4-ba2d-734212b2bc15,SNE
fe81ec9c-3f45-4075-ac99-0619cda9bc42,SNE
8b7ebb72-175b-4ce6-a67c-2c6279e51bfc,SNE
c872b43a-5b47-49e1-9007-c5ddec4bf35f,LY
31821aee-2404-4c7e-bfe7-72d71b0dc6ec,LY
284701f9-8d83-48ab-9fba-4f596857d811,SNE
4a149c63-fd75-40d3-b7f0-b3ee642cd021,SNE
ae1bed51-4d04-498f-adfd-955b43ad5ca2,MO
8134ff57-1f91-4a73-a9ea-95e045168054,SNE
702b5b6c-e2ce-4eae-aa59-0d9fbe13e1c1,LY
80bcaac4-959e-42bb-aa81-9df075b5a648,EO
c9200556-e2b2-4865-9a27-ae8ff136b2c8,LY
3542f902-01fc-401e-bcd2-6f540d9f19c6,BA
fb612f83-baf1-4871-81aa-69a1dd27805c,EO
96c1f3e4-9527-4a47-be4f-6628c414523d,BA
557ff44d-38ca-4e7b-8142-a7b872b50865,BA
ad15f4f0-c68f-46b3-b093-ee657e7cc841,LY
48ae45f8-e664-4f44-8db5-1f368cb1574a,LY
17acab9c-c38b-46ca-a1c4-1086c36b62c4,MO
8b399970-27cc-497d-9a13-bd430bbca5d2,EO
982fc8df-9361-405c-95be-f89c4e018de0,EO
d38409bb-b137-4537-9a6b-5981aafb1b61,LY
4fe85d0f-b515-44f5-bf38-5a1e265a1557,SNE
3b136168-a5e0-45e5-9975-203ff40d5693,LY
26ab31ec-0e8f-4a77-b5d2-26fa85e9b050,SNE
2c40cf53-e782-48bd-a925-39f21765ef28,MO
14097900-dc8a-42ad-b759-7884a1c7d7d8,MO
c71a5422-419b-4066-a8ef-8ff3aefcb1bd,SNE
efe61e15-d8dd-46e7-aa73-b6a743a5717d,EO
c69d2d10-15af-420c-bbcf-0afddd86513e,SNE
09860753-fdf1-4b9b-9e72-1cc6fc9bea6d,EO
3016215b-1ad8-4cb9-9117-b73aa8cc4782,EO
74f7fd27-ef8d-4daa-8945-63f166539f1d,EO
9b5addec-5b2e-4a2a-8a69-d83ea1f58a84,LY
326465c7-5bf1-453b-8cea-0d73243b8904,EO
0e0b34a0-34d3-429b-9413-5d571a4567c0,LY
9082d060-b72c-4732-955e-3a76e20a2471,MO
c033d9f5-613d-4f96-9239-6c018e5c702f,SNE
1ce7fbc9-96f1-4363-afbc-ccaebaf5a0b4,SNE
577505c7-28ee-480f-b3cf-a99af15fbac3,SNE
7f67b3d7-5757-44da-aca6-74b8648ce07a,LY
d88ce856-5d39-4d61-b17f-c743d5fe8897,BA
3f89783c-8dc6-4f88-88a7-df486b083506,EO
58a04d37-7f6c-4e40-887c-c354424b30d4,MO
b36027fa-eab6-495b-af22-32e288af62e8,LY
068f12a7-0057-4673-8225-a1c7d5fc1fb3,SNE
8db35339-fe07-4f93-ae79-eec2c6a22841,LY
ba2faead-5741-41bb-81df-043797459b5d,SNE
f75146bf-7362-4bd5-924e-ad5d89e32015,LY
7884fcab-488a-47c4-ae2b-d7272d25ec5d,SNE
b07a4bc6-400e-4560-b39d-d4b44ffaee98,LY
b4c284e3-d914-4ecf-9319-20743c26ccb1,SNE
2a48b53a-39b9-4802-8bf6-bb4f1b82424b,SNE
8a98d843-1fbd-45f2-bd29-1d8765491534,LY
cd136354-263d-41b1-abe8-b091bd42f47d,EO
4a77afba-ba71-4ace-ade9-686f3cd3d4e6,MO
076f2eb3-d5a5-44ad-a356-2f9eaecaf1a1,SNE
13acbae8-c0b0-4eb8-ab97-06ba0fab98b3,MY
3ce85add-ef7a-41b3-b5da-f59767e23aa5,EO
9592b744-295b-439d-ad86-03f84a16bbb0,SNE
42e559ff-8e0c-4fc5-91a2-9091c3d33b54,BA
38f14fa1-01f1-4f1c-8fb8-1008b6ece49e,SNE
06e4dca6-5e1b-45dc-8466-5d0b135401cc,LY
cb33b165-9661-4e00-abdc-1e706aeff908,MY
30ff714c-8462-4ac4-a7cb-40f19f24b464,MY
469166c0-56fc-4952-b8e8-533f1606bf07,SNE
99592bb0-2459-4508-8c7c-6864ef0c0f3f,SNE
e5c9f56c-81cf-4aab-b525-e53566693359,LY
c5e92232-ecd9-4094-ab63-f57011eb872a,EO
5ee54b4f-3457-4355-b5e1-27f358c3be25,SNE
84ccf1db-131a-4ea9-a607-5462f38065ab,LY
1357d25e-4153-4a1f-a667-8065e08ac725,EO
1bd5551d-a053-4b2a-a558-ff4f1b227a7f,EO
badbea44-2fe4-49ae-86ef-c3622e14d7d5,LY
9bf864cf-4e4f-4d45-91bd-20fefbf3238e,MO
f198f697-9d8f-461a-b016-3234f36fd40f,LY
8484c7ab-ab00-46b4-830d-a2407b458a30,SNE
f611e9c8-f4b9-4c9b-8752-debf46e33d8b,EO
4dab6747-a88e-484c-8369-b26eae75e943,MO
5ef5d005-ba35-4730-bbdf-08a755623d02,EO
7efc226a-ec5e-4d93-81cf-35d6cb2b7c66,SNE
f079897d-12d4-4745-a01a-a7469f4677cb,SNE
16a7460a-042c-4746-b034-eaca3efa4f25,EO
4285a44b-78e9-4d14-a9d8-e587e81b0610,SNE
fec8c788-dea1-49bc-a851-6688ad643a96,SNE
11c02841-f058-4d0d-be8e-397a93473bea,MY
36bdc7e7-456d-4ee6-9a21-a74d0986d8f8,EO
526f9b03-38d9-48e0-b3f6-f4c71289a81b,MY
0da87d6d-d932-4ab9-a010-2da9a5a7be40,SNE
fdabf52d-856f-4462-8bee-b7c4defd8239,MMY
9c66eec1-e522-4e57-8448-28df791eb14e,MO
c78ee1dc-e2d8-4f80-a2bb-c801dd3feeed,EO
ef7941ae-895f-4484-bacf-a1bbcf50690e,MMY
c7fb7315-9bfc-48c5-9bb0-c82d6e0aee71,EO
c7ff272f-5cf2-409f-91c9-fca2fd33eb5f,EO
0ec1617b-a620-4057-a573-d14dc3b591ab,BA
80b272ed-fa03-4bd5-a44d-30a76059a27d,MY
d9a6e177-5b57-4fb8-a28d-1e86164e2336,LY
d337f2a0-38c0-447f-a38b-be032598da06,BA
5bde0936-0acf-4267-8292-03038138340c,BA
2df37749-87d1-4e55-b2ca-40a244526c72,LY
ad9a9210-b007-401b-a24a-815cb46aded8,SNE
ff66cfd2-d377-4e63-9bca-aa57cea9e79d,MY
f769ce58-0ccd-4ad9-aff4-1fd363067249,MY
47f2908e-719c-4876-b1b7-e88532449c32,MO
35f262c3-6f8c-4896-894b-1de55912640c,LY
d1a6d22b-260e-4b78-9876-5b5d0755b58a,MY
3bfbad1c-4d3b-432c-b003-6d7ac47d0e65,LY
c3893171-2c6d-48b2-8b77-be0a1bef643e,SNE
a45c2a5c-e7e2-4fd9-993a-3780d4594deb,LY
9ac82f77-3419-4a37-903d-ca725fd75bee,SNE
3acf5782-a8eb-4147-990f-6de511e3257c,SNE
8e2acd74-e82a-4218-90af-2b59729ffe58,SNE
afb6d7d9-35e0-4d2a-959b-b2cb03980832,SNE
2f006742-f0b5-4437-9012-ee114aa44677,SNE
e56c3ef8-0379-4b32-bdc6-41fb08cdd8f0,MO
85326ef0-6e86-4265-92d3-9935b65868e1,EO
1e28a445-0e1a-48b5-b22e-6b8d5dc7f79b,SNE
73b86071-a1fb-4490-b192-a17e0776e054,EO
8e78f58a-25ce-46bb-b20b-3626067e35e8,LY
2d9ac37a-8a67-46ff-93f1-1458ff85f837,BA
958b4aef-b3f5-4405-90c2-5cb76d520dbb,LY
d60f6956-2eb9-48c3-8539-a7ed8a4aec05,LY
51ba2c07-43e6-4a2d-aa06-8a7c32444c62,EO
bc9bc409-60ed-48a7-a093-267e207d2b11,SNE
361dd3f7-d7aa-4454-aa06-6de637213ce3,MO
40dd9ef0-f9b5-4bf0-a01a-ef1220beb6bd,MO
139b6d37-b4e4-4387-8ddc-7b688772a350,LY
b6f15e39-646d-4c3f-8cc9-ea8766cb7849,BA
e598d33f-19c1-4eaa-9ad6-e6a5b370abe4,SNE
20c7a8a3-1af6-4c53-ba88-10ebd1efd1a7,SNE
493d2a4f-7345-485a-8fc5-dece4dc267c2,MO
20ac4b3d-60f4-482c-a06e-eff716bcfe6e,BA
701aa2fa-3015-4fa1-80a5-0d9303506085,LY
5a654727-3b37-45ac-bfea-9207e8e8a81d,SNE
2ac0939e-cd1c-4ae1-9cab-e723c724947a,SNE
645ae81f-c7f7-482a-8f8b-8aa6f85dc375,MO
09d7ac62-28ef-4f79-992a-ba09d5101ff4,LY
92869f12-fdca-4f9e-8a71-1f97a04b1f29,SNE
b9883f0b-fddd-457a-93f7-034b2e44e099,EO
7967a4e5-b198-4ed5-b41b-1afd25a7d764,SNE
8e84852c-450e-48ec-aeb6-754052a09b73,EO
bad954f1-97c2-407b-90a3-e228dbd4a556,MO
9db655a4-faf7-4b57-9391-7dda7ea3b012,SNE
ada77d7d-8486-4f00-81e3-7d9033c3d132,MO
73b83405-e617-413c-8de1-75786ebffcb8,BA
8948a14d-8d8b-4d68-8e23-d42296d5694e,LY
b6c3c1e0-5da8-4027-a353-ddbe6ae60d87,MY
d87349a9-42f0-4021-ba80-fcd8622c4521,LY
3a11a1d5-2bff-427e-8482-c448b6d0b874,SNE
efa50ab1-53d3-43d1-8349-7eaf91dfe05e,BA
9967ce55-ce21-49d6-8bbd-5c65061b1da6,BA
5be492f3-ff98-47ae-a57f-35bfb11cde16,SNE
d03e41f7-0102-4fcf-b4f1-c07f1f12c1c1,SNE
bcc488e0-b5e8-4b71-a04d-901b25e52942,BA
76b13d1a-5902-47dc-8efa-cf611f401806,EO
c47ea886-60fc-40a5-913e-410489bac78a,MY
79b3c753-6a15-4dd5-9373-30dbe12b6172,EO
d24d3893-edf0-4805-8c94-aea793ffb99c,BA
6f79b860-343d-4a72-a654-e4c26281be9f,LY
e1f5ed53-60f6-42ba-bdad-307addb66e72,SNE
f8abd13d-533d-40d9-a774-6df86003b538,EO
74719d73-e17e-4fd1-8b6a-bbba1eb457de,MO
54baca68-aab1-4f90-b179-74888c2e58c4,MY
4d582bea-b6dd-4777-a4f5-76e2a1a77695,SNE
20a33de9-8d39-4132-9e35-e3f617c11abb,EO
f7ed263d-9294-4a44-8e96-09b364941bd5,LY
0701b801-b3b3-4828-8e31-cac12d31eeff,SNE
2fd1d24c-df0a-4c40-8909-30d0285a12bd,BA
a83f589a-f808-45a6-aa8d-5f35966de2f2,SNE
a45794d0-a1a3-4843-ae19-59fe05be9bcc,EO
75843a8d-e7e5-42d1-8a0d-af533202e6f7,LY
84834187-fd2c-49b3-9839-255d0bab8c7b,LY
09675f96-015e-4322-8e4a-a081bf9db156,BA
80a5106a-1bd8-41ec-9432-6e5b8219549f,SNE
aafd65a6-79fc-4e54-b6e0-1d7aa693442b,MO
83454e1b-b95b-4a5c-9934-1bb6704a30b8,SNE
4c3e634b-558e-45bf-86e7-f33e7cc4655b,BA
b133a1c1-66a7-42c5-8947-ab2b747a8675,BA
f1ed0250-95d7-4c7f-bf69-908376333000,LY
97178594-094f-4905-a82d-f6f4365f3876,EO
abf736fd-7aa5-488e-b64f-463e9d543f54,EO
68cf2ead-2e9b-4811-a36d-432fae5c6e77,LY
0f9effc8-bb7e-49fb-a5b9-db978a62579b,SNE
5bdcacb7-8649-4960-af2d-546247dabe91,SNE
0af635ce-ba2b-4f9e-bb54-bfd7cac8d93c,SNE
30795608-d056-4bd9-b5aa-b055165dafb9,SNE
f71dfefd-eaca-4d2b-8b40-2d8d937de39d,SNE
88594fc3-f7a2-4757-9092-750690d5cb53,SNE
6eb76b80-ce42-4e01-996b-bd6a88199bfd,SNE
35030d14-9a6a-43cb-b759-97c12a18eecb,MY
eaa8228b-4f0b-4727-947e-b73a704a4a92,BA
3307d25e-ffcf-407a-be32-029cfa4cbffb,EO
eec88f70-dcfb-4544-9fa5-9ca0d1bdb82c,LY
92753e20-f18b-4d91-bc94-2c7d2eb0142d,SNE
a65fb601-a9a8-4879-a0da-7d147c780d8b,LY
509f35c9-e474-4a46-819e-b8b8ca459c77,LY
7809386d-23bd-40f3-955b-a4d5cc7b2cc0,SNE
c84535e3-6ae0-47ca-aa77-42f0ff0d5e52,SNE
b084cc2b-1b1c-4d89-a861-bdca38768b29,LY
dc689ca3-69eb-48c6-87e0-d0428af45986,SNE
3f128493-a7bc-452d-aa9f-49febf89e110,LY
214151b0-4939-48b5-8fee-e48902c367bf,LY
cd92b2b8-102c-4eb4-ac6d-5be72f2726a7,SNE
a1148413-a5e6-4372-902a-78c7601ad452,EO
ffd8edb6-b180-4215-a744-b5904608d395,LY
df0ee4d4-ecce-4731-948b-167bc967d658,LY
485b7e92-20c3-4446-a238-7c559c70b23b,SNE
36d82125-85e1-4c29-8d93-10314e58b420,EO
fc3bd3aa-7e75-4bd0-80cf-ee2b1aad86b0,SNE
67d65203-3000-4980-82b8-67d59570be6d,EO
2a067450-317b-4e50-8520-1571e0aed6e5,EO
83978444-22c5-4e7b-9b12-284cdc0bdd0d,LY
9db2d9e1-7d90-4da4-9be1-07f14b7e721a,MO
04c7e070-df85-41c5-84fe-a66b3a4ce5a9,MO
af56fd4a-9713-412b-9077-b7d987e46933,LY
a6dfd7ef-2706-44db-808f-7f1552c0ad8e,SNE
1208baf7-2250-4e1e-b350-d358a9ce5072,BA
2642e0a7-7755-4e24-9b41-d4da1cfffd33,SNE
e3ffaed4-0fa0-4483-b309-ebefed04e064,LY
77416959-d330-4a54-8aec-4e9170a5fc7c,SNE
921b19f1-6669-421a-ae1e-73c90f5688de,EO
29c34f9a-45a7-4b97-b4d7-c37fa92320b6,SNE
32e5344d-97c7-48fe-a0d7-3e8476460616,SNE
981f72c9-4b2d-4158-8119-9fa96e949c54,LY
eef43ad2-7d90-468e-92cb-8be0a6cfe3d7,MMY
0ed60d9d-c7f3-4fbe-a1b6-2975e6677472,LY
bbb3316c-2bd9-4450-bfb6-192502dcd9fd,SNE
edb5577e-34c6-48b7-8aae-35a3470b616f,LY
462e3271-a11e-4a44-86ce-3d66c13a84b9,EO
bd106066-faf2-4c55-aa35-e86a2d984350,LY
fdfa35b3-7751-40ee-ad53-a58e7cb2d8e8,EO
f9ee985a-caac-41d4-8490-ac3072db0acd,SNE
a826e309-bfd2-4237-aed3-01a51790d337,SNE
ba05bea4-d8aa-4318-b2fb-1e58608a7d21,MY
da996b1f-c37a-46ce-ab04-db049f482855,LY
5dcf6b61-dffd-4c06-8e29-ba7f975e446e,SNE
9267a187-fd34-4f33-a431-dfc9fbc984b5,SNE
c96ace82-76b7-4e74-9f21-9e415c886a7d,EO
f95d4d75-fc98-4ed3-ac7f-72b0b1c5f3ef,LY
423f2da3-9166-468c-812e-abe63277501a,SNE
b2f44773-7ea4-40c6-9715-107ec4d5f8bb,BA
fe0342f8-c72f-4b19-a0cd-6490c8b6a4ec,MY
1d4a575e-593c-4912-817a-a400a15f0724,SNE
0b2d3126-32d2-412d-a49c-988741fb55f2,LY
ed3890a9-f367-47a0-bd73-9edc0fbb562b,SNE
b59fa9ab-938b-4edc-9072-3c38a1460ca8,LY
de1dd710-ac02-459f-9a9c-b03f3c98f352,MO
1ffd37aa-f4b7-4a56-aab0-a3a4a74cf494,LY
3b941ed6-7d26-4bea-9ea8-404b8d251d2b,LY
d13333d8-a674-4e2c-88f8-b69a93250866,SNE
d12019b9-3bcb-4e1a-8bfd-d0d4b7c35305,EO
a80d9878-a146-4c3f-ab7b-5d315a9a8bfb,EO
83c7f9ef-0dc2-4c07-9d25-3c061ab47c32,BA
c2d3eff6-4a1e-4e7a-ae1d-0dccac3d78db,SNE
872f9ee2-83d1-42a1-bbc0-6960f5d2652b,SNE
8fb2234b-d9cb-48cd-9ff9-d85df4e6af8a,SNE
692b96e8-65ba-4bac-8445-9e21d6e406dc,LY
79d1fa5a-1e8d-4653-b300-82fee5c98ece,BA
900a19e1-0e93-453c-b10b-4f9cdf7d35d1,SNE
399cb76d-0417-481b-acfe-2b8d4eccb09c,SNE
0bfe21ce-5a91-4381-953a-02345316d03a,EO
12aec28e-e4db-4189-9eed-35d8c0cbb898,LY
e2a2ffe6-a235-4b8a-8a60-ac61346a34eb,MY
4c3c26b5-9823-438c-bb19-c4a55058fda2,EO
5d86eae3-41c0-405d-a1fa-ad490a698a48,SNE
16a2d28f-48cf-4f72-b773-b644ba5c69fe,EO
4e59f5fb-eb59-4c93-90f2-3f1267148233,BA
adb4781e-bb36-44b1-b3b6-da15d5b83162,SNE
4aa41229-92d3-4adf-ad14-afced7b8f33d,LY
db761c78-71f1-4cb9-9b47-7d37e0c5e813,EO
79bb7a49-3de9-4a67-9ba4-f4f11cc406da,SNE
1283b01c-794e-4011-ad3f-4caed7b20133,MO
41f7a07c-7ae3-4ce3-ae12-3f4b57aa1acc,MMY
f12e2d71-330a-4665-aa10-2171b34040ce,BA
74e9c36a-ff62-4cef-bf76-4f414c02757a,LY
6236ec26-d959-48d8-a769-9cc0f8dd002c,EO
5de89845-59fe-405d-84a8-c6daa617b318,MO
3e2fbd8b-638b-4bf3-8f1a-d82efd9c2305,SNE
46f8ffa4-14b2-49c9-a195-584df445e853,EO
e890dad4-5c9c-4284-a75b-463e66e8b47e,BA
b5654a7f-6068-4206-99e9-20ec6aa0fb9c,SNE
4536e24c-586f-40b0-b5bc-cb250fb271c2,LY
b9fcb150-d243-4e0a-8434-915951357d59,MO
8ee8c1a9-094a-4516-a350-da21e81775ec,EO
4c8a7ac4-b096-49f6-a121-672ef7a93e4d,BA
1b8fe51a-235c-41da-a22e-c8e77675930b,SNE
1832444d-1116-46d8-824b-e7b2742e6147,BA
a6ddeb16-08b5-413e-a0e0-66dde538d87c,BA
1fd463b8-a73d-43f1-9bed-5fb177b95a0e,SNE
f99b1b85-dc32-403f-a9a0-f40c2531108b,BA
ff7c5829-621d-4149-b309-f3ea23794ce8,BNE
630e2f39-a628-4321-8c5a-c62fb5869cd4,LY
68f53f53-3dd3-4bae-b152-3fc035587a2a,SNE
7468401b-ed64-478a-ad80-6edec6aa0515,SNE
54964d6e-ec92-4053-88a2-1241d3f36a12,SNE
1c54e97e-cca0-4ab5-92d8-7736d1765687,EO
d81b6e37-befb-4bb1-b60e-cc7d4827aaad,SNE
ec6bbd67-b843-404e-a1b7-9a69cdcb575a,VLY
04da0c83-c04a-41c5-868c-946d57211297,MMY
d5fc8324-9f89-43e5-b63e-b615419dc280,MO
2d61e998-8eac-4813-ba9c-3e1bf593a5c4,SNE
f9ed0b64-a374-4b28-854f-13997107f0fe,SNE
ac5ee479-08cc-478c-acee-f78975b63bd5,SNE
4330b4a9-32cc-4a68-b7d7-ae0e0e44d954,EO
eb559290-b941-4d75-b266-dbd0f31a78c2,EO
8bde00b4-d68c-4d71-b437-b83e31a80a3f,MO
dc73b16b-368d-41f8-98e3-98802c4337bb,MO
17a816e5-48c9-4475-bf11-6866ca201d26,LY
708bc127-277d-489f-aae8-aaa2b8914be6,SNE
75653662-02a4-4f42-b45e-b386b8cbe416,EO
2243ea52-3a61-4649-9afc-e4d26306d7b4,MY
51d9bf6a-f8cd-4813-a0b3-106175f70f39,BA
697b4bbf-1a2d-4c7d-9934-bb1b1e468477,EO
818a62bb-6966-41e0-892f-a5518f54695a,MO
7181cc4c-884a-437c-a7e3-4f9dce6ac0bb,SNE
f2504d97-5390-4242-b01a-6963622ed8cb,SNE
40b65e00-ab38-4356-9d5f-85b550b1d5dd,SNE
8adc0369-0a5e-416e-88e1-b2a42c42aa00,SNE
1b3310c5-43d9-4352-950f-8b70ea1eec12,MY
8337547d-83df-42f4-8153-b2b225a23ba1,SNE
7a35244f-34e4-4da2-83be-313f98a227d3,SNE
700ea7ec-51a1-402a-bc0c-5e0c2ebb9c0e,EO
ab4b0de8-c469-430d-ade0-a86142468474,SNE
50e93988-4f77-4030-a571-26f38fdbe036,EO
9c6f0d98-b2fb-4bfe-996b-a01bb8a6afcc,SNE
1d711a78-34ed-4baa-8003-df59edc0ecd3,EO
59fe7f82-d4a3-4f9e-a0b0-e889487163ea,SNE
f0e6392e-b09a-4b8b-9975-372494e7da70,SNE
f6d5fd1f-8c77-4c4c-83b1-bc5487274058,BA
ada4cf93-a01e-44f1-91dd-b71366cee0a6,SNE
f8912ff1-a37f-44cd-8d46-14db29693432,LY
0ed841d1-b898-4f68-8441-3b7049297c3a,SNE
8085afbf-8b1b-46c5-8fbd-93dd503ad5d7,MY
f0d612e8-adcc-4267-be7b-bbf35479fc86,SNE
65da4e7a-50f7-4f1d-b551-e00d16b67f75,EO
e561b1d5-b31a-482f-8012-bc309e660c94,LY
bcee5a43-3b08-4e74-87fe-66e733da2477,SNE
240c352f-7264-43cf-8785-c215abcd2f24,SNE
8bf60ab5-3344-4a70-8099-d485526e3c2f,EO
d7157da7-b106-4101-9b97-c7b8672d6d20,SNE
9e7312cf-1d59-4cf5-b8ac-ccc9f844cfc7,LY
657c26ba-e928-400d-9231-0f1d1f949a0d,SNE
425994dc-9e12-4529-b659-7a35571eedfc,LY
a750b9bb-fa9e-4d73-9a50-0c5fa38f7161,EO
b5663723-9f96-4f14-ba26-f307d1840195,SNE
205c629e-d2e3-4ffb-bdc8-5a0149dad034,LY
053c5205-cfb9-43bf-a452-d20607f2d3ca,MMY
e01f38d9-7624-4b26-8795-a1670cb25ed3,EO
e3873713-144b-4608-bb28-6d40f0d56ec7,LY
96db2850-06bf-4fb1-aa4c-5a88a5b92151,LY
304dac12-372b-4da3-8af8-ad451bf6da10,SNE
6fbe1f9e-46f4-4b91-a923-13a9abf3702b,SNE
7d8d3eec-470d-4037-a3c1-36b4a6687477,SNE
118b642f-f26b-46fe-bf88-cdf701bc520c,SNE
0cfec341-4d5b-489a-81cc-de742118c57b,SNE
55c3a1b0-71cf-4c3c-a25a-18450e693680,SNE
cfaaa2d1-7ea6-4f22-b4a4-b1283c2d224e,EO
33d96868-234c-4fae-98d0-ffb476c7b3e0,SNE
fd890ba0-67a3-4614-a032-e16601fe5346,LY
ff4cb00f-754b-463e-8c4b-6edb0c666364,EO
3dbcfecd-01a4-4585-8e61-a222ca9ef754,LY
89a6e0bf-ba58-4c6d-a633-fde732b5480f,EO
5656aaf3-ea6d-43ed-a1ab-99f83323e479,SNE
89cc9dc5-9122-46a3-9459-53f44d08c5c0,MY
5b629042-059a-4a6a-ac46-eecc9a03ed62,MO
f99b5eeb-aa1c-49ab-adee-7e7d53d5808d,LY
2ad53d7a-ea4a-4af8-84f9-bb68ac9d1153,EO
ac11bb5d-7dbc-4062-ae89-52715a217116,SNE
e311e45a-e560-4deb-87fe-8fb497fe3bf6,MO
7957d48b-76ea-425f-81b4-5fd4d8828398,SNE
4125b7f1-e905-4151-a90f-ff6a54c3c9fd,LY
a82d15b5-be2b-48e4-ab7f-d230a7ffa8f8,LY
c7ad4080-ff07-4728-9314-0687449464df,MO
d9d7f4f9-ff0b-489d-9472-3b1e7b607f11,SNE
ac66d3fa-057e-4b9f-84e9-7f6b943b0ec1,EO
e10b19e0-d19c-4556-b14c-9dca65adc330,LY
8fcf95c3-8621-4f47-b2ec-5678953b037c,MO
17e15a8e-c07b-4a1d-8349-6f51feb5fd37,LY
f6e819e0-8094-4297-9b29-496bd96471df,SNE
b797f9af-5eda-4774-938b-71cd2c451222,EO
d8c7045f-1798-4e1a-908d-44189042a4ec,BA
4d898541-6a61-4034-9209-0a1e5ae62767,SNE
8aa02626-08e7-4121-b308-d0db0b005400,LY
9710ca73-5a40-4fa1-9aca-768e9801b105,SNE
0ccd51c4-38c9-47d8-bd73-6361241fe03d,EO
86d13600-88b2-4ec0-bc84-f42627614768,EO
b10ec94d-b507-489b-bdcd-71ba7dccd0d6,EO
de6d67dd-58d6-4ec5-a821-46c04c63b6b4,EO
a5f49b04-1003-4c33-b43c-549266323c74,MO
65b35d89-73af-4fc7-86e7-2e9e5ac2a803,LY
319ce86c-3017-4831-b436-2686d0b4bc3e,LY
b7fd408a-ba0c-44bc-b2d0-fe7270ebeff8,SNE
b522e180-bdcb-4139-9dd1-042c715858cc,MMY
750cb178-eecc-4d4c-bd45-1c6ed23c3791,BA
7408915c-fe45-446b-a34b-f73ce980026e,MO
5efee876-db85-461f-85ab-48684c28702d,LY
497cab0f-eb8b-4e4d-afba-e575b1af494c,EO
37d2126e-f698-464e-ae0b-e4aaa875111c,SNE
3ebbcb32-456c-4a44-ba66-c564e5c48978,MY
4c470022-439b-4b5b-92db-14cabc104e75,SNE
dc085c1a-a4b3-41fc-aa51-faa52e199748,SNE
7bd78bce-e9eb-4f4a-8958-5caca12bed49,SNE
840e2630-1c3e-4cc7-9030-4e0117bbb014,EO
97d9c001-63b8-4970-893e-0f6a06597822,BA
af765f26-1adc-4283-b46d-a601239fd992,LY
b5002efd-ac65-4907-9c45-534625e2f1f5,SNE
c9fe9ca9-5bd5-40f7-befb-6e0424844430,SNE
6d4a8dfa-0ea1-4f78-8948-642d9d9fefe8,LY
c426e7f9-c3f0-4082-b89b-318bb0f50583,SNE
aebfd252-907a-42a7-a9d1-6c05ab0ad96e,MY
1fe1d92a-b2b2-44ae-bf22-b2087c588ea6,SNE
0ac59131-db8d-48a9-a966-0ece84092fdf,SNE
4186966d-2089-4829-b103-a6f3850c0c86,EO
1b94a9ca-c0e6-41a3-ab33-88f2aab94d2f,LY
74c589ba-bd60-4d41-9635-760f1478e32b,SNE
7b64f342-6882-497e-aab5-529628c05373,SNE
675fbe88-7ad8-423c-8e6b-8cce0a86e653,MY
f6a9a321-e511-4601-b7fc-7e43b703f423,SNE
5802a499-5faa-4713-9038-9bca1a8f148f,BA
bda8130b-caef-42f5-a6a0-8c2cc9da728a,LY
d4845357-f3b4-49eb-9375-6d16ba1fa19f,LY
3003f261-308d-45c6-a047-94abcf6469f9,MY
c6b9ccf3-9e42-458f-8e0e-aec059f71f2b,SNE
5c1acc30-7cb3-44cb-94d4-682db32eb21c,EO
ef10f9a8-e226-4087-bb83-edd33b5488f5,LY
78481756-c2c1-4196-97b9-7258d302a5a6,BNE
5daecb8d-d525-4fbb-ae39-276040c64a59,EO
20735f1c-1783-4cb0-a680-0277708e744b,LY
978a8b04-4afd-450e-b6ad-1cdb2658ae77,BA
4e3ff7cf-442c-4d86-9f84-269dbcf67cf8,SNE
2d8d7512-2395-46b3-ad4a-4e74559306e0,LY
007ddd41-a7ba-45ab-88c9-604175a0cb33,MO
b63783f2-e690-4ee4-80bf-6360d806ff05,SNE
4d664443-5423-405f-a78f-139da87ae51e,LY
467a8d8d-1471-44c4-94b3-d33a74a07b49,BA
a77243f0-4bbe-45d9-891e-c764da55b5ba,SNE
ac51b655-92ac-4435-b0d9-c06bb52ddc12,BA
2f469cd5-371c-4af0-a341-312648061abe,BA
9ac07ea2-e9f0-4884-8fc3-b959de3474ea,EO
2a49fc8f-88f3-451f-a361-63b2072419bb,SNE
5e500db5-2519-462e-85a3-58472741ab90,SNE
85b9f947-b3bf-4fb0-ad8d-b32b6652c1e9,LY
55e1ac1d-fbbd-4a3e-97b8-15269589abec,SNE
2724460c-5083-43f1-9c51-91cc7557b8cf,SNE
b15b0991-04fd-4209-9ba0-99b29c7e67c8,SNE
7007c3ec-08ec-4efe-9910-ad8d032ed8c3,MMY
0f492a07-bea7-465b-9c9d-7a07c878c1a0,LY
8c7013c5-430e-4f05-8fbe-372d986d5d34,MO
ad06cb88-97f8-417c-8a93-4a81d8437663,MO
f69f298e-ecc0-4c6f-8a36-e3fcb7febc32,MY
60c72a50-fd82-4a95-815d-8a7704b4d593,MMY
c1c8dc1e-53f6-4346-98f5-aa5fd34c83ae,EO
4e65730f-fa4b-414d-89eb-c42881495aef,SNE
37ba8ecd-445c-4ab6-8a45-de1864bbc8d8,LY
d3c1ab02-592d-4053-8e81-135155f0e4d6,MY
c894fdac-3c4e-4e0d-b30e-bd2dc46e785f,MY
724651cd-a74c-4efc-a701-1247c3eb9cb2,LY
395515b2-e020-4a09-8897-0d4495233317,MO
ecba46dc-3f66-460f-a9e5-ea1177313c6d,SNE
ee2a8668-a41f-41e3-a6f7-37762bfe4b1b,SNE
d324d7ce-8429-4021-98f6-33015ab4f1f3,SNE
abe334b9-9127-4fbe-b614-0a25d35e7831,LY
a99a72a8-4871-48b7-8d48-2fa31c2c0d8a,BNE
7295af6f-6111-4fca-843b-609216707ed7,LY
635e83e2-ca10-4c7c-9a11-ac38021c6285,SNE
dab7717c-f8e8-4e28-a55c-0c63277a8c36,SNE
688f1b54-f6bc-4fce-a58b-a0cd82f1767c,EO
87def811-285c-4284-9cb5-79bfa60175c7,EO
8e9c3d12-4524-4c31-8116-d52454807cd5,LY
1ec0e254-2a72-4988-8cc6-78817b59394c,EO
9ef7db9b-bade-48a5-8afb-17134f1363bd,SNE
8795a14c-01d5-4915-859b-ad75f6491754,MMY
261129f7-e245-4095-87f2-ad9e23fc7b06,MY
9d3c1dfb-ac1e-451e-99a8-a52a2532d629,MMY
74a18d60-ca5b-411c-a4d3-fed57bb0c000,EO
211596da-7c47-4ce5-85fe-a62bdd3ae552,SNE
fba9a14a-0d81-4d00-b814-b77931850ef5,SNE
fcd31f5f-6344-4135-963f-cf3906f299d9,SNE
9e9cac92-e9bb-4109-9759-ec1efdbf1c71,EO
00d6468f-dc44-4511-99da-eb72a1fbcfaf,SNE
9706d78d-7759-4aa4-8194-041654ec62a7,SNE
083f8435-08f9-457a-bb58-bbe8fc398ef1,SNE
124c2da3-ac69-43ff-af9a-fe31cf39ef43,EO
650516e9-7623-42b9-aa52-e6116654fe43,EO
37c3f5a0-4120-4a87-849a-c717c682c4a2,SNE
1a9959fb-5454-4365-807e-1909a9cb1a6c,EO
f98f9680-1ba6-44e7-a942-d5458c33a663,BA
8835f47a-4404-4ac6-b793-5b5fc7f0240f,LY
af55b60c-2e8a-48c6-965d-c5180c396277,EO
fe8c17a9-5cfa-4f92-904c-dd0c58bb484c,BA
9085c775-69c3-4e56-a6f0-48f1bdbb7d9a,BA
163f9d1d-5741-4e51-9f40-a15da89e643b,EO
28120f88-55b1-43cf-a18c-9c5d603d4365,EO
e17e7b71-e36a-4669-8adc-a162bef233d3,SNE
2da8e6a6-3dfa-4f23-9858-5a494da93727,LY
913de27d-d09b-477e-8fe6-de4596fa4b1a,MO
75f81b94-f235-4037-ab76-8907971d6e36,MY
b4445063-96b1-4e6c-baa6-eb5e763c17b6,LY
d934c762-99c1-4072-b5a0-b059c81ca8b2,BA
f3ccd091-c426-4776-9a65-16003c64fab6,SNE
dd66a439-2e7a-4d5e-afb0-5b95160cc001,EO
9eb0a0d3-0380-4f72-b810-82a5d30e19c6,MY
7683bd2a-ade6-4c0a-a413-8a957602aec8,MY
37a73c6f-cf45-494c-84c9-88b914e45f47,EO
073db161-6e42-49ea-ba65-fff7332e62f1,BA
5661e9c8-2832-4836-b1a6-af51ed897afd,EO
df02bd10-e048-4e0e-81a2-f3007419b65d,SNE
9501b97f-0844-4b51-a233-11c16e33a12a,SNE
622d5eb3-3c78-4093-8a17-7c635a13f692,SNE
03525f0f-c8bf-4207-b90a-3ca68e4c2665,MO
f63bf020-b8a8-46db-9b89-5b6a8b05249e,MY
acd3547f-683b-46a6-9b08-e58f5d280bc0,MY
17470e44-6c67-415b-a31b-ac0a2649a622,SNE
38eda817-11c6-4f6a-8b52-6e017922cde1,EO
c6cc0b91-3075-4ae0-88da-f573278734b3,SNE
cb0ff2f8-59cc-47aa-bad3-f9aee679010f,LY
be529258-c4f6-43ef-bda3-33704cb9f19c,LY
f000b68b-53b7-4f32-9b58-c9a499d9febb,SNE
ef1317a5-cb97-41aa-88b7-97b6eebce807,EO
6b41d6b0-38c3-4d7e-adab-628298786b88,SNE
5484963a-69a0-4044-9ca9-10b7efc3bf20,SNE
2677629d-237d-4324-a38b-e1efd2b06297,MY
76809eff-18b3-4576-9031-f0d22e994b84,LY
f1574ac5-e4fa-450e-ab04-8d94d38b3e8f,LY
136a81fc-fb62-4d46-bc8a-4f61f9f76766,LY
ab92aa00-94c3-4cef-8d10-6710a2049dfe,BA
0c45537b-ed26-4b8b-901b-04f4815a11ce,BA
df6e9eb7-0ccc-4051-a492-00fb21fd4cf4,EO
55c7bc34-8079-4a8a-b11e-fec8480c813c,EO
a0cc8a0a-4a0a-4f15-bfe4-4bc57672730c,LY
c4bb6686-d47a-49db-949a-8b0270d178ea,SNE
7a0998b2-47b8-46d9-98ef-1ba9b8e2471d,SNE
2a26b6ed-1c8e-43d7-8adf-dd89f18d41a1,LY
76cd82be-903a-483b-951e-02803e5bde7f,LY
53755811-6751-4fea-ac42-ff2a7e1ac3a8,SNE
8f25b4bf-3cfd-4f75-ad31-b86bb4cc803e,SNE
d908813f-4396-4f1e-825f-5115cfaefa71,SNE
6c1d2476-e9a1-4b9c-9f2f-1877cb0dcb4d,EO
23041c4b-ca14-4e4d-a09b-9bc1e1513e1a,SNE
22e8e662-9702-42d0-b171-dd77cbbfed1d,EO
d2491efb-2a08-4c4c-8d47-913a1a8cc900,MO
32386186-d0a2-4bcc-aa06-2419e38de78c,EO
2b613185-05bd-4f8d-b2bc-72d224a231bb,BA
2f0cc279-7678-4ec2-98b8-853006f66dbe,EO
e060abdf-96fe-480d-b415-8572626d8177,LY
a4fa8fc5-55d1-41c6-843a-fb3f71536b5a,LY
d879130d-f052-4454-8371-621fdf965e51,LY
4a794765-02b2-4c36-8316-02d3be610955,SNE
90adaa3b-5089-493a-aaaa-789b5d9c9823,EO
5c72de6f-2f00-47b9-b553-a3bb7f685aff,SNE
69c62fd7-83d1-4559-ab0c-ea1478c063b2,LY
4e4c2f26-6c66-415f-9a81-42f8ea2114a3,SNE
4b47c4ba-3c5a-420f-aba3-315143ec71bc,MO
364794ed-155e-4987-905b-a3ab165e278b,LY
ad48035b-bc9b-4d58-b6d3-caabcb20c197,MY
bc845ca9-b172-4455-acc6-0c8d53f0a829,SNE
b83c2476-8b96-4aa3-b257-fc3b25dddd21,SNE
b25342d2-72bc-4bd1-a3d2-9ebbbae3ec5c,BA
33115787-4152-4415-b867-2cc911ac9b58,EO
a637ce4f-5127-47e7-8828-c4e64f9c4d3b,BA
b2358da5-0d28-498c-927c-eec3e3b67268,MY
0b26ead8-c0a1-4b26-8cc4-ef2640a774ca,SNE
766a48dc-70e8-40f0-9081-873e1c90354a,SNE
e76526f5-e289-4d4d-b661-ad0e389f075a,SNE
d9173bee-41c4-4e79-b96c-eef723f9563c,EO
6ee1ffd9-eeb9-4514-a267-65287d2083cb,MY
de4b1831-a2bc-4740-8020-99ace0e03608,EO
b22ac437-89a5-4a3a-8b11-299771091020,LY
3e8882bf-76ca-4c9b-9d89-d6fb9753af47,MO
bf7a1af4-23a7-42da-9dd8-847115d63bc9,MY
a6cc5c11-6d90-4dd0-a040-3cda85da19ea,BA
dc65a90b-e2df-4d25-be41-0d4dbad07603,EO
489d6cfe-1554-4b3b-8f4a-b12845f3ced9,SNE
db82b12d-0a33-4413-9ac7-30aeee3cd591,SNE
9edec11d-c210-4ea7-847c-ebdde4bd5b3d,SNE
9b28df1c-6a96-456f-949f-d4cafd02c0da,EO
a58710c4-5bb2-4c35-9582-b9d3d655fed6,SNE
0fbbbbe9-a78a-41da-b2c6-25997049963e,BA
aa7e2afe-c856-465e-bc51-107b81f98856,EO
1131e98a-24fb-400c-a068-4ad08d80d81a,EO
33b6ac1c-d19d-4209-aff3-46c0e8a807a4,SNE
339e7b02-bebe-4da5-9c37-25491e06cbfb,SNE
075a498f-9270-412a-aaa3-39b183fdaaae,SNE
5b02638c-b026-4d42-9a91-5d82a766b671,MMY
ed64491e-bc62-4afe-bb21-1ed59247b30a,EO
18604ebd-0615-4348-8d52-d6a35e99a14c,MY
6ed16a55-6208-46fd-b226-d89d64e45eeb,EO
23494180-d3b0-4d5c-9be2-b190f8562dd2,LY
1620c73a-414c-4d33-b567-ee46822fa8f3,PMY
b2ee020f-78e4-4821-8d8f-3db213582d2f,EO
18f655e7-0c03-4a7c-b2d7-a57317a17210,BA
d4ac032c-674e-4fa8-9fc0-7f529bd5a9b8,MY
35db6ccf-3280-4f2f-9f9e-01eb8e93df8d,EO
fe6549b0-f363-4d41-8cec-1c0d353db27e,MO
f4f54730-5f02-461e-a4b3-8fd4766d9ce5,SNE
806ac31c-7c8d-4a19-92e6-8e2a74781acc,SNE
c86a00b0-1563-4a77-b3b9-4ba95e9692bc,MY
1d574ce9-45ea-47c5-be7d-9a98ea1f0863,SNE
597033e1-9ea3-42f0-ac27-653715d42504,SNE
e04547f4-5d43-4c05-8737-4263581181ae,SNE
f6c61096-f303-4ed0-9963-4d4381995928,EO
38176e4f-15f9-44ea-92a6-f227bdf72ffa,SNE
bfa818a4-058f-4256-bd7f-a9ac239b00dc,BA
383399c0-6d31-45d4-9ded-3630dfde47e0,SNE
db9ed1e6-a98b-46c0-a62e-933d80a1e5bd,MY
7f49c0f3-3bff-4fe9-a83d-4cf8670f1eb7,LY
a2a9cff0-0198-4acf-97a0-0707b2e0e643,LY
36e90704-e2fb-4908-be47-7d5d2ca9f150,SNE
65ed7b87-236c-4396-8894-2fb41b5f92de,EO
0c862d46-8299-4205-9b74-52710dbc5fd0,EO
9d7884a8-4ee7-45f4-a09f-b17ee99d3f83,SNE
2f354f72-af0f-4b05-bc8b-3af90bf4164f,SNE
1005b61e-2af1-4c43-80af-eba19bb12bfd,BA
033a2fde-59fe-4ce5-bfc7-6ca7d8747336,SNE
47a8b672-a399-48a5-bc9a-5ae5095fa7b5,EO
6676f1db-eac8-42af-b464-18a46e8d6a4e,EO
070b2e55-82cb-48cb-bf7f-0186ed8678be,BA
410a9485-a651-4b46-9f0c-56b875a71077,SNE
24b4f8c5-a3b8-4db4-9efe-4062c0adf16f,MY
1c05b8ec-9f9f-4f32-8760-317c04c171e1,LY
c88700c5-c414-4123-976a-413a0697cdee,LY
74223bd9-1c16-4c95-a1d4-da9b88adac77,SNE
59d24e2e-1596-4bff-b47a-af658bd65d31,LY
ef423650-2e82-45f7-8089-6b3af05d694b,EO
a18c72fc-2cda-4f65-90b5-24c78279a902,PMY
a8344a2e-0e54-44fd-87eb-c69d31434f63,BA
467a76ac-4bb3-44b4-ab17-741557fad335,LY
01b2da24-38ea-44e8-b4ec-227ef2d27567,SNE
e87b8493-6c2e-4a91-b2dd-07e1519eee8d,SNE
e49d9248-8007-4c19-8867-2016dc2d69d9,EO
245fac8e-e600-4622-949b-81f4335f0733,LY
ac3bdb75-2f86-4a4f-86ea-139a2f201aae,MY
2de317c6-6828-4c03-9a99-27d619f93ee2,BA
d652bd00-db8f-42c1-9897-c1e755ad345a,SNE
58b9b06e-dd01-4c14-b08a-04ec6e2d4611,LY
21c456a5-9c75-49d8-9510-a43384e09a05,BA
cf540110-aecd-46ea-ae7e-a27d361c7b5b,SNE
dbac2887-d9ea-44ef-b70b-d1f9e7d5e635,BA
2f0e6a1f-443d-4987-a1b6-71dcec6f4b99,BA
fbaaf516-c4af-426c-b029-24e66db95dee,BA
eff0d8d5-70ac-4ece-9f45-fbc37afa09ed,MO
a4110e73-94e5-42b1-99e9-c05c714752cc,SNE
4fcb7111-3c82-450a-ac8a-bc81aa053ade,EO
8e129307-cead-41ff-9f3e-8ed0578f8474,BA
c16d2152-7979-4aac-9c37-8a758aef5d2c,MMY
b91176b1-784a-459b-96ce-bcd2de967c13,BA
184d33b7-ab97-42d6-a970-4027542dbd64,EO
5c9157bc-40b9-4d37-9023-8a327dc59c54,LY
eb796bf6-ae21-40ad-a953-7e5151d26a9e,LY
4ff89535-dec5-474d-8e91-758b02178c4b,SNE
dc4db8a5-e660-4687-8765-af6fdd4d22b5,SNE
584356ad-080c-446a-b95b-e46b15936110,LY
6d63cc96-0532-4f08-9249-6beaf6c306da,LY
223cb301-ec76-48e6-8efb-001c41aa5006,EO
0d1b5f95-2501-4703-8120-5b740c9f167c,BA
86864aab-0e27-492a-9cb4-77a3fb17048b,MY
622348fc-cfec-44b3-b69c-c1201479adb8,SNE
1851eeed-e8c6-46e7-9efb-20097ef36875,SNE
9c847647-0674-45d6-8a70-694c81ec3a63,LY
e3e0dc13-c013-48a3-bbd2-136ed8ac8490,MO
8ab5740b-8481-46f5-b451-8f0624019744,SNE
30cdbb8c-ee1c-4d23-b9f2-1942d4aef72f,SNE
0c644858-b3bf-463d-8644-391ae8a6034e,SNE
c9630de0-47e7-47cb-8c36-fd7cd87d9704,LY
15d76c7e-48dd-4bce-9dba-2a84e1119dcb,LY
410a808d-81d9-4742-ac73-7e69647539d9,EO
05560e4f-63cc-4b3e-b6fc-c86de4c26b01,SNE
bad0b361-2089-4486-991c-36404ec916d6,LY
b18245ea-c776-42f9-90d0-05b46f82f0ca,LY
feb3df80-130a-45d9-8cc5-e9b9ace9a397,MO
68e61df5-b549-4076-ba9d-c84beb2e06f5,BA
3caa8910-90ec-4f2d-9774-b631f5d63b1a,MMY
044ac78b-ac4f-4446-9824-081e9c2f953a,SNE
29fd3531-a6c5-499a-8b0c-7fb9204c4968,SNE
49066b3a-98d8-4141-9a58-55d58074b128,EO
2ef0d264-a78c-4dee-886c-cb8b25ce1969,SNE
50f056f3-40e9-4773-9e58-9a0efd9163a2,LY
ddc7d317-725e-4604-84d2-5683608d0f7f,LY
4552a633-64b1-4975-a557-cb3b238329e0,EO
8e59bf36-7b0f-49ea-880e-5200b8d32977,EO
b6c7382a-6294-413a-abfe-2ebe7c479e43,EO
e59d5cb8-91cd-4bf5-8851-2f5dfa595704,EO
1e970936-968e-476d-97a9-312fe0e405cb,LY
ad1fea5a-cea6-41f8-944c-6115d012aea4,SNE
269576c5-bc4f-45fe-addb-53c1e7207767,LY
bfc2cb39-5f1c-45df-9050-abed3712b6f1,SNE
b16eb18a-5e68-43ab-8fcd-7a7fafc79dbc,MMY
6ad75c4f-79a1-482f-ba4d-7e338a89e2f8,SNE
7d357b41-ba5a-40e4-b52c-591fb542dbfc,MY
e01ccda4-d7cb-4cb3-affc-acadf0b64265,BA
31ec62b7-6c94-48ba-bcf0-1f14228bcec9,MY
2ceff75a-b40b-45ef-8726-90ad9dfe60c0,SNE
820b5b27-f60b-41f4-9f9d-33eb61fca550,MY
cd0721a0-be8b-4a34-8d10-4fefaac36826,LY
e4be6447-10e6-44bb-812c-73d6602e51b8,SNE
ec540541-13e5-4d00-85ee-12483e579334,LY
57bbfdbf-af5a-4046-a6ee-467a602de735,BA
e3547a50-f651-485b-8564-c65309d7f7bd,LY
ef896373-0762-4d19-8bee-e895a71995ce,MY
acde1c8f-e9c3-4833-b091-8cb08c1e9a55,LY
608b0fc2-1126-4bc5-86d3-b488752de48f,LY
54e0c7ee-da07-4249-8ebf-375946d6aebe,LY
fa54b384-56cc-4747-97fc-74d183653008,SNE
051cd7c3-3607-4a25-9fe1-bff657e792f0,EO
6628cb06-d973-40f0-9b7a-a1956ace89b3,MMY
87c51796-c4fb-49e8-80c9-cce0e58e618e,LY
abfc688b-3ed2-4b9a-9cfd-0fc51008e20d,BA
d1f40fd7-2fe3-45e7-9ed1-7606c584b3d4,SNE
3f308686-1bda-4153-a7ad-295a76d46f68,MY
5d8fe4f4-583a-4f9e-bcea-b9a07c61233b,MO
e32bd96e-c306-4dc6-a75b-f3c1cf92495b,LY
5be05bae-cd83-454e-b93d-bd4ba51a1b2d,MO
9851b081-5da0-40cd-805a-6b853646ea6d,LY
7da131c6-f61b-47c3-a1c1-e40aca80dae7,EO
e95f76bf-c8b7-4cb9-a4e5-2fa72075c9d0,LY
4ce0135c-472c-46d7-93a5-3d98e76e0b5c,SNE
dcc29fe2-4c16-4b34-9ad2-19e18e9ebff7,SNE
68e6a529-4388-4c83-87f3-3f09c42ec7d3,LY
99325ccf-db6c-4259-990b-05aba014c848,LY
5e7bf115-2ab5-45d6-8cfd-8cac3d5a7154,MY
e7ca99a7-1f25-40ed-960e-bd7b02341218,MO
93bc97d2-2478-4d5e-911a-981c12bbbb97,EO
a616a103-fd6d-46e4-a6d3-68a573e28db8,SNE
7df28b41-b6c3-49aa-819b-6047b6d3e85b,EO
a0863ebd-961b-41c6-ad85-0aa348bb1b7a,LY
e2fb3f01-1918-4a0d-8bd1-c47643bf89fc,LY
f1ca6d7a-15ef-4dd7-83d8-7e73e9ff5cfd,BA
d5d30fc1-8fd8-4538-8ef8-d7149c27300c,LY
f077c3bd-4a50-4741-b51b-1b1a6573bfe9,BA
d2b15828-bcd1-4cb7-aaea-eef6e8313730,SNE
7394ca21-add6-4c90-9462-5e4dedd6f746,BA
b53b838b-ac4f-4be3-8a6c-a1a2e1273d96,MO
f26c39b2-013a-422f-abb5-e4bba1faa457,SNE
364d1f45-d81f-47e6-8b05-0f364b1ae1f2,EO
061b89d4-c661-4e54-9975-78ee62068233,SNE
3de0cf30-6665-4e0a-95c5-8aac2ffa35a2,SNE
8525ced9-4cb9-4cda-ab8e-20945934da3e,SNE
027a452b-46f3-4169-8fd7-dad38878c40c,EO
64b33095-edbd-4ce5-abbf-c8ae84089e6c,SNE
c8e3c185-8a32-4726-b732-bfc5d784f9c6,SNE
6750906d-7931-413f-b2c1-831acc7f406d,MO
4bc29f01-7adb-4582-b66a-ee1629333dcc,BA
0c2e657c-67d7-4fa6-a621-659be21423cd,SNE
f8ac4965-8dbd-42b0-8bfd-4df2bd5f62e7,SNE
d1044da7-0443-4b58-81ba-128d104a530f,EO
30a4a104-c15d-4567-b866-b9848731ea2e,LY
70a692ce-e3bc-458e-9bf0-828ab9aff504,MO
58599dc5-4e8a-4690-a20e-5f37e5f3a333,BA
e5533643-69b3-46bd-874e-7e372f307829,SNE
84d0de70-2e12-434d-a9ea-58d9fe773347,SNE
0990b45b-554c-4676-ac72-6cc152bd394c,MO
48ee83c4-eb2e-4874-b3ea-7e5ce9d4f6c3,EO
2ad39b63-64ab-4703-a476-ee789b04c242,SNE
f77c7560-2402-4518-9fef-2ba2e4b37d63,SNE
146519e2-1bf5-44d5-8551-55bdd8d90b2d,SNE
4d963803-4cb3-4f54-9728-198040389fb8,LY
f1fcf180-ecd3-4c10-89f0-0339e66f1f2d,SNE
fbaff250-9841-4d16-8649-740af83b01f0,SNE
16835577-e04a-4673-940e-c3e8bc0ab14a,SNE
9d84b3eb-6a1a-42a7-bf15-c0466ed324d9,EO
22167948-a101-4fbd-8f24-be2559cf9cc9,MY
56f1427a-5ceb-4fc6-a656-4ef4d6ca62d6,SNE
54afefae-0cf1-4e92-8915-015a14be58af,BA
639d66ab-b75d-40d7-82b0-a683b877e35e,LY
381cb795-8d84-4589-ba6b-7127039322d6,LY
623ede42-3fcb-42b0-b6f1-87e10e5619f7,LY
b4593b25-77b4-4cb0-a356-3b5971075f55,SNE
65793369-2133-4609-aca1-8d8764d4772d,EO
1607ad54-b0e1-41ff-8f70-ef5d7fd748b6,EO
9dbd99d5-f420-4fc6-94bc-33675874c0ea,EO
4036eab7-cc95-4e6c-86cf-bf7a8374abb5,EO
a3bafd9d-f74f-4be9-8938-ba8a1c6020dc,LY
446228b8-6a32-4a28-bf2d-5513026ab226,LY
6fd18c36-dc7f-49a6-99fa-d427aa06cda3,MY
f093df79-97e9-490f-bbfa-99b8db09839a,SNE
f7190711-483a-4d43-af83-d22dfe055f99,SNE
6c116c6c-2cea-4689-87fe-b7572a531f61,VLY
f2e26f20-0a7f-4b75-931d-74042ba52e7c,EO
9f22f71c-8ea9-48b0-a92a-c566dbdcee74,EO
9f37e20c-00e8-453f-956c-bd136a05417c,EO
c5db698b-86a0-4e4a-808f-2ba478343b04,LY
4b4c8311-95e4-4053-a2d1-c24cfead5aab,BA
73ddc3fa-dff7-4342-9e73-b58b9a322eca,SNE
c5a8e5bd-8ae6-4a6c-b367-13478ea317fd,LY
846e130a-256e-45d8-818d-768490510655,SNE
c5e018d1-d6a5-48af-8f7e-82f550d6019c,LY
a4dfcfe1-2d09-48eb-9f41-cf86de952d6a,EO
48da55f0-afa6-4dc9-a4e4-a7fb7c5b9951,SNE
8c153d2f-db10-40db-b004-24a9cf4729bd,MO
abb6b834-fdc3-4088-8aa6-9a660e330bcf,SNE
d8f4b92f-1037-4f18-82d3-573e3e9f78cc,SNE
489e0728-6a95-4faf-87b0-e99600bbc090,SNE
8722021d-9f11-4184-93ad-58892429de48,SNE
d9b243db-925e-4673-9c76-92e15f9be045,EO
f21e995b-24fa-41fa-898a-209cd1b874b5,BA
218773d2-5b82-4c17-8992-0c88de646fc6,SNE
a70c7497-9d4e-4900-84e9-9aad9d20b4df,EO
2c41038c-2671-4a76-b7d7-0f6390e680e9,MMY
39a0b453-25f6-4f07-b58b-98167daf8026,SNE
bb2bb2d8-0e88-4cc5-a6cd-35fdb108e786,BA
59119731-753f-462e-b490-6f6a808d3d63,EO
e90acc30-7953-4867-a82f-56c8c12d550b,LY
482b215b-9eb5-498d-9ae3-5fac07c50050,PMY
5f35d2a4-5d04-497b-be85-27b08c247364,EO
68cdeb00-0d81-4194-b566-4d027fe3493d,LY
94425e59-7693-4d53-bb8b-b79d0b0cdbe2,EO
a6956d73-ef58-45bd-80f7-fa41815a4adf,SNE
e4fec35f-e14d-4357-a185-b8f13fb9bf1f,LY
2a593707-afa5-4a58-a9aa-0c2ea2cafeb2,MO
ab7a5f75-1205-4fb5-837b-bded8c795ef4,LY
31e5856b-b21e-4c1f-bc8a-7fda44f2feb7,EO
5c969952-4f7e-4d07-ad30-b0f81944b496,LY
652a3fb7-ef98-4d7e-bb6f-88d12e0534c8,MO
94954cf0-f7d8-4433-88fe-7bcda3ab2172,SNE
b11585f0-8ccf-44dd-bb0b-603ad607726e,SNE
10a20dcc-469e-4f47-9adc-45d5e5355343,LY
0e4fed53-b232-4951-a077-94588d549aa2,SNE
163d8362-3b22-4ba6-9699-908552832348,MY
8bc4437a-e997-4b02-afba-e2856d44a30d,LY
c33e59ff-a20e-4889-b5c1-d686595938be,EO
dce4143a-9f66-4779-8594-281db88916d0,SNE
f368d621-d61a-4798-8ba1-9e6ee02688ef,EO
2e254abc-165f-4d6c-8755-b90669061f69,EO
9d89494d-51a4-4046-98f5-9822eb3ee313,MO
92a982e5-5a76-4df5-9043-e86b72a4fe46,SNE
5f6a691c-5807-4dfb-8a28-1504960c8e38,BA
ea01dbf2-a00c-4217-a4f3-0e87f2be8122,MO
6d22f19a-6cea-4992-a311-b66c2a11687b,SNE
9a13edf7-f744-437d-a1d8-1522d53855ce,SNE
9b3be5e1-1684-4de3-9a30-1af3f6c860f3,MO
0cb9d2eb-56d7-4f24-887e-05672df2cf09,SNE
a2bd235c-b46b-4147-a48e-1a15753a0a82,MO
1427fba9-910b-42b4-b1e0-b084b1b2a39d,SNE
54e9fb18-6c35-49f1-90db-c0c9baccc244,LY
8f2cc20e-89b6-491e-8ec0-a4049f99ab20,LY
ea540811-9fb9-4465-a999-e237f9526a77,SNE
921591a0-e7a7-43f3-9c97-3b5bacf417e5,LY
35dd227a-5d6d-434e-94ec-48522cc336c1,SNE
259a6960-c546-4765-a0b2-7f937fbfa824,MY
74bc3119-3457-46e0-bd6c-739dc32ecad1,SNE
19ef650e-bb7e-4c5c-ac27-b9d9adc4a291,MO
336e79f4-38bb-4524-bde9-1762f39986e9,BA
ca6c96eb-f489-418b-8ea3-089cdbb1d739,SNE
a65979fb-4c24-459b-9221-a678c0cea9e2,LY
ae2149ce-7e55-4d41-ae0d-4311faf8e995,BA
5d0fb95e-f70a-4860-aec5-cfa659859964,EO
575d1898-459e-4b1d-a470-749b4dfe8ca5,BA
bd2b4523-481c-4434-b9d1-54541e56d731,MO
bfc5385d-e6a1-4980-8fe8-ae8d4b4d68eb,SNE
60d50b8d-475b-4b11-b2b6-4e5171ae1a32,SNE
a23c158c-dac9-4b9e-9218-e171877cde6d,EO
6ce3406b-4a85-4628-8de6-7ba5241d96f4,SNE
4b66f424-eae6-4a2a-b9a0-aef958f47485,EO
b34e0d2d-2de9-4308-b2e5-1a3096cf4084,SNE
4096fcd3-d3b4-4186-a69d-7107039736a5,BA
0a68d9e3-00f4-4c94-9586-672047b3e3e9,LY
38ae28da-b2c5-4f85-bb09-26f490e59aec,SNE
e616c67a-6260-448c-871b-50690c1e7938,MO
015c4829-b110-4bb7-93ad-6a99db734297,SNE
99e54b44-f64d-4789-8441-ca0ed48ae48f,BA
220f7fa8-918b-44d0-a7d5-03c9b9a12946,BA
9a29da49-2606-4cbc-b255-abc85413bf8c,MY
e8675f3c-e11f-4591-96a4-80b4fd865f67,MMY
6aa4ec07-3497-414e-826e-04a59b403d78,EO
c6ffa28b-5e5c-49be-bc67-94c8fd16bb87,EO
256944d8-40c5-423f-9691-c12d64169f7f,SNE
0bdb20b9-799c-4d48-b24a-bbc82e07e8fe,EO
aa24ea7d-5c06-4ede-873d-3b28dcbeb970,MO
607b4603-a7d4-44ea-90ae-41ce353495b9,SNE
a04454e2-9153-44a4-958d-fe8f68247beb,SNE
bee8e357-a5d1-4d5a-9415-2ac9d7a30772,MY
466b7f47-c82b-4e09-be46-418c5b405ab1,MY
8a6d0fbc-77c2-42a8-907e-c3372ddec315,SNE
e93da293-069c-4f16-9ec2-a2c7ca6ef048,SNE
f2fb22ce-e2c2-4e7e-b44a-74028cb6b10a,MO
1d8fd088-ea5e-4fd4-81a9-05557abb303c,SNE
b932c567-4603-495c-8c5c-871b71e36f9b,MO
8f5ea6f1-eeca-4667-91fe-dd85d8070039,SNE
431dc7eb-e04e-498b-a3ec-297ad783e42a,LY
060d231b-1544-4fe4-862d-db336715f0f0,SNE
3ab84c0c-acb8-4938-8c9d-25c28d8f959e,SNE
4fa46f42-9cee-4edc-8b86-46ebc31c450e,BA
6063688c-4932-40ab-95c1-3579ec2694e5,SNE
4036b24c-7285-4265-ae40-1072f4cf1536,LY
922c0067-22af-4fee-90b7-206ed15efb03,LY
347a4515-9ae1-43ca-a4b9-2e67ef94d2cc,SNE
a3cb7752-f9df-49c2-9e64-cc9959bb715e,SNE
f2c22da3-8a5c-423a-ae15-b00e543a2f7f,SNE
445ebbcb-c8f5-4240-996b-ec9d35288aee,SNE
7576d196-bbc5-4977-8517-87df08d2766b,SNE
b6e71e06-049e-4519-9fdf-9fe20bac0298,LY
4105f41f-a2b7-4561-a2b9-0790cd175e1c,SNE
0b5ed87d-8255-4813-a303-1dff67cacb7c,BA
326afcdf-3bcb-4415-aa09-dd3ccb1eedb7,SNE
c43e9c36-22ec-47d4-b5ac-e07575de7888,LY
c0902c62-774b-4cfd-b7f3-ef0a199d174b,MY
19082198-ef63-4bb6-927a-4480e70a72a4,LY
6ed346e6-938a-41a8-96ff-e684e698d705,EO
1a69af1a-fd70-4dac-a6f4-4fbddb9f6619,SNE
24a25cb8-8d68-42b3-b276-596ca9588de6,LY
39cdb9e1-5db3-44a7-adfe-b2f342dea845,MY
e5b48926-52f7-457a-9a38-8f7ce1d26251,BA
d27d9db8-ee87-4ada-be5c-ca7ba0c55255,LY
63366872-3181-445e-b0da-2d18e58494bc,MY
d98152c9-7e0c-4ac2-9f50-6ba0ec600e4f,EO
6863e6d9-ce9f-48c4-8953-934872c5e93d,EO
8a73b267-5b22-48d5-9fb1-10e17be44243,MY
b46bad7e-a709-414a-a322-9814a4f8aaf1,BA
b9cfb543-f36a-4ab3-a089-51e077bee5a6,MO
720f17a4-cc3d-45be-b4d0-df7a63dde36d,EO
4309eb7e-9abb-4173-9793-f3e3d98ca4d8,MO
f5e0fa6d-feeb-48a8-9961-5ae794b72342,SNE
f0649b8a-0847-42a0-8cd8-854067c7b7f8,BA
8bf03641-5fb9-4f89-ae01-fce552b7b592,LY
7edb8737-a008-4ad2-bbea-5331b86df1f5,BA
b163c07e-c9f7-46c3-adeb-2b3ebfc59ae3,SNE
dd855323-a17c-4504-bf4e-611ee4e54749,EO
a3f5cbc5-bb5f-42c9-bcce-bbd3e7780b0e,LY
6f044dd8-e850-41ba-be44-cf2316e67fd4,MO
d8b1ecd4-c664-40de-9ee7-36d0a04e76b2,SNE
4532148a-3bfe-4c3a-a69e-1258b2424af6,SNE
ad693f29-9e26-4c11-aead-0bb96bd5909e,SNE
328ff874-0da9-4e7b-b3f7-2a543439518c,LY
e2a50f8f-156c-400d-b5a5-0bb6a762bcf7,SNE
28156812-1677-4615-b22b-d5fdbbeb74b2,EO
15383b6c-3e9c-4769-97da-50132af1dc36,LY
8e482d70-9ebc-4a01-8de0-bacb1e8e2be2,LY
14b2ad57-70c2-436a-a866-09cb19fd6cd0,SNE
acb53d75-3387-4488-a06b-d902e1864d6b,SNE
b4a07fd8-a7c4-4603-940c-1e159fbd4823,SNE
1f4890af-b89d-47a3-8ae3-c71d05bf3d8e,EO
ce542e4e-7c6e-43c8-9045-1ef4e937cc97,LY
b31bd299-fba6-41da-a67a-cacb511404a1,LY
0ccbc003-70f1-4703-82a5-f20be17de261,PMY
771171bc-7750-46be-88e8-1a69411091f6,EO
4371b7a1-ceee-49c6-8469-76fd98490222,LY
b49af12c-658e-4c25-a9bc-183bb3e4f8bc,EO
ae72c280-4f8e-4b77-9346-5199751f54ce,LY
5c866370-7cef-4d5f-8ae4-2bda0e48a622,LY
d39bfb78-51b2-47ee-a07f-bc0777e71953,BA
81aacc90-98fc-449c-9b82-f2d9ce546b1d,MO
5470f30b-3df7-4141-8d9e-4c2434b08a74,MO
aae65a52-91b2-4184-835d-bcdf23056c46,LY
9e444d2c-7cb9-4011-bde8-9b87f01ade89,LY
46fa0e02-a53e-4780-a209-46e15c3781ed,SNE
f849a9ca-4ba5-42b2-9b9a-258bc05c86c8,SNE
d1c93feb-497e-4603-b3ab-928b5da3b5a3,LY
ffebefd3-c973-4de8-94d2-e55421c7e927,LY
4f7b422d-7571-4181-85a9-357d350a6b13,LY
b80e2bc6-1ada-4dd2-a7a0-f7a349c6b8c8,SNE
51b07e14-f4de-4f98-8bdc-de5d75ea20c9,SNE
09f93a90-a7d1-4c7b-b916-3dc79b16a7d8,MMY
e5e6a945-a646-4706-a64f-222c706a062c,SNE
4bbff5fc-cc8a-4b99-b8b9-62839ec0d979,SNE
f415179f-90d1-46ad-93b4-74b4dcd948e6,LY
66f3b506-1f16-4811-844a-be468067d804,SNE
e76c7f30-8f05-4fc2-9225-efe822ab02c6,EO
becd2424-f41a-4e46-b79b-8c3151d8cdb7,SNE
a70c6e54-a63d-4f1c-889b-0e5ccb296066,EO
3d49d177-7a67-4210-b432-27a6808ffeb5,SNE
c87e8fe1-93eb-41d9-a1af-2abd23e80ecb,MY
42721d0b-c468-4bcd-83ef-f140c1cd79ee,SNE
7ff64e8c-8181-4457-8b29-905d69e78893,SNE
cf2ec75b-b245-4043-b207-7cb2c2f7eeb6,MY
b19a0f2b-b63d-4494-bdec-320ce69ffbdc,SNE
7bbfda7e-10ac-44e6-88e5-b05bf1e19b92,SNE
ba6fe626-5c07-419c-980e-09950b75c832,EO
199921ed-eaa4-4484-82bc-53bd34726d35,BA
ddc540d2-b8e3-4d78-81fc-0209d5b9cafd,SNE
71bbf008-82ff-47da-b1ef-a867e6832f65,LY
25bc543d-a4df-4c60-883a-e18e422caf31,LY
c0d4cc5f-0787-42e1-bd5f-b1ff10709465,EO
4fecc23b-cf05-4bda-b1ae-f1a5de8e6213,EO
c702ee47-3811-4c03-91f8-2f50a1e4804b,SNE
03fabab9-39d2-4f31-9f4d-7f6ba6e7b14d,SNE
0a2ecf0c-6c01-4128-8f46-4ac3c7bb66ec,SNE
db71ff2b-e14d-444d-8945-6ad537ff4282,SNE
e4d543a1-6e84-42ea-81d4-c2ec468894e2,LY
4ef868e3-722b-4f84-b8d5-16613cdf160b,EO
2fcba411-571a-486e-88ac-456363f56527,LY
c3d0f81c-5d1b-4bc1-a966-f6ac648f1cb1,EO
6b1d21ef-934f-462a-9af9-5094d48da771,LY
da97f242-681e-45fd-8894-63732353decd,SNE
20e8b5b1-f847-48fe-a105-b195f14ed832,SNE
394eea6d-f065-446a-9ac6-d1d0ccb94815,MO
deee0b11-b8f1-4879-bd45-b19aedb1158a,LY
2178fe0f-e43f-47cf-9c4d-0ad1c34797a8,MY
a9e55816-c0b6-4c5f-982a-eb20de3893a7,EO
029c0951-8da6-43b7-9134-a292de96ab0d,SNE
c353f15e-3525-4cd0-ac44-94585aa68203,EO
1dfc6fcb-ab99-428e-a742-977658c2324d,EO
5ad45dc7-a0b0-4d2e-b9c9-04c3ffe99c48,EO
a1e4fbfd-6fcf-4ace-b786-33ba96b50074,SNE
8667dabc-ac9f-46df-8b3e-de5c5da65c07,MO
74676bcb-c00b-49b0-9708-e960ccd13225,MMY
3cb8f194-fc22-4038-a8df-2cb34a58c7a5,MO
269cdb0a-3ff4-49e6-87ff-5cd094afe8fa,LY
d650b513-3019-4cac-bc80-9102dde895eb,EO
9c07c086-62f4-4247-861a-7f9ee01adc5c,EO
90cd2c45-f0cb-4d58-a740-bb3643e36fcd,EO
1706bac9-402c-460f-ae97-b820d22d1a9e,BA
ea627657-c25e-4d2b-ae98-74960e92f539,LY
a842d8c6-5eeb-481d-aecc-d3611a11feae,EO
12dcef35-4248-4f42-86d4-4c1a996efa11,EO
2f99380d-d1ac-4bcc-8430-6832fee95c45,SNE
23b44ec7-0d61-47aa-89d2-292a85c0013d,BA
05be4a5b-93b7-409e-b773-a64a44946445,EO
6cfda682-3168-4225-9182-35a53d68f245,SNE
056a3418-b04c-48fc-b778-be6657b6644f,EO
08318a2b-7066-4554-84ee-6a29f72f498c,SNE
72725aaa-cd74-450f-92e5-1cafaf62f0b6,LY
1412b38e-1028-4019-9af1-548c8cd4c4d6,LY
3c55a2a5-6295-4952-9404-1974b7a27fed,SNE
7becdad3-e05e-4639-8aa1-7712b9853ba8,MO
eb3831c8-249c-4c26-985d-8cd903e13fbc,SNE
751a2d2e-1bbf-451f-b75b-0dcd7a95f053,EO
271170f6-8ed1-41d9-849d-a6f1bc8bfea5,LY
873dbbdc-f5bb-457d-95cd-3cb1c3cc1665,BA
23e771e0-3bac-44a6-a1c9-f9f71390b0bb,SNE
925472ce-930e-4eb4-8cf3-c50d0d86c44e,EO
cb09cc47-8d1b-437b-bb81-6f0b21ef2668,SNE
d29a2952-5f85-47ca-ac56-1591e5a3b9f9,SNE
a2e1721f-72fb-4f41-b3be-86fae409dc0b,LY
d81aedce-9024-4618-ae40-0595ea94dc83,SNE
fc2950a9-8f7f-4a32-a0cc-ec102e9c2b11,SNE
4168658f-c11d-44f3-9797-d7ba57f59642,SNE
e4818ffa-912e-4016-8f9a-2bf2f018ed55,LY
ea7d181b-885d-49bc-b7b9-a2d4cb008144,MMY
893dcc8e-0ab5-4c88-be68-17a6ac61fbf6,SNE
7e15bb84-c08c-48ff-bd43-8c90a18984ad,LY
d3e4cddd-56ea-463e-9322-dfca8215f080,EO
7d3a2424-0edf-47da-83f2-52b1c39cd7d6,EO
955cfe63-b059-4f4e-8c05-741b6658ab1e,SNE
7256a7e5-31e4-40eb-a4ac-8cf6d1c347b7,SNE
27270b05-f7aa-4604-b970-279e66fc9128,LY
2a6fe852-d90e-420b-bbef-35882bda5039,BNE
20f74bb8-914e-4da4-9c28-926cef2fd757,MMY
5835cf66-c07c-4d91-a149-444e9a6a8246,PMY
a8c36c86-55e5-4142-8b14-79c570440d04,EO
56700622-e7be-4242-9ff8-039d7da727dc,SNE
0ffe52ef-9911-4231-8b29-d467b0197ae8,EO
a5959c95-8a08-4a90-9928-159cf507d248,LY
3e119715-cfd8-4ed3-9582-d7f33ec814a4,BA
a6df28df-2c9e-4cf1-989f-0ded39f0dc1f,SNE
7e325fd8-1e96-4dee-94a4-c0cf86a791c2,LY
9207ee4d-4dfa-4b56-8130-f5ae66ebc334,SNE
40f69db8-ef3f-4ad8-868d-de493ccff1b2,LY
acf815f0-3b98-49a3-be36-048b4f1c6ff2,MY
356b312f-a220-4616-8929-a3e21b0c36a6,SNE
9cbda9c2-5104-4f44-a290-eb71e4105b37,SNE
1f1f11f3-d1fa-4fb3-9b3e-3c83c450782c,EO
d40b0e95-243f-475a-8dcf-9f63b5d05ca3,LY
3f3ab892-27a1-4fb3-95c6-4507de578bcd,MY
854914de-4b35-49ea-8305-d7654d947682,EO
cd40ecd6-0438-4ccc-8bd8-60082671bf69,SNE
e4c1d019-ea62-419c-ba94-9d83e1e9c2c8,SNE
6c55bbec-9658-425d-8e1e-eb0e6400c65e,VLY
4f4512da-db6b-4906-97e9-4a0e1d70f692,LY
8b1b5de1-bb50-46ef-9a13-636325f3040e,SNE
63a4016f-0377-44cb-97fa-35a631eadfc0,SNE
59b920bd-1e6e-4222-9565-1980b76c1a97,BA
7bcb57a6-ca6c-4a2b-9dd3-54008ecfc59c,BA
2e28bfd1-f568-4615-b6e1-f145766337e0,SNE
0464e757-8a2a-4638-9f64-f0b6c7069350,BA
0037094b-25ff-49b3-b800-8dbb1f3e1f91,LY
87e7c026-d2e9-4647-bca5-4d46770f0ad8,SNE
7980f9e6-ef41-4253-80ff-62182b933356,SNE
0bd8e379-9cb4-4552-867d-8a324cdeb791,MO
7446d0df-bc0b-4b4d-96dc-4b79d513e821,MMY
ce377d13-1c93-49c9-b8f4-d694fbcc76d3,MO
a8e2ceaa-4b66-49b4-8a47-64f5651bafc3,LY
393234d9-e6b8-426b-b0c5-636b155d4b68,SNE
9b2c30e9-db79-4ed9-b02e-e6545ec3921c,EO
6279ce4d-ad42-4dfe-8574-57f6c4d4675c,EO
050e3832-c21b-4a67-9c64-457320c46441,LY
e453d407-2184-441f-8e43-92d60f347420,LY
b1fa39d9-e695-4351-82c3-e785bef44edf,SNE
fa4b5b4f-1779-4cfa-b28c-acbc0eb7382e,LY
f2d2b469-2cf1-4ad9-bb85-8a902f7afbc6,SNE
ddd6f474-11a6-4876-bfac-651f6fdb669c,BA
b387d9c3-8328-49e6-a8d9-395a7f6e206e,LY
08e89183-f68e-41b1-9141-e8da2b17a742,BA
41c8f26b-5a7a-42cd-8a67-5ce490844b60,BA
d3bd6969-ef7e-4e89-9d83-ce484e7592b0,VLY
68f16538-7974-4fad-97db-9b29d87dc5e0,SNE
a6cdc099-b8cf-445c-b6f3-0b1388744bd5,MMY
fa6f0255-78de-40ba-beae-f67c8c3093c0,SNE
1a75b118-1ca4-489e-b742-5290b7e72490,SNE
42c23a97-f70b-4324-8466-eb6b82b9060b,SNE
e439910d-d396-4b15-b8a7-23f992053429,EO
0a6569b1-8868-430c-a787-b32c421b2b8a,MO
4137b6e3-dfba-42e9-9e32-d4a516a92315,MMY
e9055d0e-77c3-41b0-9c11-a6be9d8046b4,SNE
27176a27-8f0a-4db1-9cc3-248ad4318131,LY
0ebc42ec-13d9-48de-9a82-0412f4655e49,SNE
3424f07c-6871-4d18-907c-c40ba28a8305,EO
e7243cfb-e17d-48d5-9c79-236383890309,SNE
818077d3-3d9a-4b98-9b1c-09a9a70b32c8,SNE
4d23eab7-7541-4f34-90f1-e17e5b61516d,SNE
40c87299-a270-4c37-9e20-0830a20fb227,LY
f61ea3cb-476d-452d-9e55-e24efbbcd89a,EO
950b7d2b-95bd-45cf-b385-013ae3038775,MO
45bd57e1-5f60-4c64-ac03-354def15cdb1,EO
4cf2ce14-8065-4fda-a51e-10978e8aafe7,SNE
3c1f0250-0f7e-459b-842f-bf36d83aa7d3,EO
97da8365-e56e-400b-8a8b-a447421640c3,MY
d71bc1a4-af93-42c3-a848-7f06e9ba804c,SNE
4d649567-954e-41cb-8489-01669634fe27,SNE
5cc10632-fe42-4838-914d-4d4e3ef94a5f,MO
7f85b58b-246e-4e60-840c-877701f001bc,LY
b0e23d02-4804-4541-84cc-fe617b6b9baa,SNE
a407b7bc-0f64-4255-bc2f-1f23e47c5799,EO
ed6b2caa-30e9-40b0-a0a7-14c06457c7d6,SNE
2946c393-5ab8-4ce9-9154-96e972f9d0fc,EO
e4dc86de-e75d-4350-b5af-32b45d4bfe4f,MO
7dfa2854-24e8-4f5a-97d7-93f0fd7858f0,SNE
285436c3-bef0-4f34-9c38-b8938a948a47,MO
1077f0ea-3f25-4413-a00d-59720b88da7b,EO
fcc975f2-2c2e-40bb-b56b-6a026cc81e37,SNE
748e1bda-317b-434c-8821-6fd080baf53f,LY
c507a5b1-575e-4ece-a2a0-5b8afa973fd8,LY
8772a4c3-e691-4a2a-9ac0-82fb32bd1ac8,BA
dfd259c9-0737-46c5-93b3-c429c45bc7f3,EO
eafb3087-fc08-4f57-931d-13120b363147,MY
b24b55d4-0cc6-49d5-831c-392a7d60bd1a,MMY
013aea6a-e717-41ff-99e8-8dc9112a85cb,SNE
c6b44e68-1360-4d7f-8f15-31f87b6a9931,EO
257c2c5d-2cfc-4dba-b061-91800aac941e,SNE
b44df44d-29db-4b32-ae2b-8c5100a4a57c,MMY
0c7d1bd8-5538-404f-872b-cf5ca0bc4455,SNE
e7b46e63-bb92-4d0a-bc4a-9b324a2d1506,LY
81d89139-63e6-445c-a4c3-3f159544057d,MO
65ff8159-1590-41ba-b496-4eb15c867e5d,MY
1f07cd59-9526-4750-b717-f6209b1ce472,EO
c57f8eab-0c65-4ef1-bea0-6ef20b1c3b06,SNE
09b08950-e15f-4b4f-9c89-d885fe8de3c8,EO
2a2b94fe-d7fa-4632-b96a-29ce39de3425,BA
af15ed80-6da4-4971-b323-e7a120d3f3fc,LY
628dd7b3-e70e-47cd-93c7-24ac42033d85,BA
7aa51738-0ee6-497a-abe6-210301d443c1,MO
a5580c34-cc1f-49d5-848a-3cc0c7d023f0,SNE
65327107-aedc-4ac6-a135-f8e9c167c797,MY
9b103e81-14bb-460b-b633-2d318ff187e9,EO
aa4d50df-4bf3-4cc2-a607-20703ac5cf85,SNE
dcf71a49-0b82-49c3-8bf1-eb0bf987b107,VLY
fd2d5090-7ef9-437b-8372-4a73256d7cb7,EO
b50eec15-5daf-43d1-a269-0858eef691a6,MY
db9483df-b074-49ee-9776-d5a096d4eb19,LY
b4973f0d-843c-4677-9baf-684a470d0c4a,EO
74bbe4b7-53f7-428c-8b91-60a9e16eaa51,SNE
0307a6e4-9ddc-47fb-9e62-2d6b9f42d62a,MY
02a95b2d-f074-4942-bd6a-ecba8fd6113d,BA
575d793b-f5b5-40d4-9a10-e12436978cdd,EO
a1c3ef0c-5c4c-4869-8803-de18093ea77f,SNE
01e4f488-3dab-4da5-8996-2e54a31c5496,SNE
a2daaf18-140b-41ba-8401-f381c34b5688,BA
35d3461c-b89f-4554-95d9-d6d33cc5ece7,LY
6fca5e17-465c-462f-a8b9-8bb04dd78d1f,LY
15b95166-374b-4cf9-a29b-ef081ed2082f,SNE
0d08c0d4-6c57-43c1-b8a8-7ce43d4f258e,MO
b7ad3941-7e2e-4a8b-af7a-15ed3b350d5f,BA
d9f9084e-ef22-4736-82f7-441cf7ef6c15,EO
f3a25e9b-a2c3-46c1-94c8-31e640f8bbab,SNE
99fc83a5-4b4f-4c0f-93c0-d3103044139d,SNE
e41b9a88-53ac-4899-aede-fd1977837653,SNE
9201ca88-ab88-45f7-9f55-9aebb268f0de,SNE
5cfb945d-79ab-4464-8360-04ab78d86faa,EO
f667ec31-6b42-426b-9468-476f53b229b9,SNE
9d39a004-6327-4d58-bb52-2097700bb59d,EO
f588a01f-476e-4841-a274-131ac302fde9,SNE
dce8c412-6321-4185-9619-1a2c511a4c52,SNE
ec84f193-194f-4ca4-b64d-7312081a36cf,VLY
37a31c36-33af-413e-affd-2be64c14527f,MY
6f85c742-b5c0-407e-9517-218fc2e94b24,LY
2b38bc16-3d7a-4213-8503-335c52eea049,LY
3a700712-5acd-49b0-ad42-56a021f1d5ad,SNE
70b90712-aa75-4a55-8242-a62e9896fe03,SNE
85b82b9e-ae99-473d-8e12-cbaf0d42e3b3,SNE
7d80669d-d3a3-47c0-9c44-bcfc3d2dfdfd,LY
2937926a-38d7-431b-ba39-6b33528d7ffa,LY
54b0a003-a784-4b7c-9530-358d3aae30d9,BA
606eb03f-3279-4738-95fe-c8bada10a5ba,SNE
4802bb54-9af0-4cab-aa23-870a631d7e51,LY
53f7d630-3614-4b45-8cc7-fa0c91abe256,LY
994e237c-efc8-4d5c-a305-1196b9944b4a,BA
28d768fa-0d56-45bf-b9c8-c10a7746a671,SNE
a94093f4-dfac-4b26-8452-3128a5b38433,SNE
f3514b4b-242c-4877-a811-b9686d05a222,SNE
d8ca378a-24bb-4fdf-9c4b-96e82a25b27f,MO
ba786e3b-38fd-4262-ad5f-a4abe7c31d6d,EO
15a55839-a502-4c1d-ac26-a6e0300e232f,LY
cea15d6e-a254-4473-8b43-340e6604ec03,EO
6bfe3e2b-5caa-462a-96da-87ba51290cf8,LY
59ad8ab5-50d5-4bd8-8cf3-7a011ff875fd,MY
4436a982-4dc4-43ea-ba95-7d430362d2c6,SNE
38ac4b95-792f-403c-94d5-51c26a811bef,LY
9f887239-dad8-41c0-a2f7-3ba2904a57b8,LY
c71858c9-e538-43de-b90d-e60bfbc375f3,MY
dfef7b39-1271-4761-be6b-e84fa3dfe060,SNE
303347e6-4b47-4b7e-bfa6-0adfa0756034,MMY
20af9eff-5e02-407e-ae13-c68fc0f9d5c0,EO
9e3e29fa-f2c4-4dc3-b9f9-bdb16ca1c1c7,VLY
8817c75d-0d08-4c2c-9bc4-18c3c70e8c39,SNE
c7db375e-47d1-45bb-93c6-1542dad67e9a,BA
03730ead-2413-4f26-941a-ddae3806bb85,MMY
b4d2781a-86f3-4911-a3cf-5551cbab0b53,SNE
6925e9d4-1ae8-4b3f-bcc9-ee624ee13b69,SNE
b83f64eb-8abe-4c14-ad09-b39f1adcda5b,MMY
ef991ef5-b9b4-4c0c-971e-6d03f6807769,LY
1e9d80a3-1ca1-4d2e-a177-fe8bbd7021e6,MO
6b3954cd-a474-46ef-9986-ba8276e3339b,LY
5fe4ef35-51a0-4fff-b810-f4abe74f1515,SNE
174d6c04-56fc-4f24-807c-c80c6fc104b3,SNE
f68204f4-8d63-48db-a83b-265552177a24,SNE
7c2bfa8c-da8d-457c-bc46-4551a85e0dd4,EO
c5a3da01-3982-4d51-a04d-95cf751b7ebf,SNE
437457a9-f126-4d37-b619-d99ebcd7c0b5,EO
57041b66-a6a3-4997-a3b9-c5c33948a0cb,SNE
a9fd619a-7da0-44d8-9ee2-b19ed8a996a3,VLY
e8dd61d4-b3f7-4620-98a0-da9f6da7c397,LY
be904743-7816-4a99-9e14-b0a086a7d8fb,SNE
7b108b6e-ce26-4b7a-9bad-96d97b085851,SNE
8f706f99-fec7-4edd-8325-9f97521caf1a,EO
2a863360-f676-409c-93d3-a63019fe3370,SNE
817c9e99-12d9-42a0-8ac8-3a1632df0a42,SNE
2985472c-8098-4217-9baa-af594d118a03,MY
2ae86339-08ac-4030-a639-8a629bd14631,EO
f9ca9b0c-2038-49aa-82ff-21c866762591,EO
eb49dc58-df3f-41a4-94d7-565452d6870b,SNE
9a5f620c-b2c0-4be4-8ea7-30a7b2030a14,SNE
ec1c47b4-ac0f-4960-bdfa-6d29e6b1a11b,SNE
2e650924-5e58-4c25-b6ee-443fe9a3c5fc,SNE
55dc69d9-d64f-47df-bcfc-8fa02d6de888,LY
75576c93-c582-4863-85ec-e60799b78866,LY
21549d20-1d04-4289-a03c-a6f4f1d488c4,EO
8ef779a4-7d91-447c-9f72-83ba8fd2beec,MMY
5534c449-1419-4736-b4fc-08e5aa6ae566,LY
a8c59cb3-ee6b-4089-bcd9-40ddc5ae7dc4,EO
049ff676-1e24-42af-bc6b-3109ce46c0a3,SNE
65f6272d-008d-4c29-a901-2558b7c57196,MMY
ff80a578-7c33-4a90-94f9-7e94c154445c,PMY
00e2a230-3f9e-4898-9d7c-dff75db0944b,SNE
91387b04-9481-4201-b029-1d99c60564e2,MO
9902858d-48b5-44a2-b418-fe719a800faf,LY
7628221d-eeae-4ee2-a92a-c978162545fb,LY
3b7016bf-4b93-431e-822c-310d19805e4c,LY
2797d36c-90ae-456f-9f32-2334159e8a24,EO
0fe94508-78db-4c4c-aef3-fa4e91169c18,MO
417e5627-aa9b-40cb-9745-31cbf964d1a7,SNE
2e076239-ccfa-4e97-acd3-bf7cccde7446,SNE
923b45c2-769a-4f10-a7c2-fdf9e0e0b5e2,MO
865366d5-f35e-40b9-9a02-5df0d9dd74ec,LY
1ac277fe-f28c-474a-ae32-9f2352f88aa6,LY
29c59656-345f-4fc7-b0de-dde601319869,EO
342a47c5-2397-41c6-9794-2ff0349725ba,LY
f650270f-97f8-4d3e-ba2c-7e6abc3a0db1,MMY
5ca25c92-96fd-4803-be9a-46df51f2801b,LY
42ffd995-0ee5-4132-a46d-711509fddb0e,MMY
c6f3ac03-53e3-4b5b-9751-1080f6ba4eb0,BA
3fb9b529-6bac-42a4-a633-17d3cbfb6e2e,LY
20e3feb5-849d-41ba-bf3e-aac26e56c1ad,EO
74285b46-496e-4f33-b9d8-1e485b9536fb,EO
28db8200-d45e-4712-a2df-504b13979ba8,SNE
ddebee72-2902-4b88-96e4-9b3869d8fbb0,SNE
7041b026-80c5-4943-9ef0-c9e6b1be45e6,LY
50cd6a46-8a4c-41c5-b135-20a43764a92d,LY
bc3927e8-28eb-4e5f-8581-6d2e5bbfcc59,BA
e64f782c-2ae7-49c8-be38-875f275208a4,SNE
8d5c6750-92c4-4424-99b5-8809e7faa16b,SNE
0e7e4fd8-61d0-479e-825a-e12c3b4f94df,SNE
5c289066-83d6-4f5a-9823-d087e36a2750,SNE
7634ee59-c488-441b-806c-342cc558bf01,MO
05680601-899e-4c81-902f-e11d4d699bb7,LY
c022e1f1-3542-41fb-984f-96be222e10d5,SNE
2deb835b-996c-4d00-8c6e-54c1f5cca051,BA
85df740e-a357-4b4e-9432-0f37252a9bfd,SNE
18f3135c-2d8a-4ce2-8f73-79cc4a778660,MO
ce667f17-e361-499d-b959-50a0769070b6,LY
287fe8bf-b09f-4923-9394-20998b0d1a89,SNE
b0902262-329e-43e2-8eaf-91de44979123,BA
2d969588-e2fe-4bc9-a6f7-a021fba3c895,EO
32afb6d3-f991-45d0-ba46-7fa895fe43ce,EO
d238a434-c18c-4f68-943d-7edf03ca7085,EO
04d48c37-2dae-4fcd-87ca-aefff949369e,SNE
9e5e5cf1-e67a-482f-81cc-edc64afd4a7d,SNE
8d790295-84bf-43fd-9486-8ed2cd8b156f,MY
f344a33a-430a-4349-b0ec-617b867daf80,VLY
59bfd3fd-9ac8-471d-bdfc-0dd9be1c6c20,SNE
05a72cfd-ddea-4a6c-b999-2a14a295cb1d,EO
9c878b6c-635a-4ffe-af81-13c25630ec1d,LY
5da4d426-c2fd-4a20-b49f-2d046f99aad0,BA
44cce0ea-b12e-4299-9e4a-711152f9451d,BA
7f6b01d9-0aae-40f5-9165-5190b235125e,SNE
cc590af4-2794-4323-b925-aa760da4a1c6,SNE
53633170-f5ae-4320-b749-dcb046d288f8,SNE
c333473a-5281-4075-bd75-a01af5c098b9,EO
13d899e8-9ac5-41a8-88bc-0ca9362a637d,LY
d3757898-b649-482f-8136-ae273f2e9833,MO
9f96959c-ed1b-45aa-b9c7-0d867f6b06c6,MMY
4c18ad49-8014-49aa-bacd-63a4e113a518,MY
5cf41453-619c-407e-a1f6-ee2f6c1b00b1,SNE
615a4ed4-748e-4079-ac73-53acbd560c89,MMY
a74889a2-75f7-449d-8000-09e2faa57497,SNE
6b0321ad-bf57-48a3-9a87-67fc4438c1b3,LY
c6ef0eb1-795b-41c9-9067-a168ebe4c562,EO
6faf6462-7f5c-4d92-b531-0e7e1e282b10,LY
48345f44-2e58-42aa-a205-a5728d6b92cb,SNE
c8346e49-7470-4a1a-9293-bde648d73af1,SNE
37b97170-b5aa-45e5-b080-21b81c95deea,EO
8278420d-4b01-4096-bd31-f35b8a1dd8bc,LY
219926ac-69da-4b28-9948-e2dfb4e789aa,SNE
826eecb7-e740-407e-84a8-192d42e9f25d,BA
5def22a2-46db-4ba4-83a4-4205a50ada08,EO
c832e22b-521d-41f3-8a8c-f1aa4b28bda9,EO
b2f7de78-665d-4f00-a296-c309157f5bb5,SNE
d120b234-07a5-419d-92b7-abd231341663,LY
af676d5e-23f3-4d2f-b9ec-cbf702d60cbd,MY
7f6b22f6-7806-43c6-a787-e2792ccbb6e1,SNE
d9f7deb5-d103-438a-ac9d-bbe985c9ae47,SNE
da3ad7e7-e258-4be2-a4e9-80bce1b746c9,EO
2ce0bd43-a8d6-4d80-8e12-f89a5e4218eb,EO
06edd71f-c1fb-4d23-867e-c82d88589073,MO
e9736ca9-7305-4e6a-97b9-a028b38bb3f6,EO
573e1f3c-1777-4920-bfea-133515d57cfb,EO
2e25f49a-8905-4403-8672-63e12be2d757,SNE
a1a64b8c-a124-49d4-a0d8-d176a83be487,EO
eb0fab2b-6b63-40bd-a559-6350cacc400d,SNE
a9f8c3ba-3ae8-4df3-8840-b856be56b4b7,SNE
728c29bd-d5bb-43d4-9e7c-bccc77a11737,LY
3fd20082-0f40-4b8b-bb97-37208f1cefbf,SNE
d6d6b5f9-19ca-4fcf-bcab-91f6bef193e4,LY
b5fa3a66-7b3d-4a72-8375-8990cef0b92a,SNE
cdb73bdf-1be3-462f-a857-927cd56ed7dc,BA
282f7729-608a-4967-bceb-8d435483fb33,SNE
cd63f269-5ba7-4b10-9365-e0516195f942,MO
c41029ea-948e-4fee-ba8d-12648034cc81,SNE
944ae9cc-6a93-44c5-b179-445c938cfc56,SNE
09483517-97e7-4fc6-b339-a3fc75702041,MY
f5c3078b-82d6-4a32-a7e1-8b7832f7a7a8,MO
74c2a919-04fb-413a-83b1-4d5a82bd933b,MO
ece65912-307b-4450-b17f-6cc307c7e907,LY
0ac089d8-5647-4e39-8aaf-85ed6a359f7b,EO
b92ec0f1-ead9-4ec0-878b-7c8b60422128,EO
55c8f7d1-349c-402e-81bc-1bd5bd477538,SNE
5426eece-e6e5-4178-ab98-7a52f9ce7273,SNE
9bd3ff88-03e5-464c-8681-7238b11876d0,SNE
f20c6689-b7bb-44af-a3a2-cff9c15fdb48,LY
0b6ffb0e-5f9f-4ed7-add6-5290418bf097,SNE
aa4b23e6-ed69-4801-99ed-55c841ae2893,LY
01014de4-303f-4886-9c3d-20f466cc6149,LY
2a1fbee4-bf11-4808-9b46-d5d033b59729,MO
e1277b8b-346b-4d83-814e-3c8918e0db57,SNE
ce5e29d6-8da5-475b-bb70-425b3f4f952f,LY
e0273bca-a0bf-49c2-a6f7-9f94edb5a3ce,SNE
1fe0db0f-eef6-4bb2-b56c-1aa91a76c0c8,SNE
4b7b6398-fd45-463b-a43c-7ee8e15dae97,EO
86ae1ad3-8b8d-4f5a-9537-29f22b0b8523,MMY
c9f3a761-ab89-4983-9aa1-5699c233a0af,BA
c78cc833-112b-4efb-b36b-a324b3483cf3,SNE
9e048ff2-8232-4dae-90f9-b4c5e1fe672b,SNE
62492332-73e3-41e9-b99a-eedf2d120f9a,MO
2022ecf5-9944-4215-be48-7f80988e76d4,SNE
4af16a42-fc21-44d1-ab01-0e3a5139d16f,LY
f9b23de2-0ca1-44bb-ba6b-23e28c66f66d,MO
9be5a530-bb3b-40e0-a11c-6735a5be3617,LY
2f7fefe3-616e-4ca1-91c5-0f041ca4960f,MY
f5970259-d172-411a-a3ea-acf8bb0ae9a6,MMY
8bd26da1-0141-49e5-93e4-279556c87619,EO
a80305d4-2142-4b77-9839-c0059de50f12,MY
6bc81cc8-93ab-4bd6-8a97-cb029034bbc0,MY
fd057477-83e8-44b1-80c2-411e62adc4d8,BA
3c939ac9-c774-4e54-b425-01a0476e37c3,EO
eacbd405-fbae-4aa1-8587-450e36734bf3,VLY
0bedee3e-d3f7-4c2c-a4be-38cfb0bab899,EO
26db6ad8-ec11-40f2-ac2f-4dfeee2d4287,SNE
a09e1f7e-9c97-4332-88d0-0474abe057b1,LY
999b7c89-5036-4ef5-b14e-595bd8dcbc9f,EO
550f89ac-6d73-4127-b75f-0e99c1ce4c20,BA
ec229504-1c79-4006-aa72-c1b83683d322,LY
f155c21a-83d4-4918-8250-bc00e852d415,LY
467cae6f-5ea6-4b83-a32c-0ba944ce97e9,EO
9af36055-f3db-4589-9f30-06b076fb0538,SNE
94f5f600-46e7-4fd3-b4e5-9f07b0b5a229,MY
6f97a594-33a8-4cb6-b397-cc1e96de2d33,MO
32315a90-9191-4cd2-914b-27213acc6e9c,SNE
757ec9cb-d827-4b56-b52e-169032d9caab,SNE
01282e6a-da34-4ec3-9668-66cc7f9c04da,SNE
b194c43a-fcf7-49f5-ba30-06c0573b576a,LY
3b8b9276-cb5a-49df-9a56-9ba73ddce6fa,SNE
6678719a-d88f-4157-866b-0ef050b39131,EO
1f47ac58-f351-411e-ac06-7eb9149e6ef3,MY
e1bd009d-ccaa-45fe-b8bb-0b5e58c8ee82,SNE
de8f4b7d-78d0-4f81-b74a-44b6cba945ba,LY
ac9b73ca-1746-4a8b-bbb4-3b39d1fb3484,SNE
936f6692-e6cd-426b-bc2d-b9e8266dc85a,EO
e64b8b10-ba5a-4171-b074-36d0bcc2fc6f,SNE
9e630a28-c3bf-4720-8d49-c00ad493a21e,BA
cd817237-1610-4867-80bf-25c774a49468,LY
30a2b2ce-caa4-46af-b14d-596a3d0e38ed,SNE
68f2b3c9-354a-46c2-af5e-a977ee78672c,SNE
898dfd63-e4c2-4c05-b9d4-1abca7241292,BA
d6594473-257e-459e-9f06-8de4a3df798b,LY
658c01d1-5ea9-4fd0-a7b6-132f972d9c13,SNE
7e0f5265-b635-4a32-8283-d6e0eff37d4e,LY
8f5d36b3-ae82-4853-ad59-ae95f154baaf,SNE
5c776c6c-38a3-4ee0-850d-1458e4abe8a6,MO
365ec2a8-46fb-4f61-a114-6df5ba2d2af3,EO
3549186d-3817-4a18-8f4f-169296b1d812,SNE
399dafa9-db7d-4730-8839-f483db93e3fd,LY
4414df54-0b48-42fc-a334-ddb4972ee3ca,LY
f1f853a1-fc8c-41e1-b7be-658e06034885,LY
f6679a31-4d4d-4dff-a489-0d103adece87,LY
210140a6-3f69-4d1f-bb7a-8caafa22a448,BA
2bafb5a6-d965-4695-94d6-01ac5439bf55,MY
d425f0c9-0226-47ca-bd0e-f8595300f537,SNE
2f12e54e-b5f3-432c-ac53-4b1a72409f6a,SNE
d0d939e6-41ae-4927-9c3f-3b8e873c9996,EO
6a57ad3a-3ab3-4366-9754-a027ac880635,SNE
bdeb50c5-af30-4b5f-bd00-b8cdd88d68f7,BA
7bae0f86-c0a1-4948-b29b-a0cc312e6d99,LY
3d3e6078-7ce3-49cf-9c34-d6f901faea11,SNE
b43274dd-5cc6-4c03-bc36-59a17d7e5fb0,SNE
8c126079-76b6-453d-b901-07525e0ae475,SNE
771c9a28-8fc0-461a-ad12-17316926dbe4,SNE
9f0b613a-c9d7-44f7-af1d-ea01687fa60c,EO
35146389-f0c5-486b-8ed5-7eb1090db7d5,SNE
e6a7df6a-c2d6-4172-a818-22767b7031ce,LY
565b3cbf-cbf9-403b-bb12-cedde9c4b38f,SNE
f5e4ef40-d0ff-43ad-b6e7-77911142cfbd,SNE
b5533c56-2bd6-476f-b8f8-08188f2583a7,SNE
27169a3c-ecfa-4e92-b008-45a3b2a6cd63,SNE
c3c6328c-03e1-4357-83cc-a7e7d96e17c2,SNE
0f354c03-bd29-41f5-b03d-56521dae4e7a,EO
c755d33d-eaed-494b-ba8c-e49469b78335,BA
d0bf7534-6552-4438-a1e0-bada1a75736d,SNE
4836d177-f43d-4713-b29d-58f832b7dac0,BA
8d0ab466-8058-4552-91e2-0ec444b46b3d,EO
58b28325-bc05-41a5-87b8-9fc4e901e15b,MY
9a3830d7-c4a4-421c-b1dd-26aaf157346c,BA
97859936-63ae-45cd-95b2-be78544667d7,SNE
74f4c8f9-ac5d-42f5-94ad-7957aa5f89cc,LY
43790b8c-1f43-4d10-beca-562facd99d67,MMY
610800b1-89fb-4cd4-9cd7-064c0c36890d,BA
d447d5a8-32ca-4e3f-b22a-3f28338b2bfc,MO
d478207e-79a1-4919-a88c-d9550dc99142,LY
3883c5d3-a0ed-4787-a364-745a1f774d11,SNE
bf9fc6e2-8cab-472c-94f4-bc5f3130608d,BNE
5da77017-d6f2-4be4-afae-403b4b1d3e30,MO
4252c659-8d3c-4582-9baa-e512acc67396,SNE
3c158448-6167-4063-bf9a-f6ed6d6f49e8,LY
ca8bb0e6-f2f6-429f-8395-ea7dec91f667,EO
9237b69b-4c55-4de8-abc2-395074101708,LY
f2729fb6-5251-48c8-a0ca-6b672392877d,EO
13a30017-e424-4f5f-a836-8f9deaf578c0,MO
85671ea5-9ba5-4517-a047-ac5ca945ba69,EO
4162ea70-446e-42f6-9dd4-1624b745740c,LY
7357a0ff-3b91-4dcf-bb9b-2078fe8d51b0,EO
20c3f555-fcfd-4728-b208-c50b62c46b6f,EO
28ae09fe-247a-4901-b82f-e45a0e3a37f3,SNE
cffc82c2-998e-4522-a540-1ae90cdb4b92,SNE
3b4f77f1-005d-40f1-b142-473d9879003c,VLY
0752365d-22ef-4025-be68-fffc53e7891e,MO
7f2b9ff5-3bfc-4be1-8d22-812cc4be10f7,SNE
45e0eb8c-29b6-49c4-a3db-2d30f8e98704,MMY
220484d5-be8f-4733-8f64-44462377d117,SNE
043e01ba-8f2e-4480-88ae-ffbaae3ece89,LY
04d3af84-5dbe-45c9-8680-04b240bf0c6d,EO
7965b4ea-c92d-466d-bbf6-efad20ebb2c1,SNE
452cea90-e25f-4137-8725-afd17278289a,LY
b499e8e9-167f-42b0-87a3-b049457352c6,SNE
adb5e447-db87-4838-b3c2-1926878bfb57,MO
0d8bf68a-ee33-499f-ad76-6f96b0300bce,MO
9fec7f90-7e3c-4895-b0a7-819f8d20f1f1,SNE
7696cda5-2512-4a46-a6ff-2f5cd9162f30,LY
d64a8712-84b2-4087-8823-b369bb96a796,SNE
a66dbf6b-358c-474c-907b-192bf71f6f16,EO
46dd9f98-f248-4d23-94c4-ef8215a24929,BA
4a75d3f4-cc9c-455c-814f-9bcbf7046c0a,EO
c69470cc-6827-453a-a7a3-1d3dd54707f9,SNE
efa1f723-fa06-4409-b897-aefed196da46,EO
c57221de-fba7-4744-af71-5d2c0a283a55,SNE
459244f6-381c-449a-9235-aafe5ad99ef3,SNE
f57dc2da-ae3f-427a-8767-7eb8e1a6b8a1,MO
625ab116-c23e-49bc-84ad-89f86deae99c,LY
62538275-7a43-4eb9-929b-8449f88030ca,SNE
3c91f83b-c2d2-46b3-852c-37f5bfbf2d3b,SNE
a25343b1-8cbb-4ef1-9710-680a98c5d50d,LY
ec5b2d5d-b459-4be7-a8a5-0b47572d9125,SNE
d7ed1f02-fdef-4a7f-86c0-2f36330d862e,BA
8284b5cd-20b4-40ae-b0b0-dd0993127b51,SNE
cba89b1e-4de1-4f6e-a466-5bc955d37a1e,SNE
3d1b79c5-2bae-478c-8e87-54be27b7509c,BA
23e1bed2-d822-410a-954f-d5784eeadb89,EO
9fa80a2e-f80b-4d5d-bbc0-f85e975884ec,SNE
3c242cb5-51ed-4ae7-9136-1efb196baaec,EO
665ea23f-135f-4e76-b438-66b5b49bac3e,EO
317934d3-029a-45b6-900f-d2ccf9742430,BA
22a6e782-6265-4375-91a0-365912ed8258,LY
53184fa8-18c3-421b-b390-e52d34ae3e18,SNE
4d85a7f1-299c-443f-a4c7-9abec9e384ea,SNE
ed87e0af-c66a-4138-974b-79a1b9513956,SNE
1ce0cb05-c916-4260-b4a1-7b5797431d57,SNE
062d036f-1410-4a30-965a-378338ac1a18,MY
f19f7ed4-4552-469e-9287-b58f8993331b,MO
3a7ee99e-5b90-400f-8c93-703ea85ef79d,BA
5dc5d787-697f-4ea5-b98e-827a89779314,BA
5a8d707a-02e4-4d25-ba64-a1f489d2d82f,EO
0adb8220-8c6e-4286-9449-dcacdd128de9,SNE
323e2480-722a-4a64-9784-9ea178fce49b,SNE
0f386c60-5f24-477b-902e-84b94301b2d8,EO
1c24b11d-1c13-4824-a873-537d8653794f,EO
4062b4d2-9d7e-4913-a8a0-05abcaa6c922,SNE
acb16d5b-1f12-4771-b93a-e08d6602ef2e,SNE
62c7fd6d-a8d6-4101-b7cb-7ee178a1e7b3,EO
27f79da4-9a43-4eb9-b247-2a613ae742e3,MO
03dcf25f-40a7-49f1-a79e-5b21e5ecae63,BA
e15f0067-a71d-4f43-8b01-b147220e918a,SNE
bf83afb3-7135-45da-a2b1-de2cf2831ada,BA
43f157e9-27bd-4fc7-a65f-371e728b555f,SNE
f3425e05-939e-426a-b64b-e0ca7860298d,EO
b986b7eb-c26f-4ac2-b7a5-1f751710dbc2,EO
7a295a96-47a2-4a6e-99c9-448b39af370b,SNE
5d61c8b4-82c5-4346-be25-64729850d435,EO
fdf23c9b-d6d0-462b-a5de-11c37647a316,SNE
585d9144-948f-4eb4-ac74-27d5a610cf77,LY
7a61957f-7f89-4a5f-8726-02e6e9721316,MO
44763d9a-f4e7-4488-99ac-c7f81cf96741,LY
48c58bbc-19f3-4f91-975d-1a7e106bbc9b,LY
0a70dcf0-8396-4d8d-9ca0-a3dc422da6d8,LY
13a5452f-de8c-4221-ba4e-9a6eea45fe36,SNE
e196eec7-a9bb-4beb-a50d-fc99a73735d8,SNE
429bb67b-7255-4a5d-bcb9-31ec71d467b4,MMY
bac1a8d7-10de-4455-8550-eaa652e00130,BA
0fa6bdaa-105e-4454-9dee-33591cc04ce0,BA
c295ad3e-cb79-4e84-92f2-d788067769f1,EO
1f6cd77d-029a-45bc-9489-5640e833e52a,BA
c807bf05-3f36-4c6b-8243-c634b50ba929,SNE
7f9123e6-b100-4905-9128-ff12a704397e,EO
5e9d0444-c58b-4445-a26c-aa9637c0789f,SNE
b7a715c4-d152-49b2-93e5-e70d69828975,SNE
194660c1-3865-4d69-9e38-0a7d74d4e596,MY
85fae15f-21a7-411e-82d3-3d7019d55799,MY
41e1a3ad-1b50-4a35-8083-c2292d0c9a5d,LY
72ac3301-0e43-4b68-bf57-0184899782b7,MMY
c098d2b2-b641-4ed8-ba6d-3ebc8ff14869,BA
b5c1f9b2-fbb9-45d6-b05c-ad440dee30aa,LY
686fd329-f12b-4a92-8319-12e35e2b54e5,SNE
d93192be-c92c-48a9-94d3-267a8de1fb41,MY
de25013a-bb27-4fea-9a38-6bcf9f058b13,SNE
98065b83-57e0-4059-91f4-34e9fca94210,MO
34e5a8bd-be6d-48b5-8616-245522699b4f,LY
67b6278b-4e23-40ac-b467-035d10f6cf4b,SNE
d179537e-1fc5-4029-8f65-23dcbdc2388c,SNE
b9288716-813c-43da-aac2-16b2cd6366ee,LY
7e08f94b-81cd-4de9-8a76-ab4758a7ad4b,EO
c707d41b-bc94-4efa-990f-3445bf1d31ae,LY
7626f942-4567-4d3a-9e7a-56b4d2944fca,LY
6352fa26-ca48-40c7-a8cb-0b8919ca8418,SNE
40e0432d-cb8e-4873-8c29-db81759643f3,BA
b0fab889-22fe-414d-8ead-ef10d09e531c,LY
05d19134-4c6c-4cea-89fd-3597152b6660,MY
011e89b3-bdc9-4e7e-a2d6-b9730a1427b0,LY
16a2eacd-542f-4fdc-9600-c44270d91423,SNE
2afc17f3-7d12-4d91-8bb2-768f36b3c095,EO
776c2025-4b38-4b7f-8e03-4e9d6cf005d1,BA
b5ec91eb-f340-42c7-8c1d-473bc5c2cbe9,BA
48775d07-f1fd-4aac-8d11-643d6982fc59,PMY
0408f5d3-8893-4df7-bc13-d706a0646730,LY
9c808be9-b5cb-4469-8450-9e8f4e701fa9,EO
a1fcc37c-10e1-462d-8708-1445fe63fde0,SNE
5864c3a8-7233-4085-b2b1-074a436ac083,SNE
cd7a24f0-ce90-41ec-8736-cf0721526021,SNE
70f955ca-206c-438d-b42d-c6474b0209db,EO
5473ed5f-7d19-43a5-8e36-63828f5c2f65,EO
ba073120-947b-44c5-aa93-b379f1894fcd,EO
cf349be8-3cfc-4fe0-912a-31b5a62e783e,EO
7cf08557-210b-4934-9622-045cf84d3faa,SNE
aff4b220-f75c-4138-9181-6e5d83a5dc1a,BA
3e896b09-3917-4f0d-9b3e-38df94c7ca70,SNE
c260a895-1e7a-48a7-b6d5-5887b6fc1ec7,SNE
0b5da2bd-1fb2-4cdd-adcd-72ee55515455,LY
45ab5e59-bd63-42d0-8a9a-1890d33b3392,MY
29847c7e-5109-40bf-bf16-5a08b68ca19e,MY
52c3f91e-bd9b-4869-ab6b-f1e007639c03,MO
61074f62-cea1-467f-ac52-940cc8f0fbb2,LY
8b335594-9a4a-453b-b6bb-d04fab1568b5,SNE
73072a4b-ee96-4f46-b707-45be62cebc73,MO
051e526a-5549-4f7e-af1a-8e434a81f0a1,SNE
ceb3a5e7-4897-42d4-9fce-72c7825728eb,EO
41c67744-a3ce-4e23-8934-33ee74f5bce9,LY
c43c5d99-f725-4b38-8af1-6ccbff1c3edd,EO
e0555099-286b-4088-8140-7ed0ccbe79b2,LY
576f72eb-b7b4-4574-b55f-e0e539dc75ef,EO
2765dfaa-a358-421f-b1be-bb90fd5bc4c0,MO
95bdd9bc-811d-49e3-b7de-ba05a5c607fb,SNE
b47b7ad2-638e-4d35-97c4-b3d46e8f1341,EO
b17b5da8-0b81-4b6e-805f-8989b7d00799,LY
07e015a4-3d50-4a3e-a7e7-12dba67c2935,EO
531057f3-6210-4048-b615-cc2231f53da8,SNE
7f518f37-7251-4dae-b1dd-25aaab1592e3,LY
fddb7f32-d359-4134-a1bd-2aff3d6c6601,LY
60f5210a-fd66-4a6d-8430-eedbbc59280c,BA
8e206f7a-2e48-49a6-8a8f-953bd656b326,BA
0d46a23a-71b5-4c72-91ce-ae690b4ba66c,EO
4a9e7bbf-f4fe-4583-bdbf-cca6d677aaf0,EO
856dec77-a769-447e-8dd6-2c0356658616,SNE
1af4aaad-ae9a-4fc0-b416-dbc083895aa2,EO
6685292e-16d9-4642-9f33-8f58438fa5ad,BA
57e6f0f6-ec2a-4ca8-a735-eef3be7cf02a,SNE
1f205477-33c1-4842-a4ae-958e85daa70d,EO
dbd0987a-6255-4c9b-892a-c28ef5132f1f,SNE
aa7fea23-668b-4923-b10d-a9a75cf60564,MY
2e2b469c-aff2-49f3-966c-35443933104e,EO
f01cce79-2a73-4db7-8cd0-3e363d59604b,BA
0c3429ba-5f96-4852-b812-dcdf3a377b28,SNE
1204f82c-5e6c-4597-89f1-eaa47655f01a,SNE
8040a2ec-aad1-449d-a0a7-ef5b1f52714b,MY
00b9347c-c4da-4283-8299-0a94823a3178,EO
616f3b9e-66bc-479c-8c4c-cfda392aa07d,SNE
c1380a37-0743-44b5-8861-fe6722594c4c,LY
827ff854-7828-4372-ae18-a1a121462c04,LY
c4a9460c-9608-4d82-b20f-128aa40d7436,SNE
7ff4c714-1238-4245-8680-e2174e1802fe,SNE
4b6ed2c4-8b28-4f56-89fb-3f1fe8aba26e,SNE
c6c5c370-7e3a-4a1a-bb26-38cfa4876cf5,SNE
f27e2fa7-5649-4277-b2d3-167a1c16eede,EO
b0b5e3dc-a598-44b0-90aa-672c80e775c7,BA
a3e19aa1-1a9f-4fcf-b88a-cc344e8ddb1c,BA
1e0ed7f9-9dfa-4f9e-a878-2bf2702a3957,SNE
904dbcb1-641a-4925-a273-265445aff71d,SNE
dc38a54b-667a-465e-9a6d-031de5aa76a8,SNE
0a8e6473-2c97-4273-859b-8381d2e1bcda,SNE
f8de8d85-84c3-41cd-8279-451c151e37e6,SNE
4bb67d81-4901-4c17-b7ef-24d1e3258272,SNE
f6ef08dd-d152-4d7e-8dcc-999f7ffd1d48,SNE
25603fbf-e75c-4f01-b41d-0368a27552c0,LY
d841262a-a2f2-402d-857e-8f26a542705a,SNE
3dcaa348-2a68-4ea7-85a7-3f189e7b07e8,MMY
0fc0617b-84b6-48dd-bb2f-ef18fa305fad,SNE
01f71919-91b0-4c47-907a-19d14e3b4d8b,LY
92411076-fcb4-4158-b34f-27033bf841e0,LY
d17249e5-775f-48ad-b2eb-2c3d5181d1a5,SNE
4d6f5600-bb76-4793-99b3-fbd6cbc9d821,BA
0bbbc95d-18d2-4407-a6e6-a9776e6e9e8d,EO
01d90986-5827-4130-982d-5d7ed55cb1f0,LY
63645355-f01e-4e1f-9c6f-f8773aaa6eef,MO
3b05e215-6025-439e-b052-d1158cd8cdfe,EO
a2243cb3-c157-472d-a0bb-0a93ef481f84,SNE
7a3c3b0d-b6a8-41ca-9ec5-edd07f82d257,BA
61a91f74-43f1-4b44-b39a-45b6ba580c70,SNE
333f6a96-64c0-4371-b52d-84f6505d13b5,SNE
6b6b425a-e594-4799-94fc-6e71111fd28b,EO
b64dd716-cebe-4f0b-a9f8-15f87f6373f3,SNE
c6c3a448-38d6-4133-971a-fb61f761a6be,EO
d88d74a8-b102-40b8-bb02-6c189123b70b,MO
85cf2b80-3beb-48d9-9d74-79a2597be1c2,BA
a650b803-10d2-4bed-b021-a951f9e40629,EO
f4095bd5-4c54-47eb-a394-e8dc37e38ad9,SNE
f25b1c9a-86c2-48bc-bf58-fcd35a40d053,EO
381fbc6c-9630-40a0-a3e6-c43d3c54b1b7,MY
cb8b3b0e-3286-4ef4-a70a-ede47e89e948,LY
a1948a69-260b-429c-8b94-166d4258f763,SNE
84b751c1-8b57-4f4a-b554-7f98d6856cb9,EO
919ad736-34ab-422f-9425-916eedaf539f,BA
d251bd11-7d56-4f29-80e0-165ea7058c26,SNE
3cf12c91-ddb5-490d-860a-dee98e4f344d,MO
c5dc07b3-e369-4c49-9d15-10339abb3378,BA
0d8ad20c-fa0a-45a6-9ed9-1d834ec04c29,SNE
b00928b5-a732-410c-a28e-c150831a9c28,SNE
7df3f165-efcb-4f37-9949-c075e0e62a5d,MO
88f172eb-a993-4216-95d5-a450360b509c,LY
6a296e7d-d271-43d9-a34c-df6e02623d9e,EO
4e697577-258a-4f1b-8f84-4c8edc0306ef,MO
b6f06059-9699-444d-9bf9-fba2d41b9368,SNE
edf634f8-3324-4501-9124-7a1214ffc9c0,SNE
74b18a4f-472d-42f0-b706-800dc9662d6b,SNE
574dbf6d-1f4c-4a59-b48a-b789ff24bed5,LY
9c1ddd5e-8a7e-4fa8-ae96-cec43618b118,EO
1c64112e-475c-4960-a3c7-eb7085392e45,SNE
f23e76be-f15d-4479-bf50-90084f111544,LY
14dac541-593d-454b-ba16-b45b0993e2b7,LY
88b1cbfb-6e11-4456-b3d8-2df3807f6dbc,EO
be082b05-6c6c-4c27-abe8-3cda11760e0a,MO
d172e592-7538-4f54-9497-9ba9a62f1f06,MO
220be9bc-3870-48db-aec9-243851c4976e,SNE
c5d82b84-2ea2-4453-8fc4-d4d21926dc76,SNE
00a06e65-dd3c-44f7-b3bd-e8be6f93cdb7,SNE
d475dcb1-6afc-4012-a73c-c23c9f6847d3,LY
5de6d359-64f6-40c3-a82d-b300325ce28f,SNE
3da78604-7432-4580-80a5-341aa03d93ee,SNE
ddd1336f-b987-4024-894d-70dac6c2d12d,SNE
e8852c61-3ee4-4a70-9782-597ab22a9527,EO
151cab5c-a3a6-4b38-9ca9-82f090def203,LY
351af62e-943e-41dc-9abe-76e154d7b5ab,LY
9a461971-b8f1-4fde-9de9-cb6e18233cda,LY
056956c1-e552-46b7-be13-6a814e8ef37c,EO
146b9870-413a-4dfb-8e51-0827bbb18bb4,EO
263064fb-052a-4761-bc19-c899e3f1df4a,BA
2e729f46-3165-48a0-ac6a-46c85cf34d1d,BA
426147ad-2e05-4af4-84e1-30fbcce2d23b,SNE
c1d716ec-4c77-452d-aa93-180c93ca904e,BA
a2be7308-4e2f-4643-890f-af338a090d16,SNE
a1eddd23-97cb-4f3f-a492-494eaed77ad6,LY
b27eef35-8809-4746-bfae-d654c8422b10,MY
43356e61-5393-49d9-8eb3-9b14100b1f91,LY
4ddbd3ed-f0ff-488d-af7d-194645fc82a0,LY
6f30afb4-5bb0-4dae-a7fa-b806c92479a9,LY
88ba3e4c-04f7-4285-8bb0-210d58b8cb1a,LY
f9b72e14-e2da-4083-9077-888cc216c8c9,MO
de933e30-d25a-4e92-bd07-c3c529e94f74,SNE
60df45f6-fee6-414f-9d9b-f76771ff2864,SNE
d975c90f-b183-43ac-ab23-4744f793079e,SNE
1371894c-762c-47c0-8a4f-b7225c0fe6a9,SNE
a079ae78-ec41-4e00-9869-27e57dd22120,SNE
9def0bd4-9a44-499b-9f31-f7cc3f01528d,MO
a3cd605a-0bc1-413f-be01-c8f1227eaabc,MY
ac73d952-d787-4c1e-8704-129d68f1a20e,EO
97ba8a6e-910f-4c88-9b58-e46cafe77b99,SNE
e49ef79f-b2e2-40ac-b75e-e7ced0aedf49,LY
7e6e84a0-3621-4667-b4d8-a55ec8559af6,SNE
a38b65bb-571e-4266-a31c-557340fb557d,EO
654da0c4-91ac-45c3-b433-303738ca07e8,SNE
8d57d971-6148-408f-8000-8b4579e16c28,SNE
5358163b-4dd0-4be2-8492-91692fdb82cc,SNE
c46a1745-1eff-4f13-915d-0aaf442ecefb,LY
740fab71-01e8-4793-aae6-3fde8ae6320b,SNE
d051dd7d-bf9e-473d-9e3e-aac743ff92fb,SNE
a870a5b7-1cb5-4c5a-b2c5-9b611ad1b805,MO
32777aa5-f2a8-4f10-ab3f-6ed547f1b4c2,EO
fde4c00a-fc8a-4298-9a7c-0770dcb4a861,EO
f5436311-d764-48be-993e-f3dcf423b3bc,SNE
eae5a614-5af1-4d2e-b6eb-a8d3e999ab9e,MO
ccf99928-c46f-455b-b3be-b0423e054272,SNE
a1294345-cce3-4c5f-9e6b-ba9a471070a4,MY
20b5842d-4199-47a7-a622-8092430d3ab7,EO
92b54752-07c2-48d1-a2ca-4277c1e93d53,LY
e551d6a5-69bb-4613-b395-42e8c90785f7,EO
2c72d924-8aaf-4fd8-abb8-5de1b000a733,EO
3c9a255d-c2f9-42f6-8e39-05546fda557e,EO
e15c1ac6-8c6c-48ca-9514-792699502361,LY
94046f78-f5db-43d1-bfdc-6c7ed1cf61c0,SNE
3f9c8c62-76ab-41d0-9fd3-4ee981407a1a,EO
f186c87a-fbe6-4096-8a35-2072cd860ca7,LY
57fd1720-09f7-4c64-a681-28c5a7d08abb,EO
d1fc21d1-4111-4cfd-af7f-cc1ca129b1f6,LY
718cd3fd-6e10-4056-8252-1bddcd4c7ad8,LY
5ea1cade-a6c9-4649-9413-1f490e4af5dd,SNE
3a041168-c369-4024-91d0-22c3eeec8fab,MMY
14c43462-04d4-42ac-aa56-e35a7a75a792,EO
6dd3c6de-b593-49b2-a95a-39ffb5e90ff6,BA
472bed57-3d39-4465-b50e-b25d33c8e970,LY
a1247168-b9ad-49e9-8c15-09b00e133bd3,MY
b6b81d68-e95e-45f9-b168-203dc1365d2a,SNE
8c285822-6f96-4055-a64f-3edc53b342eb,EO
6838beb3-62b4-467c-a983-c256d6ea11e4,MY
f3fa365a-3149-4036-84a3-93b3aa00e38a,SNE
cfe6c002-b1d2-4315-a9fc-ed68048b032d,EO
28924d80-42cc-4b1d-9cbb-efb0d49820f6,MY
6a3764da-d606-452e-baf9-7e0773eaabc1,LY
443ddf9f-3c9a-435a-9f6c-c0dcf7ced7d2,SNE
e641fe81-7c65-4603-b3be-806e270a1b13,BA
d03c9abc-741a-4406-a2a3-0808ede8fc63,SNE
eb56c91d-1761-4af3-b5cf-2e656d6115a7,SNE
8061ad75-b555-446d-9960-527af45c030d,EO
2eb73494-d25c-4b8c-bed0-4d4af088c75b,SNE
7b33293e-0668-4efe-89f2-bbe8ef762277,BA
d7188026-82fb-4c61-bc7e-e5fc91300078,MY
f78a540b-5cb2-4246-a5c4-8aa3cf3773a9,BA
c77047c6-cfdd-46c9-a211-34f5b066e426,EO
bc9b8b09-0e60-402d-ac25-1132c4c916bf,EO
33cffa2d-12a1-4fee-8524-fb8b5717afbc,EO
cbc488d1-ee85-488e-815c-a7fe5100a201,BNE
7bd42e5f-c9dc-4602-a03f-e62db9b0ec72,SNE
a4c5fdbd-520c-44f4-8d91-6d51100a94b1,MMY
dfec0b5f-e058-4b70-8055-b1f4f604e73f,MO
7a191834-4c42-4054-b46b-c1204375d9bc,BA
cfb6197c-310c-4bf9-bf2c-2aea08029dca,EO
e9e11dcd-19d4-4455-bf1e-0075c4fb7f8c,SNE
e792b469-b017-4701-ac37-691213b379c4,LY
01342695-bba7-4285-90a2-9b6593e3d0eb,LY
c0dd49cd-5241-48f6-af32-99efa80b7179,MO
463572f7-6d8c-4367-9297-0938c1bd8375,EO
8ac26a5b-a688-4b1e-8bc9-783667043ea5,EO
40b1127f-6a05-42e8-9a1b-cd8cd84171c7,SNE
8bc62891-a4df-4e62-80a9-1c4026c152d8,LY
ff082d9e-e824-44ed-ab58-397fd8766da2,EO
d1597e96-35cd-4c5e-8561-ec78c25b7df1,LY
fb76aadf-b5cd-4560-b1c4-f12b889e6da7,EO
779a1fad-9f1b-4ddc-9f08-fe05cad35a78,SNE
5211e060-aee9-4a4c-87db-03885f0f2b60,MMY
a4ed8191-4ab0-43cd-b0e7-d42a67b79dd1,BA
80c7de7d-15d4-4887-8ee8-8ceab2aab300,SNE
7ac13a60-4446-44ae-a0e8-cfdd808a846c,BA
c234b4b6-af17-4704-a1ae-134ca4050ffd,BA
24a1db81-6ce8-4d0d-8cab-acedfaa946a1,BA
d06e901d-8d67-4f3d-89f0-4022c473910a,LY
93b0efb5-06a6-428a-b4cd-c74c73171acb,SNE
c0b667fa-acd4-44ee-be9a-bf0b033bd24c,LY
ad204b41-9eb9-4acf-aede-432ddbe348ad,SNE
11449db3-07ba-461b-a975-a6ddcbf8c0dd,MMY
a6bccade-031d-4a93-ada4-beefb42ada5c,MY
2d0ea989-395f-4bcf-958d-4bab1ab580e8,EO
33186b51-7859-4e06-998e-0d7418701927,EO
883e3a6d-ab62-4f0d-b9a2-f68bced63ad1,SNE
7c49b32f-0f35-4eca-ac32-651a981c8adb,LY
17e088a9-e14f-4c45-893f-687f1b4f2969,SNE
68a27540-c0bb-4be2-bf75-8fea7ff2abee,MY
077af352-e576-4c4d-8544-39c91d6363a0,LY
4029c4f4-978c-4142-ab7b-1bbd5c68e8f8,MO
3eb75037-3f18-4f44-b560-2348005fcb48,BA
22ddfaa6-9f7d-4a23-8154-7b01cc07ae51,LY
c49551d4-93aa-4049-a351-8183dae5bb37,MY
2476f9a8-d08f-4807-89f3-869c901dfe64,SNE
ee141e29-b299-49d6-b8dd-8503b2da7b2a,EO
727611e8-15e0-4837-95e8-5786265f2f85,SNE
b4e52cdf-8d4b-48ca-a22f-2634804bc6f0,LY
773243d5-e4df-4a35-80bd-e47e81340af2,SNE
9cc57baf-bff8-40eb-932e-09818d12c37f,EO
90f39bb8-ed98-49d3-a196-606e1649f6c2,SNE
8225aafb-3b02-45e4-807d-ee4e2ac2fb16,SNE
871d09fc-629d-4986-add6-994f15a6c4ce,SNE
e3fa96ce-9b29-44da-82c7-afb27d8f3b45,MO
abf4bff1-cef0-47da-aadb-efc581e6e89d,SNE
6794be9e-719e-4cb1-a243-caaf5dc7f1dd,LY
d3a9c397-c91f-447d-85e1-20378818e260,BNE
9394b688-6b73-4a26-866b-dc5b0636f306,SNE
38598108-9e09-4619-8a73-f41f4b241752,SNE
335e484a-2a7f-4cf6-9c33-3b772245b69a,BA
cb4ec504-5cfe-45a8-aa3d-547eb2e33312,BA
ab0e1279-18de-4479-9fad-d71edfbb9edf,SNE
5c9a17b0-4eac-46b1-bd7a-2f4ffd38d2d1,EO
e6565753-acb6-410c-a041-2412a786e16b,EO
15df56c6-57dd-4fdd-90e9-29c6275c92c5,SNE
8c5c849a-f6b7-4206-aee9-a2e4d176bd8f,LY
6a05e295-1660-4043-8167-5dead74390dc,SNE
409e0ade-4720-4b28-85e1-74cececbe985,EO
fc2bbe01-9b70-451a-a77f-6f55da0e7866,MO
8b1f4e59-4490-423d-8c64-ff98662d4690,SNE
e3dfa741-9178-4c69-87b6-75e236a15a42,SNE
61bdcfcd-68a3-4a59-be0f-ccd25b5c1049,EO
9a474799-bdf8-423b-8162-ad6df57ac45d,EO
235a9b64-786d-48d3-9c9d-f700e4402a20,EO
43c70180-0120-42a2-b15a-166af46ecb61,SNE
a6c40538-766d-4d08-b9c8-45b0ec463bf0,LY
4d69d5c6-6686-4f49-9257-2d0c0a65a669,BA
3b0610e2-8452-41cd-b7c5-954f9e6cdce9,MY
4ba88a2e-84a7-48ab-8dd8-271a839d0689,SNE
9dcca9a3-6c6b-4df1-8723-104f411e0bcd,LY
2401881d-ba8c-4287-b6e0-bd46c76c930b,SNE
1ee5a7f3-6aed-4a0d-a7be-8964cec79a85,SNE
1bc6dd6f-5ca7-4cae-b5e0-f573242cb282,EO
0d75f624-270a-497e-9bcd-27f65e111823,SNE
592d0c19-e289-40a1-8a8b-7f164f522cba,SNE
f4645ac5-b4d4-479d-acbf-5943702ff808,SNE
bb8f5541-7a2a-4afb-a6fc-cb78e3de0071,SNE
3eb1d2f2-abdc-43b6-81fc-70e2497989af,MO
1bfbb965-bd74-40d4-b3a6-6dfeeddc1ae5,SNE
6c03b87f-5fa2-4b4f-9977-3a60d6e0548e,EO
d37822d8-d409-4a7e-bedc-c2de3260ea67,BA
269251c1-1bfc-4dcb-8756-b5e7e419ab22,BA
b82fe904-4505-419f-ae45-fd45b103f601,LY
3204239e-5979-4637-bfda-57895367e806,BA
93093ca6-ce77-43c0-a3ac-6cfb346a1642,EO
37d3d224-1c24-46ab-9ae6-01fb6cbb91cd,LY
7acaeed4-a1c8-4c78-b3aa-b08d54eaa9f7,MMY
d3efa8f9-09cd-4c43-b112-5e945ea492b4,MO
8e685271-04bf-47a8-8295-e5458f5a956d,SNE
685af3c0-945f-4755-9968-db733eb6a442,BNE
c74df593-79b5-48ef-aecc-5aa6071aaabe,EO
31136691-cdb9-4eb2-84fd-3b1a52c65230,MY
29177587-92b9-4415-b293-53a11ba7549c,SNE
6f8ded6c-2116-4294-b38e-0e99f47f34d9,LY
9c4b3872-4839-4bcb-ae02-bcae7235662e,LY
7abad3b6-f15e-4385-ba81-d648edf7791a,LY
1660e3b3-6a97-4948-bd0e-7de97820e65a,EO
45dfa5b8-4c4c-4de4-807c-ad820c135941,SNE
4c54fac2-2cf1-4a04-b3ef-20fa5e559a39,EO
1a80430c-ade8-45e4-a490-b4841f58bc59,LY
b18e9e70-2ef0-422d-a645-b76656df5eec,BA
fedf2e62-034d-4597-91a8-00d518ed1170,SNE
96ef38dc-f787-498f-b6d0-154b975a9bbd,SNE
1662d203-bcdd-49e6-8a67-d48cb6bba475,LY
9560f1ca-4955-4980-9dc2-59681c8e9dd6,SNE
5d3a5ad1-c966-46d7-b30c-8cacccfe4bb3,LY
00e4c228-7fc7-45f7-9c77-654ecf0c6395,SNE
08a1866d-726a-4436-94bf-66370b198863,BNE
52e9b88e-f403-4a52-ba9a-915f48799a4c,SNE
e951b41d-5222-4a94-8533-3b77bcd966ba,SNE
dbe79d34-e042-488d-9ffc-476d370db417,SNE
4d8fbe1d-5d71-49cd-8413-6c42f04faa85,MO
457f36e3-7fbb-4dab-9686-03a5208a41e6,LY
d780c48f-b1cb-4c00-9184-b1e4fcb4e0a4,EO
1ae3e859-8896-46b8-af1a-dcf0d0a03000,EO
e2ab8d86-eb5e-4111-aa55-5fb4a22c2500,SNE
62bec595-2fa3-4356-a678-2d698a3e400e,MO
aa4a4d91-ac6b-460e-9595-b0939796ec5a,BA
38b50e4c-bb60-42bb-9d3a-0790051da888,BA
ed214dce-70b9-447e-8600-06f9b05d2cb4,SNE
69ac4460-767a-4995-a630-ec3e3aa9fe41,SNE
8624f099-eb0b-44b6-8777-b5e7e05a3209,LY
f428ff50-2584-41a5-9ec2-89ab985ece2a,SNE
150f3197-7054-4e25-bc84-faee56bf5d22,SNE
60998566-51ec-4088-a51c-8009427f8371,SNE
76c8b591-2fb9-4bf6-b01a-277853f0887b,SNE
21c6067d-3364-4241-b538-5a86cb11ccb2,LY
235009e6-16fc-44c5-a28c-4208309645a2,LY
25f87401-fdfc-4eb0-b43b-2577b0dead50,SNE
f94f9ab3-face-407a-ac61-380fce6677c0,LY
e4e19698-6dc7-4c2c-95e9-83234a2210f5,SNE
4f4ae335-bb6f-4008-b8c6-15787975d3ca,BA
781cf2cf-6897-4c4f-983b-e15f39af5257,LY
84e636e0-b364-45be-affc-b946c7aaa5f3,BA
ec73601d-e857-4d50-bec4-78de37436d33,BA
007c6677-3133-4fc0-a645-637cc3b87eb5,SNE
0515e04f-f485-4223-88f6-1d5e16106a04,SNE
52b46285-a2f2-46a3-945a-381ce2da0130,LY
2fdbd462-47d1-4ee6-9eee-0ed43527210a,SNE
b032da2d-860b-4bfe-ac7f-e8685611f111,SNE
8ada7d5c-83aa-4f86-8d07-82cd9a251e46,LY
419b3253-ba5d-458f-9920-be40e0b2b4e2,MO
138c9242-a9ed-4b1c-921e-8aae4953ed89,MY
d72e752c-c074-4132-875e-0034ba253bce,MO
83198def-9c17-45b6-88a9-793a2d7515e1,LY
99779a61-db94-4d1d-940d-db5c5d992c18,EO
21ce664d-405b-4167-b29b-e943db8a4f03,LY
ebe8c32a-29b9-4b57-8adc-fb129ebed913,MO
bb10e444-701c-427e-868b-13addce12e4e,SNE
05840387-1a14-4464-beb1-eaca50373fbd,MO
41264165-c113-42ea-9655-d723c3f4813c,MY
50ed7baf-2e48-4237-af80-8b3e5960d215,SNE
c689661b-8ab3-4971-a407-5207367827ea,SNE
92b1dae6-fb45-46b5-8dc5-a36b1c7f8582,SNE
945a2fdd-c9c7-490f-8a8e-ea662fdd1d3f,MO
7b4d56fc-6930-4d2d-a7b6-4e8b73525af0,SNE
1329d9c8-7a95-4383-8d9e-4deea7de5d2e,EO
82dad7d4-685a-45fb-ad59-80f3887f20d4,MMY
d3bba407-5479-48a5-a225-401ac5264b06,LY
9269b9b9-d075-44f6-aa2b-467de0869222,LY
9090d4d1-a641-4458-990c-26de06c02be8,BA
2f229f07-076b-4be1-ba1a-56074debcb31,SNE
3099f037-59a7-4115-a49c-d1acab4003f5,EO
adce6a22-c918-4ea8-b59c-e299d45bc409,SNE
b9283124-90bf-45cc-a6b5-0d456e282673,SNE
8ac2861f-da44-4eee-9d97-f20ac33053ad,MO
0815a451-c032-4967-8dbb-fd272b56a073,MY
504614c8-3d0f-4dd9-866e-2a21fb31cc9b,BA
31c761fc-c2f2-49c9-98c1-042ad9169c7a,BA
1138c510-de5a-49da-bc71-064c17658d60,MY
7b26814a-027b-4bb3-87a4-a60209ada68e,LY
69015b2b-4290-436d-a4df-00bc4863942b,BA
7f8f5206-3c2b-4197-947f-f4363dd33127,MY
64d3597d-b97c-4c9d-b347-a46d0b34c709,MO
79a71082-2f8a-4382-b8f3-4921d8a8ce10,BA
b488efce-ac2b-4701-b17b-3e891a3ae856,LY
7bc35b82-3803-43b1-90bc-4f11ce522a7c,SNE
5b3f2b14-8002-4d43-adfb-488532a0350d,BA
322c93f7-51cc-47f9-86f2-d83f4d39cdba,EO
d65c0f96-1b70-441c-8e91-2d698b614133,MMY
77f2a2b3-ad18-4f39-9d39-28b6c99849a6,MO
fe8dd4dc-9d46-461c-b60f-25ad1e2d95fd,EO
1bb8ee49-b59f-4482-98f6-972e287d0311,MY
75365952-a5da-4474-8514-e69220192e21,SNE
ddac27b1-9991-4891-936e-ef8f3866ccf4,LY
3a286378-084d-4c12-adfb-8a89527c9c57,SNE
05e7b78b-9291-4235-93e0-70b339bd467a,MO
c5c0d835-d3e6-48f0-bf19-8484c754ed4f,EO
ff075735-2829-443a-8b13-55f898446fef,EO
4194a7b9-1b90-4fb2-9a2a-9741ecfa8bc0,VLY
ccfec319-b7f5-4b0e-9118-2606061f9fc6,LY
3abfcc72-8cc8-478c-bbab-1bee47c52469,SNE
7a3514a8-5d4e-4334-8a74-4733b35fd76a,SNE
46409181-04f2-455b-9d79-8dc3452566c9,EO
cca1b036-0c2d-4147-8469-ae008ede1628,EO
183ff72c-5984-47c7-9af6-781de4c9cf52,EO
37201329-1136-4b95-86c2-cc2fb810029d,SNE
632ab912-d01d-4e51-8d77-5c2bc62d0cd2,SNE
f6a33bb9-c9d6-42e8-834d-23da5bffe8c7,MO
3f20b668-5315-411d-b9b7-0c497248db43,EO
23d36870-93cc-4bd4-80d8-4d96dba605d8,BA
ffda1675-5bb2-4c61-bbb6-bf1b3ee87f2b,SNE
eb6c0fd6-7f53-4beb-b38b-a7c31f8b91b7,LY
fd6aef71-009c-4b09-aeeb-39fce7c84819,LY
0679697f-aa02-41db-a716-f9c5cbca5ae5,SNE
f560b4bf-b39c-4f21-a9e2-335ee6af7dea,BA
00250fec-2801-48c2-bfbc-31a4c2ac65f5,EO
4d624ed0-5836-42d7-989c-dc8134741c57,SNE
95a77125-ac5d-400d-bdb0-e5e2441c097d,BA
e446f17b-3718-4758-acc8-3667853e2ec2,LY
03d4cd4a-9127-4ce5-9415-91caa5e52f41,MY
2f825230-00bb-4e81-bf31-1e1391fbe023,SNE
644d2792-49b9-492e-88a6-34de5a9e665d,SNE
37152683-298c-4bf5-8ed0-ba74fa24a3d6,SNE
83aaaca9-ce56-42fc-a965-5fd3be7f6a8a,EO
87ae16a8-4209-4694-a810-1ab47b467cf4,LY
4847226a-f81f-46be-8992-a690bef18f92,LY
91ee4e45-7879-4969-94a0-7af9c405be96,SNE
54726009-ac71-49a8-b4f5-5947cc3f7764,SNE
606680b1-ce8a-4397-8da6-9eaf857d2da2,SNE
eb2a759e-812a-4d0c-9207-c3082d6b4388,SNE
4c3a2077-62c8-4c26-a5a5-a7031aae08f5,SNE
705cd905-fa00-4e10-9faa-fa3d6bc784b4,MO
81a0ee93-f6d8-442f-826e-c061e7650a6e,BA
80bceb22-c91b-4284-b375-a0a99eccfb61,LY
32e1cc29-4366-4921-bd83-7213e38aa395,EO
82b68184-9cd5-430a-bb8c-10a76a4f0ea5,SNE
d570f503-748a-4deb-ab16-4b453901257c,MY
d951bd3a-3a98-4ac8-8230-d9445a3f6645,SNE
16ed4e50-30d6-49cf-8323-39d03a687a14,LY
3769283c-ba7d-490f-a8ac-ec3569128ad7,LY
ad99e9be-e69c-490f-a1bf-899d640172cd,LY
44d8b01a-cc42-4977-b477-8fedcce79691,LY
e351b4e9-b416-4d95-bd04-0009ef35502b,BA
8ff84f4a-4891-4944-a4bd-95f6bb254371,LY
58833fda-a72b-41d9-8ced-7cccdbfaa744,LY
cbd8f453-b83d-44a1-923c-7d59b8e89231,BA
f3191b67-b0d2-4037-b68b-cc1380c71470,LY
285b1aca-5838-4de7-a71a-2dc27d7967f3,MY
e1ec1f61-9429-46e8-86b4-fc52d2c8e76c,EO
785d84f4-b12f-414a-8482-e883f36439fd,BA
768c7c1c-1656-460f-854b-93fe8803043f,BA
6f000e82-99d2-4483-9800-7b7b02f95374,LY
1f97c28b-ef85-4a57-a62d-29b9a76444cc,LY
9500f869-30dc-4746-80a6-71f3939fa9ba,LY
2675553e-87ef-4d25-8217-24909c196286,LY
06629d74-90d5-45c3-a6c0-68604e824bb1,MY
702326f9-5bd1-4a50-83a8-3cfcd6918cc9,SNE
b3d304a8-d5f5-43d6-b5e1-de7fa0359427,EO
7de5de29-70c4-49c5-9e50-82d1a9812877,BA
43f68a44-fe64-4774-ad1c-642578428a06,EO
53bd5976-30e2-4dc4-b930-1ff3fb2ccb72,MMY
e5f23de5-cd2b-4f5a-83fc-d90f8c4a24bc,LY
c7ca34cd-4879-4bc8-8b71-7754b4059255,MY
f4bf0083-93d6-48e9-a512-ee61a9f86ff6,SNE
906a2782-fee4-4a00-8031-dea7cff646e6,LY
b1d24c4a-ce11-4b4f-9dee-1343ab371548,LY
bf4e18bc-c416-480c-8bce-400c6f69cde6,LY
9d1b7ea7-ba57-40d4-abb3-86ddfdbb4c07,LY
d6183d72-700a-4737-9473-74c2e7a13b6a,LY
68d7953e-09b8-4017-af74-31e719d0fb7b,BA
53e1c0d9-2e40-4094-a256-ef078d7e197f,MMY
2ec1b1e4-7f63-43c3-9b51-597973805a27,SNE
a85976a4-6fa1-40f2-8e89-36ce0940cc98,VLY
0e4fc2f9-ce95-4b42-840b-354210754363,LY
a3120c1a-fa88-4d48-9cae-84b1e3c103a7,SNE
6137dd65-0334-4e2d-8983-bd434f4beb97,EO
7d19abe7-2a8b-456d-a2d8-c4eaf3eb5813,BA
03abb840-40e5-479e-a57e-8a49f10e32c0,SNE
abda910c-78b4-4398-9553-52f5360bb649,LY
96e0c922-6f07-4990-8aef-302bb197bdc4,SNE
87bd203f-5ba7-435d-a611-2fa1cb5fbd61,EO
5af0e32a-d77a-4c75-bd59-c0bb55be1096,SNE
8e44940b-270c-435a-a1de-5ee0ba252995,EO
8511581c-e17c-4a8d-8705-2a3afaaa3f73,SNE
d9ab5ae5-11d5-492e-acb7-f8ac01983029,LY
32b720ed-eac9-4b30-85c2-cc6e11e08641,SNE
0718f013-a983-475a-9fcc-a3779f019f03,BA
31c98f9d-fc33-40e1-9f18-9d41622697fd,SNE
44552ef5-48da-42c5-8796-c32403fb1afb,MO
9d1c0b5f-7f77-4cdb-8f20-0fc143a2aa21,MO
03543b34-3ccf-4da8-affe-ef988745bd09,SNE
82c300a3-1e33-4877-bc3b-2ecc01184968,LY
ffb290dd-baff-4196-927c-c984c7554a1f,SNE
657f9f9e-8e21-48bf-b0b2-3975a6580a6a,EO
846cf570-5d66-487c-a7f6-48deda8d1095,LY
acc418a8-ccde-4810-b9ca-4ac841f2a119,SNE
72adbb31-93c7-4851-9c7b-2e943c1dd380,SNE
510c28f1-be6e-4bbe-9f7b-a19ce7b89224,EO
7d49d704-d493-40c0-a118-fb286cd721b7,LY
d994c853-7b2b-4803-b6f0-70295923eb1d,SNE
b09a5c6e-870d-489e-9c26-8a2f293de123,BA
7f21476a-4d24-4324-a36e-6edd5a87a87e,EO
5d4eefa0-92f7-4eb5-929f-ed120680edd3,LY
b41498f0-7e1a-4bba-a4bc-adba395e6c10,EO
121dece3-c83c-40cb-9649-8d3e4c7c2708,MY
bf41b1c4-7b68-4fe9-a459-e625e182726f,SNE
0c9bae40-5dd1-40c6-a86f-1d6542f8f62d,SNE
101734c6-9e86-4a94-8ca3-e90c58c28cd6,LY
9ad9053e-3319-434e-94ad-06870b7797e0,SNE
79e95375-58d2-475b-b166-21224881e748,SNE
4f59d69d-803b-4b03-a21f-286891a97159,LY
ebce8bfd-c8f6-45a2-9363-076ffc6d6ad4,MY
a9205f72-7183-40c4-b61a-7fe44c8fffdf,SNE
2e3d4ddd-4037-44bc-a452-eb918481f7bc,MY
62823daf-ce39-4fcf-856b-e6dfb3690e4e,LY
4d1806fb-9312-4691-b0ec-18d9968d639c,MY
f76ac444-9783-425f-a2d2-22c376733f8c,BA
d7885c79-d20d-403f-b519-74811d563c0e,LY
a6978138-f749-4b2f-b66e-71e94e6a2b02,SNE
dd38a553-a276-4523-8b1b-3b1eba88830f,MY
90d0e9a0-682a-406f-8d6f-2e2b37c73805,LY
7c8eb9e4-38ac-4dae-83c7-1f19e6459ae8,LY
cf2e3f3b-3a43-4706-951f-da582587e556,EO
10c44df9-d0c0-4781-94fe-78a7e16cc4ed,LY
721fed6e-9a64-4f78-9645-70553bc4dda3,LY
44e7c757-9130-4991-9433-2a293ad89ad8,MY
efccd936-d62b-4db2-a105-b2bd6b89c9a2,LY
c58276f9-af44-4e96-88b1-0ae544d02028,SNE
e92fdc20-9395-4aaa-b1f8-863913333ebc,EO
c1fab181-37ef-422b-9694-91123eeced97,SNE
8c16a4ec-b673-4f3c-bee2-4ef054ca0710,EO
6e33e182-0e49-4017-a2f2-3c031df8291e,MY
e4b9c006-c715-4b06-832f-9f77388baeea,SNE
3f2cdf4a-0b4b-4859-acd6-0ba332e7b1aa,SNE
2768274f-7824-4fb0-b451-dd58da5eb6e5,SNE
773e8c3a-dbbb-43fa-a614-3a62fc640129,MO
c9d89d7b-79b2-4db0-b28a-8e0211750668,EO
7db08c0c-cd5c-441e-b577-575204999aff,BA
792ac4a1-6f53-4cb2-a209-8ad49643a379,SNE
5c746777-d4e4-4a82-8864-d426eaac4c6e,LY
3b7efd29-1547-4db1-a811-f3108fcb3c99,EO
ce9c0fd5-8a59-445e-9ef6-39d16739dd72,SNE
c5a2b47e-c8a8-448a-af98-41c99b3cd501,LY
b28369b2-f8e4-4702-9298-31b9f400aa42,EO
db6d187a-4572-4e67-aa52-1f56fdbdd982,LY
b4cb905e-71bd-465c-a464-b3b03501f692,LY
373726fc-7245-4a73-8aab-1cc3e2a49656,SNE
fb46f608-30cb-40ac-8847-42c6db98693d,SNE
ff4f6dcd-4abe-4506-9b31-494f6d247808,SNE
701938c7-15f7-4ca7-a91e-0ac1c9af84bf,SNE
bc150d5b-156f-47f6-bc5b-ae8a86a38d30,SNE
679a54a1-159a-4b42-90eb-03e325bf9428,MY
df4f9254-dbfb-4618-922c-4d806091eac5,LY
59b034df-2727-47fc-ac95-5910d567abab,LY
8ad773d3-63e3-4daa-b74d-19f8f46bb56a,SNE
f2714c86-2c53-4283-8a3e-e4ecab4230ce,BA
3119c4e5-7000-42f3-96eb-b8f4d95c6bcd,MMY
9c8f12d0-703e-4cd4-88bc-205c8c953bcc,BA
f1e868b3-514f-453c-8c50-7e92d8e5f87c,LY
029e6ba3-831f-444a-9904-f0da661ce03b,LY
3ef2b4fa-41ae-427a-81f2-c34dc368eca7,EO
02842971-8365-4b1b-9658-0ef5ffd2e07e,EO
78e26acd-61a7-4286-97be-f2946b40eeea,EO
f617fdf5-5307-4be8-861c-8138a89d7786,LY
e0172017-9568-4452-8443-0e97bab408d3,SNE
b4a04f02-08e0-4266-be95-e02099fcd931,EO
aacae4d2-a07f-4de6-81a2-abf932eea1d1,EO
a97e7cdc-3dfb-4357-af3c-ce397796f985,LY
54aa3774-0c5f-4236-9e97-de6bc10b4f00,SNE
651736ac-b281-4d5c-8e53-d193cfe28fac,LY
6857972f-d645-4df1-86d6-bc365cda6f2d,BA
082aba5f-62eb-446a-9f90-8737600589b1,SNE
b04f7555-04f3-4333-ab97-f8e683cb37b2,MO
c35f992b-63ee-4c69-a7a2-67984bd4aa5a,MO
b5819c72-617d-4bfb-b257-e370939a2b0f,SNE
a0a95f26-e50b-4f94-919e-02aae6faaf2c,MY
b3f9c85c-1f9a-4581-843b-3dabc768c95f,SNE
c90dc0cc-4b38-4db8-8e84-18474c1b87fe,SNE
3025e9d7-9664-418e-9ed4-5af42702e894,SNE
3c8d6e1b-851a-4292-8716-d949d90c6130,LY
a4b86093-12c1-40e0-a4ca-6c4abb20b789,SNE
0fc41634-0b96-4d08-a24a-83bfe051ba98,LY
d7d323f0-680e-401c-9428-afd2fc804fff,BA
e3ebf766-e751-4029-b860-e8347bc26649,BA
6230c605-2215-41b4-ae4d-856956d9f03e,LY
6c8fa35c-3a54-4b2d-aaab-34913ccd4ad1,SNE
9c7f6fc1-ab2b-4ee1-a721-e9a97ab70441,MY
a5c81d16-3dd7-4648-8765-20ecb4c60037,MY
ef3fcae4-5417-4bc6-9240-806c1094d5a7,SNE
9fe874ec-61b5-4c12-b86e-77fe03e4da3e,SNE
5895a278-179d-4af6-8526-d53a80aaceed,SNE
37c11135-ebff-4dc7-95b3-2e7a1a0c6ec2,EO
a683b2e9-2236-4bd1-b7c7-d5eca92dd00e,EO
83caabba-56b8-4e0f-b020-09fbabef6a90,EO
d23a1619-c521-4c98-8054-c0bc0dcbd3af,BA
d294ecb3-7cad-493f-9825-6953d3163056,BA
c44d3279-b730-4ad6-9943-fb1a53d89a73,LY
2bc9cda6-794c-4c72-9f3a-c4d087a9472e,EO
a229a57d-2b14-40cb-a97f-b7f6d0a389d1,LY
2d12d372-c466-440e-b05a-45cc1f3b9423,LY
4526e8e7-f2ca-438c-a067-94db8bbb9d29,SNE
c76ba158-6f6c-497d-b894-c8997f3813a3,EO
c915054c-d123-4613-808b-82ca92a0a036,BA
288f4eee-5bea-47f1-98be-67f005d59d68,BA
a65fb876-b991-42b0-a26f-f7483fc53412,EO
f16ed3d3-b2b6-4fd1-b218-6e2d36074bf4,EO
707e27ac-881a-4b9b-836e-ca6a6f45d7f9,SNE
008dba72-8e96-4bc7-a39f-b8e7ff9863b7,LY
bcdaedd0-fd49-4b17-85d1-d6a79275a7b2,SNE
7ca1ce89-be88-4e00-9044-3694e7cd38a5,LY
b072afa7-b147-4e3a-a5b8-d8d5fbb7dc56,SNE
edaee0e4-e7a5-472c-b3cf-f7543d643975,EO
d81cf68a-fa3b-46f3-ad4b-bcd892d80308,MY
bb0616f3-6e18-404d-8aad-ba492185e87e,BA
574b7cdd-5253-4479-9973-4fb34daafaa3,MO
d4354f4a-d42d-46d5-abbf-eb19f1cd2263,BA
b8498322-7c24-4297-a8ac-1f442b3a65a9,SNE
c6eb4abf-5fbb-4a52-a9a1-fe2d97c3d93d,EO
3c32ce95-6ce8-4b4e-b985-814f1f744d44,MY
fa42aa37-37e2-4a2c-bcb9-845c01958f70,LY
2dcb1791-95b3-4d85-a86a-f2eab2b46ae0,EO
bc11a8cd-e31e-4947-91c7-1d7c29ac8818,BA
964870ee-95e2-4919-b524-3d790941f8e2,EO
9fc80a89-dbea-4e5e-965c-09ce1df79552,LY
aac7823b-f93e-45ea-abfc-2c9ad2a32e43,EO
9d0742fa-7fcb-4290-a858-2d3efb9e897a,MO
8eee3e6e-caf9-4bd2-aeaf-3a74947e5e4c,BA
e1080788-7c98-41f1-8009-cd0824844a04,SNE
be953f08-1fde-4e23-9f4a-9cda2bf7cb56,MY
826354fc-263c-4deb-aaeb-790721bcba55,EO
a9d4db01-fbb6-4e47-a631-f4cf31e82b15,MO
14061814-793a-4bb7-be87-dfb6e68fb90e,MY
b3128753-4849-47e4-b5e1-b5d0ef5fb5f8,SNE
63ec70b6-5f60-4cec-8438-3982b89b84fe,SNE
ddba39ba-5c4a-4ff2-9ab3-afe62ed72fa9,EO
a5c9d1ab-b9f9-4a07-b47a-e2c8da6383ab,SNE
97ff45aa-5be3-4534-bce7-5e02b1f74bc2,MO
7705cc2f-ab83-4e63-bc8b-70356f630b34,MO
92edffdb-65e0-4c57-9f38-f50de5eabc32,SNE
39dd8bbb-5277-4039-9024-2c17a6bfdd6a,EO
11257ede-6e6d-4e45-af34-d6131173c8c4,BA
d849b25c-9227-4b6f-814c-115cf2cefc40,MY
51f83823-2ead-4129-8b0f-4c3794592a58,SNE
4d5de2c6-a3f0-4a6b-8250-2c5687700595,EO
ba1bf5aa-7b2f-4903-8b0c-7ec49ef506d5,SNE
8f725a15-c9c2-4bfe-8723-e8768c8a14b9,SNE
d8c74449-4cae-4d75-9e30-2a1ad24edd43,EO
fde83f8b-8920-45d8-9eb2-27e4aea4937a,MO
e1ac7e21-e968-474f-8233-9188db861b78,BA
39418bc5-4ce3-46f3-ace2-ea0df2fcdc1d,EO
93e06a58-2d0c-49ac-9edd-cfc7576f0537,SNE
d898ee8e-b821-4f96-b500-90678a642ffc,SNE
540ab076-f30e-46d6-b426-403e6cc29fba,BA
e9e0612f-8e5c-479c-a905-6562b3eb6b5a,LY
0948d2bd-5dae-47e5-91d5-b24fa7ca9fdd,EO
66d9307e-0323-41f4-94ae-8df05f9ae0c6,SNE
8f1c771d-a9d1-45e3-9617-8a8bf3eca08b,LY
4ad959e8-6503-4508-a0d1-8603c11091be,SNE
6079fcbb-822b-4514-8efe-4f8dbebe935b,LY
13520ff1-b73b-45f1-9acf-a7333d0975f7,SNE
5f8503a3-72b2-423c-8571-cba7ca0873ff,SNE
a70eb410-0308-4f0f-993d-654a7dd043d9,VLY
1bea9d87-e210-4f90-87b5-13b75beda1b9,MY
3c4381a2-9a58-4705-9c36-981ee8fa266d,LY
54f647cc-770d-4b0c-aee1-13e8950f1e9d,SNE
60f6e912-33c5-47e7-9a78-974adc437d47,LY
0b97193c-eeac-4715-b8cd-1833450018c6,MO
7ccb1466-444a-4ec8-9f2f-d3255294b2b2,LY
7b1890ea-ed3b-47f0-9cf4-eaf0950f83e1,EO
2e3cb160-3d08-4c61-9362-b69d137c9dd5,SNE
d3e25483-8fc1-45ad-aad0-0bf8f9171772,MO
a857b535-a82f-4217-bbd6-981ef9818495,LY
74ba21c2-56f3-4f8b-8666-6779e01d28e8,SNE
b07e4300-680b-4d94-b6f8-7cbe4b90710a,BA
4c4d2b39-dfb8-4e7b-a810-992da6b5e53c,LY
ad1c9bc4-5a1f-45fe-bba4-8b2321c8fb40,VLY
7aca6426-c5ed-4f25-b1bb-d01f79e90bad,MO
3d0bbeea-92e2-465f-b10d-7fcf1f823919,EO
06fb527c-8b61-417c-ad83-b0cb14183f97,SNE
ff348634-80dd-402f-805c-b58dcd9442e1,MO
7e03bc04-f7e1-4672-9f1e-b820cbfa8ca6,VLY
b21e1dba-3cf1-44db-81a5-db9494b67fbd,SNE
677251d8-45e7-47f0-9234-4a74cabba9a5,MMY
6b40b864-aee7-41c1-b08b-eae91ebc1d30,EO
e058cf95-8d01-417b-bca3-84a336b234c0,MY
c9963c05-e83b-4a46-b3f4-5e42af4ef911,SNE
3a95b970-33a9-4b86-a319-2b6c8994b367,LY
c092e881-9cb6-4cf6-b149-8df7496b92a3,MY
a0bd04fa-0862-4a0e-badf-3a00991de9dc,SNE
658092c5-6237-463c-b516-901775e52103,BA
4ea5af29-793e-4bf0-9e56-12053c9f6e03,EO
67f2dba4-4917-4ad2-a454-80546a599f1c,SNE
518d2d54-e631-41b2-a714-3ac6ff8a80bc,SNE
1b116eae-3922-4dba-95b7-b74532d19a76,SNE
af2ead3c-30f0-4395-8b5d-90c7382ae8d6,SNE
f5caa961-b7e6-4027-b52b-5983c7c1d21b,SNE
64bf8563-47a5-4c2e-8920-75c738a6dc56,LY
8b1d95aa-b0f0-405e-8b14-88fef906f9ef,SNE
df6a9ee7-db8a-476e-89ea-ff46fd8f34bc,LY
35a4b7f1-ada2-41bd-ab12-987a658c914c,BA
cecbba73-3d58-4bb4-b1c5-8267af2f0dd2,EO
f9e0ee26-8804-46eb-93f8-e76bd164c78e,LY
a2f521c4-8556-48d4-b3c7-03e65779050f,SNE
d5a0c51c-0920-47a3-8a0c-9e160304cbac,SNE
3874fb01-ca81-4d5e-92b6-df6bf0b5908a,BA
7e3e3e82-0049-4170-8deb-405018b12ea0,SNE
731dea8d-d7b3-46b7-8cbe-5f20efe5b583,LY
25f418db-ac1b-4b8c-9f12-dbd8f63f0bc8,EO
e55539e5-9440-4ce1-a639-f0ea54d13cd0,LY
744da693-c2f5-46c3-89d3-385bd9673a8c,MMY
995584da-40cc-4d68-be03-9adc60dba538,LY
5226e660-f1c2-461c-8004-d0603dfcc2b9,SNE
4f0184ab-40d8-4ba5-8a5f-200431c58543,LY
c19bc6e8-99ce-43fd-868e-c2e5b9cd01bf,LY
93c346ea-8025-450b-b657-e01ab0f99791,MMY
97e78597-1b50-4594-ba30-7912d42fe51e,SNE
783ee726-6e5c-4a0d-91cc-6233cb764585,MO
75b4d146-59ba-4541-a62c-4ddab0183977,SNE
38aaf9ba-6351-432c-a349-d1c009506e82,EO
a7ecf226-abc5-4a98-9c3f-16e2e7896cc8,SNE
74a3608c-8376-4d01-a833-8ced27b360d2,MO
ab2e3494-346d-4833-8308-06881c4f61ac,MY
e1c65d98-c82b-4cd4-8ffb-e8cccbe52368,LY
11569bb0-f578-46cb-a44b-97bbddc6241b,EO
2918ecc3-12a6-43e0-9445-1e5052a38ee9,SNE
ae419857-a818-432f-aa80-3dd35c758b99,EO
d6335c48-49fb-4006-8bb6-64860e4ca2eb,EO
54b853e6-79bc-48ef-8ac6-fab6922aef5a,EO
d209b99c-192f-4d98-9d48-d60d9cf9c15c,SNE
d7cf4036-bafb-4a5c-817c-4e936ef0941d,LY
7164cd27-9aa4-422b-b6e2-25ba9de4984f,SNE
f11dfc36-cc94-4280-ae71-7ef3e71c34fb,EO
4a04f26d-43a9-4af7-83c7-8f0f4f7fb304,EO
de17a04d-bcfe-4bfa-bd04-a0f8ef1bebd1,LY
83fcd1c6-4e44-4470-b238-4048b3321a9e,EO
912d8536-1033-452d-8e01-a452f8abaa05,BA
f61c3f69-1ae3-4419-b0cb-5af66e3c9001,LY
8a33802f-681f-4b7d-b32c-54dbe58034d3,SNE
97b9c987-8640-4b63-8860-f2bfd36f1de0,MY
41a58aec-82b0-4e72-b869-8eb019efe936,EO
56c78baf-f8fe-49d8-8160-132b68c51cf0,EO
f8b66cf3-12ec-4eb4-8817-6c43518e586f,EO
69610a03-21d4-4445-a906-142e5abb39df,SNE
31d79597-e866-426b-b61e-a2353e43cc89,LY
a68fcf3c-50a6-4e0d-a281-36900cd233c0,SNE
d33de077-2c49-4336-98ca-b5261946b784,EO
2d03688f-e78d-4a0d-94bc-fb5981538ae3,EO
52acd4e9-d45b-4a80-8681-9252ecb06615,EO
86050c13-0053-425a-84c9-edf194b89181,EO
233a0c94-1ed6-4e0b-a3ea-86903adab056,MMY
0d84ff55-31ef-4df6-9e5c-063fe8993133,SNE
02b087dd-7340-440a-8137-62f18bdf443e,LY
627271f6-945a-43c5-b25a-8dcf5a230ab4,LY
eea5667d-74cb-435a-b4e8-3813a4756b89,MY
0c7f9581-aab5-4087-b8a4-65d90ba22787,EO
5c8e9783-887b-40c5-a043-f026806881c3,LY
1f57f0ae-f0f9-4990-8e36-5ab3571d6874,LY
2da21834-fdbd-47a2-a90a-c3ebad07b581,LY
478da9ce-1421-4521-aaa2-12e93793b856,SNE
451823eb-9e74-4fd3-912c-668ae5294ee3,SNE
85c74961-85c0-4fb0-8a41-de21165b5c51,EO
46769fd7-e719-4eb9-ba0d-916a5576a302,SNE
0eb1f08d-f700-4e79-9c5e-ed6f5a19d4be,MO
f5ea2745-8597-40be-8f09-87ce3b9a9ecf,LY
d137bd46-2d38-494a-a713-2fc5360d28de,SNE
422c914f-79a5-4768-a00f-b1f4ce3bae43,SNE
2a012dc7-469d-47ed-9627-0ef6eeb24ba6,SNE
9b00d7c1-bd91-483e-9f57-6930fd2202f3,LY
ab2dc207-bcc0-421f-9171-e2cd38af0fec,SNE
f3f74fb7-ee7b-498b-aa9b-536a711099de,EO
065092b9-e9d4-4be1-a28d-6925c5b25b61,LY
65dffe5a-e05f-4f7e-b590-b20a9c50f4f0,MO
da18a1fa-6518-46d7-8b05-6f1134fc7514,EO
43d0d3ac-95c4-4ad1-8584-8b7c6e03cad4,BA
235ba2c1-bfce-4d2f-914e-8eaae3031ba1,LY
da6403f2-8eb7-4574-a745-f6d58e333208,BA
ec1819ea-04c6-446c-9605-2227a38b8b76,EO
6c4ced09-2a85-401e-bc21-7e375e0aa362,SNE
4590c0f7-04d7-4c55-af4c-a82411fb4912,LY
1bb5b1d4-9237-4b3a-951e-d816644e5e28,EO
2dd89a88-576b-468a-89f0-a9e753f8c9c9,BA
4f087726-c617-4d46-837e-a7f6ef8a42fb,EO
050aaadd-7882-4a8e-aa77-2d229899d2a5,SNE
b31709c7-67d2-4f08-babf-c1d83e72439d,EO
55707fad-f2fe-4043-83f3-9d2003a2a2a0,SNE
a1f8e2f5-0972-4d7e-a41b-822be3fb2786,MO
b8057950-5746-40cd-9aae-4cd85b17fc3b,LY
c9f9090e-01d3-48d7-a885-ed6279a96687,SNE
49455278-cf3f-4397-b3cf-489cff998634,MO
535b5739-6bee-4d3c-8bce-ef9111c4079c,EO
5f2e778b-72a6-4bf2-b40a-805db028c72b,LY
7ec64a26-96a8-4516-bad9-4a90ae1c07a7,EO
5ae155a1-c776-45cc-b102-6bb8e4008123,SNE
cc0767ce-8d54-4143-8fc3-cb2a7a0548b6,SNE
8ec41123-17cf-42ac-8165-aa353306ee38,LY
7ef143fa-c341-44d4-9836-fcfc030e63c4,SNE
3adf6886-bbde-4e02-adcd-b49cc1aa55e1,LY
a5c03b35-2a23-4dfe-b6cb-ad39f3aecd23,SNE
36535c89-c0c8-4647-8496-9cdbe2ad8743,LY
4face99c-8e52-4e96-980a-81c6828064d7,SNE
112407d8-a24f-4f78-89fc-5f63105bd4e2,SNE
809a01d3-4e7f-4579-829b-3613f7a24086,MO
05288dd6-cd42-4614-a5cc-ef166f93b09a,LY
5bfbceb6-c295-42f2-be86-9d06decac662,LY
43d659cd-77a6-4d8a-a033-e0b10b241410,MO
f0f035fa-6ab0-4de8-ac07-65a73d234eb6,BA
fe6a85ab-c21f-452f-b52f-7d6291361c56,SNE
82ec3c76-8ed4-424b-96e9-2a95e110f48c,SNE
cdcec95e-16da-44b6-932d-3b88a49701e0,SNE
18fb9d80-535e-468b-8e96-7b80a932e6a0,SNE
479db12a-5e7b-444f-9303-e5ede17b7cfe,EO
58d3908c-6028-4938-9106-f7418fcc89fb,SNE
6a5a3c92-64f1-4597-bf4b-33039d7d67c9,SNE
6ea738a8-8c59-4676-af00-157b34d348ea,MY
4ff80ad3-51fe-478e-9ca9-1815ecc26d80,LY
c7d3ea21-1b0f-485c-aed8-f02a54c2e36c,VLY
6a8bc28b-48b8-4855-9811-69a0a2af847d,SNE
ed968e8c-2b10-4704-9ec4-b320f7c9f670,LY
314b3dce-bde1-4dee-b885-b17b80c2a1db,LY
4342a8bc-b6a6-42a6-b234-90bf07bc9396,LY
634115d5-c2ac-46cd-8edc-5c26751e9abb,MO
7f7c16ac-cf1c-4fbb-aea1-57c96725eb8f,BA
03c92ba8-2b9e-4195-921b-f670490c8f5f,EO
e6267606-4322-4b2d-8f8a-0d588daf9d2a,MY
0e38c58d-6cc3-4a43-8fec-6cfe5d337634,LY
4c4bbed6-80a7-4963-af34-141322b9ffab,LY
482d3750-6267-462a-b472-b119c4444f13,BA
63a606b9-8756-4062-9f60-20a7adf72d3e,SNE
401990ef-bc00-4577-a14c-3489916ba8ac,BA
e95da26c-5523-4b63-a4ab-389e78319a52,MY
f99062bd-32e7-4e96-9787-ee77b71e0ad4,BA
83c292b6-b1a1-4ce1-bcfe-9058c716372c,LY
ad67367b-d65c-445f-9a24-f202c39d065f,MO
f27dbdd0-2d88-4e9e-92ec-eba0dc32b6f9,EO
045ac2b9-1d97-4f52-adaa-2d6701d8dc27,MMY
bfff7faf-bdcb-4d4c-8e0a-af4b09f97885,EO
05e1dfc1-a928-4871-b536-2d1a26a95791,SNE
e95f0aac-25af-4f59-84c1-b7be634dea45,EO
0185736d-1f9b-4ae8-8ca0-08120eabf2c1,LY
a8eab933-7e7d-48f2-bedd-a1ba0f5f496d,SNE
f564f4ec-fc0e-45ab-8a6c-40943e7d9c6c,LY
f0619ffb-ff02-4676-8237-e10e46409181,MO
c9cfd991-855c-466d-b2f4-59fed9ce59fd,LY
5a6bf583-ddc5-4997-ac7b-db931efd20cc,BA
4db99813-bed9-4e16-99af-3e1f74fe090e,MO
fc364188-614e-417c-bb76-52694f42ce0b,BA
45d7caba-9577-4901-bd25-0eeed0b64c68,MY
4d68588a-66d0-454e-a074-4dbc2766f55b,EO
923ecc62-7417-4984-aacf-3f4e8251a2d5,SNE
bc91076b-edae-48fd-be1b-de24dcae148f,MO
008c8023-f925-4b94-86f1-0ce0825f23c4,SNE
64e4f854-27dc-42b8-9e38-f6419e3fc154,MO
b944d4ca-5001-45f8-853c-99125ab8016b,LY
1a61f2d5-8200-4187-b290-5bcc07dcb68a,EO
88d5d958-98a6-490d-9c45-1048bb5eb966,EO
b614ca5b-9e24-4617-9733-9f7a5d554205,LY
6f11fcb7-09f0-4a48-915e-1ca5b282d522,LY
7dbf3719-7b8d-482a-ad34-cc5146111611,SNE
23091ddb-a367-4098-a169-77ee6b4325f5,MO
439a1262-93b9-4d09-b057-d345851eb6c5,SNE
7e485c79-e6b0-4793-a709-f1b349563a53,BA
db211921-2650-4e35-9874-f065a056a028,LY
00627c74-e300-42c3-9c69-ebc6e7ca4e10,MO
2a7405f7-673a-4014-b20b-f8f98e7ad80a,SNE
7dc15b96-824b-41f2-b56e-4f24d9924894,BA
d5cf3e82-7d34-4761-b4a0-8d33d7a530c7,SNE
e801516d-b9af-45e4-ad1b-c4a49e941935,SNE
4c4b9528-b506-440d-b22c-304a547bea5c,BA
3bcb16a5-298e-43f8-b22b-b4bf47fefac0,SNE
eecacec6-a497-4c12-98db-4f9d6ec18ab2,SNE
591aa6d6-6a7d-4669-926c-bdf6a9ce7dae,SNE
89b20a20-77c4-428b-b06a-0df69f744b56,SNE
b97b6bda-afd4-4aff-8be0-ea7cf5f007a4,SNE
839b3da3-0d5b-4d4c-8507-31767f48203d,MY
43b3188a-d9d3-4ce1-8940-143d5cc6d603,LY
a2630534-da64-48be-8463-f296d575f105,EO
61f75300-ea80-45fe-add0-d1b53725423c,SNE
78c7787a-e48d-4d78-8e0a-77dad6839442,SNE
30e821cf-725b-42ef-833e-a0255a73c131,SNE
eb59bf0d-4bc2-4494-b612-a66cc1822a9a,SNE
cba48a1c-996c-469a-99f2-7674fd31316c,LY
eb34a55b-a427-4937-8e62-b7e6070fdfaf,MO
9e815827-9988-4102-a7ce-db1d7db91236,SNE
815487b5-71db-4355-9493-fdac9ad1c49a,MY
1c9528bd-2ea4-4263-9b1a-522e740f1f1c,LY
ac044ec8-1cc3-492b-867d-42da46b1bbc2,LY
7daa97e4-ae8c-4b39-bbbc-9a470dde6108,SNE
d6c16ab7-9679-4591-a3f2-f3885ad44748,SNE
82c83658-4ffd-4367-b64e-37774ca79d09,EO
d08dd074-7d7e-4ff7-89dc-690924a66f49,MY
e6badde7-efbd-454e-b043-5fc212e8b2e3,LY
9df61b65-db7e-4003-87e5-18c915ba9d86,LY
d3f54e31-380f-40d5-b249-983ab3e33325,MY
6cb92ecb-b873-4f1b-a4d2-a3373833611a,MY
73cbafbb-216a-4a61-bbe0-e7394743a7f4,MO
2c390bcb-5e32-42a0-a3db-94c7b411a901,EO
00c86f52-63bc-4e1a-82d5-76d54632c5f7,SNE
c9a1126f-7bc4-47f7-adea-d2e7428ae998,SNE
121ff270-bdda-47ec-8114-db756974a65a,SNE
2336a268-51a8-4115-b2c8-900174f5b9be,EO
4b70997d-18b0-4008-ab06-8cdad5411261,MO
1600c29e-73e6-46ae-add4-7cdc5e9d7572,EO
8c1a39d8-ca7c-4406-a21c-fa1b60a63654,LY
c4bce9b9-9de4-4330-bd14-0a5009ac4690,EO
48e5058e-753e-45c8-9ad2-1744552e6b9a,MO
5e019ce2-5a13-467a-a69e-dda1294e81b8,LY
92f863ba-d923-4eac-a006-00acd916ce48,MO
a939ca5f-2b0a-49b3-8155-a48a57462d1c,MO
06c9d94d-e02e-4503-bcff-696377fc76e1,SNE
98427e8c-b300-4e06-83e4-8a72048cfc92,SNE
c1056d57-ac6b-41e0-80ff-4568c3dbbc59,LY
d23a70c8-c355-48da-949e-10926011d98e,EO
8d37feb9-eada-4dfd-868b-81c15f0c165e,EO
450f80c5-7ecc-447e-8c66-856a83905243,LY
9b985790-2302-4532-9ce7-bea174934842,LY
7a3e2bc2-c1b1-47be-a2b3-cf7fe534b1da,SNE
780e2626-18a5-46ed-bcb8-7a3f9c74714e,SNE
1a1daaad-9bf5-4d5d-b1bc-ddfd3abb01fe,EO
7e5ae2ec-84e3-43ae-88df-7312a6c5598e,EO
5c0d14c5-7511-4f77-b9ce-0f9dbd2f6938,SNE
fad40f62-8256-4b34-921c-5d820cb40e2e,SNE
3fff4b48-bf0f-45a6-8a4c-5d1e98b7f484,LY
7e857deb-66aa-4882-a7d1-b4d9f173984f,VLY
ad1639f3-eb33-41ba-8540-e4061fee1bc6,MY
9d99bd10-e90c-417d-83cf-b89d72d75349,LY
87323f9c-ae09-4c59-aec6-e830fd341a53,VLY
67ddbfa5-970c-4016-8437-99de49c3c8b3,SNE
387779fe-0fe8-48a2-9c52-42ff72de004b,MO
a5c91e4b-84ff-47bb-939f-1e66b74cffd9,MMY
ab289ef9-6684-4ed8-81bf-5eb4573aa520,LY
5e1a6a53-9dd9-47df-b54c-78c75944048e,EO
d988a1c4-f8cd-4bc4-b56b-6c61c41eeed8,EO
2e3a915a-b4af-4c29-bc79-da0903cbc276,SNE
70f8a7c6-445e-45c5-b96e-a5a0544b954a,VLY
1e0d5540-4b04-4680-bd23-516644be0569,SNE
735d6a7a-ca0b-4925-82f3-3f96193ef304,SNE
0d8439be-55ef-4e0c-b6ec-e49315c5ee6d,EO
f47690a4-75ae-4fe2-9a67-d117a96ba1c4,SNE
2515c9b6-dc66-493b-a74a-1f96db3e5e72,SNE
6a783c02-f3a6-4aec-be46-a7daab36dd66,BA
03f3aa74-c08c-4e67-a8a6-b0ff4749a177,EO
cdfc040c-72e5-44ae-835a-5d1a1770f2fd,MO
83ba5968-1f66-4a69-be92-d1ce89640fda,EO
29c229a0-9080-40a9-9f8e-ba713e22d931,SNE
86e780f8-b7c2-47fc-a97f-f0a93235336d,SNE
4bb4e978-bb0f-4b14-98dd-9795a4f9acbe,MY
4b9459c1-4a35-4f01-a24b-3d13b73e33bb,LY
ff14088b-8a5b-4e87-bda9-e9f94e0da562,LY
69db00bc-0ccf-4931-96ce-1da0e5e6ce5c,MMY
4bf4a3d6-1c69-43c9-86d9-61a219ead21b,LY
cf252256-dd55-415c-b07d-9093e62643fc,LY
4a2cd815-aa3b-4121-bafe-e9702f8574ca,LY
e56a105a-a555-4369-927d-d9703ea633b3,BA
ffbf279b-7be5-4f95-a4d6-8e02bf252823,SNE
63303fa4-040a-4fe1-b5a1-62d8cdd563ca,LY
66f56359-ef86-4e9e-ab09-f8861350f08d,SNE
5b0c2af3-ff15-4228-89eb-99a5fb9fc8ad,EO
6ec65db8-e8a9-4ed0-a11d-1c8c85bf22fc,SNE
f8e1132e-6968-4fdc-8763-dcb2962a0b64,MY
1e4d85a8-a806-4a55-ab17-ea8fe0f9b236,LY
4ab19da9-e188-449b-9436-4d16ea7b4bda,SNE
63f84e79-66f3-4da6-83b3-a2bc5672401c,SNE
ea84fd2c-54b3-4f0d-8785-b4e0b10968b9,SNE
fae4bb2c-1476-44eb-972e-b34c531a2963,EO
7c1d2a32-3001-486d-a0df-8718a9e8e725,BA
1fa7da14-b46d-4229-80e1-990b31e332e0,EO
401403ff-f953-4487-ba5c-788866c8629a,SNE
4f100d0a-0453-4ffe-b4d6-add8ae6f165c,MY
4262c4b5-72f3-43e8-a036-a884f0b19dcd,EO
6fb269b7-c4f6-4cee-9735-2ff0dc41980c,SNE
0fa4bc01-dbee-4975-b9d4-5ab70ae8d903,EO
0ef0657a-7491-4efc-8b9b-147b8246a44a,EO
065d077e-a935-4cec-a1b9-eea2c29a1fc1,SNE
1ac430b5-4c78-456b-bcf6-bfbe3e2348cc,EO
6b163127-5b23-41ff-b2cb-b44196142f0f,EO
f5bd9782-9d2b-41b8-87e4-27b87527e5bc,MO
c43f378f-45ad-4301-bbcf-414e2c0650e8,LY
0e0b93f2-428f-40ec-a8d4-3d30223b820a,LY
4149b759-643a-4c0f-99a1-9c9adb66e834,LY
2408cb87-8d7e-4ecd-8551-f2b2a404cd61,EO
ca9b5e34-12e4-464b-acb5-da0a2ac8b793,EO
3d0b4765-0643-40a8-942e-15cee9badc45,LY
6d5c00cf-c859-4661-a110-ad4ee1d76e79,LY
f0cc206b-8490-4668-bd1b-ad9cee54feb1,SNE
edcb2dda-31c2-4e1f-9c84-fd36cb15c6fc,BA
c4fdd69a-e0a0-4e84-937b-f532eefa938f,SNE
428c1f76-c83c-4e74-a434-bc7a942aabef,MY
67edc616-e0df-4a47-a02b-c83f6605b369,MY
a5cdc28e-194c-4b41-88a2-a61b30839d94,SNE
c83db358-1998-49a8-8f91-5feb74965dd7,EO
73a97b51-ed9d-4a3a-99df-95c94e1fcdde,MY
c095341d-b81c-4050-a6d5-cf4ba0f8a6ca,SNE
7338f0a3-f3c4-4a96-815a-38efb9e51387,VLY
6eb4a67b-d8bd-4414-8e9c-f7bcabf01971,SNE
0414b7fc-3508-4a1a-ace3-d55236aa5f3d,MMY
6af3e3ee-8fad-41e0-84bb-e6d34dd2098e,SNE
85b635de-4c4d-42bd-969f-c3815d8f3676,EO
b103de82-6cb2-4d53-828a-b76cdb390ccf,SNE
202a58d2-52da-462a-8b30-f705e46c3e2f,MO
325fa23b-3751-48aa-82cd-c6434df74236,BA
d7543109-0b34-4707-9b1f-fbf34dac9a3a,SNE
2c0c8b6f-dea6-468b-9ac6-bca976c92385,LY
e1b923d2-04ba-4d99-b0d6-14c825eb9dc3,MO
120df8f9-f2f3-4982-8e78-f9e5ef9ad76c,EO
e5354eaa-f7f8-4220-895c-2dd233a7b28c,SNE
2c26c06b-3cfb-4a84-810d-342a25fdf58f,BA
b06d83c6-c463-41dc-bcb9-3cfaed1c105e,SNE
ffdf50dd-1312-4cae-b645-e225b4f27819,BA
fd36b957-3050-4b85-bf58-8b216680e06d,SNE
82618d8d-f621-48a8-be08-3fd996b3ce41,MY
4f4cf76b-27c5-4eb3-b35b-10a0d3fed7ef,EO
98c5efa8-7bae-4be9-926d-563086a49612,BA
8dacdfc6-a31d-4572-9855-c32d41187c3f,BA
37a9a84e-fcc6-4dfd-844b-edc6b6d6f7c7,LY
280c8d59-f1d8-4789-96a2-7031cc7e3663,BA
0997db24-7530-418e-955e-a1e14bd6e154,LY
1a5ac8b8-ffe8-4f17-9306-caa31a8ffdf2,SNE
c432a296-91f7-4620-bfc8-878a92cd9414,EO
7d0ded89-ce84-4e83-858b-51c8a7eac7d7,SNE
302a3448-3781-46e5-8a6e-d5e305881c06,SNE
86993867-0857-45fe-99c1-d7073637fb95,MMY
2ca8b3ee-e8bf-4b7f-bc35-0707626e752b,LY
b347eaa0-cb4a-47a3-a284-4b77e58f862c,SNE
40eb8cbb-89d6-4314-87fa-48461425863e,SNE
eac15dc2-6d50-40be-b1b8-9663b7f0bd82,SNE
f348c245-5c19-4635-88cc-437c6ef50b6c,BA
2c0666c9-ddb1-4332-b3c4-059c3ca7a2c6,SNE
0c97d9c4-0ca3-4cd6-9571-c9eb39530d44,EO
31d339ed-063d-41e2-9c62-7dec3f27c72b,SNE
85d2db46-1a12-4cc9-885b-3e7f034d4625,BA
79a8c6f5-ae38-4df0-b40e-0a35a4d15167,EO
a9e4f194-b0e2-4328-a5f0-a4682517c7bd,EO
f8f82a47-43eb-4fdd-a416-b5bc0e9dbca9,EO
5f5236ef-c073-4173-9549-3f64e5b07843,LY
bbe1fe8a-d7c8-44a3-8bb6-ddc4a43f5049,EO
fa03e8c3-02d5-4dfc-9048-29ea1ce4fa54,MMY
038fd112-7716-4160-b975-490991af0506,EO
18dd3752-9448-4de0-af5a-3c7aff5b09d6,EO
e0cf5653-4b6b-4c9c-90c9-79ad35e74486,EO
dec17880-0419-4578-bc62-71a09205593f,EO
e82bb387-6bcc-47c3-930f-4bea6a0a2347,LY
e0c5b44c-3f38-4b1d-95e9-a6e7e6def5d1,SNE
62633a79-427d-43cb-ac78-2563938a1e4f,SNE
0b4ffb1a-7afa-4e7b-949f-3fe22e31cab2,LY
687dd6b0-3a7e-4e2f-bd6d-e90e790de323,MO
4f165cbc-fcab-4ee2-b50e-e39f54193433,SNE
8c56d31f-6e09-4fad-96ac-841088867a3a,SNE
e5db689e-549e-49b3-a1d5-f7db3c5bbf7f,EO
abb818e8-11ca-4d30-825a-49b5e7332c2e,EO
2b1a05d8-3ff1-4b16-aef0-55cf1946e9ed,MY
9df807f9-d873-4f0f-8b20-0b4d0cd7e1ba,SNE
c736eb30-65e9-47a9-b274-e2f13cd5cf48,EO
d9d44231-2e9a-402a-8f1a-f9f682a1ed89,EO
48da2b2c-7859-46a8-a3ea-2afe485ab178,EO
e806ffad-5717-4354-89e8-d9b7ac914cea,EO
0575e296-1ec5-4e23-bc75-04ba18a16360,EO
b5600b74-93d5-419a-9d0c-6f18c9e7293f,SNE
b12dc131-d6ca-49bb-b5fb-fbbd15f96bd2,SNE
6afed380-95ea-434d-a367-0a0977ff4f2c,SNE
bc3fc6ef-326d-4c5f-b2b2-d9939d260008,SNE
d8277023-d95b-451f-8467-2cbc18fd7952,EO
daa86021-88bf-420f-a8f5-a5f45fad9467,LY
f3fb7c69-0e9c-459a-9f30-5921dc654fc8,SNE
99b69b13-0161-4c05-a5e4-bf1704f1bb86,BA
5ddef17b-ad08-47b7-8857-6ba5cc369f47,LY
e18ff387-c5b5-44db-addb-c9b7367b8da9,SNE
913ab0f2-4dc5-4215-9070-cf1f6098d82a,LY
bbd51e39-ec7e-441d-a529-f50b6ac98b33,BA
a0aec243-ee86-4d79-8197-238b1af2cbfa,LY
c5709086-50c2-4e12-8428-2db4b62aadca,LY
286eb896-65a0-44db-a028-bbdbc928272c,SNE
f90ae45c-fbb9-463b-add6-f7f667aa80db,SNE
e5b8b23f-aa38-492b-a990-5ef8ebde3d03,MY
28914c93-5d7c-4f1c-b7d8-e108a740815e,LY
86e92a9f-afa0-4bb1-9ff7-d4b287974f56,EO
b98d731b-1e63-431d-85fe-03236de23ce1,EO
b5ce146e-aefe-46c6-a031-8eb83d917b5f,LY
f52962b9-a952-429f-8a4c-f4b6a2894fa0,MY
7a1d01ac-0b61-4c82-a592-2ca7bafce7e2,EO
0a19ad64-10dc-42b0-ae1d-194915730a22,BA
430678cf-2d32-4401-830a-c73887d963ed,MO
27f08bb9-5830-4cce-9c00-968d751bd26c,MO
df97f947-6870-4ea9-8000-0d1bf26d3a96,BA
5ee669fa-b7b4-418f-b4f3-35535461bb33,EO
467ce23f-d949-4c53-a325-0e791ab51119,LY
55b13962-e0c5-4e7f-b0f6-2b68a1a975dd,LY
be55717a-96fa-46af-9bec-ef940343ee16,SNE
8210ee70-dcb5-46a5-b620-b8a904aee3ff,EO
421d88fc-ee4f-40fd-92f4-eb18e015f055,MY
bb21c2d4-2013-46dd-9d98-a370bdbc5f39,LY
bd25be2b-6b47-4369-971c-46d1f6074c1b,MY
391c2a67-e484-47f1-97ac-a93522e37a0c,EO
eed6060f-57ce-4f9f-86cb-58f5ea27186e,EO
969ae576-b5c2-47ab-bfb1-2d4adbe9610e,SNE
88f28416-b71c-4688-add2-b6fe7ca2cf95,LY
f7330cd4-47eb-4326-8c03-e629c60cd521,MO
e3e44513-ac13-4a1b-83b4-219e0efb9346,SNE
8c80f92e-08bd-4948-8132-0f0de34d6895,SNE
a8acd7e2-b127-47f7-a528-8f83ba1b5f40,LY
d415433d-9730-4103-82ac-029333858e14,EO
ab9a264f-9c59-466d-8688-edb2d7d93d32,EO
8163a8dc-9d0f-45ec-9c05-dd15fb249950,LY
2e0768e5-8e9f-4af7-a5ea-a44cf54fc6aa,MMY
e722872e-447f-4978-83d1-a3918ab66693,LY
7eddcaf8-f39e-4cdd-a452-9fc0fb68f6ec,SNE
55abb191-0c11-4384-8b15-28e372d5f25b,SNE
8dad1f31-0a03-4ed9-9443-db4fc4e9def5,SNE
05199e01-494f-48ce-96ff-32892b3e18d0,EO
f5db5773-bba5-4078-b7ff-384f71eafdbf,BA
912b3468-dc77-456e-aa52-b30b429d1884,LY
78a645a6-05a6-4dcf-84fd-777ce195d79e,LY
910d41bf-8660-4335-a3db-c89c228f27dc,EO
7e2d94a1-12e8-49b9-8a92-d056d90f5140,BA
13d03922-5380-4814-9d2a-24332bd148f8,BA
734bfb3f-77c0-467d-b1b5-1ee884aa5ffd,SNE
f3f35f5b-dee2-47b8-831e-c1fb184b3750,LY
dd7fa7dd-bbd4-4f0e-a604-d477c6ba8ff4,MO
476f2ad5-bfd5-476f-890e-e5fbc9913b93,MY
34a11338-9dec-484e-a1f8-268a0fc89edc,LY
9c357713-7841-40c2-b33b-e7b6f24a6a7a,MY
c696cb5c-769b-4982-8130-b8c68cb2c278,LY
51280dbb-bcd2-4487-b0bf-29a8c02765d3,BA
48250a0d-be6f-415b-b4b3-d7a2e5febb02,MY
d87a9ec3-4671-437a-9fd4-6a41412e2b08,LY
79a31d50-dd08-4513-bb71-6b96bc0bd951,SNE
0c5566bf-b676-445f-96d1-c9678780cf6b,MMY
c690fa4f-82f3-4813-a060-6432d984d253,SNE
70a82b40-f8e9-4e56-9ea8-e896f98389c5,LY
f3de2978-14fb-4443-90a5-5c28349061dc,LY
9deb3a9b-dbe9-4319-90cd-b3bb33cf7f1a,LY
14325415-2884-481e-ba3b-c49b72eab69a,MY
54de39b6-d2bd-4f35-9e3f-414635de1dcf,LY
8a117af5-2229-4a55-9cc8-ab8874dd3fe0,MY
cd048db6-eb3d-4a44-aba6-3b9ace34fba6,SNE
969a52b7-29b7-456a-9d90-cd1faffc09bd,LY
de83cb1d-97e9-448e-8790-3837ca5ae093,EO
a66de2b3-43f4-460a-863f-6ba469b1c174,MO
e2416616-049b-41fd-a01c-37d663fa8a2a,LY
1a0b1136-8d90-4630-9147-0e97f329c8fd,SNE
84e43cea-4df0-45d4-96c0-72e5580e21ae,LY
1f5e96a5-24c5-41c9-ace7-ed1e00e6e9da,BA
62d129db-72ed-429f-82eb-ae5f7e1a3762,SNE
dbeadbb6-f3ca-4205-bb8e-835e24813bf7,MO
6557ad85-1b35-4278-a3dc-85a7ab68db58,LY
2c6ce976-bd9f-4f96-856b-db6027b23e11,SNE
ac783993-83b1-4d13-92ae-35cfc6486dd5,SNE
2230b90e-01f5-49a1-a265-31170acdaf35,BA
e668314c-0179-4980-8c7c-de1e67d0b55d,SNE
2cd2f270-26fe-4cbd-9b3c-2b92de6ba903,SNE
ca2e4b55-1fc3-4770-8669-68054e2b2170,EO
1d592833-91d5-4994-bd7e-046721295ab9,SNE
bd799ed6-26b8-48bc-a8b9-262508bc899c,SNE
d33d6a26-3d34-4d1a-a8ca-94ac223ab6d3,SNE
aa3e066b-f23a-4074-a91d-f63d85c11b5a,EO
6d7e15f3-d090-42d5-8a4a-a3f18a20f08f,EO
d9c8767a-b652-4991-9da0-25ab74eb8df1,SNE
88b54c6c-f362-4bc1-aecf-848593dd2722,EO
8180977e-ed42-4a7b-9f15-aa3af4c16d10,BA
a7c2e266-f896-4fc3-8aa0-860de9d77ddc,PMY
b2356040-3487-4f5c-b01a-5931651a7846,SNE
93c5d771-6917-40b8-abcf-aff4cdda5843,SNE
a06d8908-3dff-41f5-b2a3-0e2cf425d203,SNE
af2b27f0-9e7a-4a4b-b136-fce690a8eec8,SNE
0cf72388-790b-4d47-9e7f-8ef5e059fa3d,LY
9feedbcb-86e1-47c4-bdb0-5ad179595521,EO
9f095d9d-9cd8-4f6b-8d51-9efed94f150e,EO
d292cde8-e40e-458e-a557-d7a8a446cb2b,LY
7274fdc1-d314-4521-b536-6d3d6d78f6fc,EO
7117c88a-ae65-42d8-be14-b2c3fd077cd2,VLY
491523aa-35ee-4c7a-ab37-3fbd540c7f5c,LY
04b993d8-eda8-4515-a823-028094bfccb8,MY
bd428953-d41a-45f8-9b25-e4197c2231e0,LY
3d9d2dd5-9d65-4bbf-86c4-6e4c255597d6,LY
2ea0db92-2552-40c6-a739-6a32ae7b22e0,LY
fd6888ba-9e00-4913-883f-9d5f280e3f0e,EO
0dd59c7e-2a7b-40f5-8c7f-fafd8f89879f,SNE
28d3727a-0df0-44d5-90ca-83ebbdde5470,EO
54b40153-ab86-4e4f-a64b-b8644978e57f,SNE
dd56bd76-d253-4ebd-84a4-9b16d3134d25,EO
909f492d-5b29-496a-837a-0b11b5825942,LY
0c0095c5-63ad-4ff4-8d11-07c2a9d47e00,MY
4fe2cf3f-b7ab-4b78-af35-2a65e8c65ee2,SNE
931a2cbf-4591-4889-bab1-5514a4267d38,LY
16a29415-90ca-4021-9941-76a3df9f1f2b,SNE
89e0cd34-b198-4d00-b5ff-5c92ee6cb7c6,MY
a32ab5d5-1678-4974-95e0-7ccfac77555f,LY
d308724c-c155-4c67-b92c-bfa5c6dcf1cf,LY
934374d3-74b2-4c16-8cc1-57814fef0e01,EO
b0956f03-02e7-4a7d-a27d-b3990628afee,SNE
eeeb5617-90b7-4a5c-875e-b33a4043b461,SNE
7d4b2ca8-fd43-462b-b60e-015d0e010c54,SNE
ebda1ca9-db66-4b18-bdfc-4ef8c029e372,SNE
5bec4dd2-9df1-4065-8624-e539e49feaec,SNE
2ec80917-1b4e-45d8-b2b0-5a142127411a,BNE
699384c1-bf5b-4dcf-8139-29225d3699f6,BA
e2e18745-6c16-47fb-b073-30097322e6b2,EO
ea77b687-4bf2-4a2d-a9fd-efc0214c829b,SNE
e68a2f7f-0b4b-470c-aff0-95ed023a9fcb,BA
f31a62d7-de40-4e4d-987f-4efb81ebb9b4,SNE
92a10bc9-7093-471d-9cb3-2c01446c8419,VLY
3f0981b8-bdec-426f-8a92-d75d66de80e2,BA
edb85b29-72bb-4c5b-a1df-123f56b60f43,SNE
7ed1c7fb-2d97-4e02-aaf4-9f57a168ba2f,LY
86061bb5-1447-42f7-8345-c7fa454e28f8,LY
66aceaba-5b50-4e87-9ff3-833a145cfb96,EO
ccec1a2a-55ca-4a8b-981b-7ec61246292f,LY
fb9c1f1c-af8e-43d2-a851-34a38e8ad000,EO
4704ed6b-d9ad-4c7b-a34e-8e67229c61db,EO
a5bab974-af9b-4fbb-8e20-af6dc1bda6e1,SNE
065c43d3-e286-426f-b2c9-41483046cfb7,MMY
949e9d6f-7274-48b8-8f6f-cde70ddf7e59,EO
3338bc28-56f7-415f-9740-97d8ebbdaaf7,MY
f786bbe4-5610-42c0-95a5-3bef99b2d871,EO
5f49966f-2564-49aa-aeeb-f5c2d8932507,SNE
bff1afe8-f002-4f06-afa4-aaa7bd872cc1,LY
a76a671d-d814-44a8-b66f-2606354b55b7,EO
ab1c8308-3556-432b-8009-61dc2fd7b640,SNE
b21798f2-d2bf-4db2-b4ff-7c2a886d351f,EO
d5996573-364c-49ea-826e-c6265a4265f6,SNE
cc2e16e3-9d71-49c6-aa11-c75cd78d65ae,EO
3ebc7666-3ca2-4cb7-8982-5fe58b1e8a35,EO
55537cd6-4645-4e17-b414-40707f75ab74,VLY
d171326b-f23e-40c1-aa36-b8d17235b3e5,BA
32f85b1e-9fc1-4e6d-886f-d3e2891cf412,MY
b3fcbd64-a8ac-46ad-8017-57377667ee72,EO
dfc6e63b-fb56-4cb3-9071-86ec53bf5446,LY
a8504238-74b3-4885-b481-da608530e1a9,LY
5d302442-1cf1-4bae-b471-08526922e6e3,SNE
7c2cb369-39b7-45ba-b477-da59922300c3,LY
165b1ff7-f5e8-4701-b88c-58aef684fd4a,SNE
a84304ef-191c-4a7b-b556-5cb809961d2e,MMY
36b311b5-c00d-4959-947c-9fbc2bfe34d5,LY
e90a11e1-bd61-410f-9584-937afbdef756,SNE
78d5c1e8-3e9c-4344-a690-24b693ae8f62,LY
b0f97ef8-e671-41f9-a14b-dd1e56eb5d05,SNE
cdc9f4af-301c-439c-a5cf-0b55652a9a04,SNE
cbd1e75d-c134-4270-bf5e-2cb9fd8da65e,BA
80fcfbc1-638a-4cec-a8d3-e9238f081d54,EO
33b5d531-c300-400c-af3a-06e6e1f877ef,BA
c12df929-bd01-4183-aaa2-88fc3141e662,LY
65155f8b-f2a9-4156-8397-4510ee077293,MO
54dc9a9b-c312-43f8-8ae2-67d069875ff5,SNE
e278168d-7ce1-416d-a331-5b7268bde688,SNE
0fd4d0a0-f49e-4023-8718-30aff3af0425,MO
de0780ab-e582-4019-937e-e9d610b790a2,LY
34aa8773-1607-4aab-bfbf-80d5a0e49c98,MY
6d479911-4a9d-4095-a88a-79faebb56e2f,LY
3b0782fb-1a1d-4c10-a464-12b18fc32c10,BA
edaf0710-d841-43f2-b1e4-842cc8157d99,SNE
7699771e-ae34-4f4e-9ef9-dbbd2978bc33,EO
7252e5bb-52f0-4598-bdce-9fea5c4b2896,EO
38ced76e-d9fb-4fc5-93ce-61fcfccb4d4b,LY
08d40a74-f552-4993-94f2-9819e0adb9a3,EO
337d84d1-269e-45de-b757-d47da81d4194,BA
2eb672c2-a4d8-44e2-8711-2213e1b89079,LY
3645f3f0-d69d-468c-82b4-81c0faad1443,SNE
431c88d7-82cf-4677-a7dd-714f637eb8c1,LY
4986e792-9a8d-4dd5-b597-558991efdd7b,EO
09457377-a6c2-45ff-b625-35dd2096719b,LY
42cd640c-a99c-442b-b756-35cbf2452d74,LY
044e4cc2-0638-4595-a2d6-92229defa9e7,LY
6bddeea3-19df-48ee-84fd-b713e61b54f7,SNE
a89a1caa-6cb5-4596-9b7f-24ad8300c7c5,SNE
2ec7cd94-467f-44aa-9394-531267134a6b,MMY
b8c10ff6-c4f8-4b42-9f9b-9cd418d1cda8,BA
5d14ed1c-76fc-4f24-b027-dc082c95cb45,LY
686c076c-238a-41c5-8766-dfb3461083db,MO
dc04b6d6-b5eb-4a55-9a60-d6f4b6ecbee3,BA
4cf6e5c4-d0a6-43ae-89ce-6903e3bc7969,SNE
189bc3c4-3b92-4743-ba4f-d34a6e361769,LY
1425c8e4-0b83-4efe-abdf-406641201377,MY
d9d897d4-9138-4a58-827a-37ec4c4fcfb7,SNE
a16b2f24-e899-46e5-b160-26f96d04e8b1,BA
774a7067-2739-46ef-b469-03da0d7a3b78,EO
872390d8-4c60-42c7-902e-83e6243f54cd,EO
87394e3d-e1d9-4c32-a6ea-432e81c07138,LY
2eed8cdf-3545-40b3-b6cc-1bf0c2ac711e,EO
6d108061-958b-466b-ba15-8518f242cfe9,LY
9d83ee3a-ac9a-4faa-9348-31a46063ec7e,SNE
1ca103ff-d033-4572-ae14-4add216f8759,SNE
3582fa7f-bf42-407f-9c15-7e82f1ddd812,VLY
06325449-47ab-439f-8a6c-f9ee37815a58,SNE
aa39229a-389e-419f-b5d0-0086a8677e0d,MY
e0441cbe-bfd2-4785-aa30-78ee4485c73a,EO
0a2641d0-5cd9-48cf-8472-666a766c6e2f,BA
c52784a7-9016-4b7c-aed5-b2de94ccbc09,SNE
bbd72b60-7704-4ae3-856f-37180012ae7b,MY
8d8627de-ecfc-4d23-b4f1-7cfe99f06179,EO
54e729cb-468b-4dd5-afae-df68e54a95f0,SNE
2969706c-dde5-47c0-99f2-7988bf3fe740,SNE
c3217419-18b8-4d38-a179-a89c8b1169b2,BA
2ff7dc04-2c72-4f45-b7cf-32827d48b453,SNE
eb488fad-8ebc-4e74-8bfa-7d4b220bf637,EO
3253cf8d-d84a-40cb-b71d-4fb8bb2541eb,EO
14a09dd5-633c-46ce-90df-9c947f8bbcee,LY
be65ac04-8679-4fc0-969b-9269469cea18,SNE
29646d13-019b-478f-bd72-82f051be2f2f,LY
9aaa1de4-e288-4927-9896-6f9b3255d19e,MY
053ebf22-1330-424b-80f6-25d6e1922ee0,LY
1c21e4fb-7bc8-408f-a25b-e650d722c952,BNE
ddd8cfc1-0e7f-42c5-9c7f-b6b5021e16de,LY
3f82ffe9-9a3b-4385-8f6d-2a38d99d51b8,LY
084b8206-cfc0-45dd-acc0-c8682a973bff,SNE
a55df6f4-1aab-46ad-8504-fc9135afb9b3,MO
20109b91-7511-475f-9a94-fb29fcf96b5a,LY
3cf6d512-61bc-419c-ba24-9bb1e2035ade,EO
cd3bddc0-e657-40b9-8ac7-906b7407578c,LY
dcdfdcba-0aeb-4bdd-9f4b-24295e1c4b49,SNE
7cfde3c0-6fab-4272-ba85-e15e95034a7d,MO
dfeb211e-d782-4739-968b-a719562c277f,LY
45ab0fdf-b09e-4815-afa4-ac4ed7716e3f,SNE
17dcfedc-c53b-4411-aef6-d39d19259606,SNE
ad078f62-3dea-4930-9812-2eef7863ff98,LY
305196d1-f988-436d-9917-428d8de57591,LY
ef0b53bd-2065-4cbe-bff4-a3b6daabbe9d,LY
aa97da26-73a2-4beb-9df2-837abd61fd5f,MY
4a4670d9-98a2-4d5f-9832-824b0aa0e03c,SNE
8b1a56b2-e9b3-4505-8628-2e42829c62ce,LY
a9bd2057-db57-4d2b-b3ee-2c6c4c526a3c,LY
e0d08e21-cf3d-4029-8067-e01d8b097cf7,MY
3a10e064-52dc-495a-a7b1-10ce461a0e6a,LY
82dc8842-a17a-48bc-a6e9-6ad9671151cb,LY
a06c65b1-fbf0-41ef-a446-61396af49d7f,SNE
63963c8a-c460-476b-82b8-18915b655c5c,LY
53351f7f-2241-4085-88a7-8a8709fc4790,BA
d581abe7-27a0-4065-aa87-1f724ff31cde,LY
95dc3a3c-9499-485d-9506-cfbff639af76,MO
3932212b-2a6c-47f5-ad2b-9076b7ec60e4,EO
87d2eb44-8477-4f56-8402-bbd8fb6a1815,BA
35301d86-cbe2-40f1-9207-f3de4b3685c0,EO
53a2f89e-59a5-406a-b4ef-2120f3c015e9,LY
cc5cc5bd-3680-4a22-807d-9756b7e6efa2,MY
93d7835c-2832-4ff8-a505-8facf169ff34,LY
227892e2-a645-4834-aa4f-e6667ec63820,MO
4324a45f-1b42-410d-bec4-b5966d17eab0,SNE
20606c82-43ab-42d5-bbd4-fb67f8d69715,SNE
de0d8ccd-51cd-4492-9ae7-bf3d5b9aa8ee,SNE
6e90cecc-1ba4-44fa-bfe0-fcf2fd4d0a34,LY
44ee1088-e4c6-47ec-b6cc-4d186282d9c1,EO
bb3b2e1c-034f-4d53-a032-ab33128fa616,LY
e4c021d5-e4b8-4529-926f-c5908a7d0c1f,SNE
8897c19f-fa9c-4fef-b7d5-59ab499ebfe0,MY
c3946d89-a605-45e5-861b-734fe2ef963a,SNE
f82e260e-531c-4369-a588-7057bce3afc7,SNE
cbb21571-182b-4629-b637-0026a8ecdfee,MY
45acbe0e-8384-4754-aa0c-28c21921fc43,SNE
3ab5ffc6-d7b3-4fa7-b13e-6b3f69e2c567,MMY
a201b202-6213-44a2-8728-113ffd190937,LY
fe6b4059-262f-4887-a48c-756dd2dd2d19,LY
ae4b3867-eac3-4f80-afc7-6f986e73efa6,BA
2d19ba43-fd54-4cdb-899e-fedb74d389b3,LY
8ea81517-5bb8-46e4-9f67-a3a8d16a9e37,EO
6f831816-6dcf-43a1-8af1-fb7ba7319eac,EO
79c9aea7-1c08-43f3-be60-63e743a522d5,SNE
1a4212d4-6eb1-4e1c-86f7-172c30a0a574,LY
fdbab7de-f0e9-476e-a80f-b04434dd1b4e,SNE
7e1a5410-f027-4d2c-8dd2-68a8e67c6405,MMY
14a70821-cb02-4926-aa50-cec3a1323d9d,BA
dd790ddb-0ac4-407b-9412-5a7a943aac18,LY
a501798b-743b-4bee-84b3-25deab0f4999,SNE
b753606f-4b2b-4ed8-adff-db28168a33dc,MMY
5e03ef47-b1dd-40e4-8f0a-f4778144a428,MY
e8f51709-3d88-48bc-b418-d09fbc7877f8,SNE
5ae1a226-8b2d-4c9c-bf59-f3fd96360b60,SNE
710f879d-ce07-4ea0-80e6-a21e06fd44de,BA
f9f41c29-0a1d-490c-8e70-46981ea19f28,SNE
3e248719-ed18-46a1-b1f3-351b59f2220c,SNE
baf6e236-18a2-4ef7-b6e7-fcb4d817b17d,SNE
32a006cd-51af-4b53-9cd0-788807227ac2,SNE
a96d5dce-7ab3-469d-a048-2085394c0873,LY
dad57bad-5a30-4e32-a75c-2ca313a8167d,SNE
a395ff10-31b8-4608-a28d-3c55f3751443,SNE
5b665035-c2eb-4808-b7bb-c3143e52a435,LY
0ae51bf7-cf2a-494f-9e99-8def9f8ad16d,LY
dc6da24e-a1fd-4e69-9247-46076e1f6f79,BA
41daaeac-7031-4c5b-9f79-719adba51d89,EO
d225ae14-41a6-4b98-a6d5-9b91bc5d6312,BA
8ca1c04b-8e80-469f-a631-2c1cd7a3cdd5,LY
25c3cc8d-fc8e-4796-8e59-aa81caa1d3e9,MY
573c79d7-f565-423e-a091-1d34e18579ce,LY
f6efc14f-4d8d-4c49-8c77-ca1690ec2330,SNE
5a71c091-ece3-41d6-a79a-ef5b04f076b9,EO
8032b226-95a8-4a6f-b931-38c1189e4b22,EO
75bdbb34-9d7c-4f23-a3b4-a4b665e4b617,SNE
1a5076f5-e38c-4945-88e2-389291195b83,SNE
933d287a-5519-420e-bd16-f5b7e4f89059,SNE
89c5ecb1-0a58-43a7-ad83-e328566f3e83,EO
dacb4140-8ac5-4675-a82d-d53955c65b4f,LY
6fc5ddfc-eaf6-42c9-bf7c-63a19af7b05a,MY
b3ae9ee0-9e98-46a4-8c97-30f5aa63c1ad,LY
49258d64-45b1-45f0-8804-dd60fc4f524c,LY
cfba8bb9-a90f-415d-8b01-ee790eac09c9,MY
cf1578ae-373c-4df0-9589-a0278ff11314,SNE
c98f5a00-6a12-47ec-a7b6-739dd8f1e594,EO
988a23ae-8044-4778-83d2-74ad24d44990,LY
76f837c0-17ec-46a1-a708-3d0888f62b39,SNE
ab8e9ba2-1bce-4fa4-9b18-f363cef4f528,LY
afaad6c9-abbf-48a0-bac1-13bf5b94904b,LY
34375c7b-ffab-47aa-b6e9-24e0c6d10170,LY
02ba0203-1df7-40b5-bf8b-267fc8abb4a7,EO
aa97e897-ffbd-4186-8572-e0884cf64a38,EO
42b9165d-7acb-4e17-afbb-fbae71383c74,EO
153b726a-eeb6-44d8-ac90-1c9e510f06ec,MO
4952feaa-9b75-42ed-93e0-fb5ae1b8e136,MY
d0c9f70a-cada-4b05-9a38-313dd6159316,SNE
afeafcad-0d98-4da0-bf18-e6543493b8dd,LY
832bd2f6-1c7c-41d2-a553-fa649da9c3e0,BA
9bc60476-5f2c-4f8f-939f-b5078efb0e33,SNE
4099323c-6442-4c1d-a8e5-a4b0441172dd,MMY
367b8b13-286c-4cd0-9aad-9b705823f101,BA
d2682bb2-daa6-4151-9994-163164ddf915,MY
8f1bc61b-8a71-4920-a1e8-5b9fe0d2413b,LY
6a2c81e9-8c15-44b9-a8a0-3ad3db4a02f4,BA
e71a88c0-483e-4ce5-a6ca-36f37fbabcdc,SNE
868f5e1f-8cb9-4436-a8eb-a70c134aec1c,SNE
96bcd9e1-3615-4827-aafd-5128b2e02888,MY
3d755db4-30b6-480d-be3d-ac841af7f251,SNE
d6c9331e-dc1a-4432-97e8-c51acc27c967,LY
7985effa-df17-4c01-ae34-04cbac8301e7,BA
623f1db5-9705-4422-9bd3-f35ec7ca1bc1,LY
b870225c-b281-4a6a-9255-3e1440db8bcb,LY
af2b83b8-5757-455d-bcfa-a3a7402905ce,MO
4363259c-44bc-4dbc-b0d6-d6fdbd9286ad,EO
d4805e7d-480e-4892-ac84-8738cbe0813d,SNE
c91107c5-28eb-4dab-a254-a3cc2962a65c,LY
aa3d6624-171a-49ae-8ccf-7ae5db248830,MY
9c23053c-c274-4d57-9204-43f0ac3a1124,SNE
78d48b94-2e26-445d-aa6b-e8abfe1ff019,LY
5b9ec5d5-8ea1-414e-9158-a5185c26928f,EO
4ae03a19-297c-4ab5-978f-86850ed2967b,BA
8b83bc27-5bf9-41a0-915e-0bca9be21db5,SNE
970a6386-321f-4a25-ab22-b9b16d24a2e3,SNE
9dd8b50d-1a3e-47da-b7ab-71cc632df6ee,LY
2eb88351-2d40-4fbd-865f-fafeb9cf6c5d,LY
7d7a43a0-8f64-4227-ada6-3fa1ee4053ab,SNE
fd74bded-b701-406b-aecf-eb65584df7a3,LY
6aff6c4b-625a-4bd3-9f88-7c359233399b,MO
20623dc9-1c03-43e4-9e62-dfa4f0e6be87,EO
f19607c2-3501-4256-9405-935b4f4cc9f7,BA
8c59720e-9457-45fc-a6e3-fdbd4ce61c0d,EO
3b04b768-4aa4-41a0-8906-ebd627343c2b,SNE
b1105e34-f9ff-4b77-a49d-70f9799b223d,SNE
1528a8e2-e401-45cd-b90d-167923a4e91f,BA
8691c170-9bf4-4acb-a779-139bc7531601,LY
f251592f-d34e-4284-92b0-c63a5c03bc4f,EO
1b325951-e70c-4616-a7ab-99208d3cef32,LY
ca012c6b-9e4b-4d23-83bb-9aaf8dc75210,BA
ac34100e-d7eb-4a7e-bf80-9433d6b11d1b,LY
3d08be87-2000-49f3-a1c5-b03902b6ea20,BNE
ea91ceae-9581-4cd1-ab78-3547e1daf327,MY
f5f2ca10-2372-44f7-8170-7e9d156ca10f,EO
6bcc3fe3-1df0-4060-90d7-2a0a8c5f7554,EO
cd284f84-0573-4010-893b-42f38a998df9,MY
ae7a7fab-1060-4933-b8ec-c81f15f4e3ac,BA
8080f1a9-a72c-48d2-99b7-586019726781,SNE
4837a7e3-2325-452c-9a2c-8be0cc671277,LY
a767e692-9037-4257-b283-715a77e245fe,MY
ff8a045e-96aa-4127-802a-cbb8e5db8b10,SNE
453d4695-a97a-4632-a9d4-ec7a20a8f793,SNE
9464c2b3-8fa8-4dea-9d1c-2a477adf9657,MMY
b70cab51-baa0-4a29-9610-34c6d2469af3,LY
97659b93-6456-4496-bb78-e830305127db,SNE
d91744d4-cced-411f-9195-b6e60e586a9b,LY
745b1a53-7853-42b8-b09f-688dd51e86e7,MY
86c5123f-0abd-422e-a716-0bf32af1eda2,EO
139a169c-69d1-4563-aa89-2b107d517f49,MY
6e03c6dd-4628-41d5-8df4-b886695db7fd,SNE
5d67e63a-4905-4318-b001-a7138f94acca,VLY
563ba575-e573-4296-9b28-c032dba036c8,LY
b150a58d-3fa3-42ee-bb00-e69a0e4dbe48,BA
5927caf6-2372-40f6-974c-c2990561f2a8,BA
8fd85183-fc5d-46da-b269-ad3c81c59fa0,MY
e2f23a80-d667-4427-8d86-355b5dbd1f9f,LY
9e88a731-5f8a-41d8-86ad-b7334e327949,LY
b809e220-e7bc-46e1-85fd-68e2e6ab0607,MY
450127a0-e138-4895-9767-24140b6601e0,LY
d998d0a2-3bb4-44ce-81bc-13e42b131b4c,LY
caf033e2-5d24-4645-b6e5-c9f2fc2bbb54,SNE
02ba2f8b-6344-4231-a144-66adfa17c8e3,BA
307d59fd-0f40-4d03-9592-3b3942809d88,SNE
30ad080c-7cf5-4bd0-b4d7-c693b1a93c4a,LY
f34e821e-8300-4162-8e39-d7e2ac171d7b,EO
4adaf23a-e473-481e-833f-51717eb0c4fa,LY
96924383-3182-4cf1-9529-c6fcc586f551,SNE
e66e8380-73fd-4d69-ac9a-5c2977dff7f6,SNE
17510679-684c-4889-ad4e-357212c49c3b,BA
bd6643ad-7b95-4d6e-9cef-43373df5e2b3,LY
569005d9-90e9-4523-a5e3-8a2888350932,SNE
63c94dda-81a1-402a-aeb8-b64e307df1d0,SNE
706418c8-774f-4b48-95d2-6b9543bd099b,SNE
c6e0cd72-0818-431a-953f-824e19805b21,MO
7cde941a-823c-45a8-924d-9dd9bce3d678,MY
e661a660-aca3-4312-a1e6-47f282f8aa2c,LY
318f19b4-0ac9-4b9b-85f5-f78077dd09ad,EO
c9fc01b2-1ed8-44ac-a7d8-77e214420f76,SNE
60bbca49-b187-4ced-a1a0-22ab1c0f5e5f,LY
3de42353-3cac-4cf8-b684-28d96dc2945a,SNE
2d348504-822c-4391-9d9f-3cbd022ca3f1,SNE
f24cd185-1d96-4fa2-8e48-f4b630a04c3e,SNE
a16f7538-6814-48f9-b628-47a53d663fad,EO
a02eb330-d64a-4356-9888-a6c48de425ee,EO
b385e5b0-b4ea-4e3d-ba10-a26d02b5c72c,EO
b6beac1f-815e-4954-a4bf-22dafa18feb3,LY
6601c185-fd55-4bd0-8124-80a0f810ce95,SNE
5cb06fc1-0308-4b1f-89ea-f344b5349d46,BA
d1a58708-661b-469d-8491-fd6ac3c569ce,SNE
7516583a-df88-4994-9faa-b2e336e22a30,SNE
866e191f-a4aa-43f1-be24-b43694abb2ee,SNE
3444d9b7-d5f3-464f-a092-25d179cdb43c,LY
d356abf4-2864-474d-b962-aa9c3d2261ca,BA
2bddaaa7-9f70-4c5a-b152-d20a985a0be9,EO
9237c5c9-1d52-4a1d-9ec2-1c1be24aa2a5,SNE
f89bbe13-8a56-4305-9c24-41250518c00f,SNE
acf12e75-31a3-48f7-9c83-cfda5936878c,MY
e1a5d2c2-3739-4848-b15d-6096bc653535,LY
83990074-dabf-4305-be59-92104b7a577b,SNE
c975b2b6-e9d2-41fc-97b1-796e7ea3a762,SNE
32a92b5a-81bd-4d51-94d8-60cf6f0c31b5,SNE
5551fa79-2207-495f-81ca-aa5967ee576e,LY
a276b8d0-5b8b-4f8c-9bb8-c1e1a633de1b,BNE
339e8108-bcaf-4a6c-ad6c-af711b2aa9a6,LY
ed8aee83-da39-4dde-a288-6ed4e561b7ab,MO
96329a55-a21b-41e3-9ad4-05f7aa6b0712,SNE
dbdb5e2b-94be-4d2a-b05b-0c34be5400fc,LY
d4f4ef14-2cb6-4925-90c6-8ab1a94fbfd1,SNE
e5bd5c48-bdd5-437d-8eb7-ddc6aef735ff,BA
54959c08-e904-490e-9093-e681993f7983,BA
df4dbcba-c9ad-4c47-a724-c39db511396e,LY
21ba17bd-29a2-4d43-9a4c-4a39705b6a12,MO
510aeea1-f50d-4230-a6e7-eb6e4c2abda3,MY
f15c3ec0-f2b0-4b37-9249-cbd918e5b5e8,EO
fef6ad73-ddae-4d90-80f4-f563fb5154e8,EO
73b70aea-11da-45ac-a0f5-3a900ab2b09c,SNE
b07f95c1-7bc2-43c5-afe2-e989d9fc2626,MO
0056f1c2-2750-4b86-86e5-bc8b3bb5a7d4,EO
38fc1c18-91c0-4255-93ab-341975608d40,SNE
69fe806a-7695-4b83-bd1a-d902b65338eb,MO
74577932-fff7-4e84-a5bf-90cf01e2c108,EO
edb89a64-dde0-4ed0-af72-9d2ac6b18220,MY
4b80b47d-7926-415f-b379-cd8e968a5163,SNE
89de63d3-8b3d-4356-81ff-156039c9d65a,BA
50648e83-f4a1-4eab-8e86-1ac944fc2880,SNE
4ed85fd1-4aa1-439e-a7bd-dce54f5abd91,SNE
7f794271-e8bd-45cc-bb8b-b449aa9c3476,LY
51d52f42-1cea-4759-b4c8-a4e5b9076f89,SNE
bd75668e-330e-4678-a26e-fa92a5cb6e8c,EO
f8fdbe3f-a064-4547-ab70-af9b323992a9,EO
24ba91bf-f2f2-41c7-8d34-68bde8192033,SNE
280b44d2-8e09-4060-8a80-764dd94ff548,SNE
660024e3-e636-4649-b491-43001f2e8f80,BA
b94a7634-68ed-4d4b-a6a8-6e1e3af1ed35,LY
02610e20-da2f-47d0-9522-3b84bc4e564f,BA
1e0720e2-f32f-42fb-9b96-01c3a7bade82,BA
6340a205-eb05-4190-979c-09433d6efb4d,LY
6b059794-6ea7-4b8a-97e8-68698336a2b7,MO
a828fe66-bf25-460f-8788-5d10bc60f00e,MO
f41c4eef-8794-4d40-a97c-015c83eddd5b,EO
a138e87d-ee14-4452-a5ec-5ee249c4f242,EO
a5b0b581-25fb-47e6-873f-0bd15eec0db4,MY
45276cc8-1551-4d47-bb54-806f22ffa0b9,MO
9a4273b0-1d2e-4024-9538-7f97282f544a,MO
42237c68-a112-48e8-b8fc-f1b80adb67ff,SNE
b1855363-0c2e-43fd-a33a-98dc0d12d1b7,SNE
e2d22ad8-7275-45c4-8236-5687fc00f7ab,MY
ecb7081b-35fe-4250-988d-1253b9b3a219,SNE
56baf17b-a8fd-4905-90f0-4a281ce5ed0a,EO
3c9907f1-265e-4a86-b2e4-bd7b7db117dc,EO
704f1ca4-9644-4012-b2e5-d8b240e854a6,BA
6bb65e3d-3613-49ad-a9dd-a385fea29614,SNE
6f18a312-bc99-491f-b3b3-0ac89d579c73,MY
5ceed031-7d65-49d6-ac6e-ffe7d4d6b206,SNE
23cbf309-4584-4b46-909b-69716087820a,EO
c529859a-6f69-4bc2-b42d-1a5ec74ce1f0,MO
591be5c1-dc13-4398-ad3b-b6f0ea97ab84,SNE
8db8d3a9-96ec-4c8b-8476-c870d2354a45,SNE
6c792921-37ca-4eb0-b672-f72fddf6a452,LY
22bc2966-41c1-4bb4-9c67-2f7138e4b524,BA
5fa29ce8-26aa-4f03-ab37-6929a079ee9c,LY
9927e156-f080-4743-94d2-d8ccc8d5be35,SNE
ecfbc24c-e882-49f9-858e-40b2169e1086,LY
a102b630-5928-442e-ab1d-164ded77d791,LY
488bca27-aabf-4f2c-9188-a9783311699e,EO
3f34476d-d6ec-4556-aa08-0748db03cc70,MY
a408e8fb-af18-451c-a14b-e481f361842b,SNE
e85e7c14-0b62-4349-b91e-beeee8fb4119,BA
885ee4b9-b911-4e76-a537-1f6d571ad8a7,MY
e90aae37-c00f-4f5d-956a-2e2d124e2e98,EO
43ec694a-d946-43d0-9ca1-4d9a4ad24d8a,LY
6a0e4063-0d07-4445-a6e6-d064d7687ff0,EO
50bd00b6-0355-4d5c-87aa-553d078725a0,MMY
35b8f5eb-203a-4daf-a442-f2e5253ae823,MO
b7992fee-d944-452c-a601-de70a8ba9aed,EO
32f6e190-9a43-4680-8599-42f29705de6a,SNE
2c5eba9e-e8b9-4dcb-8377-0272a5258fb1,SNE
ce50c9ec-4638-43cf-8ba7-8f8b5000a295,LY
9dcfd231-7ce6-4b92-a3ff-73f81ae1475d,SNE
7002cd01-dee3-4be2-ac13-77144c7384fb,SNE
915d463c-bc76-4148-8fb6-278a428b29d0,SNE
ab5ec963-61a8-4682-9ddc-7389ac7745d2,EO
a8273d05-0c91-40a9-b460-fcb3127c526d,BA
6b3ad3a5-9e10-4421-b0bb-cac5f3d177a6,SNE
644c8522-4a58-403c-a37c-7b3aa9867425,SNE
8fe52e2d-a0a6-4b2c-bc11-fcf888cdf0fc,MO
ad0b9642-90ba-4721-8e71-eba273d4b198,BA
b1535c35-dd41-4831-9d6d-999fb231325e,SNE
b8e03555-973e-4db0-9b8d-edd06afdc9f5,EO
3809347a-56e9-4946-9f2f-4574120f9ea3,LY
d29c566a-f0f6-43c6-baa6-937d0d76b7a5,MY
8adb8a3a-6549-4a2d-b594-4973ae376775,SNE
69a0ad28-e25c-4d33-aa41-c6483e2d8979,EO
c49692e9-0496-4226-8fbd-b2771211abc7,MO
2ad6d1d7-f7fb-411b-a96e-66afc467afdd,MY
893ff781-48f0-47ac-9149-91e05d92226f,MY
36dc24c2-863c-4766-86e2-ed3531a6db03,MY
4632e0c3-ec28-402f-9d47-65063a5f70c4,MY
d0c9083b-0930-40e0-a391-4fad895fb269,BA
69bfd6a3-aa05-4c70-b5e0-b1e2eda4673f,SNE
cc8da4fd-b33a-490a-936a-5cc2e7956699,EO
09d8f83f-c1be-4b67-8325-663b44416e38,LY
7b473308-ef83-44cd-bf48-569a7e3a48f4,EO
f20e5527-4b93-4b18-b5d2-bd2602ba01fd,SNE
b2c0e0e5-6305-47e9-8d68-6105c9c39323,SNE
b9b9840f-3f8d-449e-87ae-c8af705242c7,SNE
a5de2313-26f5-4867-8164-0cc6bd32a4c8,SNE
6cebe0d1-b75f-4489-a177-4766d71b34d9,SNE
84c699c6-d82b-41b8-93fe-13aa940d2e0d,SNE
2f27511f-a2d6-47b7-a492-96fbbee3ea7a,LY
450695e0-3172-4e9e-a570-811e6aa79be6,EO
da4bce60-18a9-4243-a360-d008d380b767,SNE
fad32d46-0669-4ce8-9d80-26fe5e6fb81e,EO
383ad83d-e212-4289-ab7a-4cc37be2e3a8,SNE
b71ab3e1-67c0-47d4-ab95-b7b74c56e8a7,MY
6d34a5d5-7ed2-431a-933e-cf78fe7ba57c,EO
8539d457-394b-47a0-ab31-715dfaa0df64,BA
ed58d5a0-3226-431b-9c9b-005c26a64a08,EO
43f80370-ebef-4b6d-aefc-3a06bfa68eea,MMY
b18cb326-a644-43df-a716-7898a91ade7b,EO
e7a44e44-3a63-46b2-85c5-f4786fa08699,MO
79503919-aca0-4d56-8d5b-4767bd519c90,MO
0330fca5-02b4-40f2-b0a9-7d0f2838d704,BA
f5274a79-c80d-409f-8f58-152e590fb92c,MO
dbe7a4f0-10b2-4555-8f22-860a493949de,SNE
f9d3a5d5-409b-4f7e-935d-4ffeedee7237,EO
b053f5c8-d916-4de6-bb6b-45b0af8d55d9,SNE
75bf3ad7-e18f-447a-9700-c288e644c338,SNE
e61a8eb1-a8c1-4675-ba0b-a4a40451b296,SNE
f824356c-5943-4d27-a50a-b32346f6426d,LY
38c85ec8-ea0c-4707-96b4-815a886981b2,LY
85affb1e-e54c-4066-a06f-80645dea5618,SNE
ce67a015-eb20-458b-a907-aa9fdc87b39a,LY
336c32a9-d2a6-446a-813b-9df03b8b5ba2,MY
2c634948-355b-4411-8b5f-eb9b96fe15b4,EO
c867e87a-bd52-43d7-86ae-04b35b02dd65,EO
4163becb-97d3-4307-a4b2-6238ad90d12a,SNE
c8bb6126-ac2a-494a-82e6-87c8317c070e,SNE
3f747089-e64d-46a8-a556-0b8c61573b0a,MMY
8245586a-f316-4462-a81a-c548d1da6506,MY
85f5045e-e94c-4731-b750-c4ec3c459f6a,LY
0394d57b-0fd8-4ffd-b22b-4f9122d996ec,SNE
b66115e9-9785-4834-a566-ef19b013516a,MY
2667b768-73f6-4558-8bb7-efc3a4cfad3a,SNE
1287ca09-a626-4be8-a3b8-1e4e9fd8b644,LY
a98d7707-97f8-4c5c-9a60-e7b7e80c5298,LY
a888b529-8ec4-4ba7-8dbc-0e59c69f6d56,LY
e1781b79-6cc6-41cc-b3ab-7c8cc9da62d8,SNE
b7e3e88c-37a8-4276-82b9-52f2eb0d95b7,SNE
29a38905-817e-47cb-94e3-4a34d9bf985d,EO
2fcee39b-a0b1-41c5-a7f0-ad19303019a9,MO
f4127585-6948-48ae-8579-89da20cc808a,SNE
54d05455-2d3f-4b5e-b790-899b4e0070f5,EO
0c79bb2d-9870-4c5b-9ef6-95d435d5ca0c,SNE
7c2a6d64-d93f-4649-b40d-459b6f82eb25,EO
6c85728d-a68e-413e-b268-b82de1f63c97,SNE
99e77704-4093-485d-8747-e1017f8c655f,SNE
d5b1c250-d466-4552-861e-f6c1657a3fb3,MO
597bc226-9aa7-4764-b579-6d34e5e15e25,BA
b7fd1d0a-3a4b-46b8-a065-94841ab7bcdb,SNE
a98a6d2d-aa16-4493-98d4-64c61eb899e6,EO
85ea9d0c-bf9a-401a-baa9-ca64fbefbcde,SNE
2150b333-4e3d-4115-809c-46fe2bcf3d80,LY
d9633f50-574e-44ca-bc34-90c2455e7bba,SNE
476a82b2-63c0-4599-a108-ba28b9daf97a,LY
5a8a68b1-cd1d-45dc-83ce-2cb7fc4121a3,MY
55e5d272-1c1c-4363-b6ec-7b0c8227c13f,EO
454d7cca-bf8d-4d33-a338-8caca1e8e58a,SNE
e1ea43e6-48ff-4ca5-b236-6a0e8d26e521,LY
a1e8ec00-dbe4-41de-a926-a503e7307c73,EO
a8f4b29d-1fd9-423e-b0b5-c724aa3179ce,LY
ad1a67ab-8d46-4b34-8fa3-8d20331ab1f5,BA
28730fbe-407d-4bfc-9738-6038c1aa3376,MY
dc8a163c-9a73-4a7e-b968-bd59d71af0fa,LY
9cb79025-453c-4065-89e5-89589ed3e380,EO
978b107d-0c6b-4a13-9f82-347e436546ea,BA
ef0b67a3-bced-4a98-8b27-88e5f01debbe,MY
33790371-fe3d-40e0-bb6b-fed5916ee73f,SNE
774d5c02-4df1-48af-ad08-07cb169ec4c5,SNE
fa438217-0ff2-4138-81db-8880833969ad,EO
88c7d569-539f-4546-a133-d05792e43254,MMY
7d9b156f-0cf3-47eb-8d4f-597161ed68ed,LY
57c2293a-5b72-46e0-bf5f-4385cbab8067,SNE
3e8696ed-0a79-48e8-99a3-18730df3dbdc,LY
71367ab5-9536-4c52-80ba-6be9926259cd,SNE
b2191f34-3d2b-4155-9fbd-041248cf3003,SNE
f2cf60a8-ae33-48a8-b2f2-48e4a77fc0a8,EO
7f7fd6d4-9143-4188-b9a4-80aaa15575fd,BA
0daa0f04-528c-4bb0-ba00-e7fa03a5d5f9,EO
abab4595-fa22-4d46-bc64-6de418eb7057,SNE
ab9e1021-1238-476f-9c09-459b6035bb45,LY
797638b7-eba7-429a-8070-c9e25b4b7438,LY
a4a43b62-a144-499f-877d-814792610779,SNE
ff0ec545-24c2-4614-9e48-4523f56603a6,MO
4265a57c-8b37-4ed8-805e-9e239f86d033,EO
9a998dbb-975a-4b29-b7c3-cbc8ebb345d8,SNE
b0731dd6-7202-4cdd-aea2-18e9aa171fda,EO
93ff1458-2c6a-463c-acf5-d74decef488d,MY
efd884cc-0445-49e5-9966-c03a39eac1fe,SNE
255552f0-66d3-468e-99c8-f365d54c94c0,EO
56b4abd7-8147-49a6-8506-fc0521a9c542,MY
eb29c72f-ff39-4830-8bb4-459bc7894732,LY
42ca8496-af69-48e5-943b-ee06531d0fca,MY
ffb3c74f-f88c-4cfd-afaa-8b68a880903c,SNE
f7266545-53df-4ba6-a44b-bc31f0a11e97,MY
d4e5c678-2a17-4c69-8827-235ae7b4e712,EO
69bce9e2-00ac-4cd7-b4e4-702cae94d170,SNE
0eddbb61-b35c-4a72-b2cd-19165f06a2ec,SNE
dbb1d57e-7a0e-4170-a2a8-b4062b687292,EO
46573fe7-8c7d-4da1-aa0e-0e67d4a3d47f,SNE
a2810c40-bbb5-4196-b45b-82d86680c816,LY
08837a23-d05c-4297-9eb0-0251b0532fbd,BA
0504239c-36ea-471d-973d-3ebf1fcca38f,LY
8756372e-87d5-4c14-bfdd-d37532437415,SNE
444be089-a815-403a-a786-ad4aa049c5b2,SNE
2c65ba3c-1770-4f8c-8504-6806f273c812,SNE
91bc3809-1ee9-4dbb-adf8-d1547994918c,LY
1ed61c15-64ef-4c5d-823e-083ccb65f68b,EO
688ad86c-0a88-4726-9c64-3fcfa2c7580a,LY
686c61b3-61bd-4726-bef1-a8512f37ff7d,MY
8b3a6d91-28c0-4100-aeb3-d7250a8f66c5,LY
783a5a73-f266-420c-8ae1-4ee4952bf479,LY
f38f591e-97dd-4676-9f7e-613b55ce57ad,SNE
c26f0d0b-5437-4b76-a42a-eafcb8f5fda9,LY
6ed6ac1e-2967-40ae-bca6-844bdb8ab9fa,LY
21be9f46-d397-4e7a-a9fd-b1f193759a3a,SNE
51a471e4-5572-4885-99bf-8224e0afd798,EO
f39ebdfc-7ce3-457a-8539-85e858c4df41,SNE
0f4a61c4-c78d-4ee2-932c-11c292a9ec17,LY
9026524c-b982-438d-a3e2-3f980338ed0a,SNE
6e18dee8-28ea-47db-a43e-b1be85c40d5d,LY
3ad6f188-7c4d-4a54-9801-fb30ee8d187a,EO
d9a641c0-27e4-4b65-9baa-142506ac824e,EO
f6c90693-fda7-41e9-8869-f440844ee46b,BA
2eccb61c-87eb-422d-8290-f35d0c1faab5,BA
481a193a-9dc8-45c0-b315-0e9d8feb5c88,LY
5aeeb520-b862-4764-bacc-e49bf6621e20,EO
d28d042c-2811-40c8-83cc-7a9e38055311,MY
16951af5-baa3-4717-87c1-3d7487faed87,BA
3a7405a2-8ce8-48d6-b14f-594b89d88e4b,SNE
133d6fb2-07bf-4d78-bd84-6e665bac88d1,BA
e222fb3b-7cd2-4109-84cc-e1a7521fb791,MY
365b83db-cb14-4fc4-a8d4-44bc5ec3605d,BA
bcf17916-7052-4ef6-a883-98a163714692,SNE
ba9c719c-2dbb-4b28-908f-5cf02f898444,SNE
087456dc-6748-4eb8-8c5d-b865a6f1650b,MY
1faded7a-051f-4c3c-a23c-d9e3b742c790,LY
bb239243-8273-430b-974b-60b5223ab53d,SNE
7bc90954-ae4f-4d85-a10c-06e167334781,MO
bfbc0af8-b645-4be8-9aec-143c50a4f3ba,EO
d6363f85-37e1-4b1f-b50d-b478e44b9fd1,SNE
5ccdb1f4-0ab6-4b1a-aebb-01c5b4119d09,SNE
934ef911-92b0-41b0-b61e-6f09c67096b4,EO
92829506-7f6e-4dd7-88a3-12610a37b668,LY
56b8b512-6f35-4c52-81a3-85b828c36a16,LY
6df99f4a-aab1-4e43-85fe-0946b255e131,EO
ddd1ad71-2f19-4501-a5a8-9ad0388d8036,SNE
ae0ca26e-9fb1-4182-bc2c-e48a3c2d170d,LY
cc381941-8a24-4b19-9cb1-c6a86a99fe8d,MY
a6f0c2cd-2d86-4746-a6ac-09b10f4643f3,LY
ba78666c-20eb-4759-8ec3-5dab86bb11fc,BA
668d76c8-1abc-4f8d-a841-05a01fa7648e,EO
b4279053-1b0f-4a18-a0e0-59aea638cc91,SNE
7e448ad0-d00e-4762-bd30-465293c028b3,LY
06fed108-60fe-4aff-97c1-6bd9b001d8d5,LY
c4239890-9234-4894-9d57-6a7d56197d85,SNE
8eafabaf-d985-4d70-b20b-577f68890cbb,SNE
adc1bc8e-43cf-4234-8f56-6dff86dd540a,EO
d31429c5-9314-4719-bef2-17045739c78d,MY
b7b785c4-d397-4278-bf88-3fd43d49def6,PC
aea63b5a-323a-4ec5-92a4-1bb6e289a8f1,SNE
f1e08f12-8a7e-43e5-b714-60d9f2687dc1,MO
cec5d188-26b0-4cce-ad74-bbf16e2242de,SNE
6723738d-1044-4762-9969-fd8bed4f67a1,SNE
51854069-6e39-4979-b4ab-4ae419f5b27d,BA
25bcbcd3-f7c0-4ae6-9aa6-deaa8d890d74,MY
51c86680-717c-4a18-9961-e6d3e7a1929d,EO
c57c28b8-cbda-4de3-a4af-2947c6972c6f,SNE
a5c00798-65aa-4087-a3af-78423ffba694,SNE
d8ca3a49-c7c6-4de2-af36-86c50364f975,EO
0428d541-c590-47fe-ba09-2cfcc0dd8f4e,SNE
b3e745e9-c08c-4094-be5b-348015d5e56c,SNE
99f929ce-0e47-49b5-bb11-dff62648a0b8,SNE
f4958509-bf02-4a3a-83fc-c14b28334f4e,EO
c89a47d6-a7e7-49b9-91b7-bf6d69b6eac8,EO
1ffd61e2-798d-459e-ad87-07ac5ab2e48f,SNE
82c36343-e693-46ed-b1d6-a852c7cadff1,SNE
82249160-138a-4ca5-991e-a74894ba6991,BA
78ff10d5-eb0d-40fe-95cf-3294a81146e3,LY
5adb4ccb-ea46-4eca-b617-7d33857bb122,EO
e52e1893-ab1e-4694-bb37-07a57c2dbe8a,SNE
650dad60-2846-4d25-8af4-9a7565190a1c,SNE
d9af793b-4aa8-46c0-8f67-e0a2e8c4ec11,LY
8183456e-b54a-4773-9124-fcc120c5546e,LY
3a7859b7-a5ef-42d3-b79c-0e096f42bdc9,SNE
c46421ae-8aa3-4bef-939e-f8c15eb1b99f,SNE
6b3689b0-7559-46b8-8944-c837273ad2ff,BA
b0a35070-5262-4654-9400-b748e6a5d9a8,LY
e3c2079d-99fe-4a13-9ab7-a145d1895f9e,LY
e5e32af3-8818-41a9-9d68-cc877960b87e,EO
754807bc-514b-415c-88c6-faeee252132e,EO
219e257c-dd72-4d8a-a1ce-a6db06b56e7b,SNE
60418c88-4cd1-44c0-b5fe-e6c175b4ee6b,EO
3b8ea893-bae5-4a80-bdbb-25388b0cce5a,MY
ba6236c7-9113-43ec-a71e-a6ecd4e37df9,EO
4a43ac42-13d3-4393-afb8-63d091ff7904,BA
3569001c-9bee-44b6-a428-a3452579da78,LY
99acc50b-0113-4fdc-8084-b8f6b43d5f04,LY
064c4f84-d6f8-49d5-a3a6-e414930d1b28,LY
afd1ee7c-039b-4ef2-93c7-32e38a726b19,SNE
10573b8d-7454-4402-a2fe-3f6f136df6f8,BA
5beb3af7-bb03-406e-9114-4410f3d4ebd0,MMY
ae7e59a6-ca96-44f5-b126-5887a3f3fe0b,LY
b855fa00-798e-4c99-973c-9a75e50c884c,BA
ec4149c3-099f-4f20-860b-4ae20289bf3e,MY
907bde19-e69d-43b0-a56d-207d532a4b51,BA
11775207-8c2d-462c-87e4-d03a562edc0f,BA
3b1faa3b-02f0-4fef-aa90-9cfe5784a3ec,SNE
3715da7e-25b2-4b11-b9de-86fe12494ed2,LY
2bf3ca42-0928-4e9f-a08c-ca765e3bf1fa,MO
6356fa48-1be0-49b0-b38c-a6f12ef822c4,SNE
7ecdf779-c3c8-4b38-a2d3-7b2df176719b,LY
fb431e8f-31d1-4d3b-a81a-e0f7d874836a,EO
cfc84680-5f3a-4970-8b92-d8bc2f2acc4c,SNE
76b94418-5c38-4c1e-add4-7a3094cbc0b6,SNE
247634cd-800b-4ab0-8296-e2f4ea0ddd97,BNE
b4606ec1-04cc-4eea-b5d0-36141d9eb5a1,SNE
fe028e92-2ccc-4e98-81e5-71d7103f9df1,MY
b57ca130-1383-4a23-9fba-bf8639370fde,EO
68dd70e6-6170-4a40-8a87-368178dcdd86,SNE
ad72b2ca-c808-46d7-8be3-af27b9531c48,SNE
70372656-94ca-4682-99b8-8709ca064e4e,SNE
ad3455c5-b345-4fb7-b98e-1300ad36f30a,SNE
4e204d2f-3060-4c21-b734-b0c8da006ac0,SNE
591857e7-274e-40c9-9164-79d74427c7e5,SNE
72bcc122-b643-42a4-b619-91719cc29d26,LY
42fc691a-e414-4a1a-8e7c-cecca116acec,EO
23127073-abd3-445d-8317-8acc6324c7b1,LY
f00e4046-2ba9-47f3-8010-73f840e1dd8a,MMY
445e53a9-a426-451f-9817-2d90d46ea351,SNE
860c7866-ba3e-4420-924c-a25a0c10a280,EO
6ba496b0-6371-4040-87ba-0a1af4c4e922,EO
71615d56-3272-4131-af2d-018d34cef9d8,MO
4f8a18c1-a320-4dc4-93f4-e6206537a4bb,SNE
0c56a0ac-90d1-4380-afd1-84cd93e5effb,SNE
aec4d42a-8cb3-430e-a107-c277d90bec44,EO
33bd5007-1faa-438f-a5cc-f4e8eaaca471,BA
0df01bd4-a4bc-4c4a-8e8c-f2f0fe9e9a8f,MY
9477b3f8-a2eb-4db4-a8a5-9092b28d2d98,SNE
9f34902e-7ea0-40a8-99b6-a6810faf072a,SNE
2d5b68d2-8869-437a-8c77-37eaf78d9f45,BA
c5f19486-a70e-4073-988e-dc81ebfccefc,LY
2459d822-328f-4a1c-8a70-38a37e7a9b60,SNE
d1b93f7e-d44f-4784-ab6b-7b39769d738a,EO
a0f8fd7c-2613-4192-8de2-49f56db9a1d0,SNE
40271c07-62c3-45c1-8445-63bdc13a10aa,PC
c9ab8a98-af92-4fdd-a436-c53fca6a3d8a,BA
81effe82-69f8-440f-84eb-d8566c117c2a,SNE
574ff32d-5cc6-4d0d-ac2b-f3b061c672fa,SNE
c3119343-d8fa-46d8-997a-5b29c8c88da5,LY
9648aa1f-8872-4f70-b073-09c0cc4d3c7d,SNE
4ff9cfcc-cff1-46e8-b54f-67a0dfb7924a,LY
006c57c5-d271-4a6c-b34c-e9404876f108,LY
4a65968c-df7f-4454-931d-48ea09396e25,BNE
538da4a1-fee5-4600-a12b-cd606136ce80,BA
f1ec3a21-da24-4787-8333-988453cf22af,SNE
5c2ff299-0cec-4250-9267-22b7a26d27f0,EO
13087ba2-f0dd-4687-a6f2-87bafde6fa7a,MO
454114ab-a0a6-45ea-8be9-5a949271aec0,MO
4f873dcc-14c0-4702-8618-4259188506bb,EO
cd558ccb-ee23-4a35-8341-dff24f3c104e,EO
8e4989cd-884f-4534-8aca-e5a7bcef444d,SNE
894b16bc-f842-4479-8679-e2588530d9df,SNE
1293960a-8cd5-4fdf-8ab6-ee634e4f015a,SNE
6d6eb84a-f7ac-435f-ac34-006c9ad0bc8e,SNE
c4f27a94-8249-42ca-8a91-a3ff3c858f80,SNE
96acad81-c72f-4714-a6da-3f0d2906c7fd,MY
62885e39-a126-4f79-a262-5da83be93b6a,MO
d54d3371-e08d-430a-bd08-ba28bfc5a2db,SNE
fbba559a-e6e3-4bc6-b932-356c665824a6,SNE
d28319fb-6386-4265-ba8a-c619cc7ccd84,MMY
e101b47b-0282-4e07-ae90-b3f608271bb2,LY
6679f4e1-8cee-4d55-995c-905a0af5d759,BA
f662acc1-1fb6-44d7-9793-01b9a7700a12,LY
2962974b-2c6d-44cb-8ab5-5088cdee930e,EO
1b7b9193-a2d1-41b6-9f5b-e726d0e8830c,EO
3844d7d4-14f1-4205-8515-87602923d382,EO
aecbdaeb-49ca-4694-b8bd-7f67f3374078,MY
544247bf-bacd-4322-92b6-2074caf107e4,VLY
8729119b-dec7-4a55-b990-c6bdc4edec59,MY
1bb6d0b5-08c9-4418-94ef-0522d22f9919,SNE
ceb6f9fd-1fe9-4a97-8db7-477fb2f75ffe,MY
8112843a-d362-490f-a93c-29fe1d1dd57b,LY
42fed0c1-bb70-4c65-bb53-346c01b238ee,BA
7818bda5-b6cc-4c36-8119-7e4080ac75cc,BA
6b508f16-016a-4d62-96be-51bc1a696a88,EO
f0140d3e-f041-442b-a61f-02de9dfa5d4c,SNE
21d32e33-617c-4081-9218-e7025de2005d,LY
3b76df79-a836-4005-9586-fb055d7c6725,LY
b1514309-e690-40f5-808b-3970d0b636fc,MY
2a05db1f-530b-4a5e-9738-3b771cacdffd,LY
2bca7e7b-2b6e-48ad-b85a-7c4235b71ec9,BA
3d55ca73-1d1c-4080-bc0f-06d26e0f41b1,EO
b6022bcb-4a32-4ead-b32e-9944e380bce1,SNE
90b2617a-9310-4854-850f-c4c21c1d8f7b,SNE
242b8e57-011a-448c-8dbb-9f8132406582,MO
46630b48-de2f-4b30-921b-b737fbe6f4f1,SNE
2cedaf2f-0f28-4f29-ab62-83b091b662ac,SNE
b2cb4c34-467b-42f0-836e-ffe466567a89,EO
a162cab6-fe85-46a3-8a54-4a36e5b92462,EO
04da763b-0089-43be-bf9f-f106d68a10b4,BA
8cf16b06-2b44-4235-9b8f-5b71e572b2de,SNE
7c88ed8f-a65d-4f25-aeee-117b72ae7559,SNE
fd3a822a-e562-4c78-8bff-c8934fd8698d,SNE
2a3b53e9-d67c-48c5-9c40-968a29197156,MY
0e4225ca-7ec0-4440-a0e4-1ab87de8ca07,LY
f08fd0e1-e661-47c1-a8e8-a9ac847ba9e8,SNE
a7cfc5a1-0160-45dc-8737-6a066ac6b4d3,LY
b02692c0-0e28-419f-828a-0231e85d59fb,SNE
4824cdbb-f049-4451-9b7c-6a77094436ce,SNE
a00b511e-2081-4bce-ad89-15b2a603bcda,MO
deca8571-4fd7-4b80-bc18-6071276b3141,LY
7e5c205f-53f1-44a1-be64-69f8ad06a94a,BA
8c0889ec-abdc-48f5-9edc-527ae33a434a,SNE
eec7c783-dd8f-49bd-812e-d5764b7fa51b,MY
fad757df-8834-4c7b-b656-e1dacbc8a187,SNE
233c373d-54e2-4f33-9899-2e43bf363f8c,MO
2fc51bd5-720e-4996-9ee4-8ca9ba5c3def,SNE
14dedad9-40d4-4f34-aafc-dfcc73a7559e,SNE
76a676c9-84ae-4470-aa14-291acd2a1ea8,SNE
3bd7b67e-b312-4bfc-b364-824a6b7b69de,VLY
f239d570-7c4d-41c4-b9fe-e800b247635a,SNE
5db4cc00-ae34-48de-97e9-73f8b0378af0,SNE
1992eef1-67b4-4307-aae7-9b512d9edf3f,MMY
d7c17336-1618-4d34-9e7a-4e798d720e43,EO
5518553c-4313-42b4-90be-9225b15b0641,BA
1fedd699-de4b-4b10-a6f4-2b8a5bfac4c0,SNE
3d588c36-deb6-4207-8ff0-0a55924f9d89,BA
2eeb976c-7aee-496b-a5ea-d1f4ac19a962,EO
c234c271-0e2f-4737-85db-8024367bcbc3,MMY
d5f95bc3-5a89-4a96-b4b9-224991429315,LY
f24ce547-916e-4a09-b757-77cfbc535922,LY
b4c8dc6f-5b98-4132-94e4-59c9e9fb8d95,SNE
81884218-70ea-4993-8b4e-bfdcf62e1da4,SNE
4563644a-d9e3-4907-bc4f-2109dad55005,SNE
953f93c1-5eee-4c23-9b30-54ae51ab4a74,EO
65b131aa-5ed8-4a30-bc02-bd037e49674c,SNE
378b8730-27bc-46ab-9a2c-f833147ac295,LY
d39209a8-5769-4070-ace2-6c323e899d68,LY
e1a2da8a-ea62-445d-bc1c-5397fd3914d6,BA
f8e87716-fd7b-41c9-bc15-31f3e8aeba8a,SNE
47741fc8-2b24-400a-879e-65498ea04ab3,LY
2e2203fa-7212-4ba6-8fa2-ecb7df28a565,MO
04aed9f1-3e8a-4dae-a3b5-c8ca845fe164,LY
0eb25571-5c58-41a5-82bb-1d00d33f039d,MMY
cc5844b2-87a3-4cfe-b303-cb0489f17f5f,LY
cf50f54d-ff66-4e45-be77-5095cc1fc074,VLY
fed7145d-0699-4b2c-8f93-e08c5700bddb,LY
378ebdde-f414-40d6-bc8c-95619d72affd,LY
7ad2eefc-4c0a-4d41-bc3a-cfad60ca9839,EO
3b9585e3-9ed5-4de1-b2e4-242ae799c65f,SNE
187132e5-451f-45e5-bf8b-b73aac3c8d30,MY
0d61047f-7415-4ee3-b489-0e8ff899bb0a,SNE
c7d48b5e-beb9-4177-a571-56efb363ba6e,MO
8667758c-dc0b-419b-b0ad-4235666c0923,MO
cdbd5346-a674-45df-a170-cf3fbfd925a1,BA
c319f8ab-046a-4f17-b0fa-684b4faeaf20,SNE
5dce49a0-a7b2-43ee-87f4-1041cc671f5c,SNE
a939740b-45a7-4e8f-b49b-c8e2c8d7356e,SNE
4c6c60b7-bdc9-4467-b0fa-15c24888ec4c,SNE
414be404-7627-4865-af02-bd0a886d3f4c,EO
ac5ef0c2-3718-4d06-b01c-d9e931c32082,LY
c7f08848-4885-4420-9045-280b072dc2fe,BA
382e3dbf-6a8e-4568-b82e-d73d04d8fab4,SNE
65e683cf-0393-457d-8d20-3939aa732874,BA
a857cfeb-2f31-4d31-859a-8570da80195a,MO
52bddf85-b220-4c62-a89c-d49d50a7769a,EO
0f05151a-1a2e-4818-bc77-08a3372ac278,SNE
cef2dfd9-585d-4606-a00e-deb8e13e620a,MMY
7dba7210-033a-4d5b-887f-9ddd34ff61de,MO
191565ec-2048-42c4-81c6-d90950ee4bd4,SNE
35cb8cc5-15f4-4a38-afd5-77cb09100de2,SNE
fcc0c3ca-5298-4974-b639-4cd528e0dfea,LY
826fa552-06c7-4e32-b94b-d05bb4d0ec0a,LY
cb61902c-7413-44f3-9e30-16a1bac6d1d4,BA
31a6c7e4-47d1-4984-9f67-88bf25ba512c,LY
cd466dfd-3a5b-4ee4-81ce-b0edf0b48ab1,SNE
d87cd9b1-6558-4242-9f58-9da0490f286e,SNE
8cdfc98f-aec8-4849-82f9-cbfbd5021a05,EO
171d882f-2b43-40b7-a015-03c6d07c17fb,EO
e7ba70b0-f2b5-4b88-bd1d-9a2a6f26ba78,LY
d5e970d7-2201-480e-b744-ec5efaf5cedc,MY
08c3c1e3-7f5f-43fa-a15b-888018b628d0,SNE
c486919e-1c30-4f74-b2c0-7f514ef8c5f0,BA
ffc9b850-cd38-4af2-a54a-592347475fe3,SNE
baac0569-948a-4967-9614-10e1a1185b6b,LY
aa35128d-5e52-40a0-b888-01e229bb7399,MO
63873aed-cba1-45d5-9f0e-15e4ee3bf6c2,LY
b16ab09d-4cd1-446c-aaef-55b8b0fce254,BA
21706ae3-63b5-4657-8f25-91083c067056,LY
f8a78589-7f89-492a-8f4c-62e4e99a1b78,MY
1cb7c595-99fa-42b4-8c31-a000dd541055,BA
c21edc44-805f-470b-b4d7-0fd202042b69,EO
71d960b8-60f4-4862-91be-7a3ffc2bc92c,SNE
03bdfe99-1550-4113-90dc-20cde0f1a4cb,EO
59d3f4c8-0814-4b0d-b442-8bdb7295e4ec,MO
90e99a2f-4c76-4ec3-8c4a-e7f98b621e29,MY
9c34359d-a529-4a43-975f-7151ae7c80de,SNE
02f3b0df-21d6-4a45-84aa-0b0e3028bb07,EO
c9518af0-5440-4f47-bcf4-ec7afc6ce938,SNE
7ba9084d-31d3-4e00-bfdd-12842c08bc6f,SNE
1f03657c-3790-4f79-a307-7a961a29f6a9,SNE
0c8a1171-8196-419b-a5be-6a3ff28061cd,SNE
b00ac736-ef30-44c1-8023-adef791335d8,BA
2fdce3d9-ac68-4542-95e3-731005c0e216,BA
71cc7ef6-e4ea-48bd-9d8e-b90b4682631f,EO
f56ad96d-d55b-4ab7-907b-d067e5d8de06,SNE
e465f28e-5192-4f52-ba23-0aa5440df6e9,EO
50cb8b45-0013-4e82-9649-84145944cc04,MO
103cc8ed-866d-4412-b06a-08f3d4e56de4,SNE
9113e0f2-c653-46d1-a3c0-1a783fca56d9,LY
68df1d7e-79a8-47f8-8179-cb5cf1889227,SNE
d540e083-9d69-4a5d-b8a6-9251d5025b2c,SNE
39543a77-d76a-42ed-b651-933b4e22d3e8,EO
8d053e24-89cd-44ef-ae3c-18032ecd59ba,LY
c4b203b8-379b-49cf-b6b1-592dcd262859,SNE
f4dd4a23-a523-4b9f-9ab1-32a2dab63b14,EO
6830dcf9-1c56-4f90-ac82-8300dd76153b,EO
c8b4eea7-023c-4614-ad52-ab6b76360f0b,LY
5c98f78a-e600-4ae4-b7ed-b32baa185de7,EO
6ca4d1f7-a1b1-4018-b147-2defcb3e464d,MO
3f5b89ea-fde2-47a5-805f-c953415a533a,SNE
2bde126f-6dda-4a11-aa0b-ced2837e5a2b,LY
b73369db-bd70-4926-bb2f-0a7e3477c19a,LY
52250cb3-c259-4b73-bf2d-0321d8e31d72,MY
0f4f0fac-5938-4e46-bdb5-6b69ad4c5743,BA
fff69744-7e60-4fc8-8594-7fc43cea21fb,SNE
8f211a17-a45c-46c8-b570-ad33244ab5e7,MO
1e6f4270-13da-46aa-9cee-640a324aa38d,EO
ca484024-4bd8-42e0-b002-8151b9e59cf2,LY
266a76ff-e296-40ee-b68d-2894e580b22a,SNE
18ec8543-dbcb-4248-bada-a2b416605846,BA
6381cda3-b1b6-4ff3-b5af-00438d95e606,LY
3e17181f-7413-4c3e-9c40-96e3efcabcb9,EO
5845359f-3ac0-47d1-b0f4-2cbbf9a94767,EO
51ec48f0-b549-4460-a966-2d69c8f13565,LY
493b9f9b-f4b4-4c9d-8867-d0ca8eed462f,MMY
764f4749-bfee-4b0b-a30c-afa65c285608,MO
6d134bd8-a6a8-4f02-ab98-78c7551b4fc9,SNE
4c87c419-e8c5-45a7-851b-f5b420262f6d,SNE
80896726-fdf1-4730-92cb-8845f4afaea2,SNE
4d9b98f0-4537-4ac8-86b5-d3d27b29776b,BA
f053d275-8012-4cbb-b2a3-85ac914ea4d3,LY
fcc3255b-6436-4d4d-97b7-7a07cd960cd2,EO
c6140c69-1417-474a-91b0-1287e397b430,SNE
9df7ffde-6e5d-47c0-ba76-edf2ad11e63b,SNE
a3cf29b4-3ab3-4347-95a8-aea5493903d7,EO
20db517e-568c-43d5-9bc1-b3ea5da3df3b,BA
446a418f-b063-41ac-bf16-5bc3dcdba223,BNE
4f864ba4-c4da-43bb-9c40-726d4d46411f,SNE
ef4f99aa-3c32-4483-ac2b-d82268878378,MO
561bed02-2234-431f-8560-c11e729edc6a,LY
af29985b-61b2-4351-9687-cce7dc509ea4,EO
dfa8834d-1ccb-4ef9-9845-272758a7cf18,MY
93c5315a-4a2e-429f-bb23-78e6ffa6517f,EO
720ef36d-bd76-437a-aee4-90492cf092b0,EO
4714f3a8-6250-4c73-8598-4c17326f7db6,EO
da087266-08dd-44b8-8f3c-3c13405adf13,SNE
f65beb29-c898-4ba0-92df-f7d08ed82d30,EO
eadcb911-080e-4d72-898a-8ae36c6600cd,SNE
5976350e-67c5-48fc-b355-3d931d083916,LY
093cd4c3-ba6d-44ee-b77e-10871bd928aa,SNE
183165e8-252b-48d6-b870-0f50fc1fc122,LY
51d84b2c-c0d5-48d8-82ad-4d20c39983b6,LY
45fe0673-a3b6-4916-92d2-9387bbaca8ef,SNE
2e8e2650-96b2-4750-b7c3-d58f9d3ee9f4,SNE
90f93b1e-f17c-43a8-8d23-f39e919639d2,MO
1d98fd35-5a7b-4841-b2e6-f11a86d4141c,MY
ae864a79-0109-4ea8-ac42-8002241a7360,BA
6ba45bb7-2264-4371-8f28-526aea811e1c,SNE
f0faee00-1599-4288-b740-52485bad68b9,EO
724ebc07-41bb-4459-ba70-5f6623475030,LY
894f6098-c941-4518-8e48-03fd146d1e76,EO
8dea68dc-148e-4693-b464-ff14f2dc4361,SNE
f498589a-6d47-4939-9067-377a609fb2d4,SNE
47fad804-89f1-45eb-8582-d9141f1c8103,SNE
2f88d811-1d0f-49bf-82e7-0c34106fb3b5,BA
d57fc85e-afc9-498b-b876-bdd929b2f98e,MO
ee2aed2b-65c6-4c9e-ab2f-dc4fa4a053fe,MO
ef42b62c-1106-4b19-b9b6-e13e3c7e10fc,BA
83831edd-d164-4407-983a-abb94be532c0,SNE
d61996bc-c58a-4195-aa18-81108e8d99eb,LY
25948bae-d745-45c3-aa9a-bed7a832df08,EO
23f8e1b1-84bf-4ccb-af59-4e4ddbe2e0ca,BA
9c142b3c-9ef2-442a-a9e0-b2cef615b0d5,MY
27f8dc18-15f4-48d7-b14d-e29be3932ed3,SNE
25c1adfb-a559-450e-82bc-d7eeea2ae91b,MMY
26523ee0-a178-4b8e-ac3a-08267baf10e1,SNE
16d8fbf2-c294-4ef4-b665-fecabd7d398a,EO
288ee081-5cb0-4f69-86ba-cadf6a5fb2c5,LY
da3020c7-e4ba-4b14-89b6-f86a94486409,EO
bff47c82-6422-462c-b07a-236cd4d45371,BA
e2e8525d-c3b6-4115-baa0-43bfd4d497d3,LY
b87d3b48-508b-4736-98e7-9d87d14ee27f,SNE
d029b01d-e56e-4a3b-98fd-d0924bda1831,SNE
42734f66-ddae-4314-ab31-d970958a0062,EO
03f6cef8-cea2-410a-8415-a4bb440f0757,LY
5ef81962-f919-4af0-8a89-ba656e0cfc89,MY
fa4f4444-58df-40ce-8d4f-cdd16993fedc,SNE
e0f8729d-73f7-4402-845d-c0f1dcc2d5ad,LY
edf2082f-f66a-433b-8c91-22d45a22d155,SNE
afcdece6-2747-4aaf-a22d-9d2eba4e5dd0,LY
71c473da-a2be-4350-a7a6-92b42e066d85,EO
49eab7e9-87db-4287-a4da-a77d4ae5911d,EO
f637f000-0d6f-4889-8743-f86d1ab2430c,MO
a26b0538-3a44-435a-b9a1-bbf917190b96,BA
5a5faf6f-236f-47eb-8eed-bcd268b0d98a,SNE
8ea60a07-cc65-436a-8ced-87f5d70e9ce6,LY
0b76e5f7-cd32-4987-9466-2d9e166975ce,SNE
227fb110-05ac-49cf-aa02-eff55c170949,SNE
05bbf79b-97a4-4213-b0a6-0e4ed5bc57a8,SNE
c15e911b-caf5-4a6a-87af-370ec70335e9,LY
38c9a0c6-e698-4d52-9b40-b1dff2615887,SNE
e2f4c2c4-bf53-4cc7-8396-4ec2e7fe9e6a,LY
c3816e3e-bdeb-414f-8dd9-2fce6207ba50,BA
73079cf8-249a-44d9-b2a9-8286e6b19fce,SNE
3c279823-0e89-48af-b62f-f000b4c7fe3b,SNE
452cd464-b7a3-4a9d-a2d1-c2c877122303,LY
a6e9f6bc-44aa-4962-bb03-3eef69bab7f2,EO
ffff2308-b6da-44cc-9688-468dd3b12538,MO
408e4e13-5839-40ee-9055-1d38482a09ce,EO
f023e2ea-fb20-45c0-8109-17e3e35a459f,SNE
826a0b77-461a-45cc-a600-1cdc57ddf493,EO
cd503115-98c8-46cd-945f-3f15baa67ed7,LY
42016ce9-abd5-43dc-b0f0-908d1449170b,MY
2890a0a3-e4a8-4639-9e34-184a61e88cc1,SNE
aa3399ac-dc3d-40f4-a304-b088e4ab84d2,LY
061da81a-17e0-4222-8da8-0326eb91a4aa,SNE
62d566a0-1c4d-4e2b-ac9f-b14372f843fd,MO
2d136936-739c-4649-b8ff-26c79555664d,MO
ede97fed-867d-4f48-9983-8e9cd7fe65e5,LY
a3bf5b05-e8fe-4ce6-93ba-d5239bc6f068,LY
c02f84b0-2afc-420f-b228-4aba70dd1b37,EO
91c7e3de-3a33-4722-9dab-4f3b133ec5cc,MO
f018939a-7487-465b-bfa3-b17121ebd7f9,MY
50ed7f4d-1465-43dd-bc93-f1052c04a09e,SNE
fd79abed-1902-4b2b-a914-158c379f85e6,EO
68519357-23af-49b9-9c65-079f19570529,SNE
595b13e3-fb58-42f9-84cd-5f2817cf4498,EO
4ac0cb70-acdf-4f89-a8d3-f50d55239432,MY
2596f76e-a6ca-42f5-bd79-d7e7b348285a,SNE
23c866df-25ea-48fa-88d4-8dda09a4779b,MO
8d21c741-db62-4c43-b0c5-8b6102a0dd72,LY
baee31b6-d85d-4176-9f23-cdeb2ae6337b,MO
c04b83eb-b2b2-4f35-9c53-409e32a6302d,MY
7e87b1b0-a9d8-451e-8cc8-74667bd426f8,SNE
3ad6b796-4333-4a61-b203-8eb9eb7ce72d,BNE
cf69cfc5-0c18-40d4-9d61-c098e4a9a087,EO
015527f7-343b-4952-b3bd-c8e3c66803e5,EO
7986291e-d1bb-48de-9e64-df152cdc15e7,SNE
22b3fb44-d743-49e4-be5c-64a3f2adb574,SNE
a02cf72c-0ba9-4f83-8a53-ee98a5bf2c30,SNE
8ae76467-3b6f-498c-b2db-8d44d3f8f093,BA
ea994a53-e2d7-4221-87fd-4f1d63f777e4,LY
4b554412-07e6-41a2-b18e-60d8e0dfd9e4,SNE
543cf645-28e6-41fe-9866-01cfdcb673ff,BA
4c1fb2ac-9d6e-40e7-a93b-e331af80f471,LY
9b060283-897c-465d-9b1b-f0617ebba347,SNE
260faaa8-1dd9-4af8-a6e9-98addc7f89c1,SNE
5fd7fc4d-62d5-45be-bbf7-a2608fc7994c,BA
60b25069-a63a-40c3-a6b5-1885021d64c4,LY
1b6414a0-527e-459b-8ba6-6bdb880140da,SNE
ef589f13-8f3a-4f41-b1fe-83d9abc36b30,SNE
c232d4b2-7536-475a-8af5-e7d8452f404f,BA
43ee1743-75a4-47ef-9a76-7e062ac97849,LY
bd4885ca-8756-4365-9459-ab51792ec6d5,SNE
54a4701d-db4b-4516-a6cf-ae28beb95179,LY
236c4378-3d3f-4c6d-96bd-c044ce41ac9d,LY
93ed012e-6ca5-4a0e-be89-52b1b55a7a1b,SNE
e1ba8e09-8d51-4ca7-8aff-391423f77349,SNE
41e24ab5-604d-4e8f-9b27-8f94df60dfbb,BA
f574db95-a3e1-411b-80b7-76444d2e2775,SNE
4fe10043-6d91-4d18-940a-a0e64bd97d2c,SNE
79409ab2-28b4-40b6-be32-5396aa77e6a8,BA
058620ce-64c9-4509-b6e9-dda41d821a7d,MO
09aef72b-bea6-4d6e-bbb8-d798ccfeb696,EO
86206931-cc01-4c5e-bd46-aed447f1ce11,MO
edeaba1c-a353-4059-b29e-4caf7b444cfa,MO
2cbe1a2c-77c0-4e4e-8cf8-b528e52510d1,SNE
6e6ebdd6-83d0-4110-838d-8f8d8486696f,SNE
7f881e34-0c03-4385-8568-1312513d3adc,EO
2e057fdb-761f-433a-9896-41457362d7bb,EO
7cd6699d-ed61-4ab1-8dcc-d5870f97ce25,SNE
e2ce70b7-11a5-420e-a0a1-c369c39a171d,LY
873618e1-003d-4b87-ab55-97ffb0115591,SNE
8d35ddbd-ca63-438e-adee-ed810da94d35,LY
b6611324-1b8f-4737-8b6c-0fc12c222217,MY
cbd07e72-344e-4d18-9686-ed958a93b6d9,LY
6beabce7-452a-49b8-94c9-bf0895aa95e7,LY
364d60a3-9858-46a8-a23b-06d12e8992fb,LY
41662365-7d9b-4911-8abf-6f73d181b2cf,BA
af3488c6-9bd2-4065-8b0f-e95ff249853c,MY
12c1acee-9fb7-4f7e-b9ea-b19b82e1c994,LY
1c65f3cc-2626-413a-ac0e-bf1ca013707d,SNE
2a3d3ca3-8e14-41a3-8b0a-27d0a1ced5f9,LY
351f7537-15f7-4899-8aa4-118dc1d5186a,SNE
11212e9c-787e-45ff-9004-cedbef18fcd9,SNE
8b0dcbfe-d2e5-4806-9b3d-142e2a64233e,EO
17c5d1b1-19dc-4f8a-9a91-2fdb0be988f5,BA
281edef0-467b-4025-9d7c-a29763af3367,LY
85c5a4fe-b32a-42d4-b5e4-6920a1d04177,SNE
f4011c68-8ec6-48ec-8b39-bdf3729256eb,EO
95318cdc-1b1d-4384-86fd-ef726927cc7f,LY
87ad09a9-67cb-4c91-90ee-c29c86607143,SNE
f5403981-7761-4c30-848d-7df355d7aa70,MMY
73a12a2a-a5d8-4452-8f0e-a1f16e5a4aab,MO
547370ed-2361-410c-8582-9b9a998072fb,BA
4f6ffadf-e247-4b3b-a85d-9ba64fbe91eb,BA
62c5cdbf-9a1e-4926-922c-83b363b62e9f,SNE
41381a4f-c2d0-4e22-b1c3-e3d6a6b1f34d,EO
46fedaaa-30f8-4956-bcbf-970e3d5916e8,LY
ad90701e-1274-48a6-9ddc-b9a512e174be,SNE
d8b4edad-bc79-4cee-819c-73a7aac2893c,EO
20fdd71c-e554-4045-81dc-92f53caac07e,BNE
7009ad09-3c75-4f3e-9abe-f8c8ee1332f8,LY
c429d7e3-6ee6-4e1a-971a-730b4c49d993,EO
25d0cc40-2b38-43da-ae27-985460162ca5,EO
cbb9a7ae-410c-46b5-a607-fdde001ffe55,SNE
5a682d97-b9bc-4ccc-baee-1500003752e9,LY
2c176ab4-ba6c-4045-8fd3-977174940eef,EO
c94c7781-4939-4407-ac40-324224126181,SNE
845b7ed3-cda2-4b7a-bb98-2070b5c9233c,LY
b92523a0-1dea-4f2b-85ce-6b2d6c559a87,SNE
ea930ca6-53d7-4bed-a4d3-1a703445c660,EO
a24139f9-316c-44d5-8dad-908d7ae1b251,SNE
64c36854-0eed-436a-82a6-036b83a7e44e,MY
329aea40-ba23-4e01-9717-d1ef178e75dd,MY
f8cab9a0-3e29-408e-afe1-197cc3dd4ea1,EO
9ccad2c5-54f4-49f4-9d89-99b3a8c58612,SNE
edd1b674-d7d7-4064-a448-f64f8f529840,SNE
7886d4d8-3dc9-469a-8e3e-0d6144cc540c,SNE
1021ac33-28a5-4100-a4f8-e1ee7f50d1fb,SNE
943ebc6d-2d90-478c-afc4-1e94a68a8a32,EO
58c41d89-5c4b-4eaf-a722-992ad5406f6e,SNE
5bb33eb0-c87f-49a8-89c4-9dda9100e8cd,MO
0da39505-768c-4a03-bc21-22727c5adfd7,SNE
37776600-fd36-4c24-af2c-00ebd77fdf08,SNE
716cfeb1-213d-44b9-8377-d95599a8a3f0,MO
9c194279-c70d-4624-b788-1899266fcab7,LY
f063f5a6-acaa-470a-be63-e831e24561c9,SNE
d215b4ae-d834-47f5-93f5-46b8c4f5d72d,SNE
ba0761e6-dadb-46b0-97ce-e93cbfa7fde3,SNE
4a96f62b-7b6a-4c23-8434-5d3207721fea,LY
6c53bd1f-9396-421e-a1f4-e9ebbb819880,LY
f661263a-0b65-49e8-8e55-f2e6e67db35d,SNE
59e10140-044d-43ef-ba05-4eabae48d8b2,BA
46fb0527-2f1f-4879-8ca3-a75ea8c1a674,SNE
81f31f8a-311a-4810-a10e-140a52f65955,LY
4c5fd1ea-99f8-4e06-9e7f-7985407cb57e,LY
f1bf3f9a-de2b-4a89-aa30-3378e08d8551,SNE
01c98cb3-3d13-4296-81ac-d67c3013b521,SNE
4468d813-fdf5-4913-9cfa-f531e6e89f3d,LY
62e4c645-ae1c-4590-a014-7d93357c7e3c,SNE
9d4d730b-86e6-4d16-8802-bf0765d536be,SNE
776c70c5-2cb3-43f0-a02a-d4b595770ca4,SNE
cd0d1707-5b80-47d8-ae81-7ffee8d1e18f,EO
0558df93-8929-4947-9b3b-bd41dc749219,SNE
94c0a4f8-6901-410b-a087-d4bd7763d82a,SNE
aac47587-5c38-41cb-ad0f-bdc74c541442,SNE
dc779056-c24e-4afb-ac73-743a57eacc05,BA
bd89684a-46c2-4070-82ac-d035fee89756,BNE
ce067e65-e053-4bfe-b6e5-924c02190c75,SNE
f4efa351-6cc2-4d8c-a6d9-9d2a776263a2,MO
b80882e7-1e8d-4bbe-a4cd-1679ed171c19,EO
b10a6ef9-8d38-43fe-98ec-9f67b8cd220e,EO
8aba6be9-708d-4b9e-8b7f-cea34819c924,MO
d2adb0ac-c323-40ca-9ba5-2c8804820e7c,LY
a13f0f77-1876-4ddf-9cdc-97be9168e3b3,LY
8c700a66-c712-4660-9b3f-05665511ec1a,SNE
9b4e7528-24d5-4c74-9e60-70227ffcaafe,EO
30b63049-2183-4af6-b42e-fdc72e07891f,SNE
e9ad9e7b-402c-448e-b242-2e159a61eb16,EO
bfff7217-6a43-45d3-a419-3a2c61189bc3,SNE
4701d3bc-7e60-4fd3-bb7d-f6c356e3f87c,SNE
ec9c721f-6ace-40fe-aa5c-99901b1877ac,MY
36fd83a6-6d7e-49b9-b7a8-08fa68361abd,LY
5bf96cdf-16cf-4153-82a4-7a99bde04abf,EO
ed49512e-1d95-43a8-aec5-4cb2b289d3fc,LY
fe34a337-58e1-4b0e-a790-0ec75994c40f,LY
547c2738-71d2-45e7-8afe-8e08dd87c594,SNE
1ffedb91-7a7b-4fed-860d-5014cfd9e79c,LY
14df5a07-cdaa-42ad-aa00-fd16150221fa,SNE
a03f0ef4-3076-41db-8d15-53aa876f8af6,LY
34c42b78-dfda-4e68-b793-257a2385d58a,LY
be856e54-73a2-4cb6-b678-69250df7f498,SNE
cb3c58cc-f693-4884-8d99-9f2ea867112b,LY
1195c922-b424-4107-89a7-2e2041ce7012,SNE
ff992632-d1ac-4b08-99e1-0021eb7348f7,EO
9b2a8cc7-4daf-45dd-9214-d213abb99314,BA
558abe42-cc3a-4ddc-a6dd-a93cfe40ec1d,EO
6e79b769-1ec2-44be-8312-31a671d004b0,LY
ee526b2b-b774-4fe5-b820-1061e4e90043,LY
916a7685-e7eb-4865-87ab-cf0072371192,LY
733d94a2-fa76-4942-b6c9-c0634da190fd,LY
a9a661b7-a91e-4563-9939-d4c45475ec86,MMY
b4afac45-e012-4b82-a7e3-f9f25deb4f14,SNE
93b90887-50e5-4279-888d-691c817d5183,MMY
325b7935-c969-4dbf-8138-e12efec0ed77,BA
797bdaea-81e5-44c8-8af6-62a865fd08e8,MY
19fdd3e8-1fe2-4620-9b00-7445978ee7b2,SNE
bc8b39bb-536f-45bb-ab71-d2dea5b7f352,EO
36f33c2d-c6df-4478-ac59-3a30869033be,SNE
3eb18588-cf43-427f-8ee3-f0448a02f576,SNE
5c169ef8-6700-47ec-b3b0-a7bf0f117d7c,EO
a7b6eac1-f036-4b8c-ac46-7b2defa4e817,EO
6e404ac0-19b8-48d1-a4d7-c20497c4fe5b,BA
5e8a0fd0-b536-4932-8ae3-e66f5796d3f6,MY
99660886-780f-44a2-abd2-54ad077f1f37,EO
acc07524-5f6e-4c3d-8786-c61aabe3d787,SNE
cebae670-bd1c-4688-8cc5-776c6a52aa5b,SNE
9cb67d9e-117b-407b-bff3-95c5c32357ca,SNE
47058f32-de02-41aa-bcc9-9b6327b29698,SNE
bb914616-19a6-40ae-8036-e60c6bfd081e,BA
ee206d02-926a-43f3-a52a-9d404ec9f996,EO
9e49fdab-3d53-4630-aae8-4f72a6f39ed6,LY
a9184994-472b-4709-9a20-e8a2e2732363,LY
7070effc-f82e-42b8-866a-b0f63d6fb39e,SNE
147965c6-0331-40db-b709-94327f95a727,EO
af9f0e9f-a2f2-48eb-bdf5-0eed2695821e,EO
6cf233d5-4e38-44ae-9015-14b1ddb0998c,SNE
31630283-ad78-4955-912d-a206ec2e8ff6,BA
170f71cf-e534-4ef8-9c66-3e88232ccce6,LY
3b159e1b-cd78-4938-afed-4e095e680ae0,LY
8b74d1b4-9e79-4e29-b687-4d89f8e86cd7,SNE
bb55125e-8d9f-4a86-b649-9efb17aee744,LY
231073d4-bb8d-409a-9db4-f548105bb5f2,SNE
b2946b61-76f8-44b0-963c-2bfd406d24fa,SNE
53624f07-acd7-46a3-91ff-49f9c696de41,SNE
5152c9cb-dc48-420b-97a7-054b7c3de9ee,MY
1913531b-d6d4-4fe9-8d0f-1c13f5653259,MMY
d818ab18-e7a8-464c-85c3-bc8b68cab0ee,BA
b56d6298-08df-47be-b065-3b9935c1d4ef,BA
fcafe0cf-e638-4d46-bbdd-068f2e099e9c,MMY
4889e2c9-e56a-4179-b538-264efff502a1,BA
41b05e2f-4092-4f62-8c97-5e7884f77ad8,MO
a45d3eb2-0fa2-42bf-a0c2-3c4ecb2a8b44,LY
fad1420a-4097-4b13-83e8-e7f874996399,EO
e34b0e8b-02ea-4a8f-b24f-c54e24279cc5,SNE
6ea6aa0d-fad9-4ad5-aeab-1c81f4131cc2,VLY
33248423-5692-4719-b58a-d8b7fe08b7ff,SNE
96fc9039-fe1a-49a1-9a41-eea10c06302c,LY
e4e26f4a-04ea-436a-bca3-93005db2634d,BA
b2260764-f057-4587-9718-96ab52afce34,MY
3c317965-9730-4a39-b971-55717f0d1883,EO
f538b24b-ba53-4455-86fa-ce5e1cf78f9d,MMY
4f11078b-9826-4062-92aa-c2c7312a4ed9,MMY
b9cdeaaf-41b6-4121-b65f-0629b77e866b,MY
54738933-4920-4fc5-bc8a-bb587795f5e7,LY
3622e111-8b50-46d3-aa0b-6ff26cb719e2,EO
456a4eef-484a-4eda-86e6-e60775fae10b,SNE
aeb2f21b-018e-429d-ad7b-1bb8bec207f6,SNE
b43338ca-247b-41da-90f2-18f97183448a,SNE
7140dcd0-ca59-4859-8dbb-77f70aa182e3,LY
259ae447-9fca-4fcd-a808-e12780044786,MY
d007ac3e-b527-4a16-b67c-fcd8108d7b74,SNE
8856807b-4806-4900-af46-0ac491d4a5c4,SNE
67026922-6f5b-4daa-801f-57a1819708a0,EO
90dca10e-1ad1-4487-8973-c9230bf95682,EO
e056d091-818e-40ee-a24d-bd9cb97aa4ca,SNE
64ed3f95-270f-4bc2-8229-bf9498f49844,LY
8ecff2e1-c426-41c8-8f3c-67bc4ef9feab,BA
f2f7314f-6ac7-46c6-9ead-9ac8e3774832,MY
d5404cab-baaa-456d-a017-1a7ab553e680,SNE
db785784-6c3c-46d8-b3d6-9e78f84325fa,LY
00fc3a1b-f729-4b36-b661-4c0cecce4886,LY
bde0c028-2df9-4957-87f6-0d5499236d31,MMY
7e0664f0-3821-4944-9f96-63de4c71b03d,SNE
3bcd07ce-21d5-4202-9afa-4b03d338b811,BA
b0017941-25db-4363-b36a-2b7014b0d28a,SNE
1bd7606b-26ce-421a-839c-8c918f8e2613,SNE
03aeb076-67dd-45fd-8a58-3bd87774ee3d,SNE
72c47aaa-6911-4ed0-87b3-1ce449b8c302,MY
0c98743c-498b-4fa0-8ee2-ff228c978a2a,EO
50f73230-efc7-4ea3-b59f-21ec1ba80cf6,MO
5449aae3-890e-409d-96a4-d45e10bb9b14,EO
7eb280cc-56d6-4604-8fcd-f7a6a73ac3c1,EO
01ae7964-3f64-4646-a2df-2cbeee1c7b31,SNE
f0f11609-8d90-484f-9353-f05e9eec7b54,SNE
fd5ead42-ffa9-412c-aac9-3d054c8a2268,BA
f773bb01-6549-43c5-b815-213b64f4f2da,SNE
a40f8ddd-c24f-422b-9a0b-46257250175b,LY
2c476f56-0cd6-4620-bbc4-e99304b1b453,SNE
db4f50fd-a3b5-456a-b43f-a738ab9a3112,SNE
ced00925-8641-478a-91c4-ea1c541bb46b,LY
fb2fa396-4869-44b8-bfa0-2771a14d67f0,SNE
7a3fb7c6-33bd-4853-adc9-0f5e66a9925e,BNE
adf51a2a-e54e-4bae-bee1-6a0eb8fb0157,SNE
dca18371-d221-4dc0-8588-e7e6e895d151,SNE
9eb2c320-6a10-4f3b-b69d-aeaf0afa96f6,LY
e5232066-d1c2-498d-95ab-219654d03eb6,SNE
6b613c84-41f4-4253-9af2-dd0038c9a8ab,SNE
61427454-01c3-497e-a4c3-92b8ff678799,SNE
f6702a78-898a-4699-8d68-4b57745ed7bc,MO
fe30b9e6-980f-4cab-8843-2a04f23a0f6b,SNE
30656f35-82c8-47c0-9459-3e5802135255,EO
fec766dd-a444-473c-b3f7-5a8f48d5829c,MO
c2b69f92-ecf2-4f1b-be87-be573bfac860,SNE
216f0e43-29c1-407f-8b24-5b0543d8fada,BA
f2eb876f-ce86-4752-8611-daf414c85514,SNE
ebe36d97-2218-4250-bcf7-1c8b3ea5d920,SNE
40fff2ed-9813-478c-88f4-5d47c9e3dacb,LY
f22e612d-ac9a-4d9a-b51b-3d4fda3681a2,LY
062dada7-6ba0-4f38-ba0a-fd78aa7a0269,PMY
7000c990-2e4c-4415-91c6-0b67afa3b4ce,LY
f71a700f-0cf6-4de9-8cc3-213a5ece21b2,SNE
0ccc81aa-5bdd-4a26-ad79-254ac7205ba4,EO
1873cf34-2496-487a-80d2-506ec76b6a36,SNE
90930840-8f69-40f1-a11d-07adf5fb3a58,EO
489f824b-2499-4932-b720-9e6927a08b39,LY
5e1a7382-9eb4-4da5-a7e0-0523fe387ea0,SNE
db55c208-236c-4613-93e3-7f133383a3bd,MO
faae60ee-7595-49d0-bb86-254cdbbf254e,MMY
10b8f975-a6c2-48b3-9569-8e1df8f2ff68,MO
d691132a-9fc6-4d72-ab98-a8ebb9f49b9c,LY
1cd97c8d-6e14-49f8-a3b6-9094d048f6d3,SNE
1e182acd-8779-4dee-9fc1-d5a424f49a9c,SNE
5d3d9966-ed78-4524-9bcb-7e90f3572b0b,BA
79cd7956-10c7-4d33-bd5c-e58c5d318046,MY
4f5526b4-17c6-4f21-971a-4a99f011eeec,SNE
7dc7bf31-89d9-4715-a5ce-3818aaa6052e,BA
b2c2c432-b68f-45c2-97e5-7dfdf64aa81c,EO
c62f98e6-40ea-4d66-848e-f667b55542e9,BA
ec4fbfc3-0b43-4cab-b8dd-c5baceb0de54,MY
35a32603-9418-4d87-a6a5-abd3f4f951ba,EO
7f3441a8-18b5-4171-8a3f-5311b6155d7e,EO
1d0540f8-7834-4244-b6d2-25bf4b1b7e4c,BA
1b5df8fa-38de-452c-8922-d930ae47c0fb,BA
0c365172-e30b-4045-827e-9d99d962b055,MO
3e40f90a-29d6-47cf-ba97-2c2aba04d3fa,SNE
71cb57d5-3ab5-4acb-ad7a-16e3784aada9,MY
1abc98e8-45ec-486f-8732-f03a4d2f7f00,SNE
31b662d4-c7fd-45d1-9165-3c15fa3e4e89,SNE
8664fef2-6d7b-48f9-819c-79e0190897d0,SNE
0adc2064-ed52-4f7f-b7df-f0f4d23dfbca,BA
117e7b86-e7a0-49ff-ac23-de1a96cd5f75,SNE
4101f04a-c271-4108-aa55-8c5f8356d655,LY
241889f3-81f2-473b-9a6a-9aead62f9c38,LY
c5c8bb59-60f0-4553-a9e6-b75796abe685,MO
f16035f3-068b-4a5b-97e4-81517032fed6,SNE
5426c1c8-d4e5-4b2e-8bd5-e818ffce98dc,SNE
9b7ccbac-bb19-4fca-9903-c627338f9fba,MO
0d9453ab-376a-4938-bdf3-eef2fd400b2d,BA
cfded24a-00f7-41ee-84f8-bad3bb07cf40,SNE
affc13f1-f81f-4979-b5a9-52bb13666e7e,EO
9846fda1-e501-4c62-abdb-852c6249c513,EO
c4f427cd-ff73-4db5-a41f-b41811cfac28,SNE
137e92c4-ab14-4c95-96ca-7c157572c16a,SNE
cfddf700-f46a-4b33-a95d-01989c0bee3c,SNE
83c9614f-a5ec-411f-9076-5333f8989390,EO
1d76b1c5-ac8e-4ea1-9f66-14f7e2d4a7b3,LY
b1aeb7e8-fb8f-4952-8237-75e895487974,EO
caf3671f-c53e-4219-9e2f-82bffbb8e472,MY
cfd97f42-30f7-48b5-9bc5-d8fdf85d9511,LY
6497ad36-e1bd-4725-96c7-6500f465c744,EO
de6a2e10-e4b4-4eba-954f-2c463a520781,LY
21bac064-8451-4202-aadd-85c377ac6975,LY
01beb37b-e999-4217-894c-17e6568be97d,EO
8e52aaac-a539-4ee4-92b7-5af6dd910674,LY
f03ad398-1b9f-4c53-89fe-5988a235e914,SNE
c2c34a96-4093-4788-8d6e-0a011820d9b0,SNE
1aa501a4-d42d-48b1-91a3-f6d8c403dfb7,LY
cc1ff9ad-33e3-4200-9e27-850dddee8c09,MMY
ed166bdb-6635-412e-8d14-2dee9407b5b7,MY
6f9d7c7d-cbd8-4be4-a210-d58da746ba4d,MMY
86454a96-95c5-4d44-a1d7-4c474022c48d,SNE
d434bb83-bb4f-443e-8667-ad79ec39d3ba,SNE
928e5131-269b-4a9a-860f-73a4d0d582ab,SNE
4008b945-a053-4fab-8ea1-ee929a55f5fc,LY
11d40455-1d58-4a0b-b99d-efa0c2a9e82d,SNE
95e15ca2-be6d-43c9-a7d7-26bbeb6cc8f6,EO
ff230cc2-0a57-4e5c-a2fb-e51e2d824ba4,EO
dc93bd55-a310-4b3c-83fa-bb8932ebb509,SNE
027bdb77-8b90-4cae-976d-070db0dfdab4,BA
aa8dfb6a-55a6-45e3-b273-4e859ab8399b,EO
debf7b36-07cd-43a6-b7e5-ff9cbdd13e46,BA
af984731-2dcf-46d6-8514-2fc00956150d,MO
2dcfe8d5-07ef-43b8-b29f-b40c17943fae,SNE
acfe9250-94db-4084-9c87-2a14d58ecb30,EO
5d893c65-9492-49a9-be8b-615cf0843391,EO
41626d40-0333-4260-86c3-610fb301d325,SNE
e15288d0-f271-4f95-a759-6adea4f19769,MY
d877f52c-cfb3-40d7-8826-4e6e55528210,LY
4a17e859-16b2-46d8-94c1-53146e7cf482,SNE
49b73262-6818-4794-bc46-a780cf67bd45,EO
8d67b4e7-07e9-4c08-af95-37767bec73f2,LY
811afb0e-b96c-42bd-8f22-ea7fafc52d1e,LY
3734e892-0785-4cc7-8f5c-2da07c25213a,SNE
3a1c4ad4-b9ad-4272-86f6-c341e6849296,LY
0cb127a7-5cbe-4e32-afbc-2b6ebb8352cd,MO
f762035f-fafb-4ada-8ee6-a4c8f9ac1f8a,SNE
ed47e049-35ff-45e7-944f-f5b0b59f4777,SNE
54be88ec-a665-4992-a410-9ac507d7f65b,MY
d6703fea-1edd-4463-b97a-2018d5efafa4,LY
e1e6dc9b-421a-4c36-9647-269cb5dce5e1,EO
34d5b828-c6de-4c1e-ba66-a903d71f4074,SNE
4e185ec4-31d2-4f45-ae97-ebc820fff99b,BA
9c49fc73-e5ca-401c-a25f-0c2abe3fa3fc,SNE
ef59bb89-f0e8-4b7a-9571-0dd217d83682,LY
31bd7c37-afcf-4eff-b9de-fc638657455a,LY
f5d80d86-b6a5-4772-a102-05428351209f,EO
1e4ad48d-9157-4682-a7e4-3720f961094d,BA
11f19a43-c009-4dae-a957-b1b6837684d3,LY
b2ac4f1c-14ff-4a39-916b-7bbaccdc1250,LY
cc88658f-e2d3-4ae6-a0a8-227521e7d298,LY
b5c645c7-e233-4365-a2f9-3c5fc5c4288c,EO
93a013a8-7d33-400e-97f0-f988010fb010,BA
8325b46b-af62-4a30-ae80-76f8b588dfeb,SNE
49dd624b-8678-45c5-a398-0b4a096d706e,EO
e01d9c4c-9dfe-45eb-a7a4-3c0acbf10207,LY
5418ae75-6125-45d6-824a-ea54eff4eac3,LY
ca41c729-8c05-44ed-8c07-b2157fe90cbb,BA
e647cb7e-2d6f-4928-a17b-f8f2cf05ed93,LY
e9184456-9756-4869-bfa0-6f2498fb6071,SNE
ed897273-b2b2-4aaf-bd99-126dac351e18,LY
e781f3d3-0d71-4538-9572-4214eac03be8,SNE
2624e78b-9d28-4dc4-aa8a-393d4c74632f,EO
aacb6562-ebd7-4ba3-b633-9491dbecfbe1,LY
e9dde6dc-1270-44e1-a626-df09b1318e77,SNE
225b31c7-144b-43f3-a0f8-e4f2241b0431,SNE
8bf318fb-d77f-4290-99fb-74db63e67856,EO
c6d22814-52aa-4aa6-b3fe-206a0c6603f2,SNE
0316e297-9a17-4516-ad1d-0bb16b94adc5,EO
eb6de8ab-ed03-4043-a693-04923969ab59,SNE
42959705-3416-4194-84ed-6fd1e3c57e48,SNE
4f12b913-2713-44c6-be03-8894590b0086,BA
07fa903d-3083-48c3-9771-9bcdea45a6dc,EO
5f8ee28f-ec46-449c-a61e-c079cda79f42,EO
1b128321-2f41-4ae8-849e-03f47c676ca2,SNE
f17670f4-c4c9-4cd3-9dd4-370a74066477,BA
d33a0466-1b16-4052-95ff-43109a5bd81f,MY
1f105f96-be2f-4340-8526-03fca076a854,EO
2387df08-2c15-4c29-b388-8fb13a89ab3f,SNE
0fb31dc7-003f-41f9-abf3-0f734d107a14,SNE
807a2d8e-786a-4f3f-a880-15e71d7edca3,SNE
f6800907-2541-4083-a0b1-0b02e2bac794,EO
9e18ff36-a20b-422b-80cc-654c36d4fca4,MMY
93b4b8f3-2659-4bf5-9a9a-bfad846ae3fd,SNE
1d90a1bf-32c6-4a9c-8d38-329c343e376b,EO
7829846f-2022-40e4-b95c-2adf4f243cf6,EO
0f3e1986-3f3e-4f0c-94a6-063f51d9a761,MY
217b0bea-9b46-40c7-a67f-ddf45fa12290,EO
b915564d-88fd-4fe7-9277-5c8a403cf5dd,BA
a386a7b0-6ed5-4914-bcb0-5619560bafd5,EO
71e09af5-47bf-4234-b895-2df49ecc9790,SNE
cda7ee27-cc5a-47b4-89e9-66aef0822184,LY
fe8fd9a5-4cdc-431d-b35f-967e3aa67b5e,BA
5837b304-b45a-47f7-a74d-7bf3d4693042,SNE
47e06e8b-87bc-4efe-830b-19b1501db1da,LY
8b941046-04f5-457d-884e-e59472964c8c,EO
453f64c6-42ba-4dcf-8d67-77ed4d45b572,LY
5ba3e733-5e24-437e-96bb-32f5898245b3,MMY
fb9efc7d-07b1-4375-9e29-7e9b051dc4ed,LY
3a5b6216-3b5f-4ce3-9dd9-f032dff934a2,LY
0e1ce254-cfe6-4391-bf98-1f4aaa6f660b,BA
6ad6c0cd-533b-439c-b751-62b6456241af,MO
4e0187b7-e798-4c61-a68a-57505f61cdbb,BA
02aa002c-fdee-49eb-a1f8-a17b55bfedf4,SNE
342277e4-5053-4dc4-b34a-211cbdca4037,MY
f6346c3c-bc41-4696-a898-aec42e3feac6,LY
04e38a75-d212-4854-8640-3fff4c21762c,EO
b9860fa0-3e18-4245-8595-048b8cc1a68e,SNE
65f80a46-78ce-4205-931d-4e389a425f0a,SNE
01b701ad-3612-41d4-ad50-79b5aa0cc679,SNE
34452393-166b-4ddf-afac-ee02db6958c9,MY
f2d5942c-c2ea-4aff-bb5d-b4d63deaeb40,SNE
38bdfa95-9781-4ed8-b58b-8d11c14b10a0,MO
359a2674-e01f-4492-b901-76eb087a7e0f,LY
11d77915-0747-4a48-8ffe-01a6e0d301e9,SNE
3bb820ae-b615-4149-ad13-6f7a6a5331d8,MY
cee7e656-2367-42cd-b99c-82d32d3e620c,SNE
3f18045c-2b9e-46ad-84ea-20a604118aa6,MY
949b5655-ab2d-4a3a-a1cf-a5f5a5b31ef3,EO
39d4f466-fd52-4535-bf3a-95dcd6504fe6,BA
5da2de3f-697a-45ae-bb81-9677e55a5c95,MO
ac17227e-bc0c-4789-82fa-3fc29fcc527e,LY
d6df11d0-3282-4f76-95b0-ea192568b417,EO
d9225130-7060-4e58-8a7c-83d803bc6af2,SNE
3ce2138c-6c8a-4c13-bb1c-239ae004d7a9,SNE
a9dbdc0c-ee02-4f45-806c-be801c8bf1b0,SNE
80dfeebc-310e-4f10-a8d8-d0c6db9f3d4c,LY
7b8ea40d-bde8-412b-a289-6e3c770e7433,SNE
946c5ef8-250d-454a-98d2-f415873a671c,SNE
20289f21-a0e1-4071-ac85-9188c8e58781,MY
a801edd2-661a-4937-a0b6-6a53a299e050,BA
2f49acb6-850a-4671-aedd-f07a18ae9c60,SNE
7a400930-e8c0-4139-9654-b9f2a8f45f92,BA
9610b790-75b3-43fb-9039-b7ca111760b1,EO
9e779035-5057-4e87-98e5-8dca3c3705cf,EO
90a2cfa9-d8c2-4215-b80a-c86d9bd22c28,SNE
14d3a6bc-d764-42e1-8b28-6abfc54a42ca,SNE
1b311196-f512-4b44-a235-e1f04958db8f,LY
7f9aefe9-70a1-4f19-84f2-4a8a6110f219,SNE
30ab8b3e-faec-4eea-bc3e-48ef168c1a13,LY
fcac3e0e-1c28-4342-a171-0c79b7691293,SNE
52862d4e-572e-4a7d-8c21-1d0412b7c525,SNE
2c9e9f73-fc04-4b22-bd01-09fb9445ae6f,SNE
26c4e4f8-fbe3-458e-8d14-f058d458b673,SNE
3cb30f69-d483-4e2e-8a86-7db824678b85,MO
254a11fb-ad43-4af0-ad75-5eecaba89eef,LY
e8f21012-aade-4312-a469-0ae1996b69b3,SNE
33b7b32c-3343-432c-9c77-7abdc336ccd0,LY
78663cc3-e88f-4370-9e0e-a5b88e6174dd,SNE
c685e972-359c-4f0a-84c9-7ac898d0123d,SNE
247075c1-074c-42e1-903a-b64066a08edc,EO
57ab0856-ab1e-445f-80ba-04e74f703a28,EO
760a1501-34c4-419e-8a8b-3a3840258234,EO
18d65bc4-0641-42a8-a248-9ef439be54d8,SNE
eb49aa6c-3b06-46b4-95bb-0e8686061944,LY
ae641079-dd3e-4590-975b-57d711085d3b,SNE
a0e68a57-0517-48bc-ab67-fce6af3475b6,SNE
1366ccd2-2ca7-45e1-90a9-972fbe64690f,SNE
04c22501-fca7-4372-95a6-368d09d7533e,LY
5522dca8-95ed-474b-a7c9-b09e1acff168,LY
e491a9ee-d3b9-454e-8f6e-bf8a4d6f2886,EO
38bf87d4-3a51-431c-bd04-4bbe0d408bb2,LY
f30d39bc-eba4-4c8b-a097-d411e9aacdc7,BA
5f90b329-6c0f-4fed-a4b8-7e3c6ab401d0,SNE
08c65835-8684-460b-a5b3-417f317ea70b,MY
6f7d15c3-6bdf-4517-be7a-dc19a5c359b8,EO
9c1872ee-00ef-4865-b16b-5d05fd1ac323,MO
347a2b55-3976-4384-86b3-fc0ab76f0ebb,BA
603cdc1c-370a-473e-855e-5c6e6cf4d62c,MO
86e9114e-e11d-4c17-9b65-aba07b27a19b,SNE
58f02989-8db0-4344-a072-3deec9a32b3f,SNE
763e12d4-6671-4d3f-a40c-15e1ae8f8fc8,SNE
9b68619d-f95a-48ac-af9c-39373c6d6a62,SNE
3f0e7533-673d-4902-9db6-cca7765b8668,LY
8ec06103-a041-43c5-9ab1-b717202a0f1a,MY
a9d4ff1e-e0d7-4b3a-b84e-aa37cc39fe48,EO
f949bd3d-efb8-41c7-beef-da0c43ceb982,SNE
e3b80ffe-b146-4b2b-909b-0213050b1338,SNE
47024848-8adb-4064-ab4e-30ccd289e856,EO
493da449-8277-4496-aadb-559a25f6b3f1,SNE
4b9ab7d3-45d5-42aa-99b2-e2f8b3d7e43c,MY
94dc3c62-138f-4a9c-af8a-7446156ecbd4,LY
ffa4f02a-4ba6-4323-9679-a272881d39ba,SNE
0c8cec9e-2aeb-4903-96fc-cd5c8b2b4e60,SNE
b9d2d324-aded-40a1-9bc2-ff1ac66a85e9,LY
9575cb40-ccd6-4f9a-ab2c-6c445871b1e8,LY
8a4ed90e-0dc8-48d4-a021-c322e0a2122f,SNE
b39508a7-5aae-4fb1-a9bc-250763f8e18c,SNE
84e7d28b-1455-4d92-aced-e0b78fd4b6b0,LY
e7a97d8b-3242-44c4-82b0-07e0c5da24ad,EO
f65aa386-34d7-4c53-847a-2fbc66c5863b,SNE
cb03a21d-180d-48e4-96ba-e0db2f7417f7,SNE
63969836-1b27-4cae-9fb7-a9b9d213c8d1,EO
227f8f7b-6f64-4767-90ef-72cdf0e3ab8a,LY
39316e55-c6bf-4c73-befd-4936226df04c,SNE
72ac5c43-078c-4442-8df9-48f04ae816bb,MO
d091163b-01ba-4845-9717-5f68a5a81e5b,SNE
80eca491-0e60-4812-9be1-7c57f5d0ba1c,SNE
832c31eb-1aaa-4459-8b45-beb931513ea1,SNE
581aaea8-1cc4-4698-98d0-c1833d9c0d92,BA
49beac89-593b-4175-b6e4-205ea74e49b3,LY
0207e4fa-b3fb-46b7-852c-8c6da0ae23c4,SNE
afcc5790-4f56-4e88-b740-b7699a33c880,MO
595a2687-bfd3-437f-b9b8-eecaec01e01d,BA
1b50a716-adbe-479b-9b4a-01bb92fb63ab,MMY
c02d700c-8c64-487c-9168-0b8d59baa3ce,LY
5bb59b3f-5645-412b-aefa-b71d5ce495d1,MY
8eefa797-599f-471a-b91d-b0847fcedae7,LY
bf87abc7-dae0-4428-b932-cd5e8e50a6fb,MY
96d64586-9eba-45ae-8f5f-e8a15bb73e89,SNE
4ba82424-87d3-4367-bc42-706b15895c4b,SNE
45245494-8cfe-4fba-872c-6e019a44a940,MY
7d60034d-46b2-4e16-a9c4-b5f9cd8e4d79,LY
e3177d1f-78c8-4246-87bc-5261f358ea5a,EO
1b1a9fc7-faa3-4d2c-be19-59d90840cf89,LY
dc27876b-c38c-419c-9b7f-1c00af527bc8,EO
8a71ecab-d879-4946-9ba7-8e526e68d0de,LY
a670358c-2c5b-4a7b-b99f-e7d6e561ec2e,EO
09fbc3d3-be7e-4896-b54c-875933d7df7c,LY
98f1850b-e194-4b1f-9bd2-3a28677aba08,LY
a316c7c2-aebc-42e3-986d-0a6d61162936,SNE
1df364d6-2468-43f0-a9c5-0341803fce6b,LY
a3cf134f-5e60-4394-a343-6e4e4f377d41,EO
3603741b-ffbb-4203-9ce6-93000db054bb,MO
028e50b5-e7f5-47f4-972d-4fc114d5facf,EO
df920244-2eba-46c9-9815-8850db40d26c,SNE
a5216d9b-e1f1-40d8-bcfd-c7ebd18cbf34,SNE
ebb8b1a0-9f4d-4ffe-a909-e38cf7149b54,EO
092364e3-3fff-4177-a334-00addedb4f08,BA
0e83de8c-7726-4974-b465-4b790db02755,SNE
1acc61a7-cb03-435b-98ca-a3d13a768a47,LY
a287e7c3-a5c3-4400-8b20-3578275ffbfa,SNE
e46b0ef0-5209-4d7f-9597-c7fb60a468f1,PMY
632afc59-2bec-4e8f-aa70-2fc71f25fde1,MO
92d74737-540e-4495-8c2f-3349f0b40aca,LY
9794d1b7-fb09-4c10-8009-0dbe7bc9c4b8,MY
490afece-1d8a-4479-9356-fa7729f21ebf,MY
a67bcfd5-cd9b-48f2-be18-4f7691c2f48b,EO
aac843bc-6ea0-42aa-bf2d-14baa78af454,BA
49338f25-b337-4eae-97b3-f8ab3dc89fa3,LY
96c00bf2-19c0-4fbc-9f7e-a37a70d11f64,LY
e97d583c-2850-4f63-8c14-aa163c6c8c43,BA
79a22107-e209-47ac-ac40-c2a3b1cacddd,LY
6d36b7d7-e590-40dc-8ce6-6398c0c2ebd8,LY
4c8e2ae3-5285-4d29-bc03-b5a826baf20c,SNE
a2453978-5638-48d8-971a-d02ea0661661,LY
3f05e377-24db-409c-84e0-f7410efb6e09,BA
c3d46ec6-8e49-4b02-bb93-5ad9c571b48d,EO
19c489f2-bbd4-4df8-99b7-7cbbb18b77cf,MMY
de9ab797-fc0e-4754-8ec4-74700d8bdc9d,EO
8b5eb9fd-d09b-435d-9715-e39f0c5370df,SNE
c66bdc8b-02a6-4dab-b650-b0070884f8e5,SNE
71f67221-7c1f-4836-9446-e31978be11a3,SNE
3c851449-5aa5-414f-a752-a2b80bfef462,SNE
44acad24-5019-450b-bdf0-8a32027a7b9d,LY
125fa13c-cae1-4105-a2c2-ea6cf49f4731,SNE
41deb901-faa8-441c-812b-ea2c99d1e6ec,SNE
c353c5b8-be2b-4960-ae2e-626e964c6029,MY
ad1f03b7-d9ab-4032-8a62-e4885eb215f6,LY
edb8076e-6651-4055-8962-70cbfe124d9e,EO
974ca790-4438-44ef-84b3-54d1c2e76460,LY
231ad4d1-5907-43d8-bca9-05dd68514e4b,BA
c6171818-322e-487e-a9e1-5c3b2874ee1d,LY
644cf1fd-7eff-45d0-a227-575b283e42bc,LY
a2319b78-8c40-496f-9c15-cc304e0d07d2,SNE
6c0d4ba3-c969-4a27-b0e0-f07ac56157dd,SNE
2ee3544d-acfe-40ba-9209-fb23d323d4f5,MO
95828a5e-1a64-4572-8dc3-28242e920333,BA
f2c49fc9-1c7b-4e6a-a1c5-f89075c6927d,BA
1a9b0c14-bee6-42f8-a285-5acd2dc8eb25,SNE
b5614d1a-05e3-4665-9c21-6de624bbca38,SNE
e2db1535-e3e5-4f05-985d-67e9ef0d8399,LY
161b4abc-8b36-4a00-9e07-bde8cb96974b,MY
0cfc0fe5-886a-43f0-9e18-43e651b89f03,SNE
0bb16c37-18ba-4fd8-834f-aca56dee526d,LY
782e1e20-d5a2-4169-a843-cf742cfb68da,LY
aa1d7cef-6c5b-4397-927d-044986e72343,EO
9a4924d0-8159-4246-b566-d0e030c6088e,EO
e123698c-b8a4-499f-9cf0-a44ea9f4351d,SNE
f4359d09-3466-4de3-8ad7-4f01d622ffa0,SNE
ab50c5b9-6726-433e-b01c-e48d74fd29d5,MO
55c619d4-d04b-426a-8e74-b75d11253dfd,MY
9cc86553-dc49-4e07-a897-e94b946615cc,MY
b05082cf-c43d-4f71-aa49-1b955398cde9,LY
6c1920f7-2d15-4a78-9d80-55b4d8600095,SNE
76833fa4-3917-4b3d-8434-382702afd4ed,LY
48a48313-c6a2-409b-bdc4-a5d8cd3ccd5e,SNE
36eb1a59-aa84-4be6-a0ac-91664950d16f,MY
8a316d02-605c-472f-83c6-f69b883f0b2a,BA
75dee5d1-43d4-4f0f-9c7c-28dd35342b32,EO
42b881d6-8f79-48df-a2b7-262083072aa4,SNE
8de9b1bf-f38e-45b9-ba62-8940511d9718,LY
4c4bb38d-2988-425d-9aa7-2192ff3fd2bd,BA
208fdc18-fdb9-49d4-a22f-d1d5e2038f15,SNE
c4599a37-298b-4273-9401-264a7de3de74,SNE
531e75ce-9ec7-4d3f-b339-3b01020cb162,SNE
e778aee3-024e-4917-8430-88ef512fa53a,LY
30fdac4b-93a8-4953-8ae3-50a603a0d91d,EO
9f758e6e-7cf9-4384-95ce-b2893cc15018,LY
94caf707-5e65-4e04-a4bc-92cb68d5a5a6,LY
95646336-c7d9-4bf4-bbba-7b24ab3cc4a1,EO
7feb4a8c-9a7b-49c4-a78f-81fee0d3b979,LY
40e7520d-7381-4a64-a8da-321e415250e7,SNE
f5e3fb5c-aece-4112-9479-c5d9589b3464,SNE
79131820-22bb-43f5-8b03-77eb0a79e14b,SNE
4433be9d-3ae5-41ab-b13d-92d6d6a9238b,SNE
2d118006-2f97-45a0-a4d4-2f4e3c4dead8,LY
5a3c5dc2-546b-47a5-ae77-dc379bece84b,EO
ecee064f-ba5e-4982-bdc5-d8f6df6a77c6,BA
b069a872-d495-4907-afd6-685170ca0cd4,EO
b56cb287-f4b3-4642-9b19-d474f01a9ad7,SNE
58efc4eb-481d-47fe-a6f2-d3a4e3d46084,MO
b46b4bc5-fe8e-4c05-bbe6-e754275122ea,LY
1acfd0b6-1f83-48b9-9fba-6b002f33471b,SNE
61d23ef7-9072-47f9-8e3d-bc8e82ef2593,LY
16687060-e95f-462f-9fdf-27944d1ac83e,EO
f493cf88-380b-415b-8fcf-72b63cba83ed,MY
53b7837e-ba53-4246-a919-6762c1c96fc9,LY
c916ba32-d343-4d37-b4a4-f56a39af9de0,MY
9f94711b-ce2d-4a2a-8540-51638c1c63d0,EO
85e2ec0d-90a9-4e5d-8d58-b5c08f0eb545,LY
bc526436-5a92-4d0d-bec1-4064f556e6c9,EO
7936f96d-4091-42da-af75-9f9d3e7575b2,EO
c7d5cef6-e850-4e49-a687-15691b9c6edf,BA
62d35d85-04b4-420d-94be-0b3bde567ab3,SNE
5386fcc9-bc72-4158-92bf-9d0f5939f867,MY
ddd9e11a-bb55-40bf-8fc8-fc9053b4c98a,MO
d56df624-f108-49e6-abee-8d2778392757,EO
fdc775b0-0820-4cd0-8635-1a3afffced41,EO
1e7bc332-e01a-4987-85fd-6d78bcc9dc44,BA
48b12aaa-4a91-4d3f-9ca7-30b369401168,LY
1e9761a9-934e-4b76-9b27-951d27a610c7,BA
4f43ad78-a722-4754-9c1c-022ab7bc3fc9,LY
325cbe6b-fefa-4dc9-ab26-7d5b146e14c6,SNE
e5d22c51-0295-4ec1-86a6-c1adea42bb7a,LY
fe3ed3f8-e273-4ed9-873e-0735ad11991d,EO
e29023b8-6045-4775-8819-e3d7fa3d90a1,SNE
8e245041-ff94-49bd-ab7d-3b78bbabcdca,MO
7b786a01-8821-4a42-ad85-4217ba5cc769,SNE
ca888861-0298-4fcf-9716-2794147db7aa,LY
63e58c12-661e-4d6b-b950-09bbd204b672,SNE
b9fa0593-59f7-4645-aac3-e7bd10d974a9,SNE
3439ccf6-6225-4866-b4f7-f0ec3aabfac5,EO
d45e2af2-908b-4e59-9be3-903d95a84947,SNE
07255fba-f615-4223-aa49-25f1cb64e855,SNE
b86e8fce-3814-4e51-9522-266e623111f4,SNE
99dc7e7b-8da4-4be6-b23d-4f7bfe9dc22e,EO
0f7539d0-fce1-4068-b20e-0e28800746b8,EO
34f93432-7bf9-421b-ba77-94ec0b3659ea,SNE
ae32b096-0a35-43e6-9e31-fc3213ca012e,LY
a7163e98-ee82-4034-b699-2474a5b9b85e,LY
15f05c24-25e8-4459-b0f9-442979ebcee0,EO
eef66468-220d-4eca-a60d-150727a9830b,EO
9d14aa79-8c36-4f34-ab99-194a1c71b153,SNE
46f8dc76-1ccb-47f9-9356-b1a23bc6e009,EO
9b0247c5-d0be-4503-af0c-9bd86cb565ae,SNE
8eecd2a4-bff1-4634-a5ca-b2b03716b733,MO
595898e6-168a-4938-93b4-bccc861b1f96,MY
96ff317b-01fa-4006-9410-f1405c1ce0f5,LY
bbbbf66f-9dd1-4b42-879a-1658dd67428f,MO
9d391106-3173-4129-b374-0793a0ce4920,EO
83396760-d4dd-44dc-9c43-e7e3e9b1748b,EO
6d4c131b-e199-41da-8da5-18f0f569f5e9,SNE
3ae87d8f-9275-4c9c-a299-7cc3fcd65a8c,SNE
ee0fe84d-8ab7-432b-b6bf-186b22b1cfb9,LY
b466d611-b22c-41ce-a275-a5602c21f547,MO
40d1e5f4-73cb-44ec-a0af-33feb95e47fc,LY
3cfe0781-1fc5-4796-825d-5473544474f1,BA
2954f3c8-09a8-4c02-9e6b-3c136873cbb6,SNE
bc87ec39-c2c9-45b5-8186-5f44507cefec,EO
c20a53c5-bc43-4423-a9da-73dc37687ae3,MY
975d1998-86f1-46a7-bff8-0e16bbaa56b7,SNE
9788cce5-d1c0-4a73-a61c-466fc8997024,SNE
11cb5bbb-c4a8-45c6-a3ee-9e385d8de124,SNE
877eb752-b589-42d5-b758-a053a531368e,SNE
ddbf1cbc-a9b7-4276-877e-8c72463c581b,MO
7b8f4711-37e4-4dd5-b5dc-0c7badaffb46,MY
fc5ea116-6980-403a-9b97-3e9ea7779821,MO
94684e6a-a26c-418f-84ad-44fb59dbf292,SNE
2a9ee8b9-a109-4e60-8fdf-7905cc41667b,EO
af44de23-7211-42a3-97af-383f83d47990,SNE
ec472f92-997a-48f3-8261-501f504e223c,VLY
00c9481f-d073-4c5e-9686-a21b5e8aed96,SNE
b459903a-0980-4365-b443-bbfb15980ccf,LY
6ed1dbe5-9c3e-4675-ac81-6c9448adb9db,MO
d482dda9-f719-49ed-a161-0d58c07a3f2e,EO
6f71c9fa-d16f-4393-a146-0860838c0266,EO
ce43345e-bf57-44bb-82d3-7a88d78ea92f,MO
0f952b71-6f8e-48d5-ac0e-fa0c6397ad9b,BA
346ce882-1c49-4d92-b332-711b10dffaa3,MY
fe2832fc-8219-418c-9575-fda2051baf0a,LY
1f175bee-4e14-40ad-8158-29bc9a51e4f2,MMY
3ca6ca4c-e761-4dc9-9d70-cc47681de862,SNE
69a3c3d0-d00d-4b3a-a805-f00071551a24,EO
ddc9da14-7331-476c-b786-796e02cedd0c,EO
c1d81226-6caa-402a-93e4-c722cc0cfcc7,EO
41b39076-ccc3-4716-a5bc-ee9d257104f9,SNE
49a9a831-ecf9-44da-92e6-1b0a4f62088b,MY
ac196bb5-4e2a-4768-9422-5cbb2969f070,SNE
467f81b5-856e-42fc-936a-4923e040acc2,BA
687c617e-092c-4387-a90c-096ea4567b96,MY
1376792f-393a-40e8-a4db-2271af38030d,SNE
0983cf01-bc7b-4f54-aa35-00f4db006876,SNE
c9a96867-c4c2-499e-a4f4-b91a19da3513,SNE
1120c154-9280-43fb-84bc-52f0340094ce,SNE
a30d8b2f-2e6c-4590-ba3f-61d30abef985,SNE
5624f597-3958-488d-8dd1-faa1ef5548e2,EO
9492959b-58ae-4dd1-aa73-f8e5a106e84a,SNE
013b04a8-2a22-4e7b-8b6d-dd76da4dd611,EO
7a3c4644-308a-4923-b7a3-ea262fc0b3cb,LY
9636a013-0fc9-408b-97ef-eae3e06d8b10,LY
9ffbae51-5479-426b-b10a-6aa24442ada5,LY
3e501e1c-385d-4dbe-ad9c-f9fdcd4a0adf,LY
960112b5-900a-4071-97ad-34590c6b3283,LY
24f505cb-fda7-4eff-b922-1092a8306aeb,LY
3a9b13cf-2b0f-4f01-ba8a-a215cd2aa0c8,SNE
aaa98404-9efc-4c02-9027-7818607af7bb,LY
242bf959-a485-4add-9c1c-adc9b2c41b4e,LY
07e145a7-931d-4f4a-96fb-70ae689afbfa,SNE
d77aaaa0-8a03-43bc-919b-dc4c0d30b375,EO
902ae644-3f94-4f74-9a79-2bc3d07e6bb6,BA
bd3db3f8-8d39-47b2-bd25-ce258a56a4b1,BA
93755d4f-b390-4fe4-88a3-2c9edc153095,MO
e21c7680-5404-44a7-bd20-b63c28aa5751,BA
67a8f6b3-f79d-40f8-b868-509db87f8acc,LY
eb77bb25-7c69-4c1d-960d-a90221692af7,EO
eb2208bd-d1a5-4895-9440-2c133f05adb8,BA
f13a8ead-e182-422e-89ed-10cb99eb0fd0,SNE
83a0c3c6-3628-4658-b377-46721fd13edb,SNE
1e326e62-d323-4be7-a509-b992b042b679,BNE
e803f241-ed9d-49ae-9be6-0526449a051e,MO
ee00bba9-aaa9-4441-a67a-2122fa95e079,MY
0374e827-6fa9-4034-bcec-4436a9b6824b,BA
30438df8-ef75-4d53-87c3-834b9d527e6b,SNE
b7f8854d-7a5c-43ce-8cdb-4638dbfef74e,EO
f754bcdd-573a-40d7-9017-d5c3e687fef2,SNE
2861e3b0-2e91-477e-9b62-a087c18ffc27,LY
69bff0bc-a704-48ca-ba2b-1f5175a493f1,MY
e751db5d-eee7-41df-985b-2fd9ffeaa9a1,SNE
3a75f210-73c2-42d3-9a89-6f3accf99707,LY
51a3806a-9be5-48e7-a007-57e3faee8a34,EO
c6047341-f22f-4e85-9b19-a0ca275a9297,LY
a047495c-7c6b-4bca-b76a-66c89348869a,LY
7775f4e3-b4ce-48e6-bce8-16b7f8f7852d,SNE
0e4edfa9-3e61-4a6b-b08e-fe0d68ed2027,BNE
a681e5ec-6d4e-46db-ab13-e99b45b25762,EO
1c0ca92d-dadb-4168-b5d4-28ecaddc72c5,EO
a2b9d70c-628a-4d64-8432-594ea3ef77e2,EO
c84d9f04-7284-477c-be9a-ba309b868e9b,LY
