,image_id,acevedo_label,fold,labels
5,b3e9af60-1989-446b-90c2-f78b45df4230,eosinophil,train,EO
10,d756e121-b6db-4adb-b6fd-8fc7e40f51f4,eosinophil,train,EO
12,f793e208-1348-41d9-80d1-b815b86003ad,monocyte,train,MO
13,0e90df57-3da6-4bf2-aa51-2e1082a2269f,basophil,train,BA
17,40198a1e-1005-48e5-85a7-fe7751511af2,basophil,train,BA
19,d441de17-0d3d-4f2a-84b0-7a92677d386c,monocyte,train,MO
21,9b4861cb-50cd-4341-8757-412e1a96387b,monocyte,train,MO
24,558595b5-5ae2-42dc-9977-d839fee11cf1,eosinophil,train,EO
26,277a437b-4083-4284-a83f-07a41d965df9,eosinophil,train,EO
28,c23e7ec5-6a92-4dbd-9861-fd2e017a238d,eosinophil,train,EO
30,f51b0cad-484c-4140-aaa7-357eee24370c,monocyte,train,MO
32,02b24fd7-a4b4-4a92-8364-d446d43aabef,eosinophil,train,EO
34,17b91cc5-b2ec-4348-a731-9e9ea492aeed,monocyte,train,MO
36,a812e422-83d4-4a73-8b98-809bbb7ccf84,basophil,train,BA
37,ae002f17-969a-4ac1-af6a-3124344e5cd2,eosinophil,train,EO
40,4bcc66f4-1d23-46c1-8f38-9ce5d0910dc9,eosinophil,train,EO
43,054e74e0-2563-4c8a-8a27-53df90b369ba,basophil,train,BA
45,b32b493e-dc9f-4bd3-b525-f416ad56983b,monocyte,train,MO
47,5b0d88de-7ff4-49b6-a1bd-6b5b38866e6d,eosinophil,train,EO
49,ad44496b-ab7a-415c-94a1-8c6dded27662,basophil,train,BA
52,e003d45c-3f99-4c65-8f4f-83ed62efc054,basophil,train,BA
56,3926821d-0643-4e18-9739-15b5b90a72ce,basophil,train,BA
57,33e02631-1bbd-4f1f-b09a-ca3b78a75905,basophil,train,BA
58,54bb4a94-e7f9-4df9-b17e-c9610f6d0570,monocyte,train,MO
64,9efd7e2b-1e7c-4396-b9ea-1edf77636b15,eosinophil,train,EO
72,68bd7a2f-484e-4a9c-8547-7bcbeb4b64af,eosinophil,train,EO
74,fa39f9a1-d328-4df0-8f68-17982e66df3b,monocyte,train,MO
78,d3fa6608-8743-4ca0-a044-e9ff7571c259,monocyte,train,MO
80,cd37d73b-e348-46b9-b86b-8fb08fc4c057,monocyte,train,MO
82,4e70622f-ae0e-4e16-a450-9f5e65bf470a,eosinophil,train,EO
86,fc63bf47-9373-4a48-8050-adfa94a5b7de,eosinophil,train,EO
87,fc1b3cb2-142b-45c9-a168-8bf944480cfd,eosinophil,train,EO
96,4dfadbd3-9794-4297-952d-51e58ce7acfc,eosinophil,train,EO
101,32cf64ab-6e04-4304-bf13-0a8d4fc0f4e2,eosinophil,train,EO
106,a51111e3-8b2c-4e8f-a304-06e2f44e54d3,basophil,train,BA
107,d96f3198-efa2-4af2-aa5b-6c1df1408765,monocyte,train,MO
108,74410a24-01b7-47b7-a8d7-b619940d5089,eosinophil,train,EO
111,3a9d68d1-5ff7-4a71-a0cf-a3ea4481c5aa,eosinophil,train,EO
112,fad1e3ae-c43d-4e6f-a58e-ffa7669fd6f5,eosinophil,train,EO
115,40debca4-9ae7-4d0e-a785-c1d3fde9d5cd,eosinophil,train,EO
117,00528f00-4188-4814-b123-6f52b6ffb629,basophil,train,BA
118,2f3b8eb5-3db6-4d0e-b86a-24b49a7fbdbd,basophil,train,BA
120,a58a99e0-b8a3-4428-9949-1b1facd15c69,monocyte,train,MO
122,95603ffb-b593-4f5f-a3c9-600d06270928,basophil,train,BA
123,7e55e4b0-9973-4bdc-a30b-aac5da1d3c3b,monocyte,train,MO
124,ec40679f-19c9-4290-8e02-4f8386021f09,eosinophil,train,EO
125,51ac8812-a4ff-4b87-87fe-16a57fbfb10c,eosinophil,train,EO
127,594dd9e5-44e5-4278-9275-22738e351737,basophil,train,BA
131,1b1465ba-9c5f-4e8e-907e-9211439ec404,monocyte,train,MO
134,90ae71e9-393d-44ee-8620-8aff7dfad759,eosinophil,train,EO
135,71bbdc3d-1450-4a01-9808-f705cf644bd0,basophil,train,BA
137,6f3f1f04-a1f6-4df2-9351-aa811561a7b0,basophil,train,BA
140,e0329a45-6b23-4764-a1d2-ee748c1766a9,basophil,train,BA
142,fe9ec24c-4ba9-42cb-871f-3d77f590d01e,monocyte,train,MO
145,2cbb2b5f-e526-41ba-a360-e8d290142a79,monocyte,train,MO
148,5973d745-9130-4054-8af0-33e47882bda4,basophil,train,BA
153,abdecfeb-208f-4c67-9f2c-b5d21d20bfda,monocyte,train,MO
155,1c99b19b-74cc-47a2-9ed9-7c1f6fc14e51,monocyte,train,MO
156,125336ad-19a3-4725-8229-c6c5278acd27,eosinophil,train,EO
157,0ef434c8-894a-4357-ac61-d795ba565052,basophil,train,BA
160,d5e928d1-316e-4f77-9171-0e91197077c3,basophil,train,BA
162,1e1ca040-17ef-4fbd-b608-65d949a3c44f,eosinophil,train,EO
166,7fcf59fb-7c0e-40ae-8d7e-8b7a6c729a04,eosinophil,train,EO
171,272364e0-138c-4985-8ad9-7180f60877da,eosinophil,train,EO
181,74e43c96-a493-46cb-87ca-8fd2d9532aa8,monocyte,train,MO
184,cd5c63bd-69af-4745-8f51-ed49dea5a004,monocyte,train,MO
186,6cbd10eb-87d8-4127-a7fa-725c4c9cd043,monocyte,train,MO
187,1f7123d3-503d-4f06-b671-433562c70a8b,monocyte,train,MO
190,395df06a-8e20-4d1b-8660-841e3ccd213c,eosinophil,train,EO
191,4d385158-fe44-4309-afc2-c8cd1052a8a4,basophil,train,BA
192,9e758ecf-810e-41ab-a0c2-572f6c8f6c8a,eosinophil,train,EO
207,3f505e2d-11a8-4c9f-8fb6-039d6f6d473d,monocyte,train,MO
211,7811dd7b-f07a-426c-a2f1-1787ddde952e,monocyte,train,MO
212,f7efa63c-37f4-4d7a-8c00-4c57a2b07cea,eosinophil,train,EO
213,534dc482-fba9-46bc-b01d-4875a884ca60,monocyte,train,MO
215,6faf1b39-1c3f-4925-bc72-21f0d5ec89ae,eosinophil,train,EO
218,2ed59049-df59-4cab-bfaa-220285b5f2ad,basophil,train,BA
219,3c850824-8b78-4756-9460-bbee6768fe3b,eosinophil,train,EO
221,37c003bf-8338-41af-9ee2-bf6d23eb0e0a,basophil,train,BA
222,6bf0fa3e-f92e-47bb-bf58-e7f1fc2f8db3,monocyte,train,MO
223,536709ce-8e3d-46a7-a136-1826ae1c20a3,basophil,train,BA
225,eb1be043-1ecc-4d00-aff8-d13b37c8254e,eosinophil,train,EO
226,944d72ba-c262-46d3-93fc-71d246325386,eosinophil,train,EO
229,acae4ad2-af63-4d03-9fe9-288529ffd05b,monocyte,train,MO
230,eff059e0-9421-4fc8-8a23-3a0f99ec4bc4,basophil,train,BA
232,d002954e-af85-40c0-ba21-892cc651ee4d,eosinophil,train,EO
234,21e81339-8c85-4d3c-b729-9803d1a65cfe,eosinophil,train,EO
243,04dc0960-5322-419e-a93c-627409b20e48,basophil,train,BA
245,05d0aa29-f28b-4139-8150-317d84984b0d,eosinophil,train,EO
248,75be8e6c-d1de-4e58-9169-3b5230b0354f,eosinophil,train,EO
251,4c043264-46f8-4584-ac6c-e2bb5ad4a0e6,eosinophil,train,EO
254,33000d3a-f2c8-402c-aec9-c01af3f4ea81,monocyte,train,MO
257,a38891f8-0eb0-400c-850c-e5ee45212849,eosinophil,train,EO
260,7ba5ea24-a026-4360-8b6f-aab9997e1838,monocyte,train,MO
261,e3e45b2b-b76c-4904-8739-ca3930084877,monocyte,train,MO
267,0b43797a-23db-42b9-bb21-bf4c23fe2212,eosinophil,train,EO
271,b78211db-53a9-40b8-9691-42af9bbb2d6e,eosinophil,train,EO
277,1ad4c8a7-16ec-49cc-8a58-a3dc51bbb5aa,eosinophil,train,EO
278,4a9c0c49-df02-4a2c-af94-2de0a9c45426,eosinophil,train,EO
280,b7f433de-2a23-4040-a06d-0e87ad45aed9,monocyte,train,MO
281,e3f6cdcc-2eb7-4114-8edd-a68d3d489e4a,monocyte,train,MO
284,5d141e53-4f5d-4a52-9d29-0ab5aee01df2,eosinophil,train,EO
286,0a7dd257-c988-40f1-be72-ceb3858ca77f,eosinophil,train,EO
288,28a30430-e549-4eca-9b70-571e496630d8,basophil,train,BA
290,caeddb05-af0c-472c-a5a7-8085179b6b3e,eosinophil,train,EO
291,f3971c33-c6e9-4c3b-9c09-d7b9ae0c5fc0,basophil,train,BA
294,30f149b1-f938-46f8-a7a1-fe6c17cb206b,eosinophil,train,EO
299,10dc151d-2c2e-4821-9e86-54c820d144d4,monocyte,train,MO
300,6f24c6b2-c619-49d8-aa7f-71952ec2fb5a,monocyte,train,MO
302,8448ad72-cc58-4d9e-a0b2-eb1918b252a3,monocyte,train,MO
304,81439ed8-ad61-4753-8af2-5190e29dceb8,eosinophil,train,EO
305,a0b389df-1538-4733-93fa-3c05a3b94da3,eosinophil,train,EO
307,00491b26-34a0-4799-8f25-f1244bfc5e71,eosinophil,train,EO
310,48181596-e58b-42ca-a7af-47d7094851b8,eosinophil,train,EO
314,fa5dcb10-a6b3-4c39-ac8c-69b55c4fa4a8,monocyte,train,MO
318,fd905595-de0e-4bad-8e6c-b2181b927b4b,eosinophil,train,EO
319,a127bdc3-69d3-406a-ab7f-beb094d51572,basophil,train,BA
325,2183aab3-241c-461a-9b03-0eb38ff70815,monocyte,train,MO
328,97b5125c-889a-46d6-9998-38c30a7a6ff6,basophil,train,BA
329,96dc8573-6a44-4360-9945-823061e2bac4,monocyte,train,MO
335,ee689f90-1d25-4303-b255-779ddd721097,eosinophil,train,EO
338,01ac9536-d1b1-4ac2-bd11-ba5d4087bc43,monocyte,train,MO
341,ebaa5737-f6b0-4d5e-9e58-9e4d8a49dc74,eosinophil,train,EO
344,01d312d5-3439-4864-bfe3-ed13c45303e9,eosinophil,train,EO
345,6d65595d-1b35-4ae2-a047-977282f22406,eosinophil,train,EO
354,a5adc737-e7a8-4b53-994b-61e7a70637ae,eosinophil,train,EO
358,b75f85a7-4ea9-4efb-ac91-9c7250ec2c7d,eosinophil,train,EO
360,c85f5194-1584-408f-b55e-fe56c0f1c593,monocyte,train,MO
362,49292b11-50c6-42ac-954d-f42e4cfd0a11,eosinophil,train,EO
364,f58a1d3d-7931-499c-a793-d1dc09eb793a,monocyte,train,MO
371,2567a652-9028-46f1-9b80-0e14865f577c,eosinophil,train,EO
372,cce87806-c14e-42a5-b7f5-1db4a80dde96,basophil,train,BA
374,350c2d36-4311-4221-9aa5-267a6f1c4652,eosinophil,train,EO
375,0865358d-3447-4c73-b35f-cba25dcc2c08,monocyte,train,MO
376,d42bb396-30c8-491e-ad00-a031c37d7ab4,basophil,train,BA
377,772e63e9-4e4e-45de-925b-cc3bb2454f66,monocyte,train,MO
378,c58cfe73-785a-49c8-b329-cd2d3520b4ff,eosinophil,train,EO
380,66810f27-154e-499c-878d-b311396daddf,eosinophil,train,EO
381,f10e4995-054f-4501-b51a-bf0708681e8b,monocyte,train,MO
383,95df8a85-24af-4f35-bd99-6a4e22d6e64c,eosinophil,train,EO
384,b279b8d1-4920-48b3-9a78-c4a2d67948e1,eosinophil,train,EO
385,504f5adb-fe17-4458-9063-c0b0bcdf28af,eosinophil,train,EO
387,f5e4468c-8689-4d6c-b3b8-cb54e09ad3e9,basophil,train,BA
392,1c91bf68-3c3d-4fc8-b507-9c5c2497548d,eosinophil,train,EO
396,88d21bb7-c72c-4d90-b383-82c5fd4c9543,basophil,train,BA
401,f50e1353-2b55-4e8b-8ca7-469c18d06f57,eosinophil,train,EO
402,2e2a4d6b-08bb-48f9-925e-31bf546b2e44,basophil,train,BA
403,29b8874b-2681-4581-9317-e22dfc18749a,eosinophil,train,EO
407,a2ceb784-cf25-4e19-a201-00bc079dae8d,basophil,train,BA
412,4fef14d0-be3d-4460-87f9-ea827b7a7739,basophil,train,BA
413,6e149783-b4fb-473b-b00c-1910b2750000,eosinophil,train,EO
414,51b6c63f-fdd2-4f6f-b225-dea792c88a9f,eosinophil,train,EO
415,6aa0457a-fd73-4149-8c7a-fa23f857f7e9,monocyte,train,MO
417,b8a6c818-747a-4aa3-9050-d605a3eeae19,eosinophil,train,EO
421,2e587903-9142-4acc-a496-6f1aaa198f4f,eosinophil,train,EO
422,6ff9e98b-f9a7-49f0-a387-ef7e63325462,eosinophil,train,EO
423,1852e2e5-7930-42c4-88ad-41cdfe58ef45,eosinophil,train,EO
425,95a44666-8377-49cd-a699-c7a2cf815d1c,monocyte,train,MO
426,cfb46435-83b9-4189-be8f-02fa8210bea7,eosinophil,train,EO
428,2a9642dd-3a33-4d85-8894-750512299330,monocyte,train,MO
429,1c351216-84a8-4033-8385-91858348d76e,eosinophil,train,EO
433,7f20b9ec-5a6f-4089-a8b6-51d49ebbb8b1,eosinophil,train,EO
435,2a1677b8-b80b-4083-8e2d-a90066583267,eosinophil,train,EO
436,becb804c-a2ed-401b-8bb2-e4c1fa3de5ff,eosinophil,train,EO
438,52ff6b62-bc14-49cd-b39c-f6a6089f1281,monocyte,train,MO
444,b620bed3-408c-4216-998a-a19b7e805921,monocyte,train,MO
450,483cadce-b6e9-49c3-961d-985c80fe1c5b,eosinophil,train,EO
453,9fe590c7-0bd2-4743-ac90-518644734765,eosinophil,train,EO
455,7968dbec-2651-47d4-9a78-a1cc5b2d6022,eosinophil,train,EO
461,208c0e54-53dc-4934-98fe-30573d90b594,eosinophil,train,EO
463,057c49da-67e2-4a88-9fb7-ff1cd0d788a2,eosinophil,train,EO
464,52b49b02-d2df-4f39-a513-d8a0f2854103,basophil,train,BA
469,5172a841-7c69-4389-b42a-6b5d1303e387,monocyte,train,MO
480,c2109f1b-e361-408b-8285-48d408bb6fdd,basophil,train,BA
482,4ab682c5-0fbb-4766-a56f-3c1a07d37044,eosinophil,train,EO
488,e45f5a81-37e5-4182-9b27-53325c2fb388,eosinophil,train,EO
490,205d42f3-fff0-4cbe-9669-b78135126179,eosinophil,train,EO
493,467c3325-c8e5-4ccf-b008-28806d07ed2e,eosinophil,train,EO
498,c5c6dad2-e97f-4fff-a217-3412a0dbe7d4,eosinophil,train,EO
501,7946b781-bd15-4891-8546-f71f25c4e96d,monocyte,train,MO
509,6e2f65bb-820b-47e4-9efa-553c207ae1a2,eosinophil,train,EO
515,20eeeae1-9a89-40da-b3cd-02305299a463,eosinophil,train,EO
522,b81e49f1-2afd-4063-90f8-6f230533fa4e,eosinophil,train,EO
524,fb0c9c12-fd58-42ab-ae32-a4059c3c586c,monocyte,train,MO
525,26966ef2-d384-4c10-8077-2711db2fca2c,monocyte,train,MO
536,51a1c15f-6b3d-4a97-9b4f-0fa25948d0d1,monocyte,train,MO
539,fe0d5316-b19b-4d2c-8078-0b978eef5737,monocyte,train,MO
541,a623e418-c766-4530-a453-a41213c9d228,basophil,train,BA
546,f331988c-e5b4-4c67-abaa-c6caa9a37b9a,eosinophil,train,EO
547,302a7b29-c6b2-4a54-853b-ad6878073012,eosinophil,train,EO
553,1d3d3b77-0672-4030-9bd1-e16f497c0baf,basophil,train,BA
554,107f41d1-a8de-44a0-b76b-29515e0d8291,eosinophil,train,EO
562,ce71665e-b4df-4533-a2c0-55779ec030f1,monocyte,train,MO
563,0ee3d977-4e36-464a-b188-dc04d6f4d5e0,eosinophil,train,EO
565,b01c104e-602c-451f-a41c-120273f1b661,eosinophil,train,EO
569,041d70b6-97cb-4d48-8cd0-a8a9bfa1a524,eosinophil,train,EO
571,c85163eb-f127-4140-aef9-2d1366654b5e,eosinophil,train,EO
572,b1e3346b-2836-4d39-ad88-aaeec49d2fe8,eosinophil,train,EO
575,deaa92b2-898e-408e-a49d-5e05477bfe2e,eosinophil,train,EO
576,bb4bbbf6-d7e2-4192-be5f-104db1c5e9d9,eosinophil,train,EO
585,0bc7b592-941e-4420-9b0b-c16f0e55f4bd,monocyte,train,MO
590,b95425fa-5f2a-409a-8548-bfa09d0afeed,monocyte,train,MO
592,97afd058-58a4-44d2-be9d-18a0dbd74e98,basophil,train,BA
593,0e7ef8eb-8fd9-4725-9671-3297d8890538,basophil,train,BA
596,536cfdef-7fa5-4b25-9e76-9b60d1619c4c,basophil,train,BA
600,de6df510-42d0-479b-9e38-75e08d154598,monocyte,train,MO
605,e0091878-144d-479e-995e-4785e1bd792e,eosinophil,train,EO
606,a29eeffa-57ed-46da-8adf-3b11b92161d0,eosinophil,train,EO
607,a9989973-b5a3-4fd9-8469-39580471cb61,basophil,train,BA
609,6eaa4349-7ae6-4654-89b6-36beff03186b,eosinophil,train,EO
611,292ba9d2-243d-4315-928d-a58cfa5ad304,monocyte,train,MO
613,5bf604ce-992b-4146-95e9-58509c803cfd,eosinophil,train,EO
618,4765c3f4-42d3-4249-b1d2-467e79bc809c,basophil,train,BA
627,1bee2aa0-35c8-4926-9b45-c7885bc004b5,eosinophil,train,EO
631,aa89ef33-e55a-4813-abc9-ca33e3460daf,monocyte,train,MO
632,c03a01f7-babb-47a4-8f2d-606cecc40280,monocyte,train,MO
636,fe97a5f0-0310-42c2-9caf-20b318836f70,eosinophil,train,EO
639,fcae8af5-aca5-41e5-9af5-cc2536523dc9,eosinophil,train,EO
644,b579aeb2-d22f-46d6-b61e-ad647b489f66,eosinophil,train,EO
645,443f9264-f8fb-46fc-959c-a656db7f1911,eosinophil,train,EO
646,a8db6235-63a9-4d35-ad9f-bf5317660fb2,eosinophil,train,EO
650,4430d723-cf76-4ce5-b38e-ec1592661d77,eosinophil,train,EO
652,466c869a-b132-4d96-a5ec-64adc25e9be2,eosinophil,train,EO
657,d2baea43-6094-4011-bbd6-9aaf3f46f1f0,monocyte,train,MO
659,5d959c85-4b74-4242-b578-9cbbf2326754,eosinophil,train,EO
662,ba2478a0-f3df-4704-b128-ba0f28105152,eosinophil,train,EO
664,a64f6727-8e2f-40a9-a315-2e067f9e96e1,eosinophil,train,EO
669,890da9ca-e57b-40c7-b870-e330a571c81a,basophil,train,BA
671,32900bf0-e33b-4829-a39a-85a6fb1ded8c,eosinophil,train,EO
674,750e3965-06fa-4216-b13d-8a1fc3c48f6d,monocyte,train,MO
678,0b054620-5328-428c-9b96-44015fc42cf1,monocyte,train,MO
683,93344b8e-3c45-4d6b-a107-a449b1116b4e,eosinophil,train,EO
685,1ce360bf-3076-457b-9ecc-d65091b6091f,monocyte,train,MO
687,5afa2b5c-fd89-48c8-8661-18cc0c9eceb1,eosinophil,train,EO
688,4776eb78-da45-4834-ac52-9f6eaec2b5d8,eosinophil,train,EO
689,875f48cc-11ac-45c7-a6fc-5b89912bae33,eosinophil,train,EO
690,6b0d4737-8933-419e-bc05-04a4804c51a1,monocyte,train,MO
701,81d85452-3544-48fa-b16d-4faf31629138,eosinophil,train,EO
702,492c11e5-1199-47f0-aac5-addd9317f436,basophil,train,BA
704,67935b7f-f4fb-47a2-8adc-ca7f8dabd47a,basophil,train,BA
705,a33f9c53-26ac-40d8-8b59-b410aff1e7bf,eosinophil,train,EO
711,518cbd20-698b-477f-a745-e82e5b7c9369,basophil,train,BA
715,52fe2552-fed9-419f-93f2-8dcc57e6bdf0,basophil,train,BA
717,f06fa089-ba5e-471f-9cf5-ffb6be12ebf0,monocyte,train,MO
721,6a86d015-7f13-4f9b-8f41-b8070df7f771,basophil,train,BA
725,a47f5499-b313-4bed-8921-bced69dee672,basophil,train,BA
731,ccfee9d7-7b8e-47dc-997b-0e5e060e28b8,eosinophil,train,EO
733,0148a70c-db05-4cc5-938f-15ee4d7d46b2,eosinophil,train,EO
735,b839c578-581f-4fc8-a8ce-0f66985fdff0,monocyte,train,MO
737,4ff0f24b-881f-4fff-aa32-a19422a69286,monocyte,train,MO
744,5305f172-1500-4e45-bbc9-60e872bdd7b8,monocyte,train,MO
754,1fea2ba3-0e99-43fe-a812-650b4ce74d84,basophil,train,BA
764,deee5135-b917-42ff-8eb5-d156a0ce8cd6,eosinophil,train,EO
769,61c1542f-07a8-4859-ada4-1de805cc0140,monocyte,train,MO
774,90b75283-7638-4825-931b-d9b30cee0169,eosinophil,train,EO
776,6368555d-5f90-40e5-8d44-adb9e23d61c3,eosinophil,train,EO
777,c42cc92d-85ab-4b52-83ef-71500e1f51f0,monocyte,train,MO
779,f987046c-eb53-422e-9d97-4af78ec1106d,basophil,train,BA
781,bc9b7590-d3c1-4ba2-bea8-5608d586e5d1,monocyte,train,MO
783,ef428466-9cd9-43f3-8dad-84896ef1b6ba,eosinophil,train,EO
784,1cc0ea15-8e3a-4f1c-8ddb-3ff7d459b3f1,basophil,train,BA
785,1ff57766-2ac9-4cd7-a198-3fe8dfe048e9,monocyte,train,MO
787,7109a376-20be-40a5-b3cf-32f27e67f8c4,basophil,train,BA
791,f00bd26b-95fa-44ba-91dd-041956d7b047,monocyte,train,MO
792,aa11030f-175b-4ff7-befa-135c75369a4c,basophil,train,BA
795,3e465fce-15c3-4799-8e95-bcc83d7782aa,eosinophil,train,EO
796,00665abe-1861-4be5-af9e-7ae92c07124f,eosinophil,train,EO
798,0e4224be-6ace-4969-8951-d882f5cf0e00,eosinophil,train,EO
803,6fa6c8e0-50b3-4fd2-9ee5-966ac03ca993,basophil,train,BA
805,5c8b7725-2028-4f00-9778-50cdc9c1cc0b,eosinophil,train,EO
807,db7f4d9e-c7a1-42f1-a0ad-96679faef25f,eosinophil,train,EO
808,e3100f0d-dbff-4793-9df9-334568d0d36b,basophil,train,BA
812,5bf18c5b-01eb-4b21-95bd-ebff695e5a79,eosinophil,train,EO
815,0313b35c-30c2-4cf8-a3df-d2c7582e3352,eosinophil,train,EO
820,80045cf5-36e9-4746-bd61-57d820df706f,monocyte,train,MO
821,5018d4ab-4566-458d-9119-1b0f84af128b,eosinophil,train,EO
827,f56c254b-03e3-4ae2-83ae-127c0ecb297c,eosinophil,train,EO
828,2cab43e7-8106-4712-909c-75f8e95fab99,eosinophil,train,EO
829,8488b9de-e3db-46ad-b74b-2b6d19ffc18f,eosinophil,train,EO
831,ebc6e2a7-69bd-42c1-8cd0-8ddfa35658fc,basophil,train,BA
835,3555e593-c357-42dd-aa7e-cce07561689b,monocyte,train,MO
842,5a158b40-fb2b-498d-a29b-766a75569377,basophil,train,BA
843,debf949d-af50-455d-86da-482411305f0f,basophil,train,BA
851,90ec422d-0141-42d6-b76a-1efdc9a211f4,basophil,train,BA
853,e69578a5-f485-42fb-b11c-b1a0b55468a0,eosinophil,train,EO
854,518f3fc3-d563-45a2-8cae-987bbee87594,basophil,train,BA
858,fd560392-8eb2-4e10-9140-ad06c2296f6a,eosinophil,train,EO
862,a29d2365-6a07-4f64-ad5f-913ce39093a5,eosinophil,train,EO
866,71a37603-41ab-4b81-a662-e44aa0cddc11,eosinophil,train,EO
869,a9cb8532-31b6-4fec-9cb5-d388f46cc1a5,basophil,train,BA
871,87fe627a-9cab-4b78-b009-1c6f05ad577a,eosinophil,train,EO
873,3ef38b3b-3cb3-49d8-bf4c-92df6e0d5321,eosinophil,train,EO
876,b2cdd54e-043a-4eef-8c61-cb17ac8bb995,eosinophil,train,EO
877,f79e9b80-03f5-4377-b48a-b52258450649,monocyte,train,MO
878,b9fe6576-3a93-4480-95ea-726284715a3f,monocyte,train,MO
879,a6941ef7-d07b-44c6-8862-91d6b4e1e6e8,eosinophil,train,EO
881,fa7cd1ee-f5a0-4fc2-bf52-15d88bc759e7,monocyte,train,MO
885,3656373c-55ca-4b1d-ae67-4a1b20261c6b,monocyte,train,MO
888,793104ef-21a1-4e74-b58b-e48fe2f6a5e4,eosinophil,train,EO
889,9e59199b-ee4b-421d-a332-6a8ecc0270aa,eosinophil,train,EO
900,f5b2745b-591e-48bf-b78c-f8018033c3ab,monocyte,train,MO
902,b08f2d90-3a4d-4149-9d0c-a90988f85b88,monocyte,train,MO
903,6343180a-011a-4d59-a8b5-8f4d8c022868,eosinophil,train,EO
907,d4317c10-4fec-4422-aa03-577978822765,monocyte,train,MO
910,df43a578-8785-4d12-96a6-f0376402901c,eosinophil,train,EO
911,9b362983-a342-4a81-b737-c3e148a45f93,basophil,train,BA
916,b6377dba-4a1e-4943-95eb-74ad1f445759,basophil,train,BA
919,b202c7d0-be0f-4836-a548-cf806572b441,monocyte,train,MO
920,b67656d6-258c-4e49-b7b9-43098510909d,eosinophil,train,EO
922,a62d019b-2d0f-4c79-905e-4af3a0434fd2,eosinophil,train,EO
924,d1809910-c31d-4c7f-87d9-72bb6f315dc4,monocyte,train,MO
933,f56ae75e-9e12-4464-bdfd-df9889382823,monocyte,train,MO
934,4f748d87-383a-48c7-8c55-c9397885344c,monocyte,train,MO
936,64d4b0d0-5aca-45fa-bd65-9f36717a82ec,eosinophil,train,EO
941,62612a74-d09f-461b-8a24-b44d3eead9cf,eosinophil,train,EO
944,8fd90382-98fe-44df-a4f3-35500c295849,eosinophil,train,EO
946,16b95903-dc29-4959-b5d2-b3e31f29fbec,eosinophil,train,EO
947,eea21668-0a1b-4e23-a19f-c5940e604c55,monocyte,train,MO
950,c4489f4e-9199-4e10-8083-8a9fc2db749c,eosinophil,train,EO
954,7ac36637-bd5f-41c7-9d89-2dfae3ad55ed,monocyte,train,MO
958,601f88bc-d44b-4208-960c-d9fe1ad71ca5,monocyte,train,MO
960,188d1bd7-1cbd-4c30-8ccf-4cd72f5c9887,monocyte,train,MO
961,5954fe03-e96b-486c-8764-fde5469bd205,eosinophil,train,EO
964,83f4d974-0eaf-4be4-9105-9e0529cb419b,monocyte,train,MO
966,8f032735-28d3-45b6-abc1-f17ba8a4b0b9,eosinophil,train,EO
971,4e5f8ea1-f836-472c-94ec-632f3f425453,basophil,train,BA
972,fbd0b860-7894-424f-bd57-cb8b4051d927,eosinophil,train,EO
974,3f4fb970-f8bc-4a9d-93a4-7d7ed2efcb5b,eosinophil,train,EO
976,36dd299b-3671-4b50-b422-4914242228a5,eosinophil,train,EO
978,01a9a4a4-681f-486f-9154-3fe747b20849,eosinophil,train,EO
979,1a5b6530-1948-4e20-baa4-655ac3dc0825,eosinophil,train,EO
981,ded0d796-4926-49d5-a2b8-8d76a32cccbb,basophil,train,BA
984,9c591a63-3640-478f-91da-998be2d31ffb,basophil,train,BA
986,aad8a113-0d41-48bc-b533-3df06e8f0953,basophil,train,BA
988,e458cc5e-ffab-4438-a6c5-bc17036da6ec,eosinophil,train,EO
989,3b1cf4f8-9a41-42fa-ac0c-ccc6e6fe100b,monocyte,train,MO
990,edd77bbe-731b-491e-8ee8-0102663f3e99,eosinophil,train,EO
993,50cdef16-a682-4718-9971-1e595cc0e94c,eosinophil,train,EO
995,ac888172-47a2-4e3e-8a2f-a8d44858f658,eosinophil,train,EO
997,944190e4-8af4-43fb-92cd-0fb5e6cecb0f,monocyte,train,MO
998,cb6d6fc9-6477-4497-92eb-0fd011edb5dc,eosinophil,train,EO
1001,075a18f2-d5e5-4aa5-abf7-972482b7e541,eosinophil,train,EO
1003,9b351237-8561-43f4-a291-334d4ad4e9f5,basophil,train,BA
1008,7478c8be-bad0-40d7-aa29-63da7c5873e9,eosinophil,train,EO
1010,2962d329-acbe-4c65-bcf4-c7eb91482c6f,eosinophil,train,EO
1012,aec4a57a-7f0d-4bda-a4fc-4031113caf92,eosinophil,train,EO
1014,8d9ec6b0-a3ec-45c9-a96d-ad45b07d27ff,basophil,train,BA
1018,1416f6b2-bd65-43b4-a691-cf67abe60681,eosinophil,train,EO
1028,839be530-b1a2-47ca-b2c5-68740051829b,eosinophil,train,EO
1031,25fad309-31ec-4e92-8785-8f54b1657cd1,basophil,train,BA
1036,ae0a5d7d-91ba-4669-8e1f-d952f8929c8e,monocyte,train,MO
1042,9445724c-7d76-4a47-9f2d-70849c920d83,eosinophil,train,EO
1045,dc8a5d6b-ea8b-4c70-819f-f2ed659f95c5,eosinophil,train,EO
1046,fc48cda2-a406-4d02-b8b8-e80037e47968,eosinophil,train,EO
1054,d0baaf41-1f8a-4977-b4fe-4664c0f56026,monocyte,train,MO
1055,43674651-2859-4d3e-921f-f6b1efc8f635,monocyte,train,MO
1057,14faab7d-a828-4ebe-9376-36a06922a527,eosinophil,train,EO
1060,dc52a1a0-27e4-409d-9041-71e3e2773d84,eosinophil,train,EO
1061,43244213-c1f1-4b9d-9bf3-9bdff656090c,eosinophil,train,EO
1067,7925005a-4082-4fa9-8873-4b4384d308fe,basophil,train,BA
1069,9c754882-c29b-4d13-a21a-2826d3bb5a5d,monocyte,train,MO
1073,d5eabe3d-9fbb-4b34-9ae9-8bf8ce61e790,eosinophil,train,EO
1076,54a408c4-f462-4a70-ab38-2ed0e972f478,basophil,train,BA
1080,329f5701-67fc-43a6-a1e9-17221c546e1b,eosinophil,train,EO
1082,3f9bcef4-a4df-4270-b41b-a0bd0f0fa9ae,basophil,train,BA
1083,4debe512-b554-428a-9cb2-590811c40e0c,monocyte,train,MO
1088,f728ff0d-fbd3-4cf4-9219-3d313972a795,eosinophil,train,EO
1093,317b5e65-0ffc-42ad-862c-2575f5943f43,basophil,train,BA
1094,edc2eb35-2d39-4166-8a1f-b63c0166aaeb,eosinophil,train,EO
1095,55ea1d30-7ad0-4b24-ba32-345bb77d30d4,basophil,train,BA
1096,5b9ad7b4-8b61-4f5d-8725-8719e4f172c0,monocyte,train,MO
1099,812299c3-fb06-453b-84dd-64a212f149d2,eosinophil,train,EO
1102,e2dea163-f606-4adf-a90b-2a9f9aecb1a1,monocyte,train,MO
1104,b60cc5d2-2558-44eb-ab43-8288b04a274e,monocyte,train,MO
1105,29c76e08-a00a-433c-8535-b9737f677a65,eosinophil,train,EO
1109,fa043852-45c3-47bf-9436-b43cb9ade4f2,monocyte,train,MO
1114,d24db5d4-63f2-4b3a-9c21-dd0c25e423d5,eosinophil,train,EO
1120,af0e57df-b3e4-4784-9eac-1f1b9263c25b,monocyte,train,MO
1121,488aaaba-8753-4904-b454-6a95c951f4d1,monocyte,train,MO
1131,fc3ba5b8-7942-4d20-8cf1-d9e57d156792,eosinophil,train,EO
1132,7de0a824-aae8-466c-9366-1878e028b0cc,eosinophil,train,EO
1137,29745965-d88b-4ea0-9c37-bdee00e65133,eosinophil,train,EO
1142,c1057352-b4f5-4aef-b49d-131df600b3ac,monocyte,train,MO
1145,989b8b31-8730-4f20-93d4-7aab6d6ce655,basophil,train,BA
1146,c12edae8-43ac-4518-a2ab-5f77919723c3,monocyte,train,MO
1148,7b49bf28-b795-461f-9de0-d61eb70d0deb,eosinophil,train,EO
1152,0906a860-b0c9-43e0-ae2a-702ba0827ce5,monocyte,train,MO
1154,1be15282-0df0-468f-972d-a521e97ab316,eosinophil,train,EO
1157,e7b259f9-c68b-4dce-979b-6661afc5aa0f,eosinophil,train,EO
1158,89201cdb-4452-4fb7-a9b7-b98eba12c39b,eosinophil,train,EO
1160,cd1e0920-63db-4a52-9dbd-a1f42a869b18,monocyte,train,MO
1164,3908fa80-5508-46cf-894b-c538de6f106e,basophil,train,BA
1165,248320f5-b119-4634-9616-a77e0d44c39b,eosinophil,train,EO
1166,b98f0209-8f84-442c-ac1a-17398590b56c,basophil,train,BA
1170,5abe6d02-dc40-44ba-a77a-4c31056aeca4,monocyte,train,MO
1174,c1621ce4-1a41-4ea0-810e-59b270162ff2,monocyte,train,MO
1177,da446d94-14ba-40e8-9cc0-73f4d47931c6,eosinophil,train,EO
1181,ec620e53-7077-4ad1-92cd-d6555f64ecd6,monocyte,train,MO
1182,1210235f-0400-4be0-b273-8b948683a244,eosinophil,train,EO
1183,47e823b6-de87-4414-80ea-1529d96e4ba0,eosinophil,train,EO
1190,d21203f5-e9e5-4590-855c-819f834d8c5b,eosinophil,train,EO
1194,40d6cd2f-ee09-44ff-b697-f2e67e81bb75,eosinophil,train,EO
1196,170c3474-70e6-43ff-97ba-f479f0cf52cc,eosinophil,train,EO
1197,c15bf33b-e559-405c-93a3-75c9a1d1b342,basophil,train,BA
1200,d2e891f9-a1fe-4108-8a69-1f17cda93de6,monocyte,train,MO
1203,41b165e3-aab4-4b27-9bb3-898d385b6fde,basophil,train,BA
1206,a7431f1f-3db7-4e6b-babf-49e4e986e8dd,monocyte,train,MO
1209,b069cef1-119b-4e62-9930-0f06fddb4b62,monocyte,train,MO
1210,806c3408-3d7c-4c8a-b1bb-61d8f6431048,eosinophil,train,EO
1211,fa7904cb-49b7-4234-9bbb-8c0a28ec31ca,basophil,train,BA
1216,575fb82d-b490-47c6-b840-132b43653cc7,basophil,train,BA
1217,0f0e8f0a-e963-4a46-b6ed-e7078c674fe6,monocyte,train,MO
1220,1ed36bbc-2ac8-4c8f-875f-e60326a86457,eosinophil,train,EO
1228,f8ded2a4-20c4-4f9b-8c07-c6151ce01239,basophil,train,BA
1230,b3b93664-3feb-4342-a618-7902d53e2556,eosinophil,train,EO
1235,44585183-4249-492f-b093-c67c0edd6efd,eosinophil,train,EO
1238,3e468d86-dc60-47b0-9040-ddfa16726d14,eosinophil,train,EO
1240,a627067f-47be-4c05-8f8d-1401eb249cf9,monocyte,train,MO
1241,08708f75-e162-44e3-b68c-790af0f97dfd,eosinophil,train,EO
1250,b42e8222-4846-4cc0-8da2-10320259157e,monocyte,train,MO
1257,c75ccc2e-86ba-4f25-abae-bccf5f9dff66,eosinophil,train,EO
1262,956c8912-7725-4a4a-8b90-0df9bb74e832,eosinophil,train,EO
1270,ee90e7dd-2e84-459f-89f4-de125b22401d,eosinophil,train,EO
1271,dcf16f9c-6dd2-46e5-96de-2ea4be6b411d,basophil,train,BA
1272,b208b9eb-9938-415f-a24c-8a7da09cb7ce,monocyte,train,MO
1273,c9481c3f-4ea8-4671-9a19-a7dc911f5ef4,eosinophil,train,EO
1284,f4ad3ac0-c0e9-4b38-aa3a-d2a956a3fe6c,basophil,train,BA
1286,0ed92360-e3d9-4005-ada3-c619c1e36364,monocyte,train,MO
1288,b3e9afd6-2e01-4544-89c5-1873a20f8834,basophil,train,BA
1290,9ce8cdac-b5dd-490e-bd16-7c21c202424a,basophil,train,BA
1293,1d749793-5f71-49eb-9bd6-122f5de232f0,eosinophil,train,EO
1298,9c3112a8-915f-49f8-b753-9ac88e24f00c,eosinophil,train,EO
1299,98f98fb6-f90b-4ce3-94cf-b4d73c3843cf,monocyte,train,MO
1300,a0d115be-6e4e-406c-bbf9-b82d5059a502,monocyte,train,MO
1307,9f754fb7-eda4-4229-b6d4-2e6681d743c8,monocyte,train,MO
1312,ecc1113f-efb5-4a79-bb6d-98b70351a4a8,monocyte,train,MO
1314,31192dfd-3c6d-4758-bd97-d31fc637bf55,eosinophil,train,EO
1315,9f39882c-c750-4e31-aec9-933cb263e85f,eosinophil,train,EO
1318,da95fd6e-a48f-4b44-8bb3-fdc5b2498b9b,basophil,train,BA
1319,7e967413-08f1-41f7-b111-5fe0b52310e1,eosinophil,train,EO
1325,1450b21f-e130-4c4c-8605-bea014d51d9b,monocyte,train,MO
1326,b1042155-c650-4703-8784-a4acfdc70b61,monocyte,train,MO
1329,e3ee4eff-9b5a-4869-b05b-7b322a62df78,monocyte,train,MO
1331,1006b6e7-4576-4165-8ca6-84c2b949a4ae,basophil,train,BA
1333,a95c38b8-ceac-41da-b6f3-462ad34fc086,basophil,train,BA
1336,a7389231-770a-4d9f-8202-2bb44d4c114f,eosinophil,train,EO
1337,11d572fb-0e0d-4789-90cd-72120ba0f452,basophil,train,BA
1338,95fe2be4-7a5b-4a74-b024-cb16eeb35528,eosinophil,train,EO
1340,cc36a22e-e6cd-4a8f-866e-cbb9d2b7f6b4,eosinophil,train,EO
1342,1044b533-dd59-4656-b687-c2bee30d262c,eosinophil,train,EO
1347,ec9b9a44-b5d5-47df-90ee-c52895336145,eosinophil,train,EO
1349,ea337fc5-6d7c-4297-8748-73a0f86b150a,eosinophil,train,EO
1352,dff68821-3c0a-45d8-ace7-9fe68557b037,monocyte,train,MO
1353,527b319c-2a80-4e8c-a139-64d1f0c822e7,eosinophil,train,EO
1354,91ddae2d-a57b-4ab8-b37e-6f5f1d44a54b,eosinophil,train,EO
1359,98fd47f1-a5e4-42bb-8ae1-b98847ea4872,monocyte,train,MO
1363,7b5ba3dc-8d92-405d-9797-0d2fc036f34b,monocyte,train,MO
1369,f15e6c08-a0be-4c9e-8e31-baf7e555f05f,eosinophil,train,EO
1371,9beb136c-3e46-4753-812f-3a3dd11304db,eosinophil,train,EO
1372,d52c22e5-364a-4cc5-8450-7f435f2ea435,eosinophil,train,EO
1375,fc2bc5d0-8f6f-49df-9f27-4ff69982a3fd,basophil,train,BA
1377,31fb73da-3fd0-4cab-853c-834575331f73,eosinophil,train,EO
1380,732be790-a708-4b48-beed-52b31abb206b,monocyte,train,MO
1384,ef831d04-e017-4780-a8e6-cb03feab46f8,basophil,train,BA
1385,799c0699-dab9-451f-8b6f-a283ced67618,eosinophil,train,EO
1387,5011d536-8807-4f12-9554-858b5e7e264c,eosinophil,train,EO
1390,fd522cf2-bdfe-43f0-821a-09ec3836db58,monocyte,train,MO
1394,ec9a50a9-1d27-410f-8cdb-0616498fe9a8,basophil,train,BA
1396,45eeb64d-5bf1-46a5-92f0-1460501484ae,monocyte,train,MO
1404,0394c0ff-5370-4afb-8055-ecbabf2815ab,basophil,train,BA
1405,0de0fe19-eb1b-4a03-87ec-95f53a4f292b,basophil,train,BA
1406,78e88b27-876e-43bc-9e2f-af867055186f,monocyte,train,MO
1413,961e162b-7f90-4a2b-8a0b-0b99ad5326ef,monocyte,train,MO
1416,3c3b96f7-bc65-4a34-b0a9-a6d96ceb067e,eosinophil,train,EO
1417,208e32e0-ab08-4b0c-ad78-ac41ef642bd1,eosinophil,train,EO
1421,62c09d41-02ad-48b9-8afc-d445d484673d,eosinophil,train,EO
1424,0cebb45a-27f1-42b4-ba97-788f99dbb1f9,basophil,train,BA
1425,9c637ea6-3d3c-428b-a922-d0d7c3a7da52,basophil,train,BA
1430,ae938537-6745-4118-9cfd-9b01140f1207,eosinophil,train,EO
1433,40bb2eff-d3aa-4839-9835-7e7b3b802479,eosinophil,train,EO
1435,bad684f2-f5bd-43c2-bd28-e1e36202595d,monocyte,train,MO
1443,ee762654-213f-4af3-a425-b54cbc074f64,eosinophil,train,EO
1448,c32a0ef3-f13b-4af5-8bc0-a4eb4f2675da,eosinophil,train,EO
1450,0b681d0f-5c7c-4ce1-a347-fcecd7f96778,eosinophil,train,EO
1451,4337d087-fa9b-468c-82a8-b4729b228a4f,monocyte,train,MO
1454,e6b26d9b-0bbb-4670-a2b8-09952f8660a2,basophil,train,BA
1457,c9c2bb2b-fbc5-4f6f-b1c6-e6a528fac8db,basophil,train,BA
1459,85c31f28-db06-439b-80c4-3cca384f7b8c,eosinophil,train,EO
1462,28503561-6dec-4258-b56f-ceb3aeb98224,eosinophil,train,EO
1473,f99c800c-9041-4e7b-a136-9cbebb142ad6,eosinophil,train,EO
1475,a3e3c905-ec44-48d2-8f38-86b2039bb783,basophil,train,BA
1478,1100a2bb-75ab-466d-ac72-6a96a397fbff,eosinophil,train,EO
1481,287d474d-f1e8-4b45-acf1-85c82d9a0f59,monocyte,train,MO
1483,277e66df-5e00-4db9-898d-8dc8c6a54a32,eosinophil,train,EO
1487,c65ad1a3-49f2-4a42-86d8-bd7a818f98c5,eosinophil,train,EO
1488,622b554b-6631-4883-ad72-882578d491ac,monocyte,train,MO
1490,77e02f33-3994-4403-8969-bb250976f56a,basophil,train,BA
1493,a2661db8-a591-4cfc-a53d-2741b078d953,eosinophil,train,EO
1498,30631f8d-4a6b-4cf9-b465-8e85111defb5,basophil,train,BA
1500,bea11097-570e-4a2b-be9f-23ae72e3a4ef,monocyte,train,MO
1501,9ec5317d-8c28-4e54-b60c-57edda97d2ce,eosinophil,train,EO
1503,9c42fd1e-61a1-456e-9b47-222d539f4193,basophil,train,BA
1504,ee54fee1-e50f-4dcf-b3e1-08bc4c109497,basophil,train,BA
1506,968a5b43-c97d-441f-a018-1f19316dba57,eosinophil,train,EO
1511,04876dff-4e5d-44df-ba1f-757301841039,eosinophil,train,EO
1515,230ecf9c-24d0-4930-898b-deb4c0ff94a5,eosinophil,train,EO
1516,0fd8526d-2c93-455d-9154-7e1235dc78da,eosinophil,train,EO
1524,2ab189f5-9a09-42bd-b8cc-bcad62f3c350,eosinophil,train,EO
1532,6e92ca81-bb9e-4c78-904c-15ea4a318c2d,monocyte,train,MO
1536,3327fd0a-29d6-4672-a0ca-ac11c9f807b8,monocyte,train,MO
1541,1027922b-1aab-40a4-9991-6240c37f06fc,eosinophil,train,EO
1543,4b07660c-3bf9-4eab-a89c-adec0aaa0a2d,eosinophil,train,EO
1546,9c5fc7f7-f297-40c6-bf30-e8cbd375552e,eosinophil,train,EO
1560,1eb58c9a-f292-4830-ac16-a58fbd6aefbf,eosinophil,train,EO
1562,676b35e9-0831-4997-9e0b-fb7f55b1b147,eosinophil,train,EO
1569,9dc5ac37-2c3c-4790-921a-1dae6a610656,basophil,train,BA
1570,06e8aed1-9acb-4bb5-9440-be7c60a3fb2d,monocyte,train,MO
1571,ff072f04-c3f8-4460-8ebc-6e1226abe443,monocyte,train,MO
1574,f818c1dc-0197-4e29-8cac-53dc28fb570f,basophil,train,BA
1580,bb454441-a736-4ef4-92ea-67bdc51713f9,eosinophil,train,EO
1582,e302e83a-60ba-4c3a-98b0-fe64d441de06,eosinophil,train,EO
1584,dbe75032-a283-4680-a609-7d01d0df8d22,basophil,train,BA
1587,8d1331d6-3378-4aa0-ae7e-3b467c0eae35,basophil,train,BA
1591,ad584e5b-5b70-4514-819b-38716057991f,eosinophil,train,EO
1593,24d61dc6-1f6d-48fe-adac-e91c7b1f1ae7,basophil,train,BA
1603,ebb05535-bcb4-43a7-9e6a-094e7035fa04,monocyte,train,MO
1606,277fa418-5ddf-479b-abb2-a82c94a3b69f,basophil,train,BA
1611,528b8534-975a-4a35-b134-671476912fbb,eosinophil,train,EO
1621,6b959df4-066c-4d95-8592-c45497603f7d,eosinophil,train,EO
1624,5bc639f9-a875-49af-9b0c-0e1df664716e,eosinophil,train,EO
1626,debaf6de-12ac-4d48-99ca-1f7a7d6c7097,eosinophil,train,EO
1631,1fa700c2-1d98-44e6-b12c-46331cc1efe8,eosinophil,train,EO
1633,487840b4-7168-4be9-a770-9ae24a964bb9,basophil,train,BA
1638,bfb96d2f-41d3-414a-8bbc-f49c1ffdbcaa,eosinophil,train,EO
1639,d0fbc705-27f8-4329-a55d-0046709380c1,basophil,train,BA
1646,d7c97a6f-24a6-4cf7-9b9f-64c4d65c5537,monocyte,train,MO
1647,da13ec79-4d1b-4172-998d-2f45f9a8daa6,monocyte,train,MO
1654,6e9a0093-3c38-432a-a87c-5bf98ac665c7,eosinophil,train,EO
1655,382fdd97-0865-4f4e-affb-56ce0aa14893,monocyte,train,MO
1666,00a01c37-595d-43be-95df-4910f918f9a2,eosinophil,train,EO
1667,60657df1-0437-4743-940f-608961bc829b,eosinophil,train,EO
1671,68851b87-36e1-4c13-86c5-389ccfcc7c7b,eosinophil,train,EO
1675,8df94dd2-4243-4d84-9e15-7f97ecb05f09,monocyte,train,MO
1677,105283b9-f0f8-4e58-a470-a6a1417eae0a,eosinophil,train,EO
1682,9ac247d7-6008-4bbc-9f82-1a1bf0607731,basophil,train,BA
1683,e28d6e71-dce5-4719-ba26-a3a076ba1c38,eosinophil,train,EO
1688,7ab8f7df-664b-4c4d-bbf7-cba244656bdd,eosinophil,train,EO
1689,4aaeff79-d94b-4a6d-87fc-eb95ac3b1ea4,eosinophil,train,EO
1690,e0e569b4-b351-4ad2-9283-3255bfb2ae46,basophil,train,BA
1701,8188275d-cdd1-4b92-9262-5faf8f21d4e4,basophil,train,BA
1703,c70893be-ba0d-47ed-be86-b962d75fa846,eosinophil,train,EO
1705,e88bf2d6-11fb-4a0d-a829-2db54fc123e2,basophil,train,BA
1706,de804509-cd7d-4400-8a49-6c686d8fa48c,eosinophil,train,EO
1707,c7a817b8-5156-44c7-afb3-6b7890288752,monocyte,train,MO
1708,f557d87f-5a1d-4fff-aa20-fd66f37a4e9d,basophil,train,BA
1709,1d1fc475-c5e3-4a5c-8e9b-86d3998cd8d6,eosinophil,train,EO
1716,8000d0e1-a4b7-4ddb-a182-c3f23788d418,eosinophil,train,EO
1720,acc13b10-94eb-411d-bf2b-6f73d7c27bca,eosinophil,train,EO
1724,3a1b1898-b9c8-4453-8b7e-8324165ea32a,basophil,train,BA
1725,d63c116e-4bd0-47c2-9c95-3ca8feff59c7,monocyte,train,MO
1734,d3b95769-b3f4-496b-aedd-f8e38d66ddb9,eosinophil,train,EO
1735,289d897e-4913-4d31-ac6b-af30994bec6c,eosinophil,train,EO
1737,fe5b9905-4cc9-4c2a-bded-3266e60a637a,monocyte,train,MO
1739,f81d870f-56c5-48c5-bc9b-5da6f54fcb5f,eosinophil,train,EO
1742,35f0b1f1-1cc3-4392-8647-8f04e4971af9,eosinophil,train,EO
1743,ec4d2087-7cfb-4c79-aece-c42385e3e3c5,eosinophil,train,EO
1745,a485005a-51f0-40e4-999b-72f781a4da90,eosinophil,train,EO
1746,da65461e-a811-4191-860e-b957d810ba56,eosinophil,train,EO
1753,a571994c-7d5e-4de5-a5b4-bda62dcd26eb,basophil,train,BA
1754,11bc2389-7a28-47b6-84c5-530adccf5d36,eosinophil,train,EO
1756,af098962-bf52-46f3-94e4-a662bc4f7167,eosinophil,train,EO
1768,eba759b1-3548-4221-bf46-fe971affd98a,eosinophil,train,EO
1771,6c2499ae-8278-404f-934e-064089dd4dfd,basophil,train,BA
1773,ecfa1a58-4348-4faf-8439-fe175757af02,basophil,train,BA
1776,cc533885-5a9e-4060-b0c0-23c8544a245b,eosinophil,train,EO
1781,dcb78828-101c-4e73-a237-66566d4875c7,eosinophil,train,EO
1784,52f50ba0-8078-407f-b003-f16fef9b6ab0,basophil,train,BA
1785,74f0ce48-58a1-4e41-912a-6c7ae37467ec,eosinophil,train,EO
1791,eda8be46-7113-4ee4-9f88-35977e79e49d,eosinophil,train,EO
1792,1bc53dd9-fb54-4bc3-8c6c-01169dc9ce4f,eosinophil,train,EO
1797,a224504f-d88b-4622-bd0a-bcfe57ecca0a,eosinophil,train,EO
1798,a8d0b0ae-4364-4e62-b2e8-63ffa3c0ae6b,basophil,train,BA
1799,93580a98-b1b3-4ed4-91fc-aedff45db281,eosinophil,train,EO
1800,4626d553-87c4-471e-95db-bfdaf6dd9ccf,eosinophil,train,EO
1802,cb8fe245-aa70-4837-a6ee-bfc088be5958,eosinophil,train,EO
1803,545a7809-2db2-4692-8ede-ee6f2ec991a2,monocyte,train,MO
1804,09c2488b-2556-4de3-88a7-d171fb2bc0b5,eosinophil,train,EO
1808,674656de-306a-422e-b204-b6a0cdf71cec,eosinophil,train,EO
1809,85baa94c-28c8-4c8e-b02a-91ca26b93ea3,monocyte,train,MO
1813,46a9709c-5e7e-49b5-9edf-8894bae2c844,eosinophil,train,EO
1817,1f3c9615-6f57-4be3-bf23-ad53663f2030,eosinophil,train,EO
1821,7d45afc1-06b7-4133-a903-55397ca51107,monocyte,train,MO
1824,d207c853-d7a8-4927-a5c3-703e23d65d7a,eosinophil,train,EO
1825,db575c20-e1da-4c40-8c44-a095d7d77d21,eosinophil,train,EO
1827,e4fef21c-e81b-4929-aa44-05103bd04418,eosinophil,train,EO
1828,ccd40321-99b9-4897-919a-1ecbfdd193ba,eosinophil,train,EO
1829,dabc386e-d071-496d-bedc-0235dc7a631c,basophil,train,BA
1830,726cbcfb-2bdd-4c49-8257-87fbafc62f7b,eosinophil,train,EO
1834,20080cf1-8f1d-45df-935d-2c1c38cb3a0b,monocyte,train,MO
1836,6c6f5281-03ac-41fe-a64f-0e51a6ce6c76,basophil,train,BA
1837,bf62fe3d-6e7f-4b8a-8ca2-c981bcc55d49,basophil,train,BA
1843,47f64c89-8949-4dfb-bc7d-4ee2eb008236,basophil,train,BA
1847,ce94e873-d971-42c3-b9d7-5e1f3f0fbb9e,eosinophil,train,EO
1850,3c63025f-4153-4d08-a28e-dba1e9cc6269,monocyte,train,MO
1851,d4240ac7-fa6f-4759-a2b1-b5413db5c2a5,basophil,train,BA
1852,9491554b-bfec-43da-9771-9daffccb66e3,eosinophil,train,EO
1857,d03d33c3-9206-494e-842e-6024be3e83a1,eosinophil,train,EO
1858,dfadaa5f-bd74-4ec8-a7ac-f9871edfb374,basophil,train,BA
1861,897a6d18-0e09-4dd1-a608-52dbf4fb20ec,basophil,train,BA
1867,c42832fa-c631-4e8c-9321-31753fdab39e,monocyte,train,MO
1871,855048bd-3e35-4916-84ed-ddbc5812bc6a,basophil,train,BA
1874,91dfcf53-cfb1-4317-8095-2bb426c02887,basophil,train,BA
1876,eaf3f70d-9981-4edf-89a8-65fc6260aaf5,monocyte,train,MO
1881,9e86c6f8-e0a5-4c3f-b082-b5a4900d26ba,eosinophil,train,EO
1884,0d288709-936f-434d-b701-86369d211746,eosinophil,train,EO
1887,734b0584-1a59-47a2-a101-0c3060bb8091,eosinophil,train,EO
1889,df927c71-0c76-4e49-8535-6ad5d5b4f8c9,eosinophil,train,EO
1890,550c7e25-16c6-47cd-8d17-3ce833cae879,eosinophil,train,EO
1895,cbb20384-5ed3-4e1d-81b9-8dc9d7f65727,monocyte,train,MO
1900,1216c87e-f10c-48b0-931b-55484a83a445,eosinophil,train,EO
1901,b2c869ca-2e1a-405f-aa4d-e9c3bf664dcc,eosinophil,train,EO
1914,7fa754af-df7c-466c-af17-02552cc87412,eosinophil,train,EO
1916,8b351dfe-71c9-4f17-8f36-36ba408029fd,eosinophil,train,EO
1922,bfd331a0-32bf-4b40-98ac-65229a2c18ef,eosinophil,train,EO
1925,a92b3650-995f-4a64-ba19-1f3160bbc636,basophil,train,BA
1928,421f3f58-4ed2-4476-abab-1a399c99fc44,monocyte,train,MO
1930,7603dcfb-9f81-42ce-9304-d45658a00dff,eosinophil,train,EO
1931,f7c15de0-d325-47af-90e2-8610ce2332a3,basophil,train,BA
1932,ba0fd796-7c12-40f6-8001-5e36263b7616,eosinophil,train,EO
1933,4a113fb7-c04b-4d39-99b5-1f7a091c0c08,eosinophil,train,EO
1934,69a7743a-4196-41ce-8076-dc723f50670b,eosinophil,train,EO
1935,a76cec11-60ce-4966-a644-ca2f1df4c0fb,eosinophil,train,EO
1937,58a98276-c4fb-4505-970f-89e6121c4b1c,monocyte,train,MO
1940,e7336e40-7da9-491a-b031-7253dbb3a731,monocyte,train,MO
1942,0463e7bb-6c2d-46b5-97f5-8389ba4f8c3a,eosinophil,train,EO
1947,0d6209de-3599-4cf4-9a97-85ae56d7e5fe,eosinophil,train,EO
1956,07a54763-e470-43b6-86ea-cc8119901724,monocyte,train,MO
1959,81f1f113-1287-43cb-aace-a1577f2880eb,eosinophil,train,EO
1963,68559db5-4100-41a2-83db-8ebba7bc9c76,eosinophil,train,EO
1964,a52541a3-59d0-4ff8-803e-69a00f8ffd06,monocyte,train,MO
1966,718227ac-5e1c-45e0-8f94-b6e394268d04,eosinophil,train,EO
1967,1adba15e-8760-41fe-a74b-124d419049c0,basophil,train,BA
1968,a30d16b2-a658-4d66-bbee-92f69ed85bdf,eosinophil,train,EO
1979,2baa0f49-1368-41f2-8e3e-ecf77ac5a6ed,monocyte,train,MO
1984,8c68a09f-2632-4f95-bd9b-07adff1ea119,monocyte,train,MO
1985,605265fa-5195-4bb7-b7c2-26d21d35b42e,eosinophil,train,EO
1986,5bff97e1-d3a1-4ff0-8d6a-9b4c132b9b7e,eosinophil,train,EO
1988,4a3ef8e0-988f-42fe-a7b7-e89f29ef16c8,basophil,train,BA
1990,16ae960e-a032-4d98-93c9-b0a0e268da70,eosinophil,train,EO
1991,5be47720-af25-478e-88b7-b6fe6c82dc74,eosinophil,train,EO
1998,7e14bc2b-c537-48e9-b764-508f4dd230b9,eosinophil,train,EO
2006,c35f0941-5a59-42d3-b7d2-7522c3a6814c,basophil,train,BA
2010,e1d84c7a-685a-4681-a7a6-6ea2d923ab3a,basophil,train,BA
2011,876f7a99-9b23-4469-a1fb-03ffcb1f565d,monocyte,train,MO
2012,5ba17675-9f01-4513-87f0-b4bd77d91181,eosinophil,train,EO
2020,1b8626b4-5195-47be-97a7-883156dbef05,monocyte,train,MO
2026,73492487-29a6-46d4-958c-3db804365db9,eosinophil,train,EO
2028,58fb004c-acae-4645-8af1-6201c489c8ce,eosinophil,train,EO
2029,45df194c-2683-4b61-b966-6ecd5bb37139,eosinophil,train,EO
2031,b736909b-74a4-4ef3-9467-b9f555e245a4,basophil,train,BA
2039,93543039-d83e-4a94-98ba-569d7a3ccfa8,eosinophil,train,EO
2043,97846ecc-9e90-4028-8667-c118a34a2c1a,basophil,train,BA
2046,4fd63e68-0a95-49e4-bc03-e686feb3a2e9,eosinophil,train,EO
2047,ac5d69a6-94be-483a-9869-e68139b8c015,eosinophil,train,EO
2050,ec5b3fb9-a0a3-4097-9f1c-d0301d805568,eosinophil,train,EO
2054,62305aef-055c-44c5-a99f-4778c026a3ac,eosinophil,train,EO
2061,a6acf1cf-c034-4d05-9249-021d5f35d655,eosinophil,train,EO
2062,4e0b163f-67ae-4e0f-9205-6c778023578c,eosinophil,train,EO
2065,7fdd74cd-14e9-4ce6-9a7f-f07aadf2025d,eosinophil,train,EO
2066,e1393c6c-0ba8-42c9-a39a-e6bd1574f989,eosinophil,train,EO
2067,a6a5aa9c-b6ab-42ca-9d1c-4c5c85975e49,eosinophil,train,EO
2081,2459e10d-6e3a-41fd-950b-4aeaeeb397a7,eosinophil,train,EO
2085,3902b7d3-0cbf-4e08-a8a6-db13a5e40829,monocyte,train,MO
2086,85a46d07-533f-4528-ba07-05146752addc,eosinophil,train,EO
2088,665a45e7-1393-429e-ac32-070522423f17,monocyte,train,MO
2089,749b9c9d-f97b-42e8-9c62-844a7924ae0d,eosinophil,train,EO
2091,e37597fe-351a-481f-8f33-19cb10340d67,monocyte,train,MO
2092,4226edd3-1468-469b-95a6-9fab2015d321,eosinophil,train,EO
2097,45e12f86-817f-4f27-801e-682717e51610,monocyte,train,MO
2099,66a55646-a576-403c-a67c-7558bed6751d,monocyte,train,MO
2108,065c684c-6c69-4ee5-812c-889c5676299e,basophil,train,BA
2109,576dd18e-75e8-4860-bbb5-c16b9082ab08,eosinophil,train,EO
2115,bca356f2-33db-4bbe-a570-6a62fceea4f3,basophil,train,BA
2116,732ee766-ef88-4f28-90d0-184c00e2c587,monocyte,train,MO
2117,a21a616a-91d7-47bb-9c8e-1ff1e5ff309e,monocyte,train,MO
2121,fbd85616-c796-4d0b-bf92-12a7e21a1601,monocyte,train,MO
2125,ec1d20a1-2537-46fb-9527-0c3ca816da07,eosinophil,train,EO
2129,749bf720-9e18-4870-9ca6-838f0acf146e,eosinophil,train,EO
2130,9a183421-9f0b-4d8e-9b67-7af949e84f0f,eosinophil,train,EO
2133,b83674e5-09a9-45a7-a333-824aa4d2e828,basophil,train,BA
2139,eb863e9c-7383-4e7f-8515-faf613309c74,eosinophil,train,EO
2140,01969c03-84ea-4826-9f9c-d5c937955c9e,eosinophil,train,EO
2142,a147ac06-a8a1-4566-99d8-84594f7f133b,basophil,train,BA
2143,eef9809d-d8a1-4e1a-aadb-1288cc0295ea,eosinophil,train,EO
2149,9ebf1a49-5e46-4224-b0fa-1220eb1f7e6d,basophil,train,BA
2152,2917f4a5-4bac-4df7-8f8b-afff8f14dc30,basophil,train,BA
2153,d74e747a-8c52-4730-9c37-0e8ac07304dd,eosinophil,train,EO
2163,59a7f3a1-5d06-4b46-89e1-093972310ac2,eosinophil,train,EO
2164,e2e7fe84-2247-40d6-84e5-9888dead0e7d,basophil,train,BA
2171,1ea3904e-cef4-435a-936a-d07203d4ab01,eosinophil,train,EO
2179,f88da4c5-8c9d-41eb-aef1-27dde109b4ae,monocyte,train,MO
2180,acd3cfcf-5c18-45a4-8e90-5c0a9fc14181,monocyte,train,MO
2182,1fdcc797-956f-44c8-96b5-51c2f1fafb82,eosinophil,train,EO
2183,fbfc404a-247d-420c-9b3a-e7525bc49868,basophil,train,BA
2184,06b190b3-3c80-451f-9df2-8d4e0dff2fd1,eosinophil,train,EO
2187,ca555e51-3d1c-46c3-bd52-882dbcb9ebde,monocyte,train,MO
2190,6554f472-47af-4c88-84b1-3962fa7db196,basophil,train,BA
2193,e43c84ac-6785-4635-8283-a88685daf986,monocyte,train,MO
2194,6e208012-22bf-4cb1-a6d4-66f0e5d4da1c,monocyte,train,MO
2197,41c5fa20-4282-42fb-9c54-84990fd11354,monocyte,train,MO
2198,cba5ddb4-a2ef-4a0a-818e-09211b755fab,basophil,train,BA
2199,6b8b0fbf-7361-40bf-a24d-30cb7cd7b1b6,basophil,train,BA
2200,222be421-2642-4da3-9099-e3db17760bfd,eosinophil,train,EO
2202,b73ddefc-4473-4090-bedb-7472f2cb4f0c,monocyte,train,MO
2205,72e3300a-3c20-4abe-baaa-c045ea4b4c2a,basophil,train,BA
2213,1d7baed7-b6e4-406b-95fd-f9e3f36561fc,eosinophil,train,EO
2216,401f3b49-6ed4-4f45-a6d5-2fa67398a28c,basophil,train,BA
2217,0339084a-7b8b-4de6-adb6-8f2b5584413d,basophil,train,BA
2218,72193e39-0b05-4543-b481-a2bf0c51b4b4,basophil,train,BA
2229,2fbfabf8-cb0f-42c8-95d2-eeaf2701e16f,eosinophil,train,EO
2233,db216da3-cef8-4c28-9c84-900c013943cb,monocyte,train,MO
2234,fb2a24cc-b877-46dc-b674-833f9227e04a,basophil,train,BA
2235,897f491b-29dd-49b8-bcea-4c2f6fc96190,eosinophil,train,EO
2238,ea59670c-0b64-4b9f-9a2e-47eb1bda7112,basophil,train,BA
2241,ebea19c1-f65b-4ec2-a066-8c3250da8339,eosinophil,train,EO
2249,161eb117-2043-4d57-a88d-68f5fa81acdf,eosinophil,train,EO
2250,7e1e5d65-01e8-40d9-9f8c-17cb9e04d4d3,eosinophil,train,EO
2253,0145fc2a-502b-4233-ae42-38be75c41d1e,monocyte,train,MO
2254,94179349-dab0-491b-9ec1-37d6bd63c5d3,eosinophil,train,EO
2255,0387ae33-d95d-4ca6-a661-884ae8b3c281,eosinophil,train,EO
2257,21272b14-61c0-45df-ba0d-22db46e3fec8,eosinophil,train,EO
2258,971fd3b3-64b0-421f-bed9-748d340d92c2,basophil,train,BA
2259,f8f8c56d-d2e3-4dd6-a398-709e778aabb0,basophil,train,BA
2264,ceae31aa-e9c3-4236-9099-2907831fada5,eosinophil,train,EO
2265,4c34afbc-6fc6-4db9-a26f-dfdf3ef8b204,eosinophil,train,EO
2267,f35d7802-67cd-4624-862a-f6f9762a0358,basophil,train,BA
2268,7f50cdee-6216-4954-8dab-07dc5633ddf7,eosinophil,train,EO
2269,950b9d51-6cca-433a-97ff-c546f8478af6,basophil,train,BA
2274,e39d7426-03f2-438b-b83e-90c48a36db79,eosinophil,train,EO
2275,97bca7db-382c-4100-8d34-ae38565545f0,monocyte,train,MO
2278,bb4e588b-0b00-4ff5-becb-1cc088fc9a82,eosinophil,train,EO
2287,6b239eec-1c07-4e35-b6d1-10e158939727,eosinophil,train,EO
2288,caccf9d5-11a6-43ab-a1b7-115be79d920f,eosinophil,train,EO
2291,38bcf58e-8669-4aaa-9147-205bdf16f19d,eosinophil,train,EO
2300,48afd0fb-f4e9-4c78-9e9c-a16e40e38f12,eosinophil,train,EO
2305,6efbd1da-9c5d-48bf-94ac-e962752d55fe,monocyte,train,MO
2309,058a32cd-9c8a-4e09-b774-a64ebfcd4dac,eosinophil,train,EO
2312,0067fe13-a368-4baf-8bab-5652bb184d43,monocyte,train,MO
2313,b5a81ea8-96c4-4f07-8c50-0d2c7d59377b,eosinophil,train,EO
2319,a9092ab0-4d71-40ba-b789-d21feaae9927,eosinophil,train,EO
2323,ea9ef911-5553-40f0-9c91-d4f404f365b5,eosinophil,train,EO
2325,4528ff08-dd6d-458c-9363-17d0e89783fb,eosinophil,train,EO
2328,80ddb841-70cb-47ff-ad21-0775b63b71fc,monocyte,train,MO
2336,80f17cd8-557a-4b3d-97ac-d287a31c7702,eosinophil,train,EO
2338,6317e7c1-7ef2-4e7d-abe0-e9bb6072d2df,basophil,train,BA
2339,2952ad3a-642e-472f-a712-9092d28ae827,eosinophil,train,EO
2346,5921e621-9f6d-4f40-9f78-d76a260f6d2e,monocyte,train,MO
2350,6b208654-2c2e-405c-9fb6-daf4efdd2165,basophil,train,BA
2352,7de004e8-3e02-4b63-9e7c-76ec39bf567d,monocyte,train,MO
2354,85c04e62-327f-44f2-88ab-06b25427374e,monocyte,train,MO
2355,3599d9c0-ef0d-46b5-aeb1-0184be4950a5,monocyte,train,MO
2357,0497a806-2f2a-41a1-83fb-0c321d2409fa,eosinophil,train,EO
2362,2b89790c-b3bf-4fa1-b510-cd9432107748,eosinophil,train,EO
2363,18db37da-10ca-424a-ac19-e42049096fb6,monocyte,train,MO
2364,2ca93a42-70a4-4b71-ae60-2c7e0f9db639,eosinophil,train,EO
2366,c821bc1f-3684-41df-b83d-9da28acd579f,basophil,train,BA
2368,06cb53e0-2af5-442f-a1c5-db8557f0827b,monocyte,train,MO
2370,7e9ecc38-c21b-4335-bfa0-fed15850a3b2,basophil,train,BA
2371,e59fef9a-3a51-4486-b743-6cd1ed1cfbca,monocyte,train,MO
2380,b7d3dfd6-8d54-480e-9c17-f3ff0b1b4c6d,eosinophil,train,EO
2383,e199dddc-f154-46d7-968a-a4bd5be3ce08,basophil,train,BA
2384,d5d3d4a6-4c9b-4b90-885b-98a5cd6cd2e1,eosinophil,train,EO
2385,3a4c90ec-b387-48b5-9c08-c9a1460de200,eosinophil,train,EO
2391,51740a98-ae5e-408b-a5a3-f2d4e10a3e93,monocyte,train,MO
2396,18054047-ac59-4bb3-8f57-405ea23786f7,eosinophil,train,EO
2397,e49a9988-6ec1-4cd8-bd8b-f174bdeb8e81,monocyte,train,MO
2398,b82013fd-19fd-4f5d-8815-c0bfd21d9250,eosinophil,train,EO
2399,a9e9e48b-9b95-4957-a9b4-2a01945330e8,eosinophil,train,EO
2405,5134d4ac-c554-47ca-aed7-13543816a2de,basophil,train,BA
2409,5d37e4f4-e496-44e0-b8cf-904e002067ef,basophil,train,BA
2415,d6eecb62-caea-45ae-85b0-5b6c04546dd3,eosinophil,train,EO
2416,f365bc7c-0d2a-45df-8722-64a0ce8f8b00,eosinophil,train,EO
2418,6dd1e48c-31b0-42b1-9653-ce62702770a0,eosinophil,train,EO
2420,163c8749-2ab7-44ae-9df2-bb8398a92b69,basophil,train,BA
2421,f7df27f3-0f0a-4ff7-8186-e9e2aafca746,eosinophil,train,EO
2426,93f101a0-80d4-483e-bae1-36c7169cc937,eosinophil,train,EO
2427,cdc7b90b-de82-4640-9f23-a8d9037ac37a,basophil,train,BA
2428,c0aca8a7-68c2-4d04-9150-32bbe5aba345,eosinophil,train,EO
2439,79124157-24c3-4b5d-9d05-65416ee3704c,basophil,train,BA
2444,e629cd76-bb3d-4e95-a8e8-9deceb53f738,eosinophil,train,EO
2445,9bb5b5cf-9cee-43bf-b216-a70215a79899,eosinophil,train,EO
2446,dee0d099-a148-4e4f-98bf-bd20b0469ecf,eosinophil,train,EO
2448,9bb06b9f-3271-4f83-8739-f3b833287214,eosinophil,train,EO
2451,c69748f3-c2ba-48f2-8663-00a61071c2b7,eosinophil,train,EO
2459,1c4e8ea8-d525-4f3d-88e8-bf5c145b5ba0,basophil,train,BA
2461,9d942a8c-4ac5-4da7-8182-a607428936c1,basophil,train,BA
2462,ed996d49-b646-4c1c-a54a-288d1220cef7,eosinophil,train,EO
2465,8427a307-b664-4c9c-ada4-9798ee8e75d0,eosinophil,train,EO
2472,ddf35f16-ddb3-4dcc-91f1-ec76e5d01d7d,monocyte,train,MO
2479,e2f38b03-0df4-48b6-9d4e-fe61c464508c,eosinophil,train,EO
2483,790dce5c-c80a-4c99-8863-9591ea5d5000,eosinophil,train,EO
2484,bb11e565-2cf5-4245-b194-000b9d03f7ed,eosinophil,train,EO
2489,7f08f41d-223a-479e-a829-a8dfd9a29f82,monocyte,train,MO
2491,b7594aa6-eb6e-4e82-9417-14fe7393cb8d,monocyte,train,MO
2494,f017eafb-9c0b-44ab-affa-73927c10b46f,monocyte,train,MO
2495,fdc74c8e-47f2-4436-afc8-f58e2fe42eaa,eosinophil,train,EO
2499,43285d5f-fbff-4d94-b80d-041a6bb82a6e,basophil,train,BA
2502,83a25a12-0c08-4308-8a75-2278f4a6a870,eosinophil,train,EO
2509,0cc0dba0-c804-4a93-aab5-4ddb47b8fa4e,basophil,train,BA
2514,db5fadd7-6976-43be-820b-8d7f27502124,eosinophil,train,EO
2516,0bea2010-b929-45c5-b559-ed8eba41eb18,basophil,train,BA
2517,3ff48aaf-00f6-4c23-854c-e8a1573ac856,monocyte,train,MO
2523,91c8a793-2eb0-4d4c-85e0-025a0b0e3b65,eosinophil,train,EO
2524,6852ebc8-1c4c-47e1-8d82-726f6e813041,eosinophil,train,EO
2525,015de8a8-c188-4ff6-b167-781a4ef6192e,monocyte,train,MO
2526,189c1e5a-7969-48f8-b4c9-2415921cac1b,monocyte,train,MO
2527,08e61ea9-10a4-42e8-9a84-02a235c8c79d,eosinophil,train,EO
2535,3fab7fd5-122b-450b-8d0c-ed3ea7a60e19,monocyte,train,MO
2538,fc7b16ba-656e-468b-bfcf-152ea27f4261,monocyte,train,MO
2539,1dad923f-5ba4-4162-b861-3a77d05cba80,eosinophil,train,EO
2541,b6a5627a-99ac-47a0-8e58-94f1ba18c268,monocyte,train,MO
2542,9f72d50c-c522-475e-99e0-948e3929f679,basophil,train,BA
2551,b3369fa3-c3f1-493e-8dab-cb906e70d32b,eosinophil,train,EO
2552,c99322a8-2c89-4350-82f9-75db06f91b51,eosinophil,train,EO
2553,680b958f-d6d2-4f98-99b5-dd1c1c3647dd,basophil,train,BA
2554,e87a5337-47ef-4111-8c50-307e53af36ab,eosinophil,train,EO
2556,63b4fd9c-679d-4f4b-b3e8-5359d1ea75e9,eosinophil,train,EO
2557,b03012b0-97f7-4251-a207-f08b2977fc60,eosinophil,train,EO
2559,1adb5114-2daa-44a0-bfaa-1bdbd25c6b68,eosinophil,train,EO
2564,d3a10e8e-3b81-49b5-81a1-7e3e4dfa7e65,basophil,train,BA
2569,5da1ae92-8ae2-46f6-9d4d-137efed61939,eosinophil,train,EO
2573,77ebf6ad-27e0-4fef-b274-85e2275b7d66,monocyte,train,MO
2574,ef8efa90-2740-436c-a9d5-27d932c036d0,eosinophil,train,EO
2575,d35b237b-9b91-4739-9994-56649953c412,eosinophil,train,EO
2576,02491368-cd4a-426c-8832-14ee541fb331,eosinophil,train,EO
2579,7d5727af-e886-4ff7-b1c9-ba4dd590a731,eosinophil,train,EO
2584,a7a7be6b-38e2-408f-b52e-b5e916b9bce3,monocyte,train,MO
2585,2635bbfb-5cab-49dc-acaf-098a387d2eab,eosinophil,train,EO
2587,08ddda76-14ae-4fe3-b251-d4ffa6d5096c,eosinophil,train,EO
2591,eb82509d-5a2f-481c-94da-a695754822cd,eosinophil,train,EO
2592,826f68ca-029e-4f10-8d08-efff62475acc,monocyte,train,MO
2596,e3976f24-a491-4cd2-87b9-bd126a02cf36,basophil,train,BA
2601,dea6b9d5-88fb-4a01-b50a-cc7e05fa5cc8,eosinophil,train,EO
2608,2701c2cc-3bf9-41e2-a41b-364fc1239e66,eosinophil,train,EO
2610,5d16cc5d-e716-4f5a-b0b0-246f0e9bbb47,basophil,train,BA
2614,d74f92c4-72b2-415c-aab1-88a38bd61e1c,basophil,train,BA
2630,d1025b6c-d894-4e91-8e2a-f48398888de8,basophil,train,BA
2640,a14ba365-3761-4b9c-b6b8-7f5caba781d2,monocyte,train,MO
2642,f5702bf1-8c4f-4cc1-b40a-701df9100a3c,monocyte,train,MO
2645,bddd1546-33be-470d-a93f-6649374b42df,basophil,train,BA
2646,36577211-e026-4ec0-9f0b-0047172913ec,eosinophil,train,EO
2651,aa026a56-6f0c-4f29-b371-c547a6c3e3e4,eosinophil,train,EO
2652,0a9cef9b-f149-4e0a-89ba-200ed1ca34a9,eosinophil,train,EO
2654,136104b8-b8ac-4f50-9675-32f94c912c03,eosinophil,train,EO
2668,cde7d598-a955-4172-8051-be017cd2d290,eosinophil,train,EO
2671,261aff5a-0eb3-41d7-9566-55f2ed773237,eosinophil,train,EO
2676,946cdfb6-1b73-4fbf-8ed9-10d2bf82a69a,basophil,train,BA
2677,360c1b3b-07c2-465e-988c-81694a1f7bd7,monocyte,train,MO
2686,71d3d820-556b-4cdf-b443-52c5caf3287c,monocyte,train,MO
2687,87a79849-ab97-47ea-a2e0-91e1ee97e21c,eosinophil,train,EO
2689,b9573b0f-5edc-47fa-a6d6-cf1f2422385d,monocyte,train,MO
2691,350bc8ab-e67a-4fbf-89f2-d92ead26cef4,monocyte,train,MO
2694,ca423a28-65b8-4fd0-b6dd-53ac351ec9e4,basophil,train,BA
2696,93c6d6e7-5e6f-4324-8e72-037dda674827,monocyte,train,MO
2704,1c37f1fe-251b-4666-8fb7-059ad251d825,eosinophil,train,EO
2705,cc3c1fd6-66e4-449b-84f0-21aef2f86a23,eosinophil,train,EO
2709,5422ef7e-de65-4ef7-a07a-ea05542d968d,basophil,train,BA
2710,7e7696e6-3b5a-4d5b-a8c3-62a3264c681a,eosinophil,train,EO
2713,4787e126-fd3e-420d-8609-9821cd341209,eosinophil,train,EO
2715,34cebd78-4313-4a23-a4f8-45b5eda77463,monocyte,train,MO
2716,740a9ee1-122b-459b-aa34-a017d3caefd8,eosinophil,train,EO
2719,205a1aa9-61f9-4826-827a-5e703dfa0ed5,eosinophil,train,EO
2722,dc668f23-4431-4f20-bbed-b6fb1214226d,eosinophil,train,EO
2724,751eeee2-3c45-4ff6-a154-ce368435ecc9,basophil,train,BA
2728,4ef2b89b-05a1-4bf6-ace0-df0104cf910c,monocyte,train,MO
2729,e5fc5216-dbd3-4613-b66c-35c10018e940,basophil,train,BA
2734,7cf328ac-004f-4dae-bdb4-ccfb313cb161,eosinophil,train,EO
2736,254c55d9-16ed-4245-b75a-c51869d1f3f2,basophil,train,BA
2737,80bd556e-856e-4541-9099-58bd5be95a9d,monocyte,train,MO
2743,10a6f6a9-2863-46d8-8341-343b6aa60bc6,eosinophil,train,EO
2745,0bacf87f-b904-409e-baaa-d98fde4f22ad,monocyte,train,MO
2748,ef9330c2-d4e5-4ddf-bd4d-c2159793baf2,monocyte,train,MO
2749,f8ae974e-6cfd-4841-9c27-799c68ab7408,monocyte,train,MO
2752,667d4056-5a9c-4f47-a2c0-cdf4ef4613b8,basophil,train,BA
2754,630ec8dc-f4b6-4f37-afe0-d3c09de60bb9,eosinophil,train,EO
2759,779da36d-7683-46d3-817b-10e5164ef509,eosinophil,train,EO
2761,bf587cc2-76c3-4c15-b61b-689831c44e56,eosinophil,train,EO
2763,a44b4c9d-4e8b-46d1-8b21-96988100983a,basophil,train,BA
2765,ec6bff86-7760-4677-9f61-ada5db9d0d92,eosinophil,train,EO
2769,66d7d35e-9652-4ce6-9099-10c76240e9ac,monocyte,train,MO
2772,691b68ac-9766-4e96-bcee-d74defd23bfe,basophil,train,BA
2774,d5084501-8a71-4aa3-a3f1-93a81c6b695a,eosinophil,train,EO
2775,d2f95ff6-4b7c-46cf-a0a3-b7a85441301a,monocyte,train,MO
2777,45c209c2-1d6a-4008-839a-c9bc108d2cb8,basophil,train,BA
2778,3d5e248e-8061-484b-add3-54ab0d92a0a5,monocyte,train,MO
2779,808e799a-3faf-4391-b2c4-c8b5d1ae9e74,monocyte,train,MO
2787,d5fcd8ca-1f5a-4fb9-8bfd-ce2eeaebbf1c,eosinophil,train,EO
2792,9eadc6cf-827a-49cc-a370-a882c6f55546,eosinophil,train,EO
2794,21b6d8dc-9106-445f-b064-3a169a9b32ee,eosinophil,train,EO
2795,bb6db353-b9de-4e82-b7d9-d4fa0c448d6d,eosinophil,train,EO
2797,7016a5cc-68be-4e28-9498-53a7006e94c1,eosinophil,train,EO
2799,f4df60b5-b78c-48aa-b6fb-985dfa28b54e,basophil,train,BA
2800,14df93e6-c75a-4895-b42c-f17f7f24df22,eosinophil,train,EO
2802,1af5b7b6-1744-4575-9a95-b86bda98835e,eosinophil,train,EO
2807,58b7af20-c1e7-40a8-9f33-030964322b67,eosinophil,train,EO
2809,a29467a0-0b75-44ea-a0b6-8657c54f99ff,monocyte,train,MO
2817,c1f1470f-cbd1-4fe0-8e48-13648b89f3e9,eosinophil,train,EO
2819,e9059caf-892c-4854-8417-7c903156f625,eosinophil,train,EO
2820,c51318fd-357d-416a-832a-c27b52696b41,monocyte,train,MO
2821,0c53e770-9b33-412f-acc9-7f453b6ff86f,monocyte,train,MO
2823,20cb7537-e222-47f7-9519-b84d0c48b447,basophil,train,BA
2824,5dd23db6-ff41-49ec-8337-a3163cd84678,eosinophil,train,EO
2825,b9f0185b-f4e1-4043-b41a-4a0f391ddd94,eosinophil,train,EO
2826,b25ecadd-18bb-462b-94da-318fc3cf508d,monocyte,train,MO
2827,9d5a2bf7-b1f3-462e-9539-4b3f4ff2408d,eosinophil,train,EO
2829,ca89e89d-860d-4d69-a207-a2c179ab9f93,monocyte,train,MO
2838,e990e1af-6fb2-4495-81e7-3d5d9618bd73,eosinophil,train,EO
2840,0dd91564-be1e-42c9-8875-3819c05976ed,eosinophil,train,EO
2842,3bed3546-37e7-425e-a86c-389554e969ec,monocyte,train,MO
2847,ba010f1b-0539-4dce-8601-17d1d95639bc,eosinophil,train,EO
2850,f38c3093-f4ce-493f-8296-68b0544c3516,eosinophil,train,EO
2852,5da4f06c-6a17-4c0a-a0c3-0fbbdafc22aa,monocyte,train,MO
2858,60e350c3-412b-40c7-a186-1377de4484a5,eosinophil,train,EO
2862,29080130-796f-4987-b4df-0676916218e8,eosinophil,train,EO
2871,52b93951-2d14-4790-bd3d-11b78547743a,eosinophil,train,EO
2873,83c63c6a-5d8b-478d-9af6-754103338197,eosinophil,train,EO
2875,3dfdae62-5c7b-474c-b1fb-efcb3ad7f826,monocyte,train,MO
2876,70e03635-e3cc-4fac-80b7-cf5bc2d8eb49,monocyte,train,MO
2877,927ef53f-6c4f-42d3-9749-b0c8b9d38fdf,eosinophil,train,EO
2880,81ba07c0-866a-4a1a-b1e7-d3dfb9b26d4c,eosinophil,train,EO
2881,ee88acb4-773a-4ae6-beb4-c08f302ae20c,eosinophil,train,EO
2882,58b1cb77-a00b-4fcd-aac7-0458fca2a9ba,basophil,train,BA
2884,d5076b49-9814-416c-929e-b68275e0cb5e,basophil,train,BA
2885,f4c0aa8c-4c28-45f2-9349-525c7425f5d5,monocyte,train,MO
2888,fff555c1-9b3f-44ca-b7cb-4fc4a7e1c322,basophil,train,BA
2891,3fa76e1d-7dd4-4e70-be37-8542e90c7924,basophil,train,BA
2895,625a5e92-0013-49f7-bf5f-2208ca18015b,eosinophil,train,EO
2897,ec0f182e-21c2-4bc8-980a-0c903a2bbc9d,eosinophil,train,EO
2898,3c3d77f3-46a6-4c6d-b2bc-7df4e42aab34,eosinophil,train,EO
2900,b5d1f0ee-7c5a-4904-a659-e00792ef9b24,basophil,train,BA
2904,2f25a341-9610-4898-b07f-a1e5d0a354a9,basophil,train,BA
2905,ae2787c0-5675-4a4b-adda-e6b52cef26ee,eosinophil,train,EO
2906,74659d35-e5e7-4d4e-a444-7e05adaef2d4,eosinophil,train,EO
2908,c20ed11b-6afe-4fe5-823f-b075532a4d79,eosinophil,train,EO
2910,8bec16c0-d097-4516-bd6a-c6e2d77d36d9,eosinophil,train,EO
2911,a1812997-962f-42ac-9b1a-346581b13579,monocyte,train,MO
2912,a70f197a-8d55-41d4-a444-1fdd41e889cf,eosinophil,train,EO
2918,549ccbf8-e2bf-4fd8-9f10-6124642ad726,basophil,train,BA
2926,88d0f0b5-7e6a-4edd-8734-1f0fb9561b5b,monocyte,train,MO
2929,12885f85-2e13-4c08-96fe-592da3130fc6,monocyte,train,MO
2932,75d348a8-c3ce-4513-8fba-ee29a8c5849f,monocyte,train,MO
2933,d53fca28-bffe-4780-bc2e-6f1c9359168e,eosinophil,train,EO
2949,4b30828f-ba7d-448c-8ee8-dfbbf9970d60,eosinophil,train,EO
2951,9f8dedf7-17e9-4d9c-90b8-22bd6dfe4752,basophil,train,BA
2952,c66d9717-a834-43ac-a773-fc9f29c72d00,basophil,train,BA
2956,03788cc0-27ae-4878-913f-8fcf0a0081d1,basophil,train,BA
2959,bb9fa80a-885f-485d-b087-039aeffb44db,basophil,train,BA
2960,aa02d7f4-e695-4f50-b743-53ea6e707f45,monocyte,train,MO
2961,43fb832a-ac53-4a48-8641-a9cddc474817,eosinophil,train,EO
2963,789f682b-1a4f-4e85-8972-07b60af0a567,monocyte,train,MO
2969,dac0c861-ca9b-412d-8a35-fbe042404020,monocyte,train,MO
2970,f87a3c7f-a121-4197-9ff7-0dd4d5dbfab8,eosinophil,train,EO
2975,81cd6eff-d677-419e-96ee-5bd21ed59a99,monocyte,train,MO
2983,0b4cf9ba-ce43-4585-b1b0-93f1cc85f3dd,monocyte,train,MO
2985,9843f585-56d1-4a0f-adfb-efd6c1b9b3b4,basophil,train,BA
2992,5953d1f7-8ddd-41fa-9347-9c26a85496a3,eosinophil,train,EO
2993,971ae6cc-01c9-4d80-9462-2fa47e2845a7,monocyte,train,MO
2994,70fca1a7-378d-4e5d-b0d4-02f09e7a09cc,eosinophil,train,EO
2995,22e5370f-3c7a-4606-b408-e94864b0e25d,basophil,train,BA
2999,911c2a12-be7b-4bde-97f1-aaf306fe5dc7,monocyte,train,MO
3000,3fdb2a19-0b91-4cee-b90d-fcac82c8b2d2,eosinophil,train,EO
3002,cb684e98-f085-45d3-bd3c-bd513e16fa33,basophil,train,BA
3004,8f3c5e52-1d01-4d95-a139-9c2f5b8946e8,eosinophil,train,EO
3005,aaebf97c-b822-49f2-8fa6-3ccea9d15727,monocyte,train,MO
3008,69037772-54ac-4bd8-9d84-afb91a163cb9,eosinophil,train,EO
3010,3086c22c-e751-4c43-b78d-cdd9cd8b4e89,monocyte,train,MO
3011,28968be7-4995-4357-a83e-79a23357d4da,basophil,train,BA
3013,8f898a53-0c8a-41c9-a402-09d4cccc739c,basophil,train,BA
3014,3111835d-8c15-4011-944e-c8a498c7e426,eosinophil,train,EO
3016,242f1272-c031-41c4-97e0-4cb95869c2f9,eosinophil,train,EO
3017,3d538899-8308-4288-9b13-b4a891096e65,basophil,train,BA
3019,53427601-d4ca-4c87-bf28-98e0db5de9a6,monocyte,train,MO
3025,5f226579-eb3c-4175-b9a1-4d80942b4aae,eosinophil,train,EO
3027,e03bf6c6-ad52-4c6b-983d-f8040733dd2c,monocyte,train,MO
3031,8f1d6c55-d6a7-4c18-a929-027e4449792c,eosinophil,train,EO
3035,de01e42e-01a5-4f56-a8e8-c493b3824243,monocyte,train,MO
3037,c5c1ecd2-38ff-4a3e-b513-54603f3bf36d,eosinophil,train,EO
3038,b82bf4e0-ce0d-4fe4-9129-3a092835d0c5,eosinophil,train,EO
3039,ff3cd314-b9ac-4315-a70f-aa16075ce680,eosinophil,train,EO
3044,151ffee2-641c-4134-a2c7-62afbcc0f7ba,eosinophil,train,EO
3045,982ffc32-069e-403a-b435-818502613c51,eosinophil,train,EO
3056,7d3111e3-e153-469f-b369-2efc8cbba655,basophil,train,BA
3057,8c75adbe-baad-4788-b096-5652cd036f24,monocyte,train,MO
3060,bf3b7d98-faad-4b16-b602-418583b3dc44,basophil,train,BA
3061,335bed15-758a-417a-91a6-577341682017,monocyte,train,MO
3063,8241c516-6b00-4540-a0f4-5cbbfc284f8d,monocyte,train,MO
3064,5ac24b03-685e-44ee-a99f-6846f274466e,eosinophil,train,EO
3066,69b44ee9-6f16-47a3-8915-34c34f0e47b7,eosinophil,train,EO
3069,80c5ba46-62f7-49e9-959c-ad5c1335847e,eosinophil,train,EO
3080,def9ed6a-0ba0-4bdf-986c-cd3cbc60a22d,basophil,train,BA
3087,dd122183-7686-4d1e-921a-69823232a523,monocyte,train,MO
3089,9d860ea9-c8e9-4150-acda-e4f89e554cb6,eosinophil,train,EO
3095,4408c1ee-29ab-4216-9094-4b4e57716128,eosinophil,train,EO
3096,0bda2fdb-7cdb-4b07-8ee5-d350747398c8,eosinophil,train,EO
3097,5eed1661-bab9-4bc8-9df7-1317d3f1922b,eosinophil,train,EO
3098,ea534a2b-edd9-4962-92bb-490719a50b80,eosinophil,train,EO
3102,a5b88638-2cea-4e0d-bcef-db04d3810070,eosinophil,train,EO
3103,d9ac5c2b-0442-45e7-b3c6-e904390ebef7,eosinophil,train,EO
3104,1234b7ef-583b-4a46-8f59-0c0f16bfb3db,eosinophil,train,EO
3107,77b74081-9405-4ac8-ab81-0d4e5cccfbd5,eosinophil,train,EO
3108,a696da3d-f311-4ae7-8f17-037944006291,eosinophil,train,EO
3114,08c5129d-4fe5-4e39-b0d9-50a5030b262f,basophil,train,BA
3116,bbb783ab-4bca-4360-9f37-7d709c90b880,eosinophil,train,EO
3117,81328f89-cbb5-4c0a-afac-b1861ce27722,basophil,train,BA
3125,e5c3a990-426d-4842-b5a0-94d06c826e5e,monocyte,train,MO
3128,9324eea3-d919-4cc1-ac78-c93b3fea482a,eosinophil,train,EO
3131,e6c6a88e-f19b-48cc-a323-a2100b355432,monocyte,train,MO
3134,acd09cc1-3f9d-410e-bf48-e211233b9140,monocyte,train,MO
3139,6af52f84-5fb5-4422-93da-8a99f5f501f1,monocyte,train,MO
3142,492603d5-7319-4118-83a3-68482adb9d32,eosinophil,train,EO
3143,6b8d12a8-d887-40f6-8878-8594b1a32f53,eosinophil,train,EO
3146,88ca93e6-23cb-4879-9209-5358eb34b195,eosinophil,train,EO
3148,5a3b69af-2752-420f-a354-bf7689fb0a74,basophil,train,BA
3150,e0903e0f-71d4-453a-893c-ec32cb55b27c,basophil,train,BA
3151,58179639-b8c8-4390-9ae8-24588467d437,eosinophil,train,EO
3153,153812d6-25eb-4923-9048-17b076d206c9,eosinophil,train,EO
3155,21fddfe7-80f3-4db9-8827-279857e5fd6f,eosinophil,train,EO
3156,b219224d-137e-4562-ae34-d99a835902fe,eosinophil,train,EO
3159,cfe2d242-eedc-4a84-9e93-8130689df8a9,eosinophil,train,EO
3160,59c1f196-5a1b-40c1-a0e8-1024b4bf7472,monocyte,train,MO
3164,a8f97b7c-0279-492a-896f-993f3269ffbc,eosinophil,train,EO
3165,cd92f520-6ad1-4688-924f-89681d52e400,eosinophil,train,EO
3170,69d32a24-9e5f-45d0-8a60-5aa5b5cda86f,eosinophil,train,EO
3172,10f3f2f5-2f0c-449c-b556-6ed906110a26,eosinophil,train,EO
3173,bf94ceab-c2ab-4079-acd4-35a775c16439,monocyte,train,MO
3174,c3137b78-1d3b-4bf3-b7d8-f448b9ac23fb,basophil,train,BA
3176,bd152340-88d9-454a-979e-439018ef765e,eosinophil,train,EO
3177,9dfbc5d0-ce33-42de-ab9e-b108b1a952b5,eosinophil,train,EO
3178,0b6c4a4f-c9d4-40ee-9162-68885d5f07c5,eosinophil,train,EO
3182,262a84a0-884f-48ba-bc44-87e670ed5989,basophil,train,BA
3183,1cc41d4e-d9d5-4f9a-9d76-ca6e21bc023b,basophil,train,BA
3184,324c39ff-ab5f-4ce4-bd9e-48b06a2adb8d,eosinophil,train,EO
3190,b820213c-0f38-4dd5-bd87-e34435d2eca8,eosinophil,train,EO
3193,cf3ec655-d00d-44bf-8ca6-1f82bb03911c,eosinophil,train,EO
3195,aa5c576b-3e79-449c-a4f0-f3f1f2a5a14e,eosinophil,train,EO
3202,07c4b8b5-a20a-446b-a664-1bc790d34eff,basophil,train,BA
3204,4ef97efd-a67e-4ba0-9561-2228621278db,monocyte,train,MO
3206,036f2507-dbc8-45c7-afba-9c008586f43e,eosinophil,train,EO
3211,6dcbc4e6-ca20-4547-a293-f6ca8d3b53d0,basophil,train,BA
3213,75704f31-4250-444f-a4ea-b7a385402c5f,eosinophil,train,EO
3220,e517dd54-33f3-4423-8e11-79ad70935652,monocyte,train,MO
3221,1dd110a5-7a98-479f-801b-c6f0d5758757,eosinophil,train,EO
3223,1cfc8360-8cf7-4955-9aeb-3923a81fe282,eosinophil,train,EO
3224,8412a634-10e8-48fc-ab2d-7fc231eda334,monocyte,train,MO
3232,168d0f12-6abc-4a92-9771-7da74e4d738c,monocyte,train,MO
3237,9d11b3ac-0745-471e-8247-35d7db8d0094,eosinophil,train,EO
3239,7dc42b97-a59a-4f05-a124-cae4c7298325,eosinophil,train,EO
3242,420e2135-c894-493a-bdea-d521b97f08f4,monocyte,train,MO
3243,ef13ddd9-2598-41c5-ae9d-dd560d08019b,basophil,train,BA
3246,dfd62b47-7c09-44b3-8599-fab929ccf882,eosinophil,train,EO
3248,608adb44-9577-4dd6-97fc-626f97dfa70e,eosinophil,train,EO
3253,825a6e5f-9f82-4674-9b15-3b8fb7e4f684,basophil,train,BA
3256,6f930209-21ff-409b-8cc6-c668b2abd1e6,eosinophil,train,EO
3264,52bce158-598c-424d-ad65-90ce1a7407eb,eosinophil,train,EO
3265,e5844658-8b00-4649-ba61-2011bdbf255d,eosinophil,train,EO
3266,d97836d0-71cd-4a25-b435-260f1dbe4085,eosinophil,train,EO
3267,32b4555f-18e3-479d-b77d-ae6a6220cf31,eosinophil,train,EO
3269,d4501983-e422-43ef-ae6c-75723e62768d,monocyte,train,MO
3271,26dedd5d-08a2-4a79-9d5e-aefd6ee9f56a,eosinophil,train,EO
3272,95b5c5a4-e6ef-4e79-bd3d-2df420b51dce,basophil,train,BA
3273,e7e83bea-96ba-4ac4-9e04-c57934efe2d3,eosinophil,train,EO
3274,0016686f-bf10-4871-84dd-2157f4c2551f,eosinophil,train,EO
3276,2a79686d-3a41-41e4-a41a-cd05eaf872bb,eosinophil,train,EO
3287,56912160-f2b1-4d73-919b-865aaa5c669f,basophil,train,BA
3289,7c53b914-2417-43c5-b7b5-78f0a3a53fcc,basophil,train,BA
3294,fc41054e-0868-47dc-a10c-ab5d8e04d831,eosinophil,train,EO
3298,e7ad6314-fe90-44ef-beff-079581034ba6,eosinophil,train,EO
3299,70e62966-9bfd-4b4c-a94e-8bceb8973c93,monocyte,train,MO
3300,ce5ca640-1c76-4fd0-8d3d-973d2dc6c2f5,eosinophil,train,EO
3312,b2100c1c-63bc-4a86-8f48-1bd22281b973,monocyte,train,MO
3314,e7c6309a-6577-4309-8dff-ce6cc89b6c2b,eosinophil,train,EO
3322,98baa07d-ee9a-4397-babc-ae760138b8bb,eosinophil,train,EO
3325,55d874ef-395f-4f1e-a4e2-430a05e6b8e5,basophil,train,BA
3327,972708ad-17e9-4463-8ff8-5dcbeeaf29fe,eosinophil,train,EO
3332,46719ea0-fc63-4217-8d45-fe049ea3808c,eosinophil,train,EO
3339,4c635639-ef1a-4621-855c-9a2582b3c857,monocyte,train,MO
3344,bd5133ce-8c42-4528-83c2-2f0635d8711d,basophil,train,BA
3348,330f00cd-a3d9-42bb-ac81-906a1efb0d0d,basophil,train,BA
3351,8def755e-a168-4d05-9b43-c9614b10b7d0,basophil,train,BA
3359,7feae7ff-858d-4d05-afec-26c58fd40a7c,monocyte,train,MO
3362,028de850-1cf4-48ec-b0fd-77102df1a213,eosinophil,train,EO
3363,32e2db03-e3f7-46d2-9523-0663be8e46b6,eosinophil,train,EO
3365,56ecb5a6-9bd8-40ad-b8c4-6b6637c495c8,eosinophil,train,EO
3366,7a7a1be2-2a61-4ddc-862a-1948c27876b9,basophil,train,BA
3367,fe1a4601-3fb8-4320-b33a-620ea4baa078,eosinophil,train,EO
3368,7839ecfa-bbb1-4d49-858d-aa536e40cd86,eosinophil,train,EO
3371,37c719bc-65c6-4042-8dc4-137b829846c1,monocyte,train,MO
3376,88084993-2c97-4159-8736-d17f7a2bea50,monocyte,train,MO
3378,5db1531d-48df-4581-a984-db98e7f6f64f,eosinophil,train,EO
3379,81647961-fc8e-4b0d-a1ed-c4a461d35681,eosinophil,train,EO
3380,89c5ead3-c2b6-4db9-aff7-652d47548f58,monocyte,train,MO
3381,263e5d3c-472f-4e51-bc43-c9f3f5d55c08,basophil,train,BA
3384,6001fc0e-eff7-4d0e-8185-b214baa8c60d,eosinophil,train,EO
3385,f38431d5-0d30-422c-a7ab-0324b8e35813,eosinophil,train,EO
3387,d220348b-aaea-48cc-90f6-a0d6cbaec2e5,monocyte,train,MO
3391,5b2db5ce-311f-444f-8d4d-e554f3f99e10,monocyte,train,MO
3394,e0171fb7-7452-4fda-ba7c-6b2c8daca51d,eosinophil,train,EO
3395,71bcd4a2-fbe7-4708-a84b-669880b57798,basophil,train,BA
3399,1de270dd-ebcb-422e-a998-1277464d517e,eosinophil,train,EO
3401,a262c4fe-e17b-4f89-8fb8-4315f6a2b696,eosinophil,train,EO
3404,a52e636a-38ff-493b-82a1-5fbbad878989,eosinophil,train,EO
3412,d24348ab-226a-4621-bb89-46b526effb2b,monocyte,train,MO
3415,e0495b25-144b-430d-8bb7-b333b2d2876b,monocyte,train,MO
3419,d2db6e60-2a5b-43f4-8d0b-ad808babda67,eosinophil,train,EO
3421,4ea029e9-0fca-41f9-a248-4dba378ede32,eosinophil,train,EO
3426,439d1786-ded4-4e4e-9a2f-6b3a3cf755cf,monocyte,train,MO
3429,fc7ce2cf-f130-4973-800f-b40340e9fb8d,eosinophil,train,EO
3432,32705710-8fd7-4321-9ab9-aaecb30f254e,monocyte,train,MO
3433,6a873992-9beb-4e0c-a671-e41ae58893d0,eosinophil,train,EO
3442,1c947c77-b262-41c0-b8b3-58091542fe72,eosinophil,train,EO
3443,de3b7084-5cad-4d90-a40d-1e55b128e570,monocyte,train,MO
3449,965f4f3f-a773-46d2-84ae-64146b465dd4,monocyte,train,MO
3451,0e6317f6-1ac0-41de-a204-81e3731b704e,eosinophil,train,EO
3453,a8f9e5ef-bc48-4d8f-b1ab-13a308f8348d,eosinophil,train,EO
3454,b3137d48-bc97-43a9-a58a-88894fbbc72f,monocyte,train,MO
3457,f33cf564-956a-4886-a38e-bacf32995460,monocyte,train,MO
3458,febb83cb-f166-4da6-912e-f2d14a635784,eosinophil,train,EO
3463,1f86c86e-ad66-4f93-b372-0b6e708fd5a6,basophil,train,BA
3467,c19a8e91-a7dd-4d84-8732-081c75d9e9a7,eosinophil,train,EO
3470,a60ae1e1-a7d9-4ceb-8900-0817ae094c1b,monocyte,train,MO
3476,0432147d-2fb9-4239-894a-b7aa5331a231,eosinophil,train,EO
3479,384bfc17-6f9c-4d78-a1fc-0a900babc3bf,eosinophil,train,EO
3480,15789b2b-a29c-400c-b2c1-60709b3f5cf9,eosinophil,train,EO
3481,8cba044f-27b9-404c-a27a-9131d3f01193,eosinophil,train,EO
3488,9e1dfe5e-1ebd-42dc-9c1d-c607b80fdc5d,eosinophil,train,EO
3491,15a347c6-5df3-49b7-99fa-4bde58c096c7,monocyte,train,MO
3492,b98cd2da-f801-4579-84cb-ee3de1eb1888,eosinophil,train,EO
3500,53e9355b-a67a-4626-af8c-0397f6fee229,eosinophil,train,EO
3501,77a38e18-1475-4c0e-ba9e-3643fdd22e5e,monocyte,train,MO
3506,f851f7d3-a5f1-46c6-8470-4b8dd8f72cd8,monocyte,train,MO
3508,e1dcb857-1eb2-4553-83b5-6a0357d3ad3f,basophil,train,BA
3520,eb5141c4-a00c-46aa-8982-a7728a9ef90e,eosinophil,train,EO
3523,f6d315f2-9585-4772-8e99-b573bb434212,eosinophil,train,EO
3526,66108a9a-0f6a-4408-97a2-8b01aa611900,basophil,train,BA
3533,87405845-5c33-40c9-a29d-35cfc150279d,basophil,train,BA
3534,94a0c4b3-5f0d-405f-905c-8c666739dd56,eosinophil,train,EO
3535,562e62c8-a109-45c0-86a5-d959b9b78a1b,monocyte,train,MO
3536,f929aed7-9af1-4e48-8ef2-823d20053422,eosinophil,train,EO
3538,806d82c0-476d-4d52-858f-e5ed8b6b6e18,eosinophil,train,EO
3539,05cff1f1-727f-48e1-99b8-346b3c657217,eosinophil,train,EO
3540,0eff573c-60d2-4df7-89af-68c11abf38d0,monocyte,train,MO
3541,afed633b-9ff0-4143-8f26-e79486808d80,eosinophil,train,EO
3542,f86a8acf-bb17-4091-ad46-a80f85e7598b,eosinophil,train,EO
3544,e3abdde8-18f3-402a-8041-15f51d9a5d02,monocyte,train,MO
3547,2922c3c5-e62b-4f9a-a635-9d3a1e9d22b3,eosinophil,train,EO
3548,f460b33a-ddb4-4df5-bdf2-2e3c3f80f7b8,monocyte,train,MO
3551,9815db56-5c3f-4445-bbb4-ee768daca78b,basophil,train,BA
3552,bdee6cff-7ef6-4ded-8b67-0582823a432b,basophil,train,BA
3553,1735f00b-66b5-42b4-b657-c5f7fdd50e75,eosinophil,train,EO
3557,c187548f-d5bd-4ecf-8d61-a573081d9acb,monocyte,train,MO
3563,769e649d-0998-43a1-ab67-75791ec94dc4,eosinophil,train,EO
3564,ace36ac3-ccca-4cc8-9020-c983af52df13,basophil,train,BA
3566,325cf945-0983-40cc-8e3b-316989849ff5,eosinophil,train,EO
3568,cdd762ed-6318-4934-8d0e-52e7d2fa71f7,monocyte,train,MO
3570,9dae24f7-6ff3-4e39-9560-3e839876ee2f,eosinophil,train,EO
3571,83c8bbf1-5611-4db6-a093-6d58579b710c,eosinophil,train,EO
3572,88cffc9c-1dc4-438b-856f-d80034477a14,eosinophil,train,EO
3575,89cfd5cc-3ed5-43d8-929e-83a994f22600,eosinophil,train,EO
3577,5e3e803c-d0a3-4c77-80da-229f620c03fc,monocyte,train,MO
3581,29b522e7-7e0a-4737-b7b4-c07fd4293ecd,eosinophil,train,EO
3583,57bd0da6-e889-42bf-8604-b64ee55c5bdb,monocyte,train,MO
3585,4b2878b3-49bf-4c8e-837a-e25dc8b42aab,eosinophil,train,EO
3587,377fb430-db11-4107-b538-1f723bcf76fc,eosinophil,train,EO
3588,2a5457cb-3ca5-4b13-93ae-ace73410230c,eosinophil,train,EO
3589,0f6c852e-f576-45e0-ba85-7d5757fb8893,monocyte,train,MO
3590,ed48366c-a256-4812-a08d-f7e8f0b6f98f,monocyte,train,MO
3591,393dcf1c-7764-4cb3-9d61-a5bdf08c5a90,basophil,train,BA
3593,ead9e0c5-869b-4143-a519-532d702cda09,monocyte,train,MO
3601,949ff9c8-e5aa-4f4a-a847-321d4e2a88d2,eosinophil,train,EO
3607,55550824-14e7-4cbf-b418-75538ef2489f,eosinophil,train,EO
3609,bd7034d9-1cd2-4483-b80f-9fd65b1fe6e3,eosinophil,train,EO
3610,3cb76393-4a3c-4f5c-b001-af0e6b612551,eosinophil,train,EO
3613,8571d548-6fbe-4bba-b9e5-5c0d08141f35,eosinophil,train,EO
3615,f034e4cd-8fe9-4da0-a931-69624ec25a11,eosinophil,train,EO
3617,07d415a6-14e5-43ad-865c-3c434e4475e2,eosinophil,train,EO
3618,1e3d033d-cb57-4dae-89e5-258a9440ef48,monocyte,train,MO
3622,08526c84-a6b9-490b-9a1a-8451cd6c9e4e,eosinophil,train,EO
3623,07faf642-6021-457a-956d-4bbb695a0046,monocyte,train,MO
3625,bb711f68-6150-4f67-91ef-c8520999de09,monocyte,train,MO
3628,392f877b-811b-485d-b222-7f63b959d911,eosinophil,train,EO
3629,bf46a7e0-f1e9-489d-9e6c-9df8fdeee607,eosinophil,train,EO
3632,dcfe4bf5-d7c1-4378-a807-9b2e615f0519,eosinophil,train,EO
3635,d81227fb-86f8-4feb-83f4-95b465151ca5,basophil,train,BA
3638,f23ffd22-be63-4c02-b6f2-f10032eca803,monocyte,train,MO
3639,3318d008-8526-45a6-9580-cd088da448fc,monocyte,train,MO
3640,3d490f98-c459-424d-b6b8-604a209f9211,eosinophil,train,EO
3646,012f25e6-615c-43b1-a77b-f86000fb8db7,eosinophil,train,EO
3647,5aba0aab-c22b-4b0a-bb8a-f7578364764b,eosinophil,train,EO
3649,b5e5d4db-94b9-4e9d-8847-09bec396adb6,monocyte,train,MO
3656,193bd878-0fb3-4107-bbe8-b63d62c22c55,monocyte,train,MO
3658,df982e82-aec6-464c-8b7e-f12d93ad5feb,eosinophil,train,EO
3663,fa049c68-7b6e-4503-b4fd-8fcdb0c23ae7,monocyte,train,MO
3670,c798bbd3-23c6-4ba3-811a-cf34dd98c5b7,basophil,train,BA
3672,f3424913-826f-4717-a2dc-5be751caec7e,eosinophil,train,EO
3673,e003573f-bef1-43a7-b26d-7605ee8c26b4,eosinophil,train,EO
3676,dbc92c31-c1d4-4f2b-b162-0d9ed498f78a,eosinophil,train,EO
3679,5e476cdb-54f2-45df-ad50-67a9fc2ca370,eosinophil,train,EO
3680,59e2a558-01ce-4f5a-9cce-0eeb27571a5a,monocyte,train,MO
3685,f44a73dc-0466-4b66-95c5-14e98383c782,eosinophil,train,EO
3692,63217150-9d7e-4b2b-9524-da55707d37e8,monocyte,train,MO
3693,f745f3e1-523f-4543-8133-feeafb7d7423,basophil,train,BA
3702,a1b52f5e-5c45-4fe0-bab9-84af7ab9a638,eosinophil,train,EO
3703,eef24484-c450-401e-8bb5-f8f1f4eec722,monocyte,train,MO
3708,19ef9be8-48ad-4e84-a3d8-94d03a926325,eosinophil,train,EO
3710,6511a568-3895-45c2-9f04-d85d4a925869,monocyte,train,MO
3712,368260e5-5649-4359-9306-dafab96f4e49,eosinophil,train,EO
3714,3e5a90bd-b211-4e78-9d43-6022c671bac4,basophil,train,BA
3724,b34efd29-6a3d-45f9-8161-d7f9a9167b51,eosinophil,train,EO
3726,9af3a40d-e20f-4a6c-bab5-742c995ffd8d,eosinophil,train,EO
3731,c629fc1b-def4-470b-927e-fb916d36bf19,basophil,train,BA
3735,9f6e6e0d-0e1a-406a-acf8-79870c14ff1c,eosinophil,train,EO
3736,00d4cc72-c26e-44a5-be4b-0a2fb201b1ac,basophil,train,BA
3737,f9bc83fd-44f1-43d9-8e96-82e204c0c817,monocyte,train,MO
3738,682de459-ffaf-42f8-a29c-71cabce39959,basophil,train,BA
3742,8f199ecf-ec6e-40ec-aa7b-301d3e666382,eosinophil,train,EO
3743,35067ba0-2e93-4759-a0c2-ebf210e33415,basophil,train,BA
3747,e2547578-c925-4538-9a54-8eaedcabef27,eosinophil,train,EO
3749,2467734a-aaec-4a9a-b383-429e23dfd744,eosinophil,train,EO
3755,cc5d7a90-c715-4141-a8d0-49ac863addbc,eosinophil,train,EO
3758,96843fc4-011c-4aed-953e-52c91644a9a8,monocyte,train,MO
3762,077b7b96-f3f0-4036-a843-07713593265c,monocyte,train,MO
3764,d35cbb73-99a1-4abc-9201-290e387c2544,eosinophil,train,EO
3766,17adf413-e4ba-4e0b-9979-4f210f3f7f36,basophil,train,BA
3773,91ec7d2b-c3b8-428e-ae9b-d64f7a402b70,eosinophil,train,EO
3774,6674a98f-4feb-472f-9ec2-85f694c2bd89,eosinophil,train,EO
3775,013aac7d-feb0-442e-b1fa-59b34cef085f,eosinophil,train,EO
3780,d31f122e-5244-4554-95a4-c4736b8e6cc5,eosinophil,train,EO
3784,ae7d2126-2f1c-4144-832c-d805b5c3835d,monocyte,train,MO
3786,5aa30c09-84b1-48af-b323-5517e48cec60,monocyte,train,MO
3794,a06e0c3a-5661-4614-baf2-486c4eb3a746,basophil,train,BA
3795,bdfaaa30-6cc9-44f8-9907-d996310c3bf1,eosinophil,train,EO
3797,5ca3481e-d834-4b63-ba07-e19f1cd6ccc6,eosinophil,train,EO
3801,62309117-d5ac-433c-9d58-87e3ae914278,eosinophil,train,EO
3803,69d9daaf-2997-4ae4-9cc2-f8b212637b6d,eosinophil,train,EO
3807,d66a8e4c-cd2c-4c84-ab4f-d9922de679d9,eosinophil,train,EO
3808,46ec3fab-193d-4c2e-ad2a-fc472722b37e,basophil,train,BA
3813,079977b3-5a32-4d23-b790-e54996076652,monocyte,train,MO
3816,a6c71c18-2a0d-44b2-adca-581c46a8aa74,eosinophil,train,EO
3821,2e0f50e3-6a09-4717-863b-6c37822a0167,basophil,train,BA
3822,d24900e2-754d-4cf6-ae9b-b81cb089b48d,eosinophil,train,EO
3828,2cb8dcd8-269f-4470-b1eb-d3467179c230,eosinophil,train,EO
3830,5605bb7b-491e-4302-928f-81893f408b9b,eosinophil,train,EO
3832,916fdc0d-4c2b-469d-96f4-b894da586bce,eosinophil,train,EO
3835,7211c4f8-5d11-438b-aeff-6536d8ddcc32,eosinophil,train,EO
3842,38132328-9ce4-448d-b457-730ca487f5d6,monocyte,train,MO
3846,54f54393-eec3-4d3d-b0aa-76aee9aaf6b3,monocyte,train,MO
3848,56581cc3-ea52-4100-834e-b378e15456f6,basophil,train,BA
3851,fa12dd1e-5cfb-4938-8b57-12c9da7d4db6,eosinophil,train,EO
3852,ed6c36d4-c24a-4681-8ddc-8e5f1e3a7150,basophil,train,BA
3855,96b05a37-9041-4121-a825-1663de729627,eosinophil,train,EO
3858,b3f14320-dccd-441c-b70b-dc57f71ca0af,monocyte,train,MO
3862,fa7a90e7-64af-4435-826f-1d115172fbf6,eosinophil,train,EO
3867,274f6a96-4d08-4439-8568-bdc3c8172b2c,eosinophil,train,EO
3871,d33eb8a9-ce99-4f87-adc2-e64c3e8a53df,eosinophil,train,EO
3874,0141a5f3-b353-48ff-8811-50131931f5af,eosinophil,train,EO
3878,87238540-a760-4263-ab1d-5441720130ad,eosinophil,train,EO
3879,435beeda-2e9d-45a6-94f6-361611967a3f,eosinophil,train,EO
3880,3f0de721-21df-4ae8-b444-7fe800a841d7,eosinophil,train,EO
3887,b7d70da2-3f42-4786-a095-a688fb472ca7,eosinophil,train,EO
3888,2c3d9ea4-9290-4658-a947-fc5b97dcc662,eosinophil,train,EO
3891,6f1fd897-5fb1-46d5-8148-d1c38d828aef,basophil,train,BA
3894,49c55d92-ed9e-4c25-8557-28070c0efb0d,basophil,train,BA
3895,c62a609d-b177-4305-b399-d6f9d51829a8,eosinophil,train,EO
3898,29f22bf3-be5b-4c29-993d-424e035aee1e,eosinophil,train,EO
3899,e02cfa1c-9f34-45b5-9264-4d52aae3d314,basophil,train,BA
3901,842d16ab-d570-4a10-93c7-48cf6981c245,eosinophil,train,EO
3905,bfa4a4db-2aa8-4a58-bb40-ffc6e2d9e7c3,eosinophil,train,EO
3908,d9e09c54-0a25-4e77-84c6-0375009225ea,eosinophil,train,EO
3909,27931d5d-c6dc-486b-a4fc-93a77b3695c1,basophil,train,BA
3912,bd0ea7aa-3dff-4914-9f4b-2dac460b5848,eosinophil,train,EO
3921,b988e070-179d-426e-af5b-a2616af7af2d,eosinophil,train,EO
3925,e8be1fc6-321f-4f33-97ec-995099cc78b6,monocyte,train,MO
3929,806f6779-a48f-46d5-85c3-eb9e21cded0a,monocyte,train,MO
3934,cbb53534-3b8a-42f6-967a-3b927ba60728,basophil,train,BA
3935,50349a8d-a36b-4563-a13f-65e5d60b40f4,basophil,train,BA
3936,16c08b36-7a90-4ef7-92e0-5aa9127a2a68,eosinophil,train,EO
3937,6ff91c43-6414-40d5-be29-7c0b77297bee,eosinophil,train,EO
3938,622e1b8f-effd-4ff5-b8e4-bcaaa72e422c,eosinophil,train,EO
3940,27e54696-8fcf-4a0e-8955-f2e3043fd8e4,eosinophil,train,EO
3947,fcb7a855-3dda-4b7b-8c0a-f03fac033572,monocyte,train,MO
3948,3a8802c8-3f91-4052-b037-f3a05a4ac951,basophil,train,BA
3950,1bb8c6ed-a051-494a-b935-6a81c36adb01,basophil,train,BA
3952,a8088b96-1eaf-4280-9964-35cea2411b87,eosinophil,train,EO
3962,ae79f9ca-fd3f-4c83-ac17-13e50681146e,eosinophil,train,EO
3963,2ef632fa-04e5-43be-9969-f356147be6c9,eosinophil,train,EO
3965,2d3f264c-773b-4164-b1d5-5667eea6fa14,monocyte,train,MO
3973,0246cf86-2abe-48e4-abac-cfab48e61254,eosinophil,train,EO
3977,495fed0a-5a18-4301-a4c0-4fecb8e1436f,basophil,train,BA
3980,d2afbe19-ee3b-4951-9663-5f2d82ad6446,eosinophil,train,EO
3984,0243361f-0552-448e-b027-7c0204b6b4c6,eosinophil,train,EO
3985,59eb84f2-0bec-4abe-aac8-0717ff6d6096,eosinophil,train,EO
3986,af2fbf79-9fa2-4a39-ac5f-6342c6870e59,eosinophil,train,EO
3987,0780f8d3-35db-46af-8bf2-4644546571f4,eosinophil,train,EO
3988,38a30469-6f70-4220-bf7b-0da36ed943d6,eosinophil,train,EO
3989,68f85828-fca5-4cfa-88f4-7e5de8840105,basophil,train,BA
3990,14d89fd5-1ed1-4aa6-b9dc-bf55b6e4af66,eosinophil,train,EO
3991,bb7fb819-096c-4de7-b4c8-50190536a024,eosinophil,train,EO
3993,001812ac-bfac-4024-95fc-0748d204ef74,eosinophil,train,EO
4000,cebfbcf9-70ee-4e11-94f5-680524266fdc,monocyte,train,MO
4001,24862379-5800-4227-a807-d5bcb307bc83,eosinophil,train,EO
4002,3be95380-f8ce-45ff-bb31-306982551bc7,monocyte,train,MO
4005,c5123350-fc71-43ee-a7de-f41a2278eca8,eosinophil,train,EO
4006,b54f1404-bd3e-4063-9a5b-7a64dacbf436,eosinophil,train,EO
4007,b3d0b311-7923-4c4b-8aa8-cb3aa23481ab,monocyte,train,MO
4008,ec460ab0-3112-411d-bdb0-5d9d75108cdd,basophil,train,BA
4009,934c7341-e72a-4896-addb-29264906855a,eosinophil,train,EO
4013,29a578a8-6d85-4f0f-8bdf-10818c17b2af,eosinophil,train,EO
4015,a060cdf4-ffd2-4086-9934-c2ac64ee0845,basophil,train,BA
4016,3af70e6e-3e54-4d43-8235-30bba0035c63,monocyte,train,MO
4019,8ae32745-622f-4d6a-92bd-c81ac8b54116,basophil,train,BA
4020,cf6376d7-5c5d-45cb-aeb4-51e6f61e53f0,monocyte,train,MO
4021,48ae0152-9e52-4bf5-9d5c-d185c96dedff,eosinophil,train,EO
4025,348fa48f-300e-4340-9994-9727bc6643a4,monocyte,train,MO
4032,973c1172-7023-4778-a0b2-cfa947cede82,eosinophil,train,EO
4036,148ec682-4b41-4613-8d8b-14891bbb5291,monocyte,train,MO
4037,cf74d88e-b970-4b9d-8dd9-ea45f68b3510,eosinophil,train,EO
4040,9b4ae091-682b-43d4-a707-9de7576dc348,monocyte,train,MO
4043,7d0521f1-9f9e-4999-9811-7ab298c6a1a8,monocyte,train,MO
4049,4a2a1896-d626-439e-8301-c11b045b1e57,eosinophil,train,EO
4050,79f39795-958a-472a-b0fa-bcfc8de05c55,basophil,train,BA
4051,0f28557b-d239-47ac-9906-bc00ba643e0e,eosinophil,train,EO
4052,7d49164c-13ec-4cc1-b3ad-c223c7181bd6,eosinophil,train,EO
4053,6137e821-6ea8-43e3-96b2-cd1ae0b28158,eosinophil,train,EO
4054,cb3d3113-9a27-4816-8335-8225c8462e6a,eosinophil,train,EO
4055,14c09ade-c8bf-4881-bf82-6926482caaf7,eosinophil,train,EO
4058,43ff8cbd-a1f9-4948-8fb7-304c113406dd,eosinophil,train,EO
4059,55c76929-b113-4bbe-9d06-308fd39527c7,eosinophil,train,EO
4060,27fd6c0c-f28c-41e8-abb7-03f2a66c5f97,eosinophil,train,EO
4062,f9a18c25-947d-4389-8071-6faeb65211ae,eosinophil,train,EO
4069,66d238bd-b3d1-4f20-b71c-114c7f708520,basophil,train,BA
4079,5c422e5c-a8fd-4c13-81c3-137f0990912c,monocyte,train,MO
4080,2be0e078-8c1b-432f-af36-2e6d0670139d,eosinophil,train,EO
4081,659fb4b2-5531-41e5-812b-6cdde326d0f6,eosinophil,train,EO
4084,2ccfb17a-e804-4030-8a3e-a541ddafc07e,monocyte,train,MO
4087,8d6b6bb1-a0fe-41b3-8991-d7b356cbe1c3,monocyte,train,MO
4089,f0f5b421-d2d4-4f19-a9f4-5b1f4c6a9ab4,eosinophil,train,EO
4091,a711a67d-2ee8-4603-afc4-f2c35b058ab6,eosinophil,train,EO
4094,1d3fcd81-4b4c-4b5e-9e32-e6aae52806a1,monocyte,train,MO
4098,419b2446-e55a-40cb-850f-3f3a5a14570d,eosinophil,train,EO
4100,95d9a0e4-bf4c-411e-a87a-282cc9c10f92,basophil,train,BA
4102,205830bf-ee35-4e74-96ad-e658e1cde564,eosinophil,train,EO
4106,a53632e9-51d6-4307-98a9-605498e37824,monocyte,train,MO
4111,d372a484-98d8-4256-b116-8ea0f5a2cbba,eosinophil,train,EO
4112,60224179-686e-466f-8d77-67f53eb8c1b4,eosinophil,train,EO
4113,6b73ba2f-67a1-4dd8-8cb4-f413dee4d107,eosinophil,train,EO
4114,c3227857-80d3-4559-adce-ed2232cbb6f5,eosinophil,train,EO
4115,5a49fa59-04f7-445a-bd83-e9108c900596,eosinophil,train,EO
4118,27747c64-c7f1-418a-81a5-da940cde764d,basophil,train,BA
4121,0bd9809e-e79b-4cbb-bb88-0e924be4765d,eosinophil,train,EO
4124,183fe57b-03a5-4e81-8902-86a5488dd1e1,basophil,train,BA
4127,a99ad241-4b7a-4a7c-9350-3c11c96625cd,basophil,train,BA
4136,8d1ecfad-e67a-4c6d-a560-d6a73bb444d8,monocyte,train,MO
4137,5fed52ee-abb4-4f24-88e6-692a48c32834,eosinophil,train,EO
4138,069cf20f-3c72-47ba-b1e2-c5c7321fbf16,eosinophil,train,EO
4141,47101e74-5241-4946-a5ca-8893500e7212,eosinophil,train,EO
4142,7b1d8aac-f752-43dd-a4dd-3abe0e329963,eosinophil,train,EO
4147,e8514554-7afe-470e-8a95-34548fd5d89b,monocyte,train,MO
4149,8b9c3166-b305-4a04-b8dc-63289d0da3ae,basophil,train,BA
4152,e297a123-4f48-41a3-ac9f-af27d5819383,basophil,train,BA
4158,5adcc1dc-69e3-47ab-a42d-083ce5b3b220,eosinophil,train,EO
4159,70c1286e-4556-4085-b8cb-718ed39bd8a5,eosinophil,train,EO
4185,30880b2b-a6b8-40d1-b70c-6faa662c0825,basophil,train,BA
4186,37ac2e9c-2935-47b8-bcd0-a892482712f8,eosinophil,train,EO
4190,15163d2b-44cb-427a-b741-262cb8e52481,eosinophil,train,EO
4192,b5b31403-fadc-484b-8b58-486dae35c2ff,eosinophil,train,EO
4193,b7315cb7-78bb-4fe6-8d12-f18a44297b79,monocyte,train,MO
4195,df0663ac-b2a9-4187-93fa-be7d2143877c,eosinophil,train,EO
4197,e4387651-c90e-43d4-8c5a-79986cf5b019,monocyte,train,MO
4202,594a9b85-fba1-463a-98eb-36d9531bf137,basophil,train,BA
4203,631116f0-8cd4-4771-9a78-259cf804dca0,eosinophil,train,EO
4204,fd6421d0-b668-4c21-a726-103662d8f1be,basophil,train,BA
4205,13db698e-8198-4760-a927-553cb4a20eaf,eosinophil,train,EO
4206,da852c14-5a82-43e8-93ee-daa43b19c9a1,eosinophil,train,EO
4216,e6efc36a-d3e0-434f-8f32-e9ff3baed83a,eosinophil,train,EO
4219,a8a7dffb-7db5-4e3f-9f26-aa9739479283,monocyte,train,MO
4220,7cde8a9b-46cc-437a-b1b6-8df372fc2659,eosinophil,train,EO
4223,929e8066-3f94-44c4-9a8a-aab06f7a35c7,monocyte,train,MO
4227,e8b1c8f5-b44a-4bf0-a24d-a42a3cf5fbe7,eosinophil,train,EO
4229,bef6d6bb-7e11-4215-8e8c-77b1c6d2ae2b,monocyte,train,MO
4230,f933bf3d-9a00-48ce-b75e-28bc2e0e26a6,basophil,train,BA
4234,9185f1b0-7665-45ea-9ff1-9053c96bd803,basophil,train,BA
4236,24e962b2-e7ff-4a0c-80f6-91f02f06d4ec,eosinophil,train,EO
4240,cc5d8000-9e53-4229-939c-402eacb9e8d1,basophil,train,BA
4243,dbe5f585-7ed8-4b25-8611-3f557682ab88,eosinophil,train,EO
4244,1af51820-7b67-4d16-89f0-1afb2ceef547,eosinophil,train,EO
4249,d73ce036-27c1-4a9b-ba85-03e222ee536d,eosinophil,train,EO
4250,8a78c217-b35c-4843-b0de-c64e40cbb556,monocyte,train,MO
4252,12516bb5-4662-44c0-9ad4-079f06d15c08,basophil,train,BA
4253,553de7aa-8305-4a65-9b60-b1f9f9ceae6a,eosinophil,train,EO
4258,07249d61-e6aa-4d66-9ea1-031e919309f3,monocyte,train,MO
4267,675dcdee-91ab-4aba-8022-0a6d77d69ca7,basophil,train,BA
4268,f61da35c-719b-48c3-a06f-008658e1adff,eosinophil,train,EO
4272,500489f0-7ca0-4002-8e95-af16030d39c2,eosinophil,train,EO
4279,ce4a2003-47dc-4fc2-adf1-ee059ab21c9e,eosinophil,train,EO
4280,2cceb63c-7342-42f4-8325-64a7da315167,eosinophil,train,EO
4281,1c168216-698e-4235-b6f9-4ef88923c67b,eosinophil,train,EO
4282,9ef6d85e-b163-4c74-81ae-afcb17979fb5,eosinophil,train,EO
4284,f184bad4-72dd-4afb-b51e-d01bad5e3e1a,eosinophil,train,EO
4286,a4acc105-10bb-4470-9585-8409e4411a22,eosinophil,train,EO
4292,b14a1cb9-1d3f-4bbe-8953-3155e6c2c78a,eosinophil,train,EO
4294,13dcbed7-9328-45c8-84af-d5eab1d61f09,eosinophil,train,EO
4298,4efb9ec3-cff1-4847-a9a2-9a738a585131,basophil,train,BA
4299,ef74cf24-1d75-4a70-b006-3d208b3c141f,eosinophil,train,EO
4300,363ae703-8048-4a79-8f1b-f9df72cfa136,eosinophil,train,EO
4302,0491d82f-f176-495e-be1a-bc86d57468ca,basophil,train,BA
4310,332a6cc1-45c1-42df-81c3-18852e8e61c7,monocyte,train,MO
4311,8161b502-977d-44ea-b8d1-052ff031bcca,eosinophil,train,EO
4312,85c694b5-d2d4-4099-8a55-c624fb1588df,basophil,train,BA
4319,a82a6b05-7eac-41de-a18e-64c534d1baa0,eosinophil,train,EO
4320,01ab1415-abc2-4382-a863-06bf7203eb57,eosinophil,train,EO
4322,36c0f079-7605-4f11-a3ac-b7b6e01b9720,basophil,train,BA
4323,a6cca43a-3f22-4893-9594-3a61f3518408,basophil,train,BA
4330,346af3bd-1857-43de-964f-fdf6f325a93a,basophil,train,BA
4331,2c671176-437e-485c-acfe-5439b093cadb,monocyte,train,MO
4333,bcee9dd4-a358-46b9-923f-065e3f0a4afc,eosinophil,train,EO
4334,2fd121b2-925d-4ffd-9bc0-67a0327dc9f9,eosinophil,train,EO
4336,cf0bc7f6-1f9c-42e6-aada-21cdcdb01cd7,monocyte,train,MO
4338,ca0e3c37-4b35-46af-ac7a-f3dd16853a05,monocyte,train,MO
4339,86538907-167d-400b-b622-15fbee6cc789,eosinophil,train,EO
4340,524eb7bf-73c9-4a4d-af7f-577b0b81b4a7,eosinophil,train,EO
4343,286e5199-1e54-4def-9a44-32f383fedda1,eosinophil,train,EO
4350,e29dc402-d153-4064-8a2b-c0ce366dc679,monocyte,train,MO
4359,ef4976e6-72f2-49cd-a128-c29bb1c05165,eosinophil,train,EO
4360,d790ef69-cc15-4bb6-85ec-595d3a169b6f,eosinophil,train,EO
4363,221710fc-84ee-4434-abdb-f34a2d9a7131,eosinophil,train,EO
4364,94cd8c37-305f-4404-92d5-cc4fd739239d,eosinophil,train,EO
4365,f20c57e4-02bc-4506-8f6c-fd5314b2a81d,basophil,train,BA
4366,8a6129c5-ccbb-4078-99ae-576dcec88c86,monocyte,train,MO
4370,b0e22701-e785-46c2-9fd1-053fd09188bd,eosinophil,train,EO
4371,29af96a3-c6fe-4ef0-9887-65417f629bb8,eosinophil,train,EO
4372,8490bcc4-b02e-4680-b59d-36c63d897c72,monocyte,train,MO
4374,7a7fd63c-1197-406c-a1c8-d8a8117edd1c,eosinophil,train,EO
4375,dad65e86-a517-41ec-9623-8579f4e66f28,eosinophil,train,EO
4378,fe8ff0f1-ee5b-4f6b-8b02-dfb9b5f51a28,monocyte,train,MO
4381,89bec8a2-89b0-4064-8dcd-f7e2b508f3ff,eosinophil,train,EO
4382,998db87c-8d5a-4a1a-b071-8964badf2c6a,monocyte,train,MO
4383,549e3cee-1f5d-44e2-8d7c-f645db587e91,eosinophil,train,EO
4384,52d4ee59-0978-4755-95b2-b375faa7a774,eosinophil,train,EO
4388,c23b935c-4837-4088-909d-b6d52b551151,eosinophil,train,EO
4391,8fb50d76-432b-422d-a8c5-3a6a96e0059a,eosinophil,train,EO
4392,4b7fffd7-1935-4eec-9835-6fcde9db615d,basophil,train,BA
4393,01be4ee2-785e-4750-b4f4-6f2682a14b27,eosinophil,train,EO
4394,1688a040-52a0-4664-aa33-42394ef4faae,eosinophil,train,EO
4395,98378fc0-9280-42aa-94e2-cb84cdcd23c7,eosinophil,train,EO
4396,0faff9c8-810d-4ddd-a9ff-38fd64e1c724,eosinophil,train,EO
4398,2af9ba15-c42b-4c86-9745-6b04779d7eb3,eosinophil,train,EO
4399,96e546db-1ed8-4c6d-8ad8-59b49b6afc17,monocyte,train,MO
4400,a8026310-2406-46f5-804f-1d1e367e77d7,basophil,train,BA
4402,74cc8fae-02a4-48be-8e2c-2a989713afb9,monocyte,train,MO
4404,676e8ce5-5de4-4ea6-a626-c941b7d07c34,monocyte,train,MO
4405,4db9ced9-ab9e-4a4c-8310-f11e63bc0c6e,eosinophil,train,EO
4407,c45ef737-849f-4b4b-ae6f-74cba2e559e0,eosinophil,train,EO
4409,9c7e276e-34a2-4181-bc30-2f17c25b4e92,monocyte,train,MO
4411,06cb1b6c-6e65-4720-bdf4-35ae113ffa99,monocyte,train,MO
4414,e703bd16-39fc-44fa-9810-f576f1a2bdcd,eosinophil,train,EO
4415,19649b54-84f9-49b7-bd34-cd7e9e12b9e4,eosinophil,train,EO
4416,0f560137-4ce2-41b2-8df2-303074c361cb,basophil,train,BA
4420,d629733b-123c-4de0-bef3-22c5649e1ca5,eosinophil,train,EO
4430,b6158cb9-2042-4260-bdf1-2f3e06272cf1,eosinophil,train,EO
4432,4c1ac4f1-0f33-4c67-b00a-6d03eef49a17,monocyte,train,MO
4437,2ae92c82-d985-426b-8ef7-a70f6ebb4736,eosinophil,train,EO
4438,2993ba4d-67a8-4fcf-8bd0-54bca9eb0a5e,monocyte,train,MO
4440,3f2079fc-d4c9-4726-b14d-48a2937550e8,eosinophil,train,EO
4447,c9997d84-f0d1-47b4-831d-2a3ff6d63eeb,eosinophil,train,EO
4452,610ab5ab-919f-4c37-99ec-d102b0f5a8f4,monocyte,train,MO
4459,74f05ab2-0a2d-4f24-b7ea-01c29209ad80,eosinophil,train,EO
4460,5c153911-501f-4668-bbad-d9182d10a999,monocyte,train,MO
4461,b906fca7-6ca3-4a81-b21c-4b018b27bf6c,eosinophil,train,EO
4462,dac18934-36c1-4fc0-8b9c-6bed287d34fd,eosinophil,train,EO
4466,baedf47a-e906-42a8-85ba-53bd29701655,eosinophil,train,EO
4468,16ccf2c4-bf6b-485d-a59d-f5fd76ae38b3,eosinophil,train,EO
4473,75e4bd6b-fd99-4eba-93b4-5b72a5ec4788,eosinophil,train,EO
4485,c444f362-ce73-47fd-8834-e5937246cf45,eosinophil,train,EO
4491,65351a5d-c79b-44de-ae8c-2f192f905fa5,monocyte,train,MO
4499,21b4dd29-2aee-4750-81e1-c06be9618b8f,eosinophil,train,EO
4502,2a83b864-be00-43bb-92c1-0bfd898e3cc8,eosinophil,train,EO
4507,e6fbe918-fb49-41b6-b050-0fb03754f8cd,eosinophil,train,EO
4509,08ae6494-a6cb-467c-adce-f725fea6f8cb,monocyte,train,MO
4510,1001ee03-96b2-4288-b8a4-49bb5b6a7298,eosinophil,train,EO
4512,754aa214-8c86-40f3-a398-39b08e9f3e2c,monocyte,train,MO
4513,8f906ee1-20a3-4848-a1a1-d67a79601992,eosinophil,train,EO
4515,0fa1d9ae-15f6-48bd-9cd4-35729035fc85,monocyte,train,MO
4522,a96ccc07-5dc6-4295-82c9-402f6321fe69,eosinophil,train,EO
4526,fe64b7b4-b5b0-4c4c-979d-765a1c2292c0,basophil,train,BA
4535,336b022b-5b3c-47ff-8cd7-2344f257ef0c,basophil,train,BA
4538,8642cf76-5ad8-4e2b-9567-0d19209015a3,eosinophil,train,EO
4539,51ffd89d-51cd-4119-b6ee-136e570ce6a5,eosinophil,train,EO
4542,a5be97fc-5f06-40e5-8fcc-1bf4f42d5bc1,eosinophil,train,EO
4543,3e8c30ca-ef83-46b7-a337-066cb4480c44,eosinophil,train,EO
4545,56d67d59-f57d-448f-88a4-0a50f80b4f59,basophil,train,BA
4554,9689192b-8bff-496d-89a2-67c315fd51e1,eosinophil,train,EO
4555,6a31ad8d-69df-4b60-b87e-839fd90afa6f,monocyte,train,MO
4556,1919544f-0a41-4e78-8050-7e17644aebe0,basophil,train,BA
4557,93ece5b2-018d-4efc-b75e-28700d37720f,eosinophil,train,EO
4561,8dbfcef6-fe4c-469f-a786-3741db6f9fd2,monocyte,train,MO
4564,24f5d0a8-d3e7-4338-9017-a0eec4081183,eosinophil,train,EO
4565,5776d205-8c9f-4752-9480-4f6f245d0482,monocyte,train,MO
4568,4bc2ddea-82ae-43ca-9987-7bb4cb89d399,monocyte,train,MO
4570,c39b6711-9b13-4dff-88b4-949c6202376d,monocyte,train,MO
4572,741fff2d-eed8-447e-afd7-8f9904dfb064,monocyte,train,MO
4573,9fa9b693-d4f2-4aaf-a23b-dd2fe3bb168b,eosinophil,train,EO
4574,31da0d41-a223-4f42-b5a8-43e3c2359d6d,eosinophil,train,EO
4582,96a2b5fb-0e31-44ba-9fed-7c5bb30328db,eosinophil,train,EO
4583,027f4a20-6cad-4ef8-8ba9-506613e6c937,monocyte,train,MO
4584,bd8e3d1d-bd50-424d-ac97-6442104be42a,eosinophil,train,EO
4585,4c37a3c4-fb77-4957-bee4-52b8a22e58ee,monocyte,train,MO
4590,51a8610b-330c-4218-a8c8-50a764e9aeac,eosinophil,train,EO
4591,4df90770-8c10-4ff2-a289-a8c65f3f796e,basophil,train,BA
4592,bd84e809-7f3f-40e3-9dba-ed1c2afb2b44,eosinophil,train,EO
4597,7a260abb-0cc8-4960-9370-427333ddd4f7,eosinophil,train,EO
4601,0f41e5d5-90e4-4afa-8313-4fda569b00bb,basophil,train,BA
4603,37d425ca-38cc-48f7-8281-b522a6dd52b6,monocyte,train,MO
4604,222c5081-9bf4-4864-9187-4ec55029b36e,monocyte,train,MO
4605,27fc68f8-ef48-4fe7-840e-ad255daacc1c,eosinophil,train,EO
4610,05b5b1dd-8777-441a-96e5-699dd2531ffb,eosinophil,train,EO
4614,fe6e9a08-1d14-4e10-bf21-855379672452,eosinophil,train,EO
4622,6deef3b5-c09c-4156-9067-f5cf09506963,eosinophil,train,EO
4624,b2407f2f-90d4-4e3c-9044-b003c0e27ee5,basophil,train,BA
4629,6bd5b36a-a2f4-43ff-a375-d74f8ea757fe,basophil,train,BA
4631,c12ba508-f9a9-47a7-be22-3445b6b9804e,basophil,train,BA
4637,b05dd8ae-9a1e-49b1-9c37-240475fc57a3,eosinophil,train,EO
4641,fdc6db26-7a42-4f6e-9f98-0b152f05a719,basophil,train,BA
4643,788594b2-24cb-4252-93b7-13689cf096aa,monocyte,train,MO
4644,08d83a75-9204-4a49-b817-fedd5757f0ba,eosinophil,train,EO
4647,c96758e4-92b1-4f89-abda-0852cff257be,eosinophil,train,EO
4648,c572cfa3-df7a-4068-8d49-9cef85f5e749,eosinophil,train,EO
4653,b16d6c72-d28c-4514-88a1-68fe34cdeccf,monocyte,train,MO
4655,72682277-497d-4479-a871-f036ea2877fa,monocyte,train,MO
4657,58f68663-8133-4e6b-a848-08c86165de6f,eosinophil,train,EO
4660,8022ffaa-5ca5-4918-80e6-352ebf8873e2,monocyte,train,MO
4662,808cbddf-6ac9-44c5-af8e-58dcfd248f9f,basophil,train,BA
4663,1255926d-c74c-4a46-8612-412ca031e9c3,eosinophil,train,EO
4664,438491ad-448d-471c-9e26-fbf6138e3010,eosinophil,train,EO
4671,8dceaa3b-c0b1-43f2-a761-873e002aceec,basophil,train,BA
4673,ab94f4e9-3953-4e64-967a-38b5d79ddebe,basophil,train,BA
4678,6e949318-e743-47d5-91d7-35b7371fdf21,eosinophil,train,EO
4679,df68505b-848a-494d-bcb8-e9f28820950e,monocyte,train,MO
4682,c6700dd3-e67b-4ab6-ae39-c3c22f62928a,eosinophil,train,EO
4684,4fa58dab-4ed5-4fa4-aad8-ae59377a5f19,monocyte,train,MO
4689,a4c7a405-7220-4425-a83c-0220b5c73c68,monocyte,train,MO
4697,6b06b4f8-9f2f-4612-bb1a-a57cca51cc85,eosinophil,train,EO
4698,b8296698-3c79-4f97-8880-94203cea3074,eosinophil,train,EO
4702,7b9116d1-54b4-4ec0-b57b-e0310186d782,basophil,train,BA
4708,b21f923b-e6e2-4f45-a1e6-9bb71efa3ad4,eosinophil,train,EO
4710,4050bd33-1852-470b-8a03-8c19813aff31,basophil,train,BA
4711,3c8c4d49-23c3-4ec5-9e9a-5e622942bbe6,eosinophil,train,EO
4712,a57571b8-14b0-4a3c-ba61-732e1fe5b463,basophil,train,BA
4713,aadca316-d57a-40ba-bd77-072e9c923296,basophil,train,BA
4715,b5680175-a5a9-4972-a9dc-122f5c9dabe7,eosinophil,train,EO
4717,b0fa2ad8-6efa-4a35-9a06-f3a885d4ea53,basophil,train,BA
4723,0a6eec6c-96d9-4392-a800-039eefa4abfb,monocyte,train,MO
4724,62d8b2da-2bf7-408a-a445-8d86b67a408e,monocyte,train,MO
4726,0b807088-9aff-4061-8134-10f1e03f661d,basophil,train,BA
4730,426cef13-0168-4184-8901-a14c67502a18,eosinophil,train,EO
4733,19437419-a7cc-48cb-b034-1048c57c25fc,eosinophil,train,EO
4736,f46955da-79ba-4726-be43-42a9a626ad42,monocyte,train,MO
4738,0fe61d63-0087-4d1d-81fb-bcb1726a3c5e,eosinophil,train,EO
4742,d50dd1ff-8db8-4498-a060-6c8d7ecfb3c2,eosinophil,train,EO
4743,74e5476d-14b2-4390-836f-613fffa0d345,basophil,train,BA
4744,2caf16f4-36c3-4b7a-9f1f-60484d55fefa,basophil,train,BA
4746,d54e12e2-fbdb-4533-8d0f-8c723c85bd39,eosinophil,train,EO
4749,ea60ae06-127f-4c85-a858-5afafecbff45,monocyte,train,MO
4751,ec7cd11c-483c-4102-9afc-e9e1ad73bcd3,eosinophil,train,EO
4753,68266cf9-8020-4d5e-a19f-b8e702bda275,eosinophil,train,EO
4760,3247a1f9-95a0-48df-99c1-a5806afb2165,eosinophil,train,EO
4761,42000306-417a-4254-addd-8e4e0d94cbcd,monocyte,train,MO
4770,2c46d693-6978-4d77-a609-c1d36c419dde,basophil,train,BA
4781,9e47fabc-73ed-454e-851b-114c3857e06f,eosinophil,train,EO
4794,afa6d306-45bf-420b-95aa-1718d9463661,eosinophil,train,EO
4796,2ca42102-ed38-4d83-9cdb-99bfb91c6ff1,eosinophil,train,EO
4798,4502b7fc-73c9-43c3-a05e-0defafd08c96,eosinophil,train,EO
4800,65e0ccc0-3d1a-4894-bbc6-e0d25fd1d095,eosinophil,train,EO
4807,b64e3fa3-c048-4a49-a0e4-95eb6b100b27,eosinophil,train,EO
4816,afb6d43b-54ba-471d-ad51-2953cd9700de,eosinophil,train,EO
4818,f5fdd30f-98cf-40fd-8e75-178ae3924f1a,eosinophil,train,EO
4820,20723a52-bc1b-493a-a390-ea3bad6bb66f,monocyte,train,MO
4821,e1c9f292-ed54-4d75-b697-dc17d2bbf711,monocyte,train,MO
4822,8603145e-4731-455d-ad94-651560493a17,monocyte,train,MO
4825,81491b7c-4e23-4c04-a23d-5f799928059d,monocyte,train,MO
4828,60643e5b-d5d1-4072-93fa-4311e6330daa,eosinophil,train,EO
4829,420c31f8-1ea3-4a22-ba74-28d3f56aff8a,monocyte,train,MO
4831,b172c2fd-d97f-4323-8114-b60fa4d23ae9,eosinophil,train,EO
4832,b52e1fcd-077b-4da2-b588-3c4af4fd1edc,basophil,train,BA
4833,ddf97f27-7477-4bcc-8718-1ac4031c7d7c,eosinophil,train,EO
4837,a611df19-06d2-49dd-a12b-7692f93b0145,basophil,train,BA
4843,a89cff37-ad55-4dbd-a80d-fad18b4d24c9,eosinophil,train,EO
4845,71003976-0292-4414-876e-f719b9cad572,eosinophil,train,EO
4856,680b60e7-55ff-4488-8abc-855f6ff223fd,monocyte,train,MO
4866,ae820b24-671d-4268-8a47-035f5fc5521f,eosinophil,train,EO
4867,718db72c-da66-4540-a28b-9593b07d9e4a,monocyte,train,MO
4874,7670d87d-d410-456a-a8f6-29df7a2c2940,eosinophil,train,EO
4881,6014d210-2b51-4d74-b281-afd25d68edc6,eosinophil,train,EO
4882,40487870-84b0-4b55-8500-48f0c7a772d4,eosinophil,train,EO
4883,3d294994-8f9a-48a7-b517-db553bd2aec8,eosinophil,train,EO
4887,2d226582-60ef-45fb-9542-dfd0461e686a,eosinophil,train,EO
4888,e28bdb15-10f1-4c5e-8b09-38e0d1309266,eosinophil,train,EO
4892,3234692a-ab4b-45fa-8bf9-aef513c14b2e,basophil,train,BA
4894,23aa3ac7-ed1e-4ed7-8e51-98d9206dfed4,basophil,train,BA
4895,f3aeda71-3439-495b-8c3d-6ea890ac2faf,basophil,train,BA
4898,cfe82298-ae5e-4b69-bc33-f774d09b8197,basophil,train,BA
4899,8219b76a-0a3c-4ed0-81a2-761a191885c7,eosinophil,train,EO
4902,0a8e59d2-8efc-41b2-abac-e574e9a585c9,monocyte,train,MO
4904,a78e65ef-e0de-4da2-a1e2-c5417e9f4b80,eosinophil,train,EO
4905,10324764-8baf-4310-8d16-287d74f0bc6e,eosinophil,train,EO
4909,5ea63efc-92a1-4ff7-b9b0-ac1f97826b14,basophil,train,BA
4910,42fc23ce-50d7-4266-b9b2-c5086c1a794b,monocyte,train,MO
4912,a8d3547c-4dc3-471c-8e54-cab7608124ac,basophil,train,BA
4914,40910a93-58b9-4392-8ff0-9c88094122b2,monocyte,train,MO
4915,952426d8-45ed-4e04-8799-e340d89cbbb9,monocyte,train,MO
4916,d5c1a40c-bee4-4e4f-a847-1a2278f7c4b5,eosinophil,train,EO
4917,f15cc806-7d61-410b-969b-1b6437bfa5c0,eosinophil,train,EO
4920,011eca02-5606-4b78-8c5e-5c570661ae78,monocyte,train,MO
4924,b0d9fb43-21b8-48e4-911e-7850332718f2,monocyte,train,MO
4926,8c35e6fd-5fbb-4897-82a1-e3dc6aa36ed1,monocyte,train,MO
4927,4b088b5c-b774-4c12-a590-386732454acc,eosinophil,train,EO
4931,f291cac2-9eab-45c7-a10f-8fa21c4278ec,eosinophil,train,EO
4933,3287a26f-d6bc-4b78-b191-744cd8d7a08e,monocyte,train,MO
4934,60d55b92-3889-477c-92de-1464ad57dcda,monocyte,train,MO
4935,97ebe17d-731f-46b9-9f41-d672d77666c3,eosinophil,train,EO
4939,fd9f3167-44a2-481a-9fce-0ad8d7f5068f,basophil,train,BA
4940,7285de83-2d04-4159-92e3-0fe17873d693,basophil,train,BA
4941,6ea6cb13-23e7-4ca6-99e0-8e894e747ca4,basophil,train,BA
4949,abfa91ee-2881-4f17-9cc2-1b80a6385222,basophil,train,BA
4952,9ea67174-55f0-4fb0-bd4a-7e5f81ebb900,eosinophil,train,EO
4957,331492ab-963d-43b9-ad85-ec52863b5b1a,monocyte,train,MO
4958,8a7ffb07-b571-46a0-9101-55db0b7f2dcf,basophil,train,BA
4962,12f9de18-5293-49d8-93c2-f21163a2caf1,eosinophil,train,EO
4969,399363e2-4e87-4f81-870a-bd0cfb50d6f9,eosinophil,train,EO
4970,1da59893-1136-43a3-908f-3dfea0340a66,eosinophil,train,EO
4972,7484bb01-2f4c-4bd7-aca8-8cd67e526344,monocyte,train,MO
4974,204f5a88-6b67-47c1-881e-1aaf8bda6d59,monocyte,train,MO
4977,d99a5da3-34bd-40e5-9c0f-69acd9a01488,eosinophil,train,EO
4982,49974260-0e75-498a-89d1-8ded1d49eef9,eosinophil,train,EO
4987,3b4a8b9e-d9b4-43ff-9707-ba9816b7a62b,eosinophil,train,EO
4988,9a959b1f-716f-4586-bd14-67ad07db2e73,eosinophil,train,EO
4990,6ef66ed7-659c-467b-8fe0-433a9578f3e0,eosinophil,train,EO
4995,eeb1d874-acb7-46b8-9716-0d83ae13a477,eosinophil,train,EO
4998,6bf30b59-fbc5-4145-b8c0-27e9f2871dad,basophil,train,BA
5001,4a510463-a0db-4a34-89fd-f90de41a59f8,eosinophil,train,EO
5002,69a56dfe-0c12-456d-9fd4-44952cda0f13,monocyte,train,MO
5005,1d90caee-097f-45af-8ed7-12bff54cf82a,basophil,train,BA
5007,9c16f72a-6701-4b14-9186-14cd56568549,basophil,train,BA
5008,dd8d4702-0735-44d5-9030-9b3be13931fa,monocyte,train,MO
5016,7684d422-4257-43b6-8fac-ec56f2766033,basophil,train,BA
5018,6826c51c-921e-48e0-acb4-22fa6e822658,monocyte,train,MO
5020,d40ee6ed-53c3-490b-80df-8aabca59c919,eosinophil,train,EO
5024,26cbe06e-b935-4397-a187-dc0ca4a84c05,eosinophil,train,EO
5025,12accafa-bd57-4ff8-b3e2-b9d8f9761d23,eosinophil,train,EO
5032,9d692fcd-4177-4c9c-8809-b2b44d0dab6a,basophil,train,BA
5033,b663ec40-6d09-461f-93f8-3c7c8a12d176,basophil,train,BA
5034,a3cf581a-1224-4aa6-bd5c-fe10e88ed358,monocyte,train,MO
5038,ae22e435-901f-4132-8a0e-80a051e954bf,monocyte,train,MO
5042,0b51c898-9384-40b1-b5a7-0bc4d7fdb7ea,eosinophil,train,EO
5043,72b1f547-e0d6-43d1-8ba5-32c35104ecd2,eosinophil,train,EO
5044,9c630dbe-93ee-40b5-93c6-6c728df0abd2,eosinophil,train,EO
5046,b2a861a7-6b1d-4846-a7f5-77a9cf67db3f,basophil,train,BA
5047,f9256c25-4d0e-482c-9218-d80d626d88ad,eosinophil,train,EO
5048,f5cdbf11-ba6e-4ebc-8a64-7c66f99f0125,basophil,train,BA
5050,fd310f29-83ce-46ae-9a30-9c24ef766563,eosinophil,train,EO
5051,d57d42c4-a6a1-4170-a371-5326f5936ac9,eosinophil,train,EO
5054,f0888abb-05fb-49c0-83c4-148e811f41e5,eosinophil,train,EO
5061,b9f2fca4-c314-4344-8387-d23aa03ba408,eosinophil,train,EO
5065,f5450c93-9125-49e5-959e-2e18104f778d,eosinophil,train,EO
5069,755e98c7-2797-4191-883b-8f810ed5fb25,eosinophil,train,EO
5070,eea95a1a-bb18-44a3-a909-47f774317b57,monocyte,train,MO
5071,83792410-a400-4132-958a-b6d89743deec,monocyte,train,MO
5073,6df3dce8-822f-4587-bc3c-3641b5165156,basophil,train,BA
5081,15ebfad0-0c1c-4c8d-96e0-a30a9b47130b,monocyte,train,MO
5085,c0e6e51d-a587-4574-bdf3-983f42c1aa0f,eosinophil,train,EO
5089,76f1c361-d1ba-4301-9be0-d4af2afc0a33,eosinophil,train,EO
5090,8e49513e-a116-45cd-b5f9-0be507d3b15c,monocyte,train,MO
5093,ace8976d-4e4f-4363-ba89-20600ba9d5f3,basophil,train,BA
5101,e78edc39-f690-4f61-9b53-722f50cac308,eosinophil,train,EO
5102,55d5173a-e45b-4bc0-a0b1-2b41ef4cd740,basophil,train,BA
5103,13f7db2a-d88e-4e5f-8bd9-658c213ea9b6,basophil,train,BA
5107,32b4db30-c71d-48a6-a0ae-36ad18790617,basophil,train,BA
5108,b1944509-2184-480f-975a-5fcf508b8e64,eosinophil,train,EO
5109,2b4c4c1f-0233-4173-8990-995f2a85403e,eosinophil,train,EO
5116,055010c3-6e2c-4ab0-b2fc-abb6477ea93c,eosinophil,train,EO
5117,9dc2de75-20eb-4fc1-91b9-1df1c145e5c8,monocyte,train,MO
5120,ca6d045e-9fda-49cf-a456-31ea97c36f7a,basophil,train,BA
5122,83467e03-c48e-4541-a730-5e7c3d10726a,basophil,train,BA
5131,14281e17-ce7f-46c1-8fa4-6b5fbc8ac72a,monocyte,train,MO
5136,5a0c10c0-1c7d-443a-a0cf-a5b402f68ec4,eosinophil,train,EO
5137,27709a24-bda6-4f3b-9492-5255cf80827c,monocyte,train,MO
5140,65399ce9-4a77-4b59-bdc1-8cdf3c820e7d,eosinophil,train,EO
5144,739ab26c-0e42-48af-9e02-0d7d297823c4,eosinophil,train,EO
5145,510bf257-ef3f-4292-ab15-01c341752848,eosinophil,train,EO
5148,ddad1902-9019-4be9-bd8a-cc3897d699ee,eosinophil,train,EO
5150,4396bc38-4843-43b5-a758-730139541cb0,eosinophil,train,EO
5153,396cf680-fd05-4502-9c37-b3c643d99714,eosinophil,train,EO
5158,0d7b387a-fc48-4b98-aa80-1461d883963b,eosinophil,train,EO
5161,a322b20d-f860-4d8c-950c-ff8025057de7,eosinophil,train,EO
5163,b11a526d-078e-4616-bae8-b236b6e1fd13,eosinophil,train,EO
5164,fcacc5c7-1b9f-450b-97ed-098c969b4445,monocyte,train,MO
5165,14caf112-661f-418a-a2dd-f44bc56f4cb6,eosinophil,train,EO
5169,38e407d2-1797-47ff-b3f3-c2f96b42e080,monocyte,train,MO
5170,ae22208a-2575-46de-a907-56d2a1336878,eosinophil,train,EO
5171,ba2fbe7c-2e2d-4735-b089-113e9eca136b,eosinophil,train,EO
5184,0e72c504-5db3-49a9-b578-b38fb9de8575,basophil,train,BA
5196,c6c9dc31-49a9-4ad1-bfe9-e112b058120f,eosinophil,train,EO
5198,b1ce8959-d513-4d12-b7e2-8ef54c404775,eosinophil,train,EO
5201,95d32e85-ba6d-43c0-b472-f338fbe0f2bc,eosinophil,train,EO
5204,307116fc-3265-4fcf-b681-ca5245edfb3e,basophil,train,BA
5209,6a3ec69d-9314-46b5-aeb4-c5f46dfbe100,eosinophil,train,EO
5213,9ce653d2-8b65-4b6e-a962-3a16d3f8b5ac,basophil,train,BA
5214,655ed66a-19a4-4ed4-8a02-1f615abb70b6,eosinophil,train,EO
5215,96b8e674-7bb1-441f-8b3f-363817b77085,eosinophil,train,EO
5216,f74bc169-e1fb-4ce2-a55a-ee43838b050a,basophil,train,BA
5221,b3c92ffc-fee0-4ee2-a4c0-ab5b62217073,basophil,train,BA
5225,d901165a-3940-48b1-946b-5b7626679ad9,eosinophil,train,EO
5226,a6f6e01e-2911-45e4-815c-a5da085c4f4d,basophil,train,BA
5234,6679fc2f-2653-4c41-999e-0780f25d344a,monocyte,train,MO
5235,3be602cc-675d-4ae9-9a55-550c4409b4b2,monocyte,train,MO
5239,5ecc6980-319a-4514-a58c-0a0580625325,eosinophil,train,EO
5243,ee21d9e7-e4eb-4dcd-87e0-297a3f9f9487,eosinophil,train,EO
5252,6844ea9f-0100-49f2-89af-818f7ddb8353,basophil,train,BA
5256,ab81b809-38a6-4799-9487-121d707609a0,eosinophil,train,EO
5257,aef5a2a4-3482-4ceb-bb87-2d889d2d649e,eosinophil,train,EO
5262,de21e844-f261-4b35-9ee8-a8f7edbc171d,eosinophil,train,EO
5265,30c16692-22ad-4467-b9a6-5e5c5ad35053,eosinophil,train,EO
5269,2bbcb3f5-aa7f-40d0-ac24-3894116e3b60,basophil,train,BA
5270,1cdb1cda-d951-4001-b27e-ffbebb538677,monocyte,train,MO
5271,04f86cb9-b396-49c0-b128-0bf0b92cae79,monocyte,train,MO
5272,893dc01a-9cd1-41cf-8ace-7e9240b9e0f0,monocyte,train,MO
5275,5b245429-56a6-48da-8fa9-e2ae6405faa0,basophil,train,BA
5282,bb601ba6-a502-47b6-8f3b-53745a17be53,monocyte,train,MO
5284,631ae80a-cc2c-4da9-ae4c-d4ec78535dcb,basophil,train,BA
5285,d4c84b52-c36e-4021-802e-aafb5e29688e,monocyte,train,MO
5286,9271ac2e-6689-481d-86b8-6caff6f30d05,eosinophil,train,EO
5290,d2373bfc-9a4d-46a3-9e5c-9c8f508e0998,eosinophil,train,EO
5296,57c98b87-0c56-4b82-8aff-faa3408c5310,eosinophil,train,EO
5297,444db000-164c-457a-b841-8fe343946227,eosinophil,train,EO
5298,8598259c-daeb-4c02-98ef-d3c4c3c4e165,eosinophil,train,EO
5300,2be86a2d-c5c8-49e7-a81b-1900ccda3641,eosinophil,train,EO
5301,64459228-03ea-422a-ae7c-a82c8b82453a,eosinophil,train,EO
5302,b68a057f-f98c-4a2e-a9dc-94bc19b97a25,eosinophil,train,EO
5303,8ee0e3b9-f7af-4c5f-9091-4f114663b23e,eosinophil,train,EO
5305,dd2c2579-9d6b-4e68-b62a-9430c98b3060,monocyte,train,MO
5306,f4e59d36-df98-4e04-a789-4cbc40c069e1,eosinophil,train,EO
5308,2a7e30f1-6426-4770-b233-b72b2cae130a,basophil,train,BA
5309,ebb365dc-e7b2-4195-925f-7b8079b6dd1e,monocyte,train,MO
5312,5377cb89-5d7e-4fb9-9d4a-e6ab4bc0d4f4,eosinophil,train,EO
5316,fc67d8c5-1103-4d34-816e-bc5074f81da7,basophil,train,BA
5317,aa21add3-928f-4a26-b8bc-302778c7d747,eosinophil,train,EO
5318,2e745cc5-1d6a-42b3-a036-d489e8bde277,eosinophil,train,EO
5319,7d49d8e3-ba34-4f5a-8c5e-3bc294af76f0,monocyte,train,MO
5320,43cdb6bd-1b5b-4a9e-bbcb-033b6d71bfc5,monocyte,train,MO
5322,911046e9-42e4-417c-9d0a-dbf422b0423a,eosinophil,train,EO
5325,b0f1fd87-f8cf-4950-9cbf-13b2eb35690f,basophil,train,BA
5326,f72de048-2d77-49e7-b065-c356e2a6113f,basophil,train,BA
5328,21ba4e6b-cc03-41cf-99c9-7ab14ac6a978,eosinophil,train,EO
5330,287552eb-071a-41e2-9c51-81c91d9df281,eosinophil,train,EO
5331,e4a3b828-238a-42d3-a965-47e30614e6f5,eosinophil,train,EO
5332,ce1e10b2-e340-4169-b6d7-61bb65e4885f,eosinophil,train,EO
5334,0859cedc-86f1-4b10-a341-3729267103ed,monocyte,train,MO
5335,ce03c831-9742-426f-a6ae-fa753df34aec,eosinophil,train,EO
5336,29bc045b-fe11-4ebc-aa56-f17467f45227,monocyte,train,MO
5337,ee520dbf-6756-4653-b713-d0fbc704388f,eosinophil,train,EO
5340,6c6f4f85-bda6-4778-9121-0a2939e10b1f,monocyte,train,MO
5341,bb0db6c2-d85d-46d9-b770-a4b37bb1541a,basophil,train,BA
5343,a415731d-a033-4a70-a91b-784a92c63d53,eosinophil,train,EO
5345,22abde0b-3695-47f4-8ff3-2f958730500c,monocyte,train,MO
5346,22226da6-6f25-4bfd-aa24-da3a60a65b10,basophil,train,BA
5349,c9a114d4-3714-4f46-9369-1c937b52a3e3,monocyte,train,MO
5350,1eaa8011-72d5-4ef7-a27c-d78d2914468d,eosinophil,train,EO
5351,eb0d7ab1-af13-4d17-b743-b6c510d8f3d6,monocyte,train,MO
5354,90fd8886-bf66-49fe-87a1-35e5b969a33f,eosinophil,train,EO
5367,c349486d-0c07-4c1a-ac19-5b83162d9cbd,eosinophil,train,EO
5368,ef21a8dd-2852-4857-9aef-74aa2cafe021,eosinophil,train,EO
5369,20029505-2e61-4369-b966-910b65929ffd,monocyte,train,MO
5376,cee99f91-9ceb-48dc-82ce-20008ce880a1,eosinophil,train,EO
5381,e000e029-305e-4d57-9078-72b677e684a3,eosinophil,train,EO
5384,3f0a8165-f40f-4a82-a7da-d285587906e9,basophil,train,BA
5389,838011ab-cc17-484d-a2a6-eb236c7c3896,eosinophil,train,EO
5390,fdd1c129-63b7-40b1-a5d8-0d5c2267f884,monocyte,train,MO
5391,887f5d6e-3605-4f84-81b7-02147b895ed0,basophil,train,BA
5394,e66dc743-8899-4c49-b5cf-41c5127003d9,eosinophil,train,EO
5398,6e2594f7-ad16-40e2-8df5-d4c583a94541,basophil,train,BA
5400,ea04d066-9272-4fbe-84ff-65a95b16e1dd,monocyte,train,MO
5403,9e12bf07-25f1-4bf0-94c9-13671a6b2352,eosinophil,train,EO
5405,bd4a9b49-9d5b-4b5c-9a9f-fc9329179ead,eosinophil,train,EO
5407,b32f3b87-7b4f-4ee5-972d-337d8e58b2d1,eosinophil,train,EO
5408,86e55750-33e7-4361-883d-873cd59ef233,eosinophil,train,EO
5412,584a3d68-a347-4552-8eef-a408aeb68dcf,monocyte,train,MO
5415,1e2d7c2c-deec-44fe-a8e4-0b5609b525c7,eosinophil,train,EO
5417,3043816f-2f5d-4e3c-a6ac-a8e8dd025510,eosinophil,train,EO
5423,a9f68a9e-58e3-44c8-a327-91f0e1dbf96b,eosinophil,train,EO
5424,21f5f80b-926d-42b2-89bf-032ad9426166,basophil,train,BA
5429,391744ce-3d0f-4760-8a26-10bee6d17155,eosinophil,train,EO
5430,dfaba95f-faf9-463c-aab5-dc4ad8cd03d6,basophil,train,BA
5431,e700ec66-8f97-4b27-9b6d-78a978bca564,eosinophil,train,EO
5433,20df6ae1-7e7d-43c2-b092-2d4119fd9032,eosinophil,train,EO
5434,96609a50-4e70-4bf1-a09f-23af2c22a1f6,eosinophil,train,EO
5437,671ef460-b5b7-4102-a5d3-2b074815ca9c,eosinophil,train,EO
5439,1731c02a-9ce3-4798-91fb-5db71d840cbd,basophil,train,BA
5442,3f777c09-f6f3-4fb6-9741-2c29d91c3158,eosinophil,train,EO
5445,d933ea77-6525-42e7-b7f4-c5f5d9ac3aae,monocyte,train,MO
5447,326d90bd-e472-4bb8-8fa2-163b2d32371c,eosinophil,train,EO
5449,8e1edf5e-5c05-4232-a7ee-1f1cf3099342,eosinophil,train,EO
5450,e6f9f666-e529-4909-956a-2e8d1075189e,monocyte,train,MO
5452,1180ffca-b68d-4234-aef9-f7ea751d7d56,monocyte,train,MO
5454,4184db1e-b10c-4cbb-adf0-12012ad208fe,monocyte,train,MO
5455,19815c4d-015f-4541-afc1-6d5beb28d222,eosinophil,train,EO
5461,52117ccb-9150-4cf5-bc7d-445f292944f4,basophil,train,BA
5464,efe72999-f60c-432f-9a4a-d8ee729c3916,basophil,train,BA
5472,0b1fa576-20ed-4e93-8508-9b2694d78060,basophil,train,BA
5473,5f7011d1-0181-48e1-a5e5-a18fddd7e59f,basophil,train,BA
5474,9f8bc3a2-304c-4e54-b41e-a1ba1039136c,eosinophil,train,EO
5479,4f0bd3c4-096a-4668-9fcf-aedc21d4a936,monocyte,train,MO
5484,42eb8a68-f19a-4160-a158-a694057220d2,eosinophil,train,EO
5486,d00a2004-2af4-4da9-a556-787f7f6576f5,monocyte,train,MO
5490,4d783909-15a5-423b-92a9-c94e17a89746,monocyte,train,MO
5498,708baf74-9f6c-465d-8cec-f7a65b5e273f,basophil,train,BA
5503,adb96589-8f1e-4637-b25b-0402d18857ae,eosinophil,train,EO
5504,100a9dac-a131-4cf2-8364-368eadd817c8,eosinophil,train,EO
5505,8bedb715-f18a-4269-b136-4c1533c4ff18,eosinophil,train,EO
5507,8227bc95-1af8-424f-af21-7e974635bda7,eosinophil,train,EO
5510,a4d6b6a4-f9f8-4365-9a8d-757004bc6418,eosinophil,train,EO
5514,71a941ad-503a-45b8-8111-2820b22387a1,eosinophil,train,EO
5518,62cb3c4e-514c-4f84-94bc-b3b236339368,basophil,train,BA
5520,ca583d1c-e836-41af-9f1e-cba47184e8bd,eosinophil,train,EO
5526,df52832a-83ed-48da-844a-0be38e77684f,basophil,train,BA
5528,dc1f7944-9326-41e2-98ba-cbbb0f1c6e7d,eosinophil,train,EO
5532,ea9d25a2-c2fb-4f47-97d0-7e2657e35246,monocyte,train,MO
5535,1fa19b0d-c7df-476a-a558-30231a292931,eosinophil,train,EO
5537,29095950-1ea1-4618-bf8f-24475b8c0e0f,eosinophil,train,EO
5540,ae60fefe-acfc-4eb5-9c32-9aad9243d597,eosinophil,train,EO
5541,14287316-c871-4820-90c4-115b7a85df12,eosinophil,train,EO
5543,4733afa8-fa62-420f-8be8-cdf18061471a,basophil,train,BA
5544,ddb726a1-50dc-4a17-bb62-7c6ec798b56f,monocyte,train,MO
5548,4946dcc7-51c5-43a0-ad2b-a85f15071ec3,basophil,train,BA
5549,612e2819-4b42-4ef5-aa62-0b02da4f9770,monocyte,train,MO
5553,89d2ddac-a534-4dc3-b2d6-13442ebb06be,basophil,train,BA
5560,563e7632-454a-4300-8658-82711ca1ec10,eosinophil,train,EO
5565,c1a182ac-4806-4349-835b-4e2241bf4229,eosinophil,train,EO
5571,14401646-32e3-4d8d-83db-1ce29d74ca25,monocyte,train,MO
5572,350212c2-f7ff-437e-84ec-0b6c36df4b13,eosinophil,train,EO
5576,9669da75-3f88-43a8-a5e2-e144915e7597,eosinophil,train,EO
5577,87e11c0a-4aeb-4353-a916-5bd8eaf501c4,eosinophil,train,EO
5579,79d34c18-6168-43a8-8b6e-79480f1affee,basophil,train,BA
5583,d3b2938d-da98-439e-999a-4abc39b81c1f,basophil,train,BA
5584,0c403b47-4d47-4b8d-8c6c-ffa743b493bf,eosinophil,train,EO
5585,2e635657-52b3-4f1d-af8c-e3cbcb66dba7,monocyte,train,MO
5586,251e2082-02d1-4dc3-a765-fbaa0f8391be,eosinophil,train,EO
5590,71cf8441-298a-4e1a-a39e-3b5734adc139,monocyte,train,MO
5596,b8dea79b-4ce4-4d01-9c91-ba616dc9a62f,eosinophil,train,EO
5598,c8f056d4-7127-449b-945d-27cef320fbd3,eosinophil,train,EO
5599,09d37598-8d17-4ae2-a4c5-a6aacc72fe9e,monocyte,train,MO
5603,20c7b6bc-2b6c-4aa0-ad07-bb4cdccf0d27,basophil,train,BA
5605,a74b32bd-3f2b-468a-8cf7-46b68c521439,monocyte,train,MO
5609,e6ec5a80-9e11-4db6-a97d-5efc05068cb2,eosinophil,train,EO
5612,63cf9faf-3a4a-48c8-9130-352d770354a2,monocyte,train,MO
5617,6c209c89-df02-483f-bcde-27d485c41481,eosinophil,train,EO
5622,4d3c1cb6-a895-4235-b909-ad5453d4046e,monocyte,train,MO
5623,07926332-447d-4467-bc7c-6e131d38c627,basophil,train,BA
5624,25b50382-3237-4748-98eb-e3cae090e1b5,eosinophil,train,EO
5625,92234158-9104-4aad-a5e4-5a640f5316b3,monocyte,train,MO
5642,e0fee295-1dc7-42bd-933e-9f205f1c4477,eosinophil,train,EO
5644,51c1bb14-3c54-4dc7-af8a-69cfc85718a6,eosinophil,train,EO
5646,60386731-0f14-43f0-8c04-afe216173760,eosinophil,train,EO
5661,bd367e22-07a4-4df0-8f44-660efc82452e,basophil,train,BA
5662,3a7e7a1a-583e-44a4-8882-b3e8f290866a,eosinophil,train,EO
5667,442ee12e-4280-4cd7-9fd2-1c5756efe551,eosinophil,train,EO
5668,5c3dcf1d-4023-42ad-912b-31b290e8f43c,eosinophil,train,EO
5671,7e9dd34a-c214-4978-82d5-8e52be3697be,monocyte,train,MO
5675,1773e600-6d84-4a59-bd71-92f2d53c83db,eosinophil,train,EO
5678,4e2cc3e5-865a-403e-b272-75cedd854be4,basophil,train,BA
5680,23788af2-019d-41ce-a6e3-66308ca3e940,eosinophil,train,EO
5682,9e7ecc4e-1d61-416e-a1be-a4943bcdd0eb,monocyte,train,MO
5686,c9b8a3fa-3066-42e0-826d-168a529c7776,eosinophil,train,EO
5687,6c8da941-0382-418a-9b1d-2605cc9d2d85,eosinophil,train,EO
5688,7d1d3e8e-2730-4803-bfd3-13440936ba76,eosinophil,train,EO
5689,c43b9eda-8e4d-4d83-b1d1-ecf3e90d3586,monocyte,train,MO
5690,68fa9cfe-876e-4812-9636-fccfe1f6cedb,monocyte,train,MO
5702,ef49f485-412c-43b9-9954-5d000403c232,basophil,train,BA
5704,57118c17-568e-4abc-b042-4ad2ceeab436,monocyte,train,MO
5706,5afa6255-4b44-475a-b8e7-2f3cbe606e73,eosinophil,train,EO
5709,79baeba3-0942-4c65-a3fe-91fa9ad7b9e9,eosinophil,train,EO
5712,d694aa1d-7bc8-4129-b093-c93c215a6dbf,basophil,train,BA
5717,f51431fb-568e-46d3-b4d9-6075ff3b8353,monocyte,train,MO
5721,450aeaa4-817b-4087-ad7a-0a77069a84db,eosinophil,train,EO
5724,5dbdf8c2-8496-4b5f-b3c0-4f28142dd09f,eosinophil,train,EO
5727,7b4ba485-a903-4d34-b939-ad01b6ea24c6,eosinophil,train,EO
5731,a40c226c-5a11-4aa6-a64b-8badfe5d8851,eosinophil,train,EO
5732,f28bc36b-f3f9-44db-bd60-27e579f32f13,eosinophil,train,EO
5735,7b7b8c44-c1a7-4760-8ccd-597c3978626a,eosinophil,train,EO
5737,8834ef07-6ec2-4c91-9441-5dcf584d8cdb,basophil,train,BA
5739,5930e07a-64ea-4dbf-a2e8-931f913b0916,monocyte,train,MO
5742,f254d35f-4dd2-46ab-8662-5cad6ec29052,monocyte,train,MO
5747,34e427e7-1a0e-4283-860e-0bf73a0e8ea2,basophil,train,BA
5748,9b5d5cc3-a9be-4efb-9d46-04d4638bf41b,monocyte,train,MO
5753,55c24697-120a-4aa6-aca9-90ef209600dd,eosinophil,train,EO
5760,a0f1014f-799f-48e7-8f95-929aa3597b79,eosinophil,train,EO
5761,6aabd0f6-f969-4c85-afc5-5fe35b07be72,monocyte,train,MO
5765,3087064f-b031-4dc6-83ec-b480ca56e390,eosinophil,train,EO
5766,4e0b63d3-4a95-4690-9214-509492198229,monocyte,train,MO
5767,594ad24b-27af-4bef-a84c-3edc922feeca,monocyte,train,MO
5771,44ab8422-27d0-45b4-95cd-8c637e05bf5e,monocyte,train,MO
5772,32d9b4cd-68cc-4c5e-aa2d-a63c9051e1eb,eosinophil,train,EO
5774,f219cb4b-cc06-4cb4-a770-95e6b16319ef,eosinophil,train,EO
5779,9b122323-62fb-4213-b190-3648b51d3e06,monocyte,train,MO
5781,e4e05c2e-7100-4ad1-bd63-8eba8ebc1095,eosinophil,train,EO
5783,6fc21ec9-ee98-4840-a4d7-d4ba92f232b9,eosinophil,train,EO
5785,0e2612d1-d7eb-4c2f-bdf3-546bb87a9352,basophil,train,BA
5786,0a86d5a4-27a1-4b6d-a8e5-5548bc8c19e7,eosinophil,train,EO
5788,4bfa74b8-6293-4d9c-bb2a-1af12c7a60dd,eosinophil,train,EO
5793,6b685753-4a34-400e-b94b-0277220f2d50,eosinophil,train,EO
5794,6997d6f1-434c-4abd-b7b1-e84cd1b8c815,eosinophil,train,EO
5799,23573ae5-969f-45a8-85dc-c562095a8fec,eosinophil,train,EO
5801,b05df327-018c-41b8-a628-c6b1d0b29896,eosinophil,train,EO
5803,ce05768d-17e3-4537-bc2f-c57b1a7024b2,basophil,train,BA
5804,41789f57-96ef-479b-b158-311210e8c18f,eosinophil,train,EO
5806,31cc3428-13b8-4f27-a099-39bd7d1ba0cd,monocyte,train,MO
5808,50ca702b-9eac-49aa-8265-5450b2a684a3,eosinophil,train,EO
5809,53837b26-3d98-44d7-ad91-7c97684ecce5,eosinophil,train,EO
5825,7f6f45ea-de10-4a75-b265-085ae60dfe24,eosinophil,train,EO
5828,736dec03-157f-46a1-a381-bdc0051df8f1,eosinophil,train,EO
5829,71df4374-457c-4ddc-a05b-0134dca4cdf3,eosinophil,train,EO
5834,cc0c1450-bc1a-4a50-9864-e70a0eb1711c,eosinophil,train,EO
5836,ef773ae0-e054-4f49-a187-dd71a317787b,monocyte,train,MO
5838,933e55cd-2ee1-4a4c-8259-6eb92245918d,eosinophil,train,EO
5840,c38a04fe-31b2-407b-82af-4e63695e472e,monocyte,train,MO
5854,62d9b5d3-53b6-4eab-b0c0-64375139cf3d,eosinophil,train,EO
5856,c475d444-136b-4f31-b1ad-6236fe2f6b18,eosinophil,train,EO
5860,75916bd7-b2bf-48a3-a5d7-531867f1ce3e,eosinophil,train,EO
5863,2a24cbcf-1bff-41f5-be8d-901a1e4daec4,monocyte,train,MO
5865,e9aed0b6-5b4a-4d06-834f-efd1006022e3,eosinophil,train,EO
5868,24a44a14-5d03-4856-8c9a-438abb7796a3,eosinophil,train,EO
5873,a741cd73-97bd-47c3-8947-17b2fdca39cd,monocyte,train,MO
5874,20bf1ff3-5cad-4ec6-95ba-3a74d0f71d54,eosinophil,train,EO
5880,1732ba9f-a2e9-410a-982b-76b65703e0fe,basophil,train,BA
5882,5683ef55-5544-42cb-8b14-6312c531485a,basophil,train,BA
5889,346cc16d-6b71-482a-9438-1a516f316137,eosinophil,train,EO
5890,97cbe20a-ee3f-4f4f-b4a8-4d5c2374a8e2,monocyte,train,MO
5891,dc85985e-fe9b-4f6e-9d11-e1ce23acbb45,monocyte,train,MO
5893,a13873e1-dce8-4208-9a5d-8f0c6944f88f,basophil,train,BA
5896,95c1462d-d218-459b-a220-3dd0105b933a,monocyte,train,MO
5897,dc0a4d85-9ffb-4041-98c6-bd23ad03935d,eosinophil,train,EO
5898,505bda07-acc1-45c6-86b8-7ac9a4f7fe84,monocyte,train,MO
5906,bb07275e-c7a3-46db-8527-ff2b491c0248,monocyte,train,MO
5917,065c0307-548b-4e20-9002-8d00ccfbe835,eosinophil,train,EO
5918,62051f32-b975-42c4-8de9-aa93439e6c64,eosinophil,train,EO
5920,4043f016-aecf-45ab-895c-f7e3a6384657,eosinophil,train,EO
5921,86925e40-4a83-4bab-9fa1-f5e959d2aa1a,basophil,train,BA
5924,aaf3823b-3123-4a1a-858d-d78bf6972086,monocyte,train,MO
5931,d09aa6bd-9e12-401b-9f02-907800a7210c,eosinophil,train,EO
5932,e00c92b2-fc1e-4259-a0c0-74912dd6a7dd,eosinophil,train,EO
5933,721f410a-48b4-472d-9c57-b88ca04571bc,eosinophil,train,EO
5935,4dbb72aa-3c46-4c0f-8160-74601011c4c9,eosinophil,train,EO
5937,d7ab0b20-8f94-43b1-8e49-11b431767edf,monocyte,train,MO
5941,1240d5df-f25e-4bca-b769-852e5c230ca1,eosinophil,train,EO
5943,2a9fbb60-73dc-4db3-9e48-71efe40a7838,eosinophil,train,EO
5944,73df7bbd-8380-4d5f-85b4-c9ffc4d3f333,eosinophil,train,EO
5946,c198847d-35f4-4b96-84c5-6652b5fd91b4,eosinophil,train,EO
5947,04569929-7d32-4682-b658-069d4295767c,eosinophil,train,EO
5949,06940f0c-763e-4b3d-9db6-bc06587e41b8,basophil,train,BA
5956,bf6fb154-f8ac-441a-a057-624e45ffa8f8,eosinophil,train,EO
5957,652ed080-1ecb-485d-8854-cbe39624d427,eosinophil,train,EO
5961,4348026d-fab9-4dc9-ae9f-846d2e983602,monocyte,train,MO
5964,e3015521-a0b2-4188-b303-e9011af3acd5,eosinophil,train,EO
5968,506e1450-699f-4987-b0f9-5a41d1016b55,eosinophil,train,EO
5970,21c14817-9b7f-414f-8ee4-80b97e9e6a87,basophil,train,BA
5971,86a744d2-7071-485e-a2f4-632edc1af05b,monocyte,train,MO
5974,edf70722-7362-4531-ae47-4ce63b8cd497,basophil,train,BA
5975,c2b989fe-680e-410d-98ae-1ac0f1b4b669,eosinophil,train,EO
5979,7c861011-bbeb-488c-8bf1-2a38bc5dabf3,eosinophil,train,EO
5980,a7c7cb58-5208-450f-8023-856a97387f13,monocyte,train,MO
5982,33752793-72ff-43cc-9719-3e448d31ec7f,monocyte,train,MO
5983,63830339-92e7-4ceb-a883-26d872f6fe1f,basophil,train,BA
5987,38d4e9d7-de02-439a-847a-51db73fc08b7,eosinophil,train,EO
5988,ece09a54-220f-4296-b459-e926965a76ca,eosinophil,train,EO
5996,3c1a07e3-275e-4527-b72f-9143450b03a6,eosinophil,train,EO
5997,222af880-73dd-4b22-aec4-9e423fe0bb04,eosinophil,train,EO
5998,5e1abb28-227b-470a-ab9c-be8aff9b880d,monocyte,train,MO
5999,3ac330cc-0d6a-4ffe-add4-251616ee301f,eosinophil,train,EO
6001,d7f4d5da-864c-4c7a-8914-fd2b3a18ff6d,basophil,train,BA
6002,335e2d76-93d5-4ee1-ba15-8488947841a1,eosinophil,train,EO
6009,a383f9bf-5558-44e9-b78a-5da70a5e72c7,monocyte,train,MO
6013,be9c1368-0ed3-4266-93a3-333eb2bd44f9,monocyte,train,MO
6015,1989686d-94fd-454b-b44f-6b7a9fca1833,eosinophil,train,EO
6018,4596d460-110b-4da6-801f-85e1f85e701a,eosinophil,train,EO
6021,00549718-a506-4681-be80-7cb9c49329a5,eosinophil,train,EO
6022,0b732d60-418d-41c2-bad4-534216c07053,eosinophil,train,EO
6024,1ca6a2fb-7cca-483d-b67f-003e042d50f9,monocyte,train,MO
6026,1d7a6cd5-2e68-4fc9-adb3-0d75782f5c6e,eosinophil,train,EO
6031,3c93774a-67a5-4d95-be4d-e9ac83ae5eb1,eosinophil,train,EO
6032,02bcfd88-90e4-4405-9e96-d5e61f84e073,monocyte,train,MO
6039,1a60b05d-855a-40d3-9a9a-d30460309e02,eosinophil,train,EO
6040,cf028ed6-9368-437b-8db5-315ce70684a4,monocyte,train,MO
6044,a24ab669-0322-4278-a1a6-f8d0364c4937,eosinophil,train,EO
6050,8853255f-3836-4f2f-b77b-f0b4bcd3af79,eosinophil,train,EO
6066,024dff2b-e081-470b-8bfd-e785a201c297,eosinophil,train,EO
6069,22c62079-113f-4fee-b3c3-97d54dd0ae1b,monocyte,train,MO
6072,2de023a3-5a23-4057-8f84-dd909b00d29c,eosinophil,train,EO
6073,4399754b-1813-4eb2-bbbb-910a6eb4d11b,monocyte,train,MO
6074,89f08637-b745-4b74-a96f-d0c8b71d2f2b,eosinophil,train,EO
6080,06851958-ded8-4c1f-9647-4d96dc5ae448,eosinophil,train,EO
6081,366203a5-168f-4cb6-a554-ed2e4f4334fe,eosinophil,train,EO
6084,5b57613c-0431-4b80-ba73-f070728cbee0,eosinophil,train,EO
6086,3f60cae0-519c-4138-acf7-fa3f4bc6e89b,eosinophil,train,EO
6087,8206a854-6d4f-44bc-a224-df991aae7f46,eosinophil,train,EO
6094,46541958-9c47-4e5d-a3cc-ca4c1a33f10d,monocyte,train,MO
6095,7348f703-5fef-4132-81ad-c9f320862ef2,eosinophil,train,EO
6098,ae27a2b5-23c1-41e2-a9f5-93f9a7382c3b,eosinophil,train,EO
6099,8acd1d38-d836-44ac-863b-cbf8661a60d7,monocyte,train,MO
6102,7cbba633-4c3a-4385-b57e-4a571bebc441,eosinophil,train,EO
6105,b59d2948-ec7e-4dc8-8efc-5b7e82299e7f,basophil,train,BA
6108,a9f7b812-e588-4fe6-ab4c-b8e63be5fb6c,eosinophil,train,EO
6113,c6d0b0dd-e3a1-4a20-acf0-3a9f67ebcecb,eosinophil,train,EO
6115,9233d5bb-9568-4d97-b8af-62513a8318ff,eosinophil,train,EO
6120,ca55cb87-aa96-4a93-b336-3de7ce77336b,eosinophil,train,EO
6128,7154c6d1-307e-47d7-b0d2-dd0c9d39da40,basophil,train,BA
6129,3c802348-c4f3-4a3a-a7b8-c523ad6decd3,monocyte,train,MO
6131,79fb329c-4932-4c61-934b-b2fbad6269ff,basophil,train,BA
6142,03e6af53-a4f1-4aa4-8c6a-ad7bd02f8c97,eosinophil,train,EO
6146,5996e517-6af1-4a51-810c-fe7c99a17bc3,monocyte,train,MO
6160,6331fed5-9c97-4ddd-a744-6f64ff280ef4,basophil,train,BA
6163,aef05ea1-f5da-438c-9c01-5bdec82505e4,eosinophil,train,EO
6164,f3b083bb-6909-4667-a06a-7ecea23f47f6,eosinophil,train,EO
6166,e2a49761-4c01-4068-bf7c-f0f1d399f746,eosinophil,train,EO
6170,4d3a732f-bfff-4827-97cf-29eb7187bc0f,eosinophil,train,EO
6173,2e6f1cc0-1a08-4b80-8533-3475fea07f39,basophil,train,BA
6180,e347e858-8987-4826-a34d-2b6b4cb4a1bd,basophil,train,BA
6181,476b8733-820c-4934-998c-170e4c6d0e81,eosinophil,train,EO
6183,f0f020bb-5c62-4433-a2d2-4e0e26037cf4,monocyte,train,MO
6184,9b67774a-5214-450e-9e3c-7a104590667c,basophil,train,BA
6190,22b9e2bb-6449-44fc-9d3c-80be34f6ae57,eosinophil,train,EO
6195,3fc5377f-fa3d-4266-96d3-d441a4813d4d,basophil,train,BA
6196,ab374e53-251f-46a8-b6d1-9bba858dd004,monocyte,train,MO
6199,e5c1515e-bc97-479e-9763-28ede8bc851d,eosinophil,train,EO
6206,0e539fde-3a65-4b29-a33f-340f6186faae,basophil,train,BA
6209,b198dbee-9405-47fd-b76a-ab036293f758,eosinophil,train,EO
6210,195384b5-2b02-4380-ad07-c8acad7e7eeb,basophil,train,BA
6211,757282ef-fad7-4869-a2f3-cc0b53e332ed,monocyte,train,MO
6213,27244527-dc31-4bc6-b0f4-51c0a4897aa6,eosinophil,train,EO
6214,95a9ee26-52b8-4752-a84c-7daf0561dbb3,monocyte,train,MO
6215,5b1bdf89-c599-45f7-a1c1-8248da726ff3,eosinophil,train,EO
6216,e191ad03-a08b-4865-a720-b477513c2189,eosinophil,train,EO
6218,b8c1f1e0-8c5c-46d9-b50d-9898eea6ca2e,monocyte,train,MO
6219,7d1c0d14-e288-41ce-a74e-4a46123071d5,eosinophil,train,EO
6222,c194dfc8-99b1-4d80-b57f-260b4917cebf,monocyte,train,MO
6226,e473e96e-160a-4a36-93ae-542b30ff2b64,eosinophil,train,EO
6227,8d93a275-be7a-422c-b492-b4da877a19f6,eosinophil,train,EO
6229,c6d0e393-57b2-42fd-af2a-cabd96625bcc,eosinophil,train,EO
6230,817236ff-25cd-4c71-8ebb-3d2778972342,eosinophil,train,EO
6232,6db336b2-7edd-462b-b4a7-4ec91f31a933,eosinophil,train,EO
6234,4b64b1e2-e4b5-4f1d-9bdb-c07b34f88ef7,eosinophil,train,EO
6238,35e62dc4-5562-4b49-a3cd-c00ca7330b57,eosinophil,train,EO
6240,6db98e4e-b083-4184-b504-58d0697dddb8,eosinophil,train,EO
6243,d283fa25-233c-486e-afa3-2c82230f0532,eosinophil,train,EO
6244,304b2031-3c7c-441f-b529-52c1579dbaaa,eosinophil,train,EO
6246,d507ed79-3097-4766-a8ec-ce81e24f3bf0,basophil,train,BA
6247,46f5323d-7390-49b7-bde5-1a6f12ab40ba,eosinophil,train,EO
6248,b9b89bdf-71e9-4a39-ab90-9b8c5a67d2e1,eosinophil,train,EO
6252,04afe2d6-2998-4ebd-8ea1-ec6488575c06,eosinophil,train,EO
6261,aeecc512-e592-4b38-810c-01ecbed7453a,eosinophil,train,EO
6267,895affb9-50a2-44a0-b9d6-79099b2aac88,basophil,train,BA
6268,fdbbc6f6-4d31-4af8-8fb0-d6060d0ecfb2,monocyte,train,MO
6271,6abbfda5-4d0f-4fd9-bb69-3d9e8a3a1e38,eosinophil,train,EO
6277,3d4bddcd-e2bf-43d0-9d76-ac2d70d7782e,eosinophil,train,EO
6278,14771895-c7b6-4ba9-b142-7ba741ae06f6,basophil,train,BA
6279,1da3a80a-3df2-43d8-89a7-8c6eafcb2f05,monocyte,train,MO
6280,f901a5ea-dea9-4a34-b152-3c19829e1020,basophil,train,BA
6284,d8e493cc-6f5a-4fa9-a9af-5ac2ec33b7e5,eosinophil,train,EO
6286,43cc3a1b-357f-4e54-95d2-db8403add832,basophil,train,BA
6287,1b2e0b68-9210-4b5c-a801-1a2ab919c1a2,monocyte,train,MO
6289,a1a043d3-bcc1-47dc-bbaf-6d834a18299b,monocyte,train,MO
6291,25134621-ec98-4cb3-9019-3b2873aa46ec,eosinophil,train,EO
6294,a4f88efc-3d0b-4f56-a56c-fa15ebe7d42a,basophil,train,BA
6298,bc786eed-2c85-446a-a5ff-a85dab65b2f4,eosinophil,train,EO
6303,660be926-56c5-48bb-8aa2-7c125c4d7fbd,eosinophil,train,EO
6305,898ab126-4328-497a-8408-9604164d3975,monocyte,train,MO
6309,c59f3323-de94-4f3c-bbb4-db35d1b73283,basophil,train,BA
6310,d6673dc9-656b-41b3-88a5-b5462dd925a3,basophil,train,BA
6311,1b5eb663-e4c8-4274-87f3-f1ba1840a58d,eosinophil,train,EO
6319,6fe425dc-e7f6-4bdb-9309-6e8989c423a3,monocyte,train,MO
6322,268b6a17-feef-4289-ae58-cd909bb59ec3,eosinophil,train,EO
6326,223eb33e-b055-45cf-9dae-91950a792fd0,eosinophil,train,EO
6327,6a5cb187-b83d-4560-aa60-339b40fcd5ed,eosinophil,train,EO
6329,1f6955a0-bcf6-4096-a720-0c794760faca,eosinophil,train,EO
6330,c6124152-f525-41e2-915e-9e6135398c29,basophil,train,BA
6339,cdfaadd6-e69a-465f-9b5c-b2ae2c836554,eosinophil,train,EO
6349,cf91f810-4739-475b-b9a9-9d5bafe44ded,eosinophil,train,EO
6351,3685003d-cebb-4fe0-9a0f-03f571221ff6,eosinophil,train,EO
6355,848c7424-87f8-4509-9fad-ff0428462451,monocyte,train,MO
6357,f16877e6-237c-4125-8c54-2afe0c7937b8,monocyte,train,MO
6360,9b4ef83a-db87-4e04-9d26-14d56b50b3e8,eosinophil,train,EO
6362,5fe3c1f7-86dd-404a-a204-59028c213a84,basophil,train,BA
6364,6262da47-3cae-4f59-9790-b641fc75d697,basophil,train,BA
6366,61e13dc0-ad35-4d53-a92a-242e03e2bb74,monocyte,train,MO
6367,a8c8f882-eee3-404e-b3f5-8986e2b940bb,eosinophil,train,EO
6370,204a898e-8ad5-4b58-b59b-111fffcb6a47,eosinophil,train,EO
6371,549e422c-3797-4164-b198-e5b0cd125f2f,basophil,train,BA
6377,f12f9b7f-b2ee-422d-8db1-588658adeaf6,basophil,train,BA
6378,48db1c20-2af6-48d3-9180-2f117e506f7e,monocyte,train,MO
6380,666c45cf-53c8-4e05-a101-da9818b93db2,eosinophil,train,EO
6384,b566c53a-4d3a-40cc-84cc-d926a6638726,monocyte,train,MO
6389,49cd6f67-b846-412d-b827-6a179ece851d,eosinophil,train,EO
6391,b35811d3-1fe4-4005-b718-721a1b8e35b4,eosinophil,train,EO
6392,aa55252f-5e31-42eb-8017-0a7076a2e617,monocyte,train,MO
6394,20729f9e-d02c-494a-b721-f1785bb7b1e7,monocyte,train,MO
6395,9c0d4bb3-a5e1-4729-82db-2dc6c833cf37,eosinophil,train,EO
6400,e9627677-a4f8-4541-b4c0-411f60b7675e,eosinophil,train,EO
6403,1b2ab2f6-a51f-4329-b20c-79596265f458,basophil,train,BA
6407,905dd960-40f3-491a-a525-2eb265779c5e,eosinophil,train,EO
6411,13a23aef-9969-4725-b021-fd094a25e8ce,monocyte,train,MO
6412,122b50ce-a13a-4de5-9f5e-63a70ada1436,eosinophil,train,EO
6414,9fbb6a6c-bc9c-4b15-9c9e-0c6ea4ab3e47,basophil,train,BA
6418,33fa1bb1-08ad-4482-8233-599c78991b29,eosinophil,train,EO
6419,196099e6-664b-4ed9-a7ee-6b30b9220ad5,eosinophil,train,EO
6420,5c9d815b-9fb7-4992-9caa-9cf414ffa5f8,eosinophil,train,EO
6423,f95019a6-affe-4d3d-81e3-250fa0b7b218,eosinophil,train,EO
6426,e0cd3af7-64eb-482e-97cc-4223690b5c7f,monocyte,train,MO
6428,f47ec0cb-67a6-4566-be78-41fe5c0f1954,eosinophil,train,EO
6429,d0b0fbb1-4a8e-4edf-a2a9-4de57ed8686a,eosinophil,train,EO
6431,d4e59c3c-e8f2-4061-a768-184933d3b6bb,eosinophil,train,EO
6434,2453f34b-3c99-42bf-9d4a-13daa5765984,eosinophil,train,EO
6435,8489c5de-8839-4ace-aab4-1e914784c1b5,eosinophil,train,EO
6439,1648a44b-d3b1-429b-824a-78e9b21d8e76,eosinophil,train,EO
6446,55027b9f-08c8-4ac1-ba9b-d89c69c4dc02,monocyte,train,MO
6447,a0172c0d-8e5b-4ff9-bbb1-2d00a44d1e81,basophil,train,BA
6449,cd89bfbe-b344-4232-afa5-2e0ccdb3005b,basophil,train,BA
6450,fe5c8cdc-f3e1-49b8-a4c7-741e3881fccb,eosinophil,train,EO
6457,dee035ac-15a5-4ff7-a2a4-d5980ce518c6,basophil,train,BA
6459,9c2518a4-05c5-4bf0-9419-c19bfda56bbc,eosinophil,train,EO
6462,116a9711-84ed-4640-ab22-ab60d4333ddd,eosinophil,train,EO
6465,5989e5ed-e452-45c3-8abc-6710b5cac791,eosinophil,train,EO
6466,1219ab5b-bb46-464b-a507-5a66c379ec2e,monocyte,train,MO
6469,abd416d2-1e4a-414b-bc47-b5f6007422c0,eosinophil,train,EO
6470,e106da3a-ee95-4052-a8a8-577920fb6b8e,eosinophil,train,EO
6472,d2e98cc3-1b2b-433a-a869-1121d096c70c,basophil,train,BA
6478,19cd1761-2396-4252-b4a0-00b70d4d7e23,monocyte,train,MO
6479,864e2230-8d64-4798-8fac-717f889c4cd8,monocyte,train,MO
6480,8b25ac82-f0e8-4ec7-84c3-3c8d99649705,eosinophil,train,EO
6483,02ae0eec-3030-463d-851a-d87d475ce8f6,eosinophil,train,EO
6485,f99ab776-f285-4dad-bc68-3a165d7f7459,eosinophil,train,EO
6486,08e384ad-f4ce-4322-a6ae-812bd5ee1a6f,eosinophil,train,EO
6489,7528838a-6660-4089-820d-e90e505d5313,eosinophil,train,EO
6490,b77e83c4-6c2c-4ba2-b4b8-8c73ebf4847a,eosinophil,train,EO
6492,d7eebb2d-1558-4e19-ad6a-8c95e762e8cc,basophil,train,BA
6497,7e5dd755-eb47-48c7-b6e9-8a547d376169,basophil,train,BA
6504,ebe87dbb-aa5f-4c88-b754-5bec7d030ca6,basophil,train,BA
6505,4c53b7df-3c76-4407-98bc-64d40e99de5c,eosinophil,train,EO
6506,46e50ccf-f9e3-4d70-b4f3-4996b0294859,monocyte,train,MO
6507,780d9461-6d3d-49f3-9cea-ff2fbe694535,eosinophil,train,EO
6508,bc3e44b9-3954-4ef6-b313-3353ee587560,eosinophil,train,EO
6510,43998ee4-3b55-4d0e-b126-3db310589a2b,monocyte,train,MO
6512,4c5c0ecc-9ad5-4228-98bc-b028dcf8a6d2,monocyte,train,MO
6514,15b1a328-1977-46dd-9b92-a38bcbd7e5ea,basophil,train,BA
6518,3145ea96-75e1-4dde-a119-6d92ffb42fd2,monocyte,train,MO
6526,fe035a64-e622-4126-a6e2-2f851d4f8116,basophil,train,BA
6527,cb1472ec-1a74-4061-ae5a-3d39cd28f5fd,eosinophil,train,EO
6530,683d3b97-00b6-445f-b912-66b829f9589f,basophil,train,BA
6534,32cf73c9-f08a-4174-a185-85466bff9e1a,eosinophil,train,EO
6539,7e894b6d-1266-4751-b631-75ebbabf8952,eosinophil,train,EO
6543,2708b2d6-8d7e-4536-894b-17c746fec06b,monocyte,train,MO
6544,fb8d1d0c-dbfc-4e1c-9959-68d8a4e6e058,basophil,train,BA
6547,31094bec-4e23-45c1-9554-77f504d28fc9,monocyte,train,MO
6548,a6e4d3d2-e6bd-494a-9869-194bf0d57b01,eosinophil,train,EO
6553,f25494a4-7d23-432e-9b17-f7564b059aaf,eosinophil,train,EO
6556,d279056e-a052-4459-82b3-879d64c156b1,eosinophil,train,EO
6557,24261fd0-6c75-4b42-865a-7bff84743812,basophil,train,BA
6559,0981ea86-92f4-4ec9-9563-d3caf233d6c9,eosinophil,train,EO
6571,e4be957e-96a1-48f4-93a5-7a379aa4db21,basophil,train,BA
6572,2b38f67e-f932-439d-9a02-7919a6490fee,basophil,train,BA
6573,ad2ab63b-d3dc-441d-bf02-571c2fb01e81,eosinophil,train,EO
6574,854db383-fafa-48f6-9683-7798c430b11f,eosinophil,train,EO
6576,fc46a30d-06ef-455d-b4e9-46486ab995f9,eosinophil,train,EO
6578,c5e71689-21e2-4a4c-a0f9-a0d88b41ce42,eosinophil,train,EO
6586,fb2081a2-c705-4280-96d3-950567dcde01,monocyte,train,MO
6589,5e2d0564-5904-480d-8b72-e672855ef6e1,basophil,train,BA
6597,cce330f3-4e6f-436c-b054-b60106a302a4,eosinophil,train,EO
6598,309ab456-f0bb-495a-bb04-64178206d8ae,monocyte,train,MO
6599,a1b60227-9313-4e47-af84-28548a53ff66,monocyte,train,MO
6601,0309068f-d683-40b8-af4e-e8ebf50c0108,monocyte,train,MO
6609,9e95349a-ba2a-4b53-8c9b-0509e260800d,eosinophil,train,EO
6612,d549012a-3051-402b-90a0-ce795fdb060b,basophil,train,BA
6616,57907e37-6ed3-401d-b6fd-8d91e6c199e6,monocyte,train,MO
6617,824b181e-52ec-43d1-93c6-034d7ba6e917,eosinophil,train,EO
6618,27970642-84d2-469d-94df-1fbccb8e130f,eosinophil,train,EO
6621,b0e9534d-095a-418c-822f-09e7a617c704,basophil,train,BA
6623,bfde526a-0e21-42f4-b270-c5924aa30b69,eosinophil,train,EO
6626,66dd1b78-ce65-4fd9-841d-5cc9953d6afb,eosinophil,train,EO
6627,e5ae3deb-9768-4d5e-aa17-ccaaefd92f15,eosinophil,train,EO
6628,bd608560-e49c-4297-83f6-c759c51118a0,monocyte,train,MO
6637,d2bbefd2-474a-4eb3-9c9a-656f60aff1e2,basophil,train,BA
6644,9a63e09e-f4f5-46b1-9bfa-d45202194de5,basophil,train,BA
6650,755b0372-4beb-4d9c-98fd-df415c051f67,monocyte,train,MO
6651,5a961958-cad0-4684-b46a-eff5587fa122,monocyte,train,MO
6652,7c4cae3a-2c37-4097-87a3-dd439ac8a251,monocyte,train,MO
6661,8f745299-2c6e-4006-af12-3e0ff8d754b2,eosinophil,train,EO
6665,eb1bfb8b-56e1-45fe-a76b-284fcb5dfdc2,eosinophil,train,EO
6667,b74e8fc9-991f-4f2d-88ec-094884e692bf,monocyte,train,MO
6668,2bba99c5-0c64-49a5-bdf1-0b0433bf3f6d,eosinophil,train,EO
6672,8154cd71-7fd2-4b54-a49e-f2eb14d9c5c1,eosinophil,train,EO
6678,2bfb938c-4ec7-476d-a351-b2819722093b,eosinophil,train,EO
6681,7d362e98-7ea1-4132-83c1-7a154ed243ef,basophil,train,BA
6686,2d462d5d-2852-4fc3-86e7-c41c21a4766f,basophil,train,BA
6695,c3ebf938-4381-40bb-b020-a95e20fe3006,eosinophil,train,EO
6696,6d638e8f-7b07-4168-b614-c8d59e8b7490,monocyte,train,MO
6699,4f02a0ff-47e6-4a77-b957-d2c4e54ca623,basophil,train,BA
6703,8ee9fbf2-8354-4199-a9d6-69c87507fc52,eosinophil,train,EO
6704,7ca1212e-415a-4131-b10b-be0696b0f5f5,eosinophil,train,EO
6705,9d17502b-e7e0-4be8-a1e9-5f3397f3cee5,basophil,train,BA
6708,ccf7622b-c197-4b61-b3c1-f54c6e85903c,monocyte,train,MO
6712,7914b678-a3b3-41a9-a897-fb27253c346d,monocyte,train,MO
6722,ea91f993-833b-438a-9a76-a7cbb0c8500d,basophil,train,BA
6731,d3fc1341-1a4a-4091-b16a-4a95db5d273e,eosinophil,train,EO
6733,c7af1139-36d5-483d-9a9c-a140bf9c7597,eosinophil,train,EO
6736,11411dde-337f-4f08-8420-3d9c9dfadca1,basophil,train,BA
6740,07235ae9-81f3-48bf-a904-69a2fb030f38,eosinophil,train,EO
6742,cf63b03f-72ee-49dd-bfe7-c3042789a2d6,eosinophil,train,EO
6743,f0ca5b16-667e-4ca4-9113-87fc1c439e6f,basophil,train,BA
6744,015d009d-929d-4c05-8a53-85abc3f885f5,eosinophil,train,EO
6745,ef0919bd-1ddd-4d55-90c6-d8e822db2a09,eosinophil,train,EO
6750,ed860081-1a48-422b-b6b0-92617b34445a,eosinophil,train,EO
6752,fe7d88b7-815a-4fe8-980e-566144f1a7c3,monocyte,train,MO
6753,b7a711f3-ea17-4e5a-a6f7-75c7bf50775c,basophil,train,BA
6754,b2006c46-28cc-48cf-9054-3b7d8f1be57b,eosinophil,train,EO
6755,fb3d9e20-509f-488b-9469-bc2d3e11a34b,basophil,train,BA
6760,9badb804-7101-464d-a768-10ec58638271,eosinophil,train,EO
6763,eb7015b5-4c28-49b4-b1cc-4e3ce51fe8b8,monocyte,train,MO
6770,8d1c0415-22a8-43df-a3e5-449f90e741be,basophil,train,BA
6771,9b8e656f-00da-4370-be86-5c8222489c63,monocyte,train,MO
6772,676c6dc0-6976-47b4-bb8d-5442150bf753,eosinophil,train,EO
6778,8956b754-db8f-45ac-a64f-c26eddd8115c,monocyte,train,MO
6779,a7addbd0-85ae-4e25-8494-fa206f3131ea,monocyte,train,MO
6780,95e7f832-e4bb-44d2-a7b8-b96b3c2604c0,eosinophil,train,EO
6781,7db08e0a-dbc5-49fb-bddb-ee076d81e9a1,monocyte,train,MO
6782,cf18cd2b-8bc2-48e0-91b0-af0c0f136d0e,basophil,train,BA
6788,f41cf3df-67c1-4ddf-a769-912b0eb5be70,basophil,train,BA
6789,1406e850-fa4b-4fe9-a64c-b8eec5495743,eosinophil,train,EO
6794,1c600316-d223-47a5-b5c6-ffa3eff59cb5,eosinophil,train,EO
6798,d7928a23-f33c-432d-bba3-4c6d1f593eda,eosinophil,train,EO
6799,b98d3672-a25b-42af-90b0-693481c43b3b,eosinophil,train,EO
6800,8dbb278c-3eb3-4cb0-921a-8e42a6e4fe53,eosinophil,train,EO
6809,fd4bcbff-9ab8-4b7e-8300-611fda3d96ae,eosinophil,train,EO
6812,99788c13-7b05-4f7c-9b55-fc73c4da0ead,monocyte,train,MO
6813,525beabb-eed7-4865-a440-4722b6a4e5a7,monocyte,train,MO
6817,29130844-2b3f-4432-91d3-700ab4754725,monocyte,train,MO
6823,88b36fea-2330-45e9-b9c7-288c16ee95ad,eosinophil,train,EO
6826,26f4e1fc-8268-43f6-b103-4fcc125c7205,basophil,train,BA
6831,27b0812e-65a6-469d-a140-da5d8accb010,eosinophil,train,EO
6833,88488f7c-e952-4905-8b3b-114334a1371b,monocyte,train,MO
6838,393c58d2-115f-410b-b63b-e97e8e608108,eosinophil,train,EO
6840,e639f883-f8e5-4062-8d65-f971d95e09cb,eosinophil,train,EO
6845,346552aa-7797-41e0-a745-8376ef518dc5,eosinophil,train,EO
6853,b2bc0229-5fe7-425a-8eb8-7227c97a9c47,monocyte,train,MO
6855,f880c84b-8a51-412e-9c61-68c9336cb325,monocyte,train,MO
6856,5f801432-e2c6-4e71-b834-d67483e94718,monocyte,train,MO
6857,7e72e40a-b5c1-4244-aa9d-458d4d0abc97,eosinophil,train,EO
6859,72704aa4-bf30-4238-8cc8-abf8fba9c279,monocyte,train,MO
6861,1c78b624-72ac-4460-82b5-f560838bea4d,basophil,train,BA
6862,098aff8a-3905-4a13-8957-c2d25d425b1a,eosinophil,train,EO
6865,48674237-a6a8-42f0-8b0d-88aaad9b7472,monocyte,train,MO
6868,f5b8da00-c3a1-48a1-86e2-8d5b22020b45,eosinophil,train,EO
6870,a422525b-0b6d-4eba-a52c-f3ac23206404,eosinophil,train,EO
6871,ae88b439-21f6-4a46-ae79-7aa3e3886912,eosinophil,train,EO
6872,ffea87ef-5f9e-4d73-8c83-9a078b269d8f,eosinophil,train,EO
6875,a52b1c10-b350-450f-ad68-76184a3fa1ea,eosinophil,train,EO
6878,321d6434-bb11-4696-a298-f3a6a977092b,basophil,train,BA
6880,de48c72e-d15c-407e-85e6-e6a15183688d,eosinophil,train,EO
6887,eec7ca70-0c56-4f18-b4f9-634e1a1868af,eosinophil,train,EO
6888,ea26949c-e887-47fd-b6a1-6241daa3e6d2,basophil,train,BA
6891,40fd7c30-0d1d-428c-8115-7b21ebf8e6eb,eosinophil,train,EO
6903,b7a8b957-5927-4d6b-8862-9dfee7b80d6e,eosinophil,train,EO
6904,7ae0f4fc-2993-4c2a-bc95-ad934434d4c5,eosinophil,train,EO
6911,7974cde6-723c-4ca6-aef7-900cf0a5fedb,monocyte,train,MO
6913,1fd4bbb9-05aa-4f9f-8a15-8f9e8d965733,monocyte,train,MO
6918,906bcc27-45dd-4993-b746-9c9d47cddbfe,monocyte,train,MO
6920,518ccd8a-69fe-4494-8d5e-ce3f6e4eefac,eosinophil,train,EO
6921,0ec50c4d-b29e-40bd-9e9f-0841b2989424,monocyte,train,MO
6926,1b049a97-b98a-43de-b837-2e84e66323df,eosinophil,train,EO
6927,0afb5ffb-7534-4ab1-afdf-c6559159281c,eosinophil,train,EO
6928,3c667589-d663-4498-954d-b8fe4bb3c0d0,eosinophil,train,EO
6931,f1bf7e68-5dfa-4e8e-a25e-3479d6aa6be4,eosinophil,train,EO
6932,9af9407b-8c76-4e48-a65f-85462c3fbcc6,eosinophil,train,EO
6934,d3300c93-44ce-447d-8a22-7883526fe3a2,eosinophil,train,EO
6943,60920d0d-ed1e-47af-a2c3-780f6b152f51,basophil,train,BA
6947,fb634b13-22c9-4226-a99b-4ff63dd9ed06,basophil,train,BA
6952,befc84f5-360c-4e95-8311-d956b6baf86a,monocyte,train,MO
6953,989d8dba-43c3-45b0-9a32-1bb0b9a6ea14,eosinophil,train,EO
6956,e248b461-945f-40c9-aa16-daa3522053b5,monocyte,train,MO
6963,7fac69c7-1aa9-4fdc-8933-41dd44ee2a1a,basophil,train,BA
6969,3358f070-b419-4c88-b2d4-5c611f3068bd,eosinophil,train,EO
6970,7d092792-e7b0-4bda-a574-5f42d1f0244f,basophil,train,BA
6975,a2218836-e78e-47f9-8f94-2406715debb4,monocyte,train,MO
6976,25d8ef15-2267-43ae-8f33-8b714f82c2de,eosinophil,train,EO
6978,d9d2ab92-7daf-49f6-bf9e-f8e35e11e7af,eosinophil,train,EO
6979,91908928-a9a1-4f91-8a5c-11b130fd10da,monocyte,train,MO
6983,268c3724-ff72-4988-b413-5b61d78ff0d6,basophil,train,BA
6987,0e6770f4-21fd-4670-8f27-e68e90ed3c5b,basophil,train,BA
6989,3db409ce-6c8a-47a3-bc80-f27a7c07d6db,eosinophil,train,EO
6992,06a23197-2e66-48f5-b3f4-0ecee3dcbc8b,basophil,train,BA
6993,8084d820-e114-4555-a815-5378e228df31,eosinophil,train,EO
6994,8c214756-67a1-4246-9c9b-6d828f5e61e3,eosinophil,train,EO
6995,37fc14b6-9f9b-4fc7-8578-ab987e4e5a69,eosinophil,train,EO
6996,8a011a1a-9db8-4564-bde6-b4e9463996e5,eosinophil,train,EO
7002,d38f8ddc-ab6e-44ab-b4f3-49c013689a14,basophil,train,BA
7006,64b097d1-c28a-4572-9df8-21c4c57873ab,eosinophil,train,EO
7007,5a43adfb-7b49-4d68-ac2a-966873e8d708,monocyte,train,MO
7009,64b92c41-d73a-4d9e-b00a-97c473beceeb,basophil,train,BA
7012,5d288d41-55ce-4fe4-9360-7419ae908b28,basophil,train,BA
7013,865c7b8a-686b-4a0f-bc50-5c8b19c693b7,monocyte,train,MO
7015,80b96535-b627-44e9-979e-f178330314f2,basophil,train,BA
7023,ee9a1f7b-689b-46c8-8005-0b480b207a6b,basophil,train,BA
7026,559c81eb-c89c-4064-b446-b1cc02a3fe57,monocyte,train,MO
7029,bdb6bb12-b9e8-4cf5-b2d1-ed2e52bc5f3e,eosinophil,train,EO
7034,526c33e7-03b9-4a67-8f12-7c28d3662570,eosinophil,train,EO
7038,930b678b-73ab-455d-b46a-f42947b20d3c,monocyte,train,MO
7039,0b8f842f-f9fa-467a-be5f-b04d11f8cb11,eosinophil,train,EO
7041,f5795ed6-2581-484f-92a7-ff4c868ee559,eosinophil,train,EO
7044,2c8871e6-6068-43aa-bba0-2d33344822b2,eosinophil,train,EO
7047,8690dd21-fedf-4e0f-b71d-3d735d607e48,eosinophil,train,EO
7048,c7d8796e-7c1a-4d93-8279-d9429e509658,monocyte,train,MO
7050,44a0b67f-83a1-49b9-a355-f1348dbccb54,monocyte,train,MO
7053,d407d547-c83d-440e-b5db-64cf6b8fa979,monocyte,train,MO
7055,885ab599-4228-4dc5-8303-4b30994463ef,basophil,train,BA
7058,9fcceb38-badc-4599-98c9-028458fd9790,eosinophil,train,EO
7059,bacada5b-4492-44bb-90bd-71e9d56ea751,monocyte,train,MO
7065,67dc08c2-d1bc-440e-b89e-6e80f29d8d6c,eosinophil,train,EO
7068,041f868e-16a7-4dcd-b833-8829894c50da,basophil,train,BA
7069,f9167582-fdae-4796-a9d7-3301eee97c00,eosinophil,train,EO
7071,2abeec74-7ae9-4a11-8850-c2d25a7173de,eosinophil,train,EO
7073,8c6adfe4-eb0f-4ddc-8ca6-ced410fba1c0,eosinophil,train,EO
7075,d251c876-5291-4cfa-a897-fe5fe81fb173,eosinophil,train,EO
7076,c3bda3ab-6358-4e93-a05a-80cc3a42382b,basophil,train,BA
7081,0a79a348-83dd-4695-a6b5-518cb7045f6e,basophil,train,BA
7082,fc9aaa1a-50df-481e-9599-34657f4d9687,eosinophil,train,EO
7085,27752b07-0d50-4716-a29b-458314838283,basophil,train,BA
7088,cc522822-4328-4832-a610-fda70dacfb70,monocyte,train,MO
7089,ce20ad41-62b3-4aaf-aaa7-702ebb21b217,eosinophil,train,EO
7090,297e4e9f-66db-4f3a-9a91-a009bf09dd65,monocyte,train,MO
7091,b0525867-b85a-4da2-a15a-549ed700d308,monocyte,train,MO
7092,533b51fc-ed37-426f-a3dc-d2885ae0db9f,eosinophil,train,EO
7093,f6d3d8e4-4bfc-49ee-bf18-8fee72b9b2a2,monocyte,train,MO
7096,67859e4c-d308-429a-82d6-2c4fd66e7b70,eosinophil,train,EO
7099,d329cdc4-861e-4613-8879-5fcc030b08a3,basophil,train,BA
7104,5fcf0c8a-ad67-4937-9fa3-2b825011dc3d,basophil,train,BA
7105,a39acd00-cf27-4889-a9b1-f4a892580a6b,eosinophil,train,EO
7110,1dd3c6ef-738b-4755-812b-7bdd259591ce,eosinophil,train,EO
7111,109ea6a0-aaca-4a5b-a305-e828c0671d70,monocyte,train,MO
7112,25f1e7b0-961e-4eec-8e86-49456149d328,eosinophil,train,EO
7113,053a69a7-7a97-44fe-91f2-1ed640caf211,basophil,train,BA
7117,55458e7f-ab36-49f4-8d1e-067713a2c024,eosinophil,train,EO
7119,8916f663-c1db-4c10-8e65-ba813c6aad67,monocyte,train,MO
7124,45be9a03-ffd1-420c-80f3-ac73931b3ec0,eosinophil,train,EO
7125,eb26cf44-b26d-4915-a49d-9d1d84c9579d,basophil,train,BA
7127,c119ff9f-312e-4d6a-a21a-74f818dc966c,eosinophil,train,EO
7129,1503b904-9246-4452-9f7f-417d535c8d57,eosinophil,train,EO
7130,832144ad-285b-4ea2-a721-1dd52e11807a,eosinophil,train,EO
7134,3f93b421-f565-4680-b3b3-3df044e1a347,basophil,train,BA
7136,3b0b5aba-33e6-4dc2-9df8-01f4f71aaa02,monocyte,train,MO
7137,b7b3a1ed-71a7-44c0-b977-ee6196cd782f,eosinophil,train,EO
7139,7a242768-2794-48c7-9b27-084fe499736b,eosinophil,train,EO
7140,cbb2a339-ad55-4b37-869b-b2e9b9e3f72c,eosinophil,train,EO
7144,2fcc3723-697e-45cc-8a78-3faec750471b,monocyte,train,MO
7147,4e276064-290d-4f8e-b367-e9939de32e8c,basophil,train,BA
7148,994375e7-a553-4fda-a927-3bf12c6f7ab7,eosinophil,train,EO
7150,1823481c-9d2d-4402-bdbd-f2a283c043f6,monocyte,train,MO
7151,8a4a8e19-595e-46e5-b2e3-c4cefb9036eb,eosinophil,train,EO
7152,5a193f14-386b-4b49-8748-368d73b7dd83,basophil,train,BA
7156,e5395cca-41ce-4877-a2b6-1efe19cfedcd,basophil,train,BA
7157,072b66ca-9dd8-4c98-8e17-53c535d34c13,monocyte,train,MO
7161,6dbd3cdc-9608-40aa-ba5d-9ce247fb3b88,eosinophil,train,EO
7165,285fe543-d61e-423c-ac2a-637c5f5b7489,basophil,train,BA
7167,0785d782-f7aa-4f2e-ab0e-d15931d6b47b,eosinophil,train,EO
7169,1695f2a9-851a-4cc3-8304-1bfc0464ab60,basophil,train,BA
7170,cec07c53-7da6-49b1-98d2-eadaf2b84e27,eosinophil,train,EO
7171,3c8368f4-3df0-4c3a-b91c-aac03aacf65b,monocyte,train,MO
7174,74a3e3c6-c018-47ec-967e-f1f0a22bd59c,monocyte,train,MO
7176,1c86cd7c-919d-4926-b8f1-81d8af5f7e39,eosinophil,train,EO
7177,f0a6af93-33af-4c9f-ada5-db11df5b7c03,eosinophil,train,EO
7179,e7efd8b2-e84e-4f50-8e8f-064b82e0bffc,eosinophil,train,EO
7180,bb3f021d-5ac4-4ecd-85c8-d53fb4f41c8e,monocyte,train,MO
7181,8bd51277-2855-4ba8-a677-55ca5e2e5230,monocyte,train,MO
7185,486dc0ed-46c2-4c53-b3d9-985bcce6ee4a,eosinophil,train,EO
7188,b69a5c6d-7b84-4277-a045-767037f7f2ad,monocyte,train,MO
7189,3cae2594-716a-4d24-a4fd-b99edee6ae09,monocyte,train,MO
7191,d66262f5-9cd6-4ab0-8871-6c7d76004208,monocyte,train,MO
7192,4fcbd33f-fdbf-429c-96b5-c22f59c5c9ac,eosinophil,train,EO
7197,66863ec9-067c-416c-a2c7-29c98e6cd5f7,eosinophil,train,EO
7199,00416632-975e-4eee-94cd-43fec05137a6,monocyte,train,MO
7202,19d1112e-051c-4a54-9c0a-29e3bdf50616,basophil,train,BA
7203,570d7163-1501-46c9-ac90-740d524d75b0,basophil,train,BA
7214,77ccf1fa-31b1-404d-941d-8a4ac6941e58,eosinophil,train,EO
7225,f107f3ff-8895-4da1-acff-5900ffc4ecae,monocyte,train,MO
7228,688308f5-7fff-470b-81d9-f719d72d3fd2,monocyte,train,MO
7229,4b529a2f-0d9f-4fe1-959e-4fe77c704c7c,basophil,train,BA
7234,7eced651-3484-4709-b834-11380c75abdd,eosinophil,train,EO
7235,4b38445c-63d6-4455-be3e-85ec4cc86fdb,eosinophil,train,EO
7236,446b2dde-84ae-4022-b978-2f83f9ecbc69,monocyte,train,MO
7238,f4062f5c-a801-4b9e-a306-694484f55c0c,monocyte,train,MO
7242,736a42e9-dfa6-4e58-8b63-57bf2bb50314,eosinophil,train,EO
7250,b65b5206-27be-4524-80a9-39b57ee9a2fa,eosinophil,train,EO
7254,1d8d420a-71e6-4054-903d-c71cd9707969,eosinophil,train,EO
7258,adf46381-9885-45aa-9ee8-3ec242f71ab9,basophil,train,BA
7266,d09ace3d-2e63-4b52-a20b-756df7d61a19,basophil,train,BA
7268,06c95e15-3285-45c6-addb-5a0827ab200b,monocyte,train,MO
7280,ef6724ac-2837-4542-8d41-5909fd65e1cd,eosinophil,train,EO
7286,4f1994cf-c9ce-4022-ae23-87bf64b45f91,monocyte,train,MO
7287,f901213f-9f92-4b38-b87c-a28ce50933a7,eosinophil,train,EO
7288,731c1c72-893a-484c-8a91-b66290ea2655,eosinophil,train,EO
7289,588a0b3a-a761-421c-af62-dcfee9330c86,eosinophil,train,EO
7292,7acc8d19-b730-4eb0-a7ae-035522269c3e,eosinophil,train,EO
7293,43886acc-f370-4683-abc1-39ec68c6e470,eosinophil,train,EO
7295,43f28830-3104-4fd5-a057-2209d5b1984e,eosinophil,train,EO
7301,572c0371-4e91-443e-b3a0-0b47fa394d64,eosinophil,train,EO
7307,6a84b948-7961-4b20-9ae9-90ec388489ab,monocyte,train,MO
7308,ab702003-5a29-4910-b774-584cbf6b6224,eosinophil,train,EO
7315,029514a5-423e-4241-9694-2cfbe388f964,eosinophil,train,EO
7317,119fc7ca-bb17-4f77-a10b-aef8981dca21,eosinophil,train,EO
7320,06656d3b-234c-4125-9222-d6793b9b323f,monocyte,train,MO
7326,b120a6a7-e152-43cf-acd8-0ef359643dc9,monocyte,train,MO
7333,a5792062-ecaf-4500-9523-958f9b99c9d7,monocyte,train,MO
7334,06a1e3a9-e32b-4080-81b1-76911c416fcd,eosinophil,train,EO
7345,6fe34339-024b-4232-be83-9ffb4aec7a5e,eosinophil,train,EO
7347,d935a3ec-c76f-4256-986f-b7cd5a51b59a,basophil,train,BA
7353,7749c55e-aece-4497-babd-37ff8220c76a,basophil,train,BA
7356,f5e42869-0368-4a56-a651-4ad3abbe794a,basophil,train,BA
7357,89cc9cb7-65a5-4850-805b-5fb8af30d7c6,basophil,train,BA
7361,eb2992ab-a09f-4215-9630-afc170ec9b42,eosinophil,train,EO
7363,e309da1c-975d-47d1-b58c-c095e669a1b0,basophil,train,BA
7365,b43e6443-e51f-4b03-b1c6-c16fc77fc0c4,monocyte,train,MO
7366,65237945-28b9-4f23-b222-1db5ba43b051,eosinophil,train,EO
7370,3fd60321-96ff-44d2-b259-6c59d2d34d71,basophil,train,BA
7372,aa7cfec3-3bbc-4688-acd2-8318a9b65916,basophil,train,BA
7375,e92eafcb-278a-402a-bbd4-106896b1d41f,eosinophil,train,EO
7376,f51b5ad7-3a8c-4f51-a8a9-e90f79bd3961,basophil,train,BA
7377,a742e84b-f82d-4c68-b038-d810779fc311,eosinophil,train,EO
7379,47c43b5e-f8ca-4f38-9040-8763b2fe48de,eosinophil,train,EO
7381,12ce8262-e6c8-440c-819c-ea0d45b44364,monocyte,train,MO
7382,9a91229f-e578-4693-8022-88bee3dae78d,eosinophil,train,EO
7386,6e5ba098-078b-426d-a8be-656b6e1a852c,eosinophil,train,EO
7389,60d77e4e-0981-4551-9783-264c0b480aa8,basophil,train,BA
7395,97d1bd6f-3e61-44ed-9306-16175991aed1,basophil,train,BA
7396,7be03b8f-e3e2-4431-baee-f3246be15aa7,monocyte,train,MO
7397,0edc5757-44bb-4844-a187-3a0166c3a7a3,eosinophil,train,EO
7399,22b2c824-a269-4058-a829-e49398d9e25a,monocyte,train,MO
7404,79bc6659-1d5c-46ca-aa93-0d8c45f0fcab,monocyte,train,MO
7406,7fcc25a0-c0bf-4d97-851b-9993b9d06227,monocyte,train,MO
7407,39556f4f-031e-4358-a00b-3f0ab556e514,basophil,train,BA
7412,0859c5a4-51e7-421f-bbc6-5770d721a058,eosinophil,train,EO
7414,363c7c8d-f91f-4ecd-aadb-3e6bea4e6e6c,monocyte,train,MO
7417,d6417a36-7ec2-49b5-ada5-d41f64c33f55,eosinophil,train,EO
7418,59f5f3a8-55de-4c32-9de9-bb5fb7b1b229,monocyte,train,MO
7435,cd74a70e-1411-40a2-8908-8ec3a6313206,monocyte,train,MO
7441,b008fe84-1eae-4cb8-93f8-23388b1cd20d,eosinophil,train,EO
7445,4f61ca45-478d-4e76-bbb7-587035ae39a5,monocyte,train,MO
7448,6508677b-318e-46e1-8d3f-51640036cb29,monocyte,train,MO
7451,612699ac-c588-4cc7-a40c-306e2e0c2ebf,basophil,train,BA
7457,57623bb2-9015-462e-8191-29d65b42ae58,basophil,train,BA
7464,f264577b-7148-40ca-9ff6-900331a89d98,eosinophil,train,EO
7465,35a8fbc9-e727-4523-8d45-9a8d14cf5ba4,monocyte,train,MO
7466,bdd25dcc-8c63-4ab6-98aa-a56670bd73f1,eosinophil,train,EO
7467,6f90beaa-cd7a-4a5d-8259-5bc5f310266f,eosinophil,train,EO
7468,40ada607-16e3-4cad-bc3b-0ec2bf900895,eosinophil,train,EO
7471,76b11ba3-782e-4814-8473-3318e9fd66f4,basophil,train,BA
7480,259c9514-3d7a-4b91-9599-261bdf4e1b99,eosinophil,train,EO
7481,72b73b0a-ef3e-4dbc-a318-8a651392c879,basophil,train,BA
7482,dd53660b-ce6d-4af3-89ee-7692d5b2b4fe,eosinophil,train,EO
7484,1f8a3a8b-96d9-4fad-9555-adbc6079d9ce,basophil,train,BA
7486,5e53ee3e-15f9-4b7d-9f1b-d237f9cac4a3,basophil,train,BA
7487,2c7f3141-25d9-41cd-b475-4d8fcd487344,eosinophil,train,EO
7488,42619050-ea9b-4229-b8cb-c8600617b7c9,monocyte,train,MO
7489,75657d42-71d0-4266-91f6-de49e5357793,eosinophil,train,EO
7496,06f14125-13c4-49e8-ba8a-ccafd6cb9127,eosinophil,train,EO
7500,7920088c-42ff-4105-96cd-9b8f57f888ae,eosinophil,train,EO
7504,f53700e2-1041-4eea-a05a-0c0d8c9ab712,monocyte,train,MO
7505,b237ba72-9543-4a83-ae12-632acdcf556a,eosinophil,train,EO
7507,0269b436-bf32-4648-b76f-d0e0964f798b,eosinophil,train,EO
7510,8f4f5a5e-7b29-42a7-ba9f-0fd77f3c533b,monocyte,train,MO
7513,fd712d4d-f447-45a3-aae0-a63bb7eee03c,basophil,train,BA
7514,74da69a7-79a7-4d35-8f18-aca42b04b587,basophil,train,BA
7521,3a2d9c34-4702-437e-8c2a-df7130dc2a8a,eosinophil,train,EO
7522,90c09eb9-4cd9-4f0c-9c7e-52ccd5c90aeb,eosinophil,train,EO
7524,40ffcbad-d70d-4a7b-bd6b-acfeff4ae708,monocyte,train,MO
7527,577f100b-7c69-4207-bb63-facc0eef18e8,basophil,train,BA
7529,5d4716b2-927e-4b62-9924-ae6b7c9f5f1c,eosinophil,train,EO
7530,8b7522a1-6ca3-437c-b759-1f3f36a66dc2,monocyte,train,MO
7537,8dcaa243-14f8-4d57-8511-bca70b0b9739,eosinophil,train,EO
7539,2ac2e6a3-32ad-4a77-8f8e-c863f7b4cbe3,eosinophil,train,EO
7542,d174c5cd-a3ea-4d0d-9eaf-7a49939e5501,monocyte,train,MO
7543,5b3614f3-354e-4929-89fc-191d09eed23d,eosinophil,train,EO
7544,10f33d16-2e55-4d7b-9e21-6357dae0c97f,eosinophil,train,EO
7547,811be7d9-84c5-48af-8860-92e25aca060b,basophil,train,BA
7548,376a19c0-91f7-41b2-9c46-9a3f4b079569,eosinophil,train,EO
7550,11cce52d-aba6-4a27-b08d-6b935de3fe3e,eosinophil,train,EO
7553,0b82364f-60c9-428c-b414-449e9b033fc8,eosinophil,train,EO
7554,6de409c8-1217-4a97-a14c-2ca3c119bbdd,monocyte,train,MO
7559,c5cd4760-de6d-4ccc-94d9-e83a7a3cd69c,eosinophil,train,EO
7561,c9e68b15-0e2e-449f-92c4-d490074a8802,eosinophil,train,EO
7562,70af425c-94c0-4401-94e6-116d7de1994b,eosinophil,train,EO
7565,a9596057-bb3b-447b-942a-be13ad522f71,eosinophil,train,EO
7569,de5a56cb-273b-4a9f-98f9-65080ad0c7f3,eosinophil,train,EO
7570,15f9e80e-6ac5-41a2-be57-fb37db084e8a,basophil,train,BA
7579,7f4724eb-c562-4a5d-9597-a74283f50f11,monocyte,train,MO
7582,b69f43f3-6086-4a99-8fe7-29a032a2172c,basophil,train,BA
7583,8b900fef-7237-4d33-b1b7-d2447f3fda1d,monocyte,train,MO
7584,fcc67784-e307-4da0-b7a9-b80753c253c3,eosinophil,train,EO
7590,edd53d01-ad81-4f52-a92b-f3e2e320b7a7,eosinophil,train,EO
7592,8cf178f2-7e50-41fa-89f7-7afe3343b8db,eosinophil,train,EO
7595,37b1e58a-836e-4d67-b8fd-e3712f3121fe,basophil,train,BA
7596,d2b2e0bb-8994-439b-bad4-70dd1abb4e29,eosinophil,train,EO
7598,cb6f5962-2f68-458e-82cb-c3025b030247,eosinophil,train,EO
7603,0d65430f-60f5-4ec4-b368-ac32e9997175,eosinophil,train,EO
7606,55d2ff1f-4b77-4cf3-b32f-15a10432b4b5,basophil,train,BA
7607,ae7e8c8a-946b-4390-973e-ef61f2df5735,basophil,train,BA
7608,fe83e642-19b1-4226-8624-d2f6c8992204,monocyte,train,MO
7610,82be498e-b9cc-4774-bb44-98dafdcd25af,eosinophil,train,EO
7612,f975cd25-18df-4106-bcec-900120e4ce89,eosinophil,train,EO
7614,e050e66e-f196-4370-bf57-28393dfa726b,eosinophil,train,EO
7618,03f97df6-f829-46d8-af65-cf9af1a35e2b,basophil,train,BA
7628,73a625f8-278c-4c64-a1be-1b81a54f517b,monocyte,train,MO
7630,4703b3bb-6488-4fa7-ad99-34b63873d006,monocyte,train,MO
7633,3a796c13-3108-4d96-82f4-906f85e76d3c,monocyte,train,MO
7636,57bc0faa-3c30-4443-82f4-b6b648b1495e,eosinophil,train,EO
7638,fe692620-713f-4420-b7e9-b9da8f1bc058,eosinophil,train,EO
7643,576ac4f2-1a06-4580-ab2f-ace7edd93cc9,basophil,train,BA
7644,1c3c9206-73b8-4407-b01c-4ec066996715,eosinophil,train,EO
7647,2e2de97c-bff1-4b48-929c-2f6156c66006,eosinophil,train,EO
7648,1ccc8b0c-0c34-4d64-87e0-4afb754035c0,basophil,train,BA
7656,6d10fff0-72b1-48c1-80b7-24e64a8cd46d,eosinophil,train,EO
7657,d0fe6066-7eec-4324-8413-973d4bdfd4e9,basophil,train,BA
7659,f1b0ebf2-d8e2-44ed-a8a0-4ce1621feba0,basophil,train,BA
7673,34fd8c4f-c6f1-41e6-a2a6-93cca30c56c7,eosinophil,train,EO
7676,3c8f3f05-1681-40a9-9a16-81f01d2f9759,basophil,train,BA
7680,ce5c9290-d68f-43f6-b181-c98e92548067,eosinophil,train,EO
7683,3f3d6036-fa28-43af-a801-0ee20bb34460,eosinophil,train,EO
7685,5313632e-dd46-47a3-aa1f-0453dbea02ac,monocyte,train,MO
7686,93b97284-1367-4df0-91e3-55887e8843aa,eosinophil,train,EO
7688,e5ba0a6e-a23b-481f-8949-361bffc05046,eosinophil,train,EO
7692,bf4760d5-1cb2-453d-95f1-84b7f0003d15,monocyte,train,MO
7693,a0a4c28e-2735-4b67-8734-2be6878763a3,eosinophil,train,EO
7696,480b2c0d-423f-4317-9774-e4d807878892,eosinophil,train,EO
7701,f3c4e878-db65-4cf8-ac6d-e7122aeb5034,basophil,train,BA
7703,067efb76-7b2a-4f48-aab5-422dd279000d,eosinophil,train,EO
7708,9524cd68-d200-4052-9ab1-153310bc0754,monocyte,train,MO
7709,b8642655-173a-48a6-a081-79a027589d56,eosinophil,train,EO
7719,cc8b9efa-8f90-4a5e-a120-15a3740e88c6,eosinophil,train,EO
7736,cf257fe9-3422-407c-a388-705ffc664bb1,monocyte,train,MO
7737,86d88ae7-2241-4364-a28a-d27aaa118509,basophil,train,BA
7738,e42e9034-931c-4f6b-953d-848cd81f7a41,eosinophil,train,EO
7739,e98834a6-c610-4a38-b728-9023abe8546a,basophil,train,BA
7754,887edf9b-6e81-4862-85e9-8cbcd3a8ac8b,eosinophil,train,EO
7755,662f5851-f480-4e6b-a007-36d346b4236f,eosinophil,train,EO
7756,46b964dd-a03a-404d-b89c-f0bc4e63c0cc,monocyte,train,MO
7763,23a4ff16-e77e-4e09-a040-f9c574ae7fcd,basophil,train,BA
7766,2f4fcf81-2095-4760-a894-a3e45a25b5d9,basophil,train,BA
7767,8019034f-4e26-454b-8876-83934f935865,basophil,train,BA
7770,45307680-4701-43a1-84a1-0ec566cdb93f,monocyte,train,MO
7772,01d9d029-a475-49b6-b31b-817a5ad29147,eosinophil,train,EO
7773,4b074965-897c-4852-8db0-a09958af8956,eosinophil,train,EO
7774,4e8fccd1-d1ab-4578-af0c-64132bd2271e,eosinophil,train,EO
7778,6db18a49-9fe8-4f4f-a419-b45cc00c292c,eosinophil,train,EO
7783,a62f9beb-c97c-46f8-99f9-63e04bbb11d7,monocyte,train,MO
7784,59cb1514-d57e-4daf-b3db-525f17ecdd46,basophil,train,BA
7790,39f9aa0d-f821-455b-a9fc-c7110743577b,basophil,train,BA
7796,f23639f6-526d-47da-ace7-5979798035b3,monocyte,train,MO
7797,f51cefb7-0d84-47f9-80a4-99d02d56083c,eosinophil,train,EO
7798,dcfa45c9-b080-4715-9428-307967c9800b,basophil,train,BA
7799,dea1f545-ad27-4ef2-a43e-5a9f1291a37f,monocyte,train,MO
7808,5fab511b-9540-432a-a6e9-c55f7f348e5d,eosinophil,train,EO
7816,eecf2383-1257-4f06-9f53-f1fddc313af2,monocyte,train,MO
7817,1071aa15-b190-4196-957b-33409ab109f0,monocyte,train,MO
7818,ac8716ca-04b2-42d3-be0f-7d88c6aff5a6,monocyte,train,MO
7821,2af18df6-75c6-4583-be34-24769f201c41,basophil,train,BA
7826,0ba8e631-da91-403d-ab7e-65b2b5483f15,basophil,train,BA
7827,dd22028a-b7bb-4f00-af91-c2ca337d3fbf,eosinophil,train,EO
7830,d6463876-4e2b-4c9d-81a5-c866616d2522,basophil,train,BA
7837,5e6bee1d-d92c-4022-8a09-25d363e73d67,eosinophil,train,EO
7842,e37c0046-6b16-4fc4-aa3a-6c1302b9d664,monocyte,train,MO
7843,8038912d-4407-4e74-b632-11a6511ba065,monocyte,train,MO
7849,3f661686-4857-4cb2-8f95-cdef2d9b751a,eosinophil,train,EO
7852,150c0862-0dc6-43b1-9271-c22b1e6d3f01,eosinophil,train,EO
7853,ce3273e8-b1a8-48bd-b831-df518fb8813c,eosinophil,train,EO
7854,75a62cc7-13a1-4435-98c0-af96f4c8625a,monocyte,train,MO
7856,501ef8dd-b405-4a16-a042-b253b9de03a2,eosinophil,train,EO
7860,599c0685-9aab-44f4-8856-d5055d01dafd,eosinophil,train,EO
7865,bfc22ad3-3904-4f97-a986-be1d4b454c43,eosinophil,train,EO
7866,1b92dfe2-1087-4b10-a2f6-15472075fa15,eosinophil,train,EO
7873,464634a3-d236-48ba-ab1e-f0f6e4fff3f5,basophil,train,BA
7876,36c58859-d21d-4562-a5aa-8ce4639c5052,basophil,train,BA
7877,e36a458b-eb96-4997-a69e-7fd0f4092665,eosinophil,train,EO
7878,0f8463c3-a448-4f9f-a932-8ea34be4626f,monocyte,train,MO
7883,73866f1e-2344-4fdd-82f4-5f35fcf8fde9,eosinophil,train,EO
7888,35b51a03-ba02-4caf-92f4-055a07980ae0,monocyte,train,MO
7893,fb013553-79b5-4990-8f13-610204878fd9,basophil,train,BA
7894,a1737298-1b7f-43e2-9dcf-78ffc8064336,eosinophil,train,EO
7898,f19ea0a8-beee-40bf-84b6-2237146d79b7,eosinophil,train,EO
7907,30053357-fb3e-441f-843f-305220f4147a,eosinophil,train,EO
7912,44b16708-be58-4266-8cfa-be3532a16af0,monocyte,train,MO
7913,b784faeb-bfe0-40fd-b7c2-f96445277d85,monocyte,train,MO
7915,5d1147ab-0de9-4dbb-a3f2-c78e41341b8e,eosinophil,train,EO
7918,24103c66-e174-409c-9b9b-95a6d18278ca,basophil,train,BA
7919,5770a84f-c195-4096-b14a-f400511653a3,basophil,train,BA
7920,1cf68a48-b75b-4521-944d-99b892cbd8bf,eosinophil,train,EO
7921,9f2c8bdb-a84d-4a2a-b867-79101eee0f39,monocyte,train,MO
7923,7fe84f17-143a-4de0-8327-89e85975351b,basophil,train,BA
7930,75431c5c-5d34-4859-a464-5fb23f313db7,monocyte,train,MO
7931,6cc4298c-9422-4948-9932-7c6dd944a1eb,eosinophil,train,EO
7937,68620ad8-01b4-49ba-bb3a-bf88d465371b,eosinophil,train,EO
7938,e1cfdea5-9a74-40f1-90c6-86911f653711,eosinophil,train,EO
7939,97236ea3-89e7-4584-b07c-f67ae77ae500,monocyte,train,MO
7940,4e12d9c8-cc70-4f9f-b0ae-22dd849d9fa1,monocyte,train,MO
7942,b20f398e-852c-4059-b267-6c840e05b914,eosinophil,train,EO
7945,937472af-c064-4c4c-b147-82e72ab43d20,eosinophil,train,EO
7947,bf02663a-6eb3-4639-aaef-5c2b75c8faf9,eosinophil,train,EO
7952,6e4edf7b-5023-4bf0-9ae4-c91bee61730d,eosinophil,train,EO
7953,75acc240-6749-45cb-bcdc-6c978b16113d,eosinophil,train,EO
7955,dc9717c3-d68f-4b13-8b4c-879fac251b53,monocyte,train,MO
7957,fb9b6e8b-e47b-4aae-8f3c-2a145aa4e87f,monocyte,train,MO
7963,346665c8-c321-4282-9414-487ee4257558,eosinophil,train,EO
7965,22bf6bc6-0ed4-4985-9795-ea6071eee96b,eosinophil,train,EO
7967,714e3233-9f0f-493f-923c-b6cbe01524e1,eosinophil,train,EO
7968,42d45124-aafc-4c03-9871-655312d0a76e,eosinophil,train,EO
7969,0f75d578-104d-4ca4-8cc7-276ef7362a32,monocyte,train,MO
7973,6b0427b6-d7e6-4dc4-8834-41c1ff9a13da,monocyte,train,MO
7975,cc3fbc51-db9a-4062-b686-74a09f49b1a4,eosinophil,train,EO
7981,852828be-c868-4976-bf8b-65434356f699,eosinophil,train,EO
7988,1da2d934-ed97-4a50-87cc-db40ccef297c,monocyte,train,MO
7989,87979834-64de-443b-9bf7-4867311576fe,eosinophil,train,EO
7993,06e6237a-2d46-417d-9fe6-8bd68abfe95f,eosinophil,train,EO
7998,03010f35-3256-4b6e-ab37-ac18c23116bf,eosinophil,train,EO
8001,6f9f4cc7-b17a-4916-9151-159f3b58f772,eosinophil,train,EO
8009,28f3b4d5-d4d2-47b7-bff5-c07da29b5894,monocyte,train,MO
8012,2268a6b0-50b2-451d-b52e-37cbe8279142,eosinophil,train,EO
8013,3ceccbc7-e214-4fee-a5f9-c72a26dd934a,eosinophil,train,EO
8014,ec3a67a3-5809-4bf4-8de4-ab181d4b7d61,basophil,train,BA
8017,b4a6df51-7353-44f1-a99b-299074461416,eosinophil,train,EO
8018,9bbe1f13-41f3-4636-9338-4251043663da,eosinophil,train,EO
8021,1a65f2a8-d918-47c4-be5d-6d82ba2eadfa,basophil,train,BA
8022,757aa7e0-46b6-457d-8482-274bd59544d4,basophil,train,BA
8024,61f874d4-fbdd-4a1c-9814-a54d8eb4a7b6,eosinophil,train,EO
8026,d2d6e71f-45e2-4078-b9c2-f05aa2b768a3,basophil,train,BA
8031,5bcd1699-137a-4dd0-ac81-ec176a077872,basophil,train,BA
8032,0f028f0a-010c-49c2-b7ac-e8fa9710ea29,eosinophil,train,EO
8034,0e09d9c6-e0be-4473-87f6-a91d6b90f287,basophil,train,BA
8036,0e4d0fa7-2120-4029-81a5-515aa73a432d,monocyte,train,MO
8037,c88973d2-3b2c-45a6-933d-346ddf18403a,monocyte,train,MO
8038,f8e39e3c-e00a-43d9-ae2b-7538926ff5a1,basophil,train,BA
8039,5f3ee4ca-5bc6-47b9-9fc9-7603172d90b7,monocyte,train,MO
8042,8692efe6-8d5c-4396-beac-434b3f4a80b2,monocyte,train,MO
8044,058bd089-b7ec-4bc7-bcda-08a0ade4392c,basophil,train,BA
8045,a965d13f-1f3a-4200-ba06-4b1e036e1f4b,eosinophil,train,EO
8046,38e78c3b-8e69-4785-9ed3-f871d7baca6e,eosinophil,train,EO
8049,517f9b3a-90ed-4f42-8463-1fc09b46a2ec,basophil,train,BA
8054,da58daca-5a2c-4c10-a328-f5d58ccbbd04,basophil,train,BA
8058,9a10d00a-10bd-4f04-b53e-a31696586e3f,eosinophil,train,EO
8067,30201c89-1a1f-4340-83b1-07c9039253e0,basophil,train,BA
8072,04ae61d4-26f1-4f37-acb7-5407490bfcaf,eosinophil,train,EO
8073,52297a1b-4893-4a31-83d3-9d7f8a3c4dfc,eosinophil,train,EO
8076,bc0dad88-02d8-469a-8924-549f70e8daef,monocyte,train,MO
8077,2c1cd412-a047-4fa5-8ddb-b2275a4b65f6,eosinophil,train,EO
8083,26b6eae5-6f4e-40b0-a893-cec572118236,eosinophil,train,EO
8084,6dc4afb2-9a3e-4211-bbbc-332dbe114b07,eosinophil,train,EO
8085,4165143b-d634-411c-8967-244fd5a61e3f,basophil,train,BA
8086,00343c63-11a3-4e8d-91ee-d11da316e96b,eosinophil,train,EO
8087,e22884af-3995-4221-83b0-97f36560b566,eosinophil,train,EO
8089,66b61940-5974-469d-9eba-59a5d8537384,eosinophil,train,EO
8090,c2ea3f23-f392-4dc0-be6a-d1ac4c5ea7de,basophil,train,BA
8092,4fe97f0a-121b-45f5-9422-d9e05d587321,basophil,train,BA
8095,ae266d45-5df5-498f-b01d-7e663fc3eb11,monocyte,train,MO
8097,6fa29052-f992-4e1b-a3f1-618f68255345,basophil,train,BA
8100,4ef3ee38-3f72-4fef-b292-342b3c1e79c1,monocyte,train,MO
8101,1427ca4f-ded7-4b1b-82d9-b4a0c6238a9f,monocyte,train,MO
8103,7b5dc391-f01e-4622-9959-499e11936567,monocyte,train,MO
8104,5ead107e-6ed0-49eb-b487-a41ef7bc15a6,eosinophil,train,EO
8105,ddd16103-14c6-4fac-ad8e-fb5744e14575,monocyte,train,MO
8109,4574aa61-3686-4cd9-bebe-498dd3cf9dba,eosinophil,train,EO
8113,8133aa41-e74f-4cdb-9ca1-9b32c7a50c2e,basophil,train,BA
8114,31e6e123-fc59-48e9-a8f9-6f208c650af2,eosinophil,train,EO
8115,d2fb6fbe-ed2b-453c-9d71-9e8cb65a8a67,monocyte,train,MO
8116,9cc04de2-9401-41dc-80ce-24b1b522dd59,monocyte,train,MO
8117,3719502f-b106-4570-b0e5-99b8af33dacd,eosinophil,train,EO
8120,fe28db30-215b-4db0-bba1-9e3db616b419,monocyte,train,MO
8122,763985de-10bc-4910-af42-76ea50b89f71,eosinophil,train,EO
8123,44f688e2-aaf7-40cd-bc54-ccfe2463033e,eosinophil,train,EO
8126,b5686e5c-ab5a-44cb-9855-368aa101e971,monocyte,train,MO
8129,a3250cfb-683c-4741-bed9-26954d0a8ae1,eosinophil,train,EO
8130,662db97a-ae91-49af-927b-6f428c57cb0d,basophil,train,BA
8140,633e6c4d-178f-4b9c-b83a-0332eca18f17,basophil,train,BA
8143,4f85ae31-b2cc-4b29-9d0f-01cee90f8362,basophil,train,BA
8144,bcb5ab45-24b6-4f32-84df-3d3bafb6da9c,eosinophil,train,EO
8145,a7f7ce12-085f-4bc5-9c26-d1e8cc060cb9,eosinophil,train,EO
8147,3f6c9c37-5719-4ecd-802e-14aafa2ee288,monocyte,train,MO
8149,cb7fde44-c81c-4db9-af9a-f6a68be7e5f8,eosinophil,train,EO
8152,93913ffd-0006-4412-8b7c-e377d2146047,basophil,train,BA
8153,a7b1ac9b-eefd-483d-b210-0b471e5a5dd0,eosinophil,train,EO
8160,a8b74fda-c56c-41e2-b0e6-9dda349c705e,eosinophil,train,EO
8163,c4ca85ce-c756-4ec2-8249-22cafe13bc4e,basophil,train,BA
8166,21c829c1-15c4-4a2a-a510-de7cd29b9197,eosinophil,train,EO
8167,5b48eaaa-7e64-4858-815d-8eed135fbfbc,eosinophil,train,EO
8170,daf8396b-af44-401a-8c56-71705e4c4737,monocyte,train,MO
8175,482075f1-7981-4863-bdce-322c852890b3,monocyte,train,MO
8177,66baa102-2acf-443e-86ba-ae17bf18fa00,basophil,train,BA
8178,7a5df15a-243d-4166-b231-e4f4e06ac0ec,monocyte,train,MO
8179,b344eee5-edf3-4fda-a1fb-abefc875f893,eosinophil,train,EO
8180,c85a03cd-9f8e-4bbd-a091-fc75eaff167e,eosinophil,train,EO
8181,8f1fd421-97c8-4d41-bbe6-726235ad81fc,eosinophil,train,EO
8186,f6cd4ccc-0894-42de-9b7c-ed18fb9e8869,monocyte,train,MO
8188,d732ef0e-91df-4013-9ff0-dba9da578bb9,monocyte,train,MO
8189,f486eabf-a2d3-4d5d-9354-9d86aa670fb6,monocyte,train,MO
8190,6b567d91-66e8-4c15-bac1-79780b736246,eosinophil,train,EO
8191,8944c6c5-8d6c-4d72-b78b-68af763e7923,monocyte,train,MO
8192,6d418b10-d152-4494-a90b-2819f0067a67,eosinophil,train,EO
8193,d97a5ff5-503f-43ed-b059-acd707fa1f6d,monocyte,train,MO
8194,83cc21c9-cfad-4a3d-bad9-5706509e9a6a,eosinophil,train,EO
8196,5912b22e-fce2-4234-a406-124162e7d676,eosinophil,train,EO
8200,92849de6-4971-4e52-a169-0415ec4424f5,eosinophil,train,EO
8204,884a6c2e-5298-4860-a8f6-5ea8fbac6c30,monocyte,train,MO
8205,30b3a388-d832-4c1c-afec-878e5107ad13,eosinophil,train,EO
8206,b3b17843-96e6-40b8-af96-b43519f3f661,eosinophil,train,EO
8210,b856fcc3-ca9e-4071-92d0-e07edf88dad4,basophil,train,BA
8211,dd4eeff7-47f6-489e-ad69-a652875cd5a2,monocyte,train,MO
8214,3c9dc82b-482d-416c-8300-452886951deb,eosinophil,train,EO
8216,11eed0df-fdca-4f28-8647-1a3b7e4a048b,monocyte,train,MO
8220,fdbf8879-b656-4b7e-8618-264312be4d28,eosinophil,train,EO
8221,8c168cb2-6a17-4dfd-a6c7-b499c18cf62c,basophil,train,BA
8223,84c44602-6f2f-489b-abe6-d80dde847b83,eosinophil,train,EO
8226,d4392ec0-a813-4f28-a64a-d1028f7fb60f,monocyte,train,MO
8227,2cc8579f-b776-4d96-9379-f10e3b1b99d3,eosinophil,train,EO
8228,5926f625-e77e-405b-b353-e5d83df3cad9,monocyte,train,MO
8231,15eac371-d3ac-4b74-957f-76da223e900f,eosinophil,train,EO
8232,9cd76560-a7e7-40fc-870a-ca1da85d794f,basophil,train,BA
8233,be6c2a8c-ccb1-4cd4-95d3-a0935417b474,monocyte,train,MO
8234,9052c9bd-19ff-4280-b445-5fe299a5b110,eosinophil,train,EO
8235,61534003-2d1b-4e1c-847f-c784c05a2964,basophil,train,BA
8237,ea998dce-8a3c-41df-a3d6-4129454c66a5,eosinophil,train,EO
8240,0bfcfaca-9f49-4ffd-89c0-4ea3511dc816,eosinophil,train,EO
8243,2e0f8741-ca36-4714-9c76-d014d2235fc7,monocyte,train,MO
8249,481f390a-2caa-4664-b9d3-a418455e60e7,eosinophil,train,EO
8250,e99dfeda-1ad0-4270-a0a7-ae5a6d180546,monocyte,train,MO
8253,1c64a20c-b42e-47da-b7e3-92806952fd3d,eosinophil,train,EO
8254,34d68d4f-cbb6-452a-a4b2-9f9de9222cc8,basophil,train,BA
8259,4fb747e0-0049-4302-9fc4-60fcb8375df6,eosinophil,train,EO
8265,47627d6f-5b95-4382-909f-039e93bece03,monocyte,train,MO
8267,3c6de740-e127-47d0-82c4-4319546cf035,monocyte,train,MO
8269,00bf235d-6968-446c-8fa9-ca0e7abbe022,eosinophil,train,EO
8270,85e60fda-a7d9-4b27-9bdd-a10a322c82be,monocyte,train,MO
8271,b93c7c15-e90a-4fd4-8a2d-bc547647635e,eosinophil,train,EO
8274,e52c2364-6991-4fcf-aaf0-2fc5bc506f99,eosinophil,train,EO
8282,0e4d9fd6-e644-45a2-b656-54f282ae424e,eosinophil,train,EO
8285,23c68c1e-bb2d-400d-a9da-10f1098f0c50,basophil,train,BA
8287,5a897b35-957e-42e2-8414-af2c934b8d3d,basophil,train,BA
8288,c5468506-edd6-4549-846b-22a9562d1317,eosinophil,train,EO
8289,e58c1bcd-57ec-412c-ac06-00880fc170d3,basophil,train,BA
8293,e3624ad7-4a94-4faa-8054-e17f4e171755,eosinophil,train,EO
8297,b885a0d4-df94-4868-8f7a-bf9aba26c31e,eosinophil,train,EO
8299,579e7d97-1aef-4989-85d5-6f2b49e3dc1a,basophil,train,BA
8300,ead9d112-7c0e-41a7-b68a-588503067d9f,eosinophil,train,EO
8305,058b3a3f-19e9-44c9-9be1-77b5c629cda9,eosinophil,train,EO
8306,933f8713-8d56-453e-a118-1c9e00ee518e,basophil,train,BA
8309,8b131ab9-2d0e-4b6d-a67d-916aa7b3f0b2,eosinophil,train,EO
8310,245b5e89-903d-4da7-baa9-00aaf924f8b4,basophil,train,BA
8311,20befb64-b79f-4deb-a4f4-84edeb5e5d18,eosinophil,train,EO
8313,9cb06413-56f3-4065-ac45-4a0200109940,eosinophil,train,EO
8317,7dbcca39-429b-46f0-a77b-f39d7225ca9c,eosinophil,train,EO
8318,03520041-a856-4ef6-9e98-274276a5509f,eosinophil,train,EO
8322,0d7e5724-778a-40aa-bd21-88398ede08eb,eosinophil,train,EO
8325,53de41cd-d63d-4420-aa81-232dd5a2e7f7,monocyte,train,MO
8327,3cd92ec6-5719-4142-9ea8-13a2589401ce,eosinophil,train,EO
8330,b5b93784-2663-4642-82aa-477b8c81ef2c,eosinophil,train,EO
8333,de851dfd-a959-4138-bc3f-f1c43ecd90fe,monocyte,train,MO
8335,6ecabe67-bc8e-427c-bcf7-790bd293b853,basophil,train,BA
8336,68415716-67bf-462c-925e-83ea8ec0b26b,basophil,train,BA
8337,728d6fe6-0c84-48d9-a05f-2975520f9fb6,monocyte,train,MO
8338,a5d427d5-4045-4873-954b-aff89174e0f0,eosinophil,train,EO
8340,a0ae6a33-5849-43ee-8be6-6d5746915435,eosinophil,train,EO
8342,72c254b4-0005-45d6-9c81-4d9d68a8dc76,eosinophil,train,EO
8345,d4808346-5d78-4a5a-90c0-e565fcf7f160,eosinophil,train,EO
8350,5ad5aa95-34a4-48fe-8e8f-d51534af083f,eosinophil,train,EO
8355,2cf9cd52-1f2c-4fff-be05-8941bccce4e0,eosinophil,train,EO
8357,c8aa599a-429a-478e-ba72-08461828e898,eosinophil,train,EO
8359,9b506965-00ff-4144-9ed5-087bd910e975,basophil,train,BA
8363,e963437a-75b9-423f-915b-f646a1de137d,basophil,train,BA
8368,99fcd65a-e482-4342-9084-5e3f62f3b83e,basophil,train,BA
8371,eaaf05d9-e08d-42b2-841b-1a2361d62acf,eosinophil,train,EO
8380,352865ca-d4f4-4216-b145-515e9e041bb5,eosinophil,train,EO
8381,5f3fd65f-79b4-484f-b485-8964abbd6788,monocyte,train,MO
8385,05d84735-50d7-45ed-bd27-aca9c7d3a738,eosinophil,train,EO
8391,190167a1-c67a-46bf-a7ae-8bc08a8234bd,basophil,train,BA
8392,67e23acc-6a68-4f27-8787-8f7c04b19a00,eosinophil,train,EO
8393,56a9210a-add5-42c4-8828-0ea50fa152b6,eosinophil,train,EO
8394,09cad1fc-86c0-44f1-8f11-e10349f0cf80,eosinophil,train,EO
8395,5710b63c-e953-4734-ae74-3e0c805941c9,basophil,train,BA
8396,28c3e8fb-dcf3-4abd-b4bd-4f839133597c,eosinophil,train,EO
8399,a2630d74-c4d7-46fe-a1b8-f32ce280456e,eosinophil,train,EO
8400,eec94969-5cf9-43bb-96dc-59355904fd23,monocyte,train,MO
8401,6b8dce9b-7a1a-4c46-bf25-0a3be0eacffe,basophil,train,BA
8403,4c37ac73-8f77-45b6-9723-ace2bfb3c997,monocyte,train,MO
8405,90210ec6-60a7-491b-971d-8ec7d4245d9a,eosinophil,train,EO
8408,ffff40f2-6d6f-437b-8d0e-0311a3d14693,monocyte,train,MO
8409,4bb8c48b-c54e-4248-b71d-5a4d9de27007,eosinophil,train,EO
8410,fc2e0a3f-efe6-4ef8-91ad-1c79f88c470c,eosinophil,train,EO
8411,55f6f0d3-0a58-42dd-a8ad-e05e9923f013,basophil,train,BA
8413,f060582d-6a32-4233-a6d4-33cdf018977a,monocyte,train,MO
8415,913ce223-82b4-4ff8-9fc5-63906406c13d,eosinophil,train,EO
8416,67b99740-6f2b-492f-b3c1-fabe33f1ed9e,eosinophil,train,EO
8417,e9974661-497e-423e-a281-286a9eaa06aa,eosinophil,train,EO
8420,be97c67b-8430-4d21-86c2-820d39ca0637,eosinophil,train,EO
8429,486f51ea-55cd-4cd4-a5d4-3c664b963cb6,basophil,train,BA
8431,5c56a577-1a0a-4f41-a829-06695a09f70f,basophil,train,BA
8434,e1b4b075-877e-4ca6-a85c-429a4a247f77,monocyte,train,MO
8436,e14cfb14-679d-4db6-a716-25fc7160dc7c,eosinophil,train,EO
8440,a4703a69-2d30-453d-a351-152a00b8e1ac,eosinophil,train,EO
8445,5bc73371-a954-42e9-a612-f1d2d23d600c,eosinophil,train,EO
8449,bbbd557f-e5c6-4ec5-9a8a-ade1a5b59348,eosinophil,train,EO
8452,4a82bef3-2783-4fd1-8c8d-6ca495c8dc33,eosinophil,train,EO
8454,4b6d9f5b-83ed-4afc-b2a9-32a463cd3cc2,basophil,train,BA
8455,4029c9bc-a56b-422e-9b38-8e4f1120d91c,eosinophil,train,EO
8466,60fc20a4-4584-420c-9b6c-082be395329f,eosinophil,train,EO
8471,807d256d-043e-475a-a99a-c21cb321a71c,eosinophil,train,EO
8472,b52c18b5-9435-49ac-bbb2-d3f0b4f94fb7,eosinophil,train,EO
8473,3cc1685e-09e4-4566-8ce4-195c371dfcad,eosinophil,train,EO
8474,2be98b0d-c833-4922-88d9-a04105f412b6,basophil,train,BA
8475,c0619875-bf21-4e8f-96f8-2bd7602410ef,monocyte,train,MO
8478,46bf1062-cd0b-4139-a7fa-e9951aabf426,eosinophil,train,EO
8482,4eb9b202-bc7c-4f33-a71d-36d2b914456b,monocyte,train,MO
8498,19bc23de-615b-40e4-9a66-ced744927087,basophil,train,BA
8499,3e6fb79d-fd3b-4943-a385-1ad11f2c8499,basophil,train,BA
8503,b2f07e6a-b1bb-4d4e-a691-14a411b5f80b,monocyte,train,MO
8505,bb7cb77c-5421-43fc-9539-cb9a283aa121,monocyte,train,MO
8512,bf78bf02-9da7-4111-ad74-4bf9da72f8ca,eosinophil,train,EO
8516,f5d2d7ee-b729-48d9-b30b-5b1e71ba4b74,eosinophil,train,EO
8520,d2206cdc-6b22-45dc-acc7-a1855ec1f3f4,basophil,train,BA
8522,f883dd86-fda3-48ac-98bd-86f9caf5ac7a,basophil,train,BA
8524,15998b40-7079-4d82-8555-28a5c737f642,monocyte,train,MO
8525,f1246c24-6963-41d2-b32a-f0148c721df2,eosinophil,train,EO
8526,7ece556f-4e1f-4154-82c7-5f572a991c5e,eosinophil,train,EO
8529,b6521b40-6868-436f-8106-342bbb1abaae,monocyte,train,MO
8530,61e5dae7-e74f-4363-a601-2d70d5a66476,eosinophil,train,EO
8531,baf307ed-86a5-426f-8db6-e1bdd15e4deb,monocyte,train,MO
8532,364fafdc-0ee7-490a-86f5-21eb8cb64c22,eosinophil,train,EO
8533,0e966257-822c-476b-a199-37d41dc03a6f,basophil,train,BA
8535,3b2beeb5-2829-4cc4-a787-79a1419daa42,monocyte,train,MO
8537,dc988a33-dd6c-486c-a890-6532e6db666a,monocyte,train,MO
8538,1f4c4d8c-d2fb-4cf5-9e8a-d5aafe435833,eosinophil,train,EO
8545,f1e8edc8-1444-4fea-8763-eea99276bc23,monocyte,train,MO
8548,4f6db720-5a95-4f47-a741-159f968a6276,monocyte,train,MO
8551,2e5d49f3-95cf-4fce-9dd2-c0be25f907cc,monocyte,train,MO
8552,3ab51525-445b-4812-92a0-b774a0861264,monocyte,train,MO
8555,ee3614ff-e812-4997-baf9-9496fd9afc4b,basophil,train,BA
8561,7b91c6e0-5da8-4976-b456-cf9fd8d14a97,eosinophil,train,EO
8566,751ba629-34aa-444c-9db3-d43fdac52b38,eosinophil,train,EO
8567,e9fe27a4-611d-400a-821f-66d3ca164fce,eosinophil,train,EO
8569,eda02996-426d-462b-b908-67132988942a,eosinophil,train,EO
8571,c6b42946-94a0-4dd7-9c3d-382fa1f4987e,eosinophil,train,EO
8572,4310d120-b6e4-4303-a6dd-16f67eb739cd,basophil,train,BA
8575,9b797cdd-7f74-4c27-9b4a-30b9eb2bba86,eosinophil,train,EO
8579,01d92266-ab67-4712-a461-f0d2cd4e8eea,eosinophil,train,EO
8582,3869df0b-06f0-45f3-86a8-403e38c3f717,monocyte,train,MO
8583,6bd2ba01-b118-40ff-8358-b45039e618bc,basophil,train,BA
8585,63b6c1f1-2edd-4b54-a03e-166006522c51,monocyte,train,MO
8588,04468dad-1c36-4301-8fe3-76662f167f39,eosinophil,train,EO
8590,3ae3c579-04ec-459c-9497-f97d1f597e05,monocyte,train,MO
8591,31d9f920-933f-4600-bb28-fe3d6c088daf,monocyte,train,MO
8593,3f4563da-67df-4812-857c-036d42006174,monocyte,train,MO
8595,0134f027-b54f-46c1-8cf1-26e9203d88d4,eosinophil,train,EO
8597,7b935e90-d458-4c7d-8ce5-a71e5b9f467b,basophil,train,BA
8598,752110a4-5218-4cbc-9ed1-8e150d653b53,eosinophil,train,EO
8599,4a0b164f-a14a-45ec-a66f-498c2b81e09f,monocyte,train,MO
8600,1a65839c-03db-4746-a3df-dcf7a63277c9,eosinophil,train,EO
8601,bc67905a-cc97-4de6-bb00-2269fd8bbba8,eosinophil,train,EO
8603,3f80d565-885f-492e-a785-e3448006a973,basophil,train,BA
8606,28aadac9-e022-4ff0-a712-74ec4eccd24c,eosinophil,train,EO
8609,1df278e8-6c5a-4ff0-a774-def1f3b44930,eosinophil,train,EO
8611,42b912bc-3add-44bc-a21f-fb58ebbfd360,eosinophil,train,EO
8614,e10caeb1-c7cd-4477-ba60-6bf70458be61,eosinophil,train,EO
8619,03c961b2-5af2-4588-a21c-264b222144d2,monocyte,train,MO
8626,0f9267d4-f659-4367-a639-b8b45baee37f,monocyte,train,MO
8627,6e80e3ae-857b-4265-b9b9-069d8b90a08a,basophil,train,BA
8630,c7d7b884-1abc-4c6e-9607-6563e61ecf56,eosinophil,train,EO
8631,5b4f5eca-5760-47ee-8745-3dda25fbbb2c,eosinophil,train,EO
8632,e30f396c-422f-4e16-bcaf-55094832dc84,monocyte,train,MO
8641,00461dc7-3118-4496-86b0-79a6879bdb7e,basophil,train,BA
8645,5a2c0eea-4b92-4046-abb6-67d798eb680c,eosinophil,train,EO
8657,b95326b2-fac4-4159-ba1e-c0c05cecbd0d,eosinophil,train,EO
8658,a537efd6-5c23-44a7-8a01-ab3559ff12e8,eosinophil,train,EO
8659,f54c33fa-233c-491d-a54a-993c8081d8c5,eosinophil,train,EO
8662,05c33abe-539b-4c45-8eb0-06307e68c366,eosinophil,train,EO
8663,9e6bab30-124a-4a70-a5cc-eef4cfd8ecd5,eosinophil,train,EO
8664,bf06e03c-6164-4065-a9c6-4c891fd6e040,basophil,train,BA
8667,255f0a52-d458-4030-b56c-3e15db911c6d,eosinophil,train,EO
8668,3412d99d-5cba-4286-bc68-0219b2959b4f,eosinophil,train,EO
8669,85ef6c85-26f2-44ad-9090-facc0831766b,basophil,train,BA
8670,beeb7b9f-fb1c-46aa-b89d-8974680531ba,eosinophil,train,EO
8671,91457e96-0351-4eff-96d1-47da7487d4c9,eosinophil,train,EO
8673,3285f408-e0c0-4720-b1a3-5525060ea0f7,eosinophil,train,EO
8679,ebce83a4-4a46-47a0-b9e5-38475baaa241,monocyte,train,MO
8684,5db29def-30ec-44c9-96bb-821568ba4e4b,eosinophil,train,EO
8685,0f495a9f-3d12-4587-9864-6f6b962de1f9,eosinophil,train,EO
8686,81f50fc1-5d67-4bdf-b123-93e941c43c61,eosinophil,train,EO
8688,cf9676d6-c1b7-4505-9398-bfe8fe547b57,eosinophil,train,EO
8691,7aac0918-5215-4cd3-b6a0-0090a99822f6,basophil,train,BA
8696,7829f6d8-3198-4f24-8bdf-86456ebb7e65,monocyte,train,MO
8697,30e98da6-b649-4b95-9ab9-824c491fd02a,basophil,train,BA
8701,932f8852-ee38-473b-924b-b2dc1341a4d6,basophil,train,BA
8702,d2e5c752-1aec-4dc2-9dd5-d13a719298b5,eosinophil,train,EO
8704,bb12538f-237a-4307-b54f-61c20d8a55cc,basophil,train,BA
8706,dfc1e4c0-1f3c-47e2-8e8a-03dc8a4544cb,eosinophil,train,EO
8708,210a44fb-751b-4057-be0c-34a39d6472a4,monocyte,train,MO
8712,24e677de-a1a0-4b26-b961-def636887fca,eosinophil,train,EO
8725,2ec82827-f884-46df-bcfa-44d85147432f,eosinophil,train,EO
8730,e803a877-309f-4d78-9b24-eefe1a9805d9,eosinophil,train,EO
8733,f56464aa-f4a5-44fd-9285-1b8ad4675047,eosinophil,train,EO
8738,95ec6bf2-b49b-4164-bc9c-955d97aa8677,eosinophil,train,EO
8743,5f27d700-6e7c-413c-a5c9-a7ad4e4d612d,eosinophil,train,EO
8744,11c4e628-b202-4411-bc42-da4c1e305eed,eosinophil,train,EO
8745,90e37fa6-1692-4d9d-8d0c-3f02d77c997f,basophil,train,BA
8748,c52e1073-3911-4b69-8244-49ab25e0b83b,basophil,train,BA
8749,cf017f0c-2cbb-4471-a290-3859d6ec7522,monocyte,train,MO
8750,c5664605-da78-4a53-a622-482510bbf29e,eosinophil,train,EO
8752,0221b9a5-62f5-4247-b6ea-b7ae07ea8f50,monocyte,train,MO
8754,7a29bf24-0fe6-4e4b-af17-c5049a4926f3,eosinophil,train,EO
8756,dfd2032c-e5b0-414c-a96a-bc320d7a0f02,basophil,train,BA
8758,4f852fe2-fc72-46f0-ae30-e110787df7a2,eosinophil,train,EO
8760,ccf78b71-f844-4648-8e94-7152a1ca0be6,monocyte,train,MO
8763,a0f82780-0053-4eac-b978-b4a833ee25d1,eosinophil,train,EO
8765,7f4a7c2a-2ed9-4a59-ba89-27a6e8b415c4,eosinophil,train,EO
8773,cbb4d277-9edf-4332-8c27-94a95c40ed2e,eosinophil,train,EO
8775,a4dfd9ac-565f-46be-9a33-d4b928810378,monocyte,train,MO
8776,0450a687-2b86-4109-b557-5c8a0c363f35,eosinophil,train,EO
8778,0c5b0f6b-d49f-476d-9f3b-89763066d184,eosinophil,train,EO
8780,afdec70f-eb2e-4ed0-b8d4-7eca07607f72,eosinophil,train,EO
8783,c64b8d4a-6710-4011-9f61-97c38bab3fb3,eosinophil,train,EO
8786,1703555c-ffad-4b12-a78d-a526cdd7f563,eosinophil,train,EO
8793,43161a97-8716-4c91-ad75-851e4bf4f788,basophil,train,BA
8794,5150d213-81c8-49f6-b3a5-a41bf2707ecb,eosinophil,train,EO
8795,5642f986-7cbd-4616-bbca-d174e648a93e,basophil,train,BA
8801,b770eaaa-49cc-4c00-ac4c-6b505241257a,monocyte,train,MO
8806,88700a58-2c0a-4ac9-9dfc-bf8987b07886,eosinophil,train,EO
8809,e518df32-d9a1-4955-afd9-cc79867585e4,eosinophil,train,EO
8812,738d315f-93fe-4a32-8604-fda05ef74721,eosinophil,train,EO
8817,4bc6f9b1-6873-479d-8ea8-ab7961c22cc2,basophil,train,BA
8818,74302f4e-f11b-4b5d-8190-8b41d917bcda,basophil,train,BA
8822,1ed4e3fe-a7dc-4ba5-8f8d-3d1f5fb2b1a4,eosinophil,train,EO
8824,f375fe10-5169-4b98-beb8-8b2fa92f1b47,monocyte,train,MO
8826,07c1393a-8d83-4aac-98b6-c1eb073cf107,eosinophil,train,EO
8828,63742fe5-359d-4801-ba85-b01bc9ef136a,eosinophil,train,EO
8836,85d20b42-6f29-47fb-9690-42c1683e05aa,eosinophil,train,EO
8839,11262565-a9eb-4db5-9d70-c5652ff0c9ec,eosinophil,train,EO
8841,5067c547-d0b5-490d-8211-ed34c6f22533,eosinophil,train,EO
8842,48ae601e-1b28-4658-8349-908fcb1a5c56,basophil,train,BA
8847,93c16a24-35fc-4ad5-b185-9bb392e02243,basophil,train,BA
8848,e3b0dc3d-fcee-468b-9bae-d832b4c0de98,basophil,train,BA
8850,48b945e1-6d89-44a4-ae56-cb014cd4d0a3,monocyte,train,MO
8857,10283229-1f50-4852-bf08-d251a49422d1,monocyte,train,MO
8862,7f8ed7c7-cc50-4f7c-80ac-e2b4e8b0dd0a,eosinophil,train,EO
8863,6a0fff6d-0540-4f72-8c58-3d48b28eb7b9,eosinophil,train,EO
8864,998e9bcd-eb15-4169-a1fa-f2962b980093,eosinophil,train,EO
8865,69e294ca-e6c3-47ce-b548-a188ce803e26,basophil,train,BA
8866,c51e8443-4ff6-40d2-99dc-5c19ecb1b33c,basophil,train,BA
8869,afc69c75-7407-4610-9dd5-1b4e59cd4b6a,monocyte,train,MO
8871,998d8c32-2e54-45cc-aad2-dbe2eb994c2f,monocyte,train,MO
8872,0651b02a-0b4b-4141-be56-7481ede2dc7a,eosinophil,train,EO
8875,9b747640-942b-4cfa-a1db-1a496069c2e6,basophil,train,BA
8876,90c955c0-fa28-4023-ab4b-c306c5c598e1,eosinophil,train,EO
8880,f88f129e-27ce-4182-baac-80c599bc6b82,eosinophil,train,EO
8882,31596c6e-04da-427b-a845-b48eb70fa693,eosinophil,train,EO
8887,37da4700-a9b0-4207-9589-2ee16c0e7765,eosinophil,train,EO
8894,59256aee-46b8-48bd-b41e-8d68c9454064,eosinophil,train,EO
8895,a827dca1-4e92-411e-8c07-2d08747d3a07,eosinophil,train,EO
8896,dcdabd1c-2468-4716-a780-f23a0ba6ae01,basophil,train,BA
8897,08412cc8-bcaf-467d-9ba1-1036b273cda5,monocyte,train,MO
8898,6fdf3ffd-ac5c-470e-b580-b2c3595d6d73,basophil,train,BA
8904,aab1ab3d-00d0-4dc2-9530-cdc7fea617a4,eosinophil,train,EO
8907,21da327f-a804-43ee-9a66-1fbf6877d9eb,basophil,train,BA
8908,cc98dcd5-0552-468b-bc68-da8365514a94,monocyte,train,MO
8910,9c561694-cc50-4ffd-8490-383191e449c0,eosinophil,train,EO
8911,6ad31b69-87d0-42eb-8d53-bed5e76c0c59,eosinophil,train,EO
8912,27181696-812f-4e2c-9492-de6d2f28e515,basophil,train,BA
8915,bf9fdc83-107d-48e8-bdbe-f48b2046fdc1,eosinophil,train,EO
8919,78d1204e-0638-4e52-bfda-0c086a38f0a4,eosinophil,train,EO
8920,989a50dc-07de-47eb-872f-933f9fafff06,monocyte,train,MO
8924,fd9939b3-97ec-4dbc-b3c9-2b559fa90eb1,eosinophil,train,EO
8926,a2e417f6-6753-42ff-846a-3685975e9ea0,monocyte,train,MO
8930,0c349868-9ac0-42fe-bd6a-5170288b282a,monocyte,train,MO
8933,7f695984-99f7-478d-837e-a325730a02db,eosinophil,train,EO
8937,7a96fcac-3971-48ec-9859-a9cb7a53ea25,monocyte,train,MO
8940,904e7c70-70bc-45f3-a20d-25b384f47d9c,basophil,train,BA
8946,8e95fe84-351b-4ad8-8cdf-3b6b6428713c,basophil,train,BA
8951,75ad2609-7992-44f4-a769-8c08765307db,eosinophil,train,EO
8958,26694b19-590e-4c93-84df-a74ccae54fe6,eosinophil,train,EO
8967,9a127031-16e2-4560-928b-a5e0b98f8413,monocyte,train,MO
8969,68d67979-fef9-40f2-8c9b-6e5245e3d21b,eosinophil,train,EO
8970,d2276eca-b177-4c69-95f7-6e43777be382,basophil,train,BA
8971,e9d22e76-7752-46e9-8945-6a95c263983c,basophil,train,BA
8980,14e39121-eafe-4ce1-bf78-6710c0d3fa20,eosinophil,train,EO
8982,ae6f82d9-5e9c-42e6-af6e-33042c53834b,eosinophil,train,EO
8983,49feb705-6716-45c3-a8d5-0baadd82bf82,monocyte,train,MO
8986,29ed9be5-ccbc-45cb-b252-364ff5a21427,monocyte,train,MO
8988,da57adb2-6101-4133-8700-7dbe91d019a4,monocyte,train,MO
8990,2b829540-a34f-4799-b6c0-c7312128cde0,eosinophil,train,EO
8993,7af97f7f-b9bd-44dc-be07-1cd654975bd9,eosinophil,train,EO
8996,041db462-edd6-4d5f-8b0f-a28db2348b2f,monocyte,train,MO
9000,53045c8d-2ace-43e1-822a-33cd15ba69e1,eosinophil,train,EO
9001,8cfde1ce-9105-4406-bb6c-bb18cce1bbcf,basophil,train,BA
9007,8253d004-4f8d-4846-b84c-0482e82c679f,monocyte,train,MO
9011,260593f9-848c-4e2d-a218-944d882fcd9c,eosinophil,train,EO
9019,9ebfc1f2-aa80-465f-8d2f-844a55c21f0f,eosinophil,train,EO
9020,a0c3907b-8165-4249-b1ab-5d672929d399,eosinophil,train,EO
9026,51f312b7-8df0-4b52-8108-8807123f49d6,basophil,train,BA
9027,64a6727b-8d85-4a0e-b187-370aaf2b4658,eosinophil,train,EO
9035,a16671ba-e4c2-4def-92e0-de7a97e712bd,eosinophil,train,EO
9037,12e61ae1-aa92-454a-b7eb-d9c8659d617b,eosinophil,train,EO
9042,6316a527-8474-49fa-801b-24e2d9dac92c,basophil,train,BA
9046,2e5d1247-44ea-4659-a1e4-33733fa350d8,eosinophil,train,EO
9047,a1e3c908-3081-439f-aaea-050cf017cf1e,eosinophil,train,EO
9048,84240092-a9d0-449c-b74e-170a6212f442,monocyte,train,MO
9050,cabb35ec-e1f2-4678-b261-b6a6e71ee32d,eosinophil,train,EO
9055,8565ef3d-3741-4f7e-aa73-c0c05ff47a1c,monocyte,train,MO
9060,44fafd20-19d4-4d77-95a7-e5980aafa358,basophil,train,BA
9061,58782e13-b5a5-498e-863c-2cba5d89aa70,eosinophil,train,EO
9063,cccfc5d4-285b-42fe-b896-4c7af1210baa,basophil,train,BA
9064,84ceba13-ec95-4973-96e6-ad21604d3a90,eosinophil,train,EO
9068,901b2309-3c99-42f4-bb9e-511f9ee869a4,basophil,train,BA
9080,09575f42-5d94-4b2a-8221-893288f601d2,eosinophil,train,EO
9081,f0410d66-62f7-4688-a1e4-2aab04a670bf,eosinophil,train,EO
9083,99e13201-e26a-45c1-a857-5a0ba4e37982,eosinophil,train,EO
9084,18182f55-4725-4901-81fc-b667ed2431cd,eosinophil,train,EO
9085,13f73337-0d5d-4c33-9e82-9843e25a5781,eosinophil,train,EO
9088,c9a816f4-2e99-4fc4-af69-2aff038cecb9,eosinophil,train,EO
9089,7a83bd06-1053-48ad-9771-de3823dde94f,basophil,train,BA
9091,b0ef90ee-f0ac-4618-b226-c5b9c2358bb4,eosinophil,train,EO
9092,61b18593-a732-48d8-8360-36e3e8650033,basophil,train,BA
9098,e1b2fe93-c3a1-4622-99d6-daec91cca1d1,basophil,train,BA
9101,d37fdae9-a677-42b6-b172-96f6745b22bf,basophil,train,BA
9103,e7a983ce-b04e-43e8-a8e0-db45247684d1,monocyte,train,MO
9106,7df19eb1-7703-4706-a5bd-88484fa7bc34,eosinophil,train,EO
9110,ae1363e5-2fda-4d5c-8ef2-f71a5bb273b7,eosinophil,train,EO
9111,ec75a7e2-57d2-4ca5-a764-f4b7ef76b5c0,monocyte,train,MO
9115,bf8fcc3d-b52a-4956-8387-777829982f2c,eosinophil,train,EO
9116,e8791558-9ed9-4d33-8f60-3639d6ce0fa0,monocyte,train,MO
9119,2cb44ad1-76c6-407b-b279-ca027f3697ac,eosinophil,train,EO
9122,aa55f3cc-06ea-48a3-8549-02631a58a5b9,eosinophil,train,EO
9125,b6ad04ab-0970-4728-956e-250e9d9ca14e,eosinophil,train,EO
9127,0a4090b7-a53f-4145-a4b2-e52250ba41ed,monocyte,train,MO
9134,8fd981f9-2811-4775-82ba-72e5f1fffbb0,eosinophil,train,EO
9136,0957f7b5-19c3-451c-a347-3bb65458ab3f,eosinophil,train,EO
9138,6987509a-d789-4a57-a2f8-21783f9ad680,basophil,train,BA
9139,a496fe58-9a18-4235-a3fc-67ea11fcfbda,eosinophil,train,EO
9145,789f118c-03f5-408b-b07f-8996cd5f9d84,basophil,train,BA
9148,b6e0bbfe-4cb7-4f60-af90-aad1be14966a,eosinophil,train,EO
9151,994e36c9-4feb-4247-9180-a629a6a32577,eosinophil,train,EO
9153,0599c53a-f6cb-48f4-af05-3c77ab2aee2f,eosinophil,train,EO
9161,a6ecf5b6-804c-4e60-8820-c8a119d36f91,eosinophil,train,EO
9167,cd818a29-4bb4-4819-9da6-3cddfdf94156,eosinophil,train,EO
9173,a025b8a8-9035-4b96-a57f-45ed1f14d1c5,basophil,train,BA
9179,7f2a8a75-9dbe-4ddc-b4b1-74e89887a8e1,eosinophil,train,EO
9180,7b25ea05-4ab7-45a6-b812-f1e143b85d0f,eosinophil,train,EO
9183,f872aef7-d541-4ac4-b084-618616aa573a,eosinophil,train,EO
9186,9ce29caa-f61f-4565-b6d4-da61de175b2b,monocyte,train,MO
9191,f66cec85-f5a4-4eee-b4eb-a7091eac7ef0,eosinophil,train,EO
9195,d113f12d-3f11-46b0-bd25-df8c2011eb04,eosinophil,train,EO
9202,6235e097-a68a-4d8d-babf-52fb6a7e9ba4,eosinophil,train,EO
9203,b31d8bfd-7e68-43be-af13-7a8e3e7f6fba,monocyte,train,MO
9204,67744d94-65fb-4121-ac74-b21e1f0a856c,basophil,train,BA
9205,cca6dc40-6b4f-41db-9713-585c159c3ef2,eosinophil,train,EO
9207,ab6d61fa-25fb-4b8d-af79-db1263f505c6,monocyte,train,MO
9208,4207b9b7-fa12-4ae5-952e-5cd5e4c572e0,monocyte,train,MO
9209,159190b4-5c8f-44ee-8791-ebb09621008d,eosinophil,train,EO
9210,b1813cf8-6736-4840-b903-8afb020855af,eosinophil,train,EO
9214,64ccc78e-a7b6-4e25-a711-c0bea95252d0,monocyte,train,MO
9217,b31b0830-9203-44ca-8df5-69c192b93a4c,monocyte,train,MO
9220,e5b92b5b-2be8-4dc9-99f5-e2e2cc72d91d,eosinophil,train,EO
9222,393564d5-9b81-4988-975d-bc0ed0b3ba9e,eosinophil,train,EO
9225,5f2c2140-ac56-4c65-82ed-071ced517f74,basophil,train,BA
9233,ba33f8e0-c917-4292-b94a-e0e38e91a52c,eosinophil,train,EO
9239,4af72c2b-1dc4-4292-aa37-411b4fce5b3f,eosinophil,train,EO
9241,1f6009ba-d829-49ab-88c3-71800c4a8257,eosinophil,train,EO
9243,2aa15997-8ca4-4d8c-a0cd-c38b74dea88f,monocyte,train,MO
9252,ea5716f8-23cd-4ee9-9119-a54368f40e80,eosinophil,train,EO
9254,1a5c17d2-d5c1-4372-bb3c-fdf8fdd925e8,eosinophil,train,EO
9262,d495de6d-b9eb-48ba-9ecf-de2b518b5fee,basophil,train,BA
9264,cfa068bf-aa38-4bf3-a45f-9d7520e19a00,eosinophil,train,EO
9265,2d31146a-95c2-451c-ad52-56038ce2c27e,monocyte,train,MO
9266,ccd86387-c988-4ec3-b55e-017aae3ecd9b,basophil,train,BA
9270,0e12a4c1-75b1-4a10-9731-9da0a8c19462,basophil,train,BA
9272,5f94fa1a-0d50-48b1-a179-357ccd4f2fc1,eosinophil,train,EO
9276,00087247-1ddc-4e0a-a326-a7557ddd79f9,monocyte,train,MO
9279,260e8893-5b4b-471b-a6c2-0559ce394d6b,monocyte,train,MO
9281,0e55df79-9772-489f-894c-96e9bdb52793,eosinophil,train,EO
9285,63ec2376-bd49-4e36-b8e8-2fe5dafe1ce9,eosinophil,train,EO
9286,e266e0cf-b6b0-48b1-afa4-197af20f25dc,monocyte,train,MO
9289,88bff258-ab27-4c81-a50f-8a2dddbd9a42,eosinophil,train,EO
9290,7eca73b3-9da5-4e05-9f3f-b07bd402a3f2,eosinophil,train,EO
9291,51084dad-3630-49d6-a0db-3a42faeac3c2,eosinophil,train,EO
9294,159389ef-c3c0-4c85-a7f1-6441baed5c4c,eosinophil,train,EO
9298,6b6f7965-0a8d-4cd3-be18-5cc20a8a4176,eosinophil,train,EO
9299,d35451f1-cdde-4569-b238-c5365e7b88f3,eosinophil,train,EO
9305,ed73e6a8-7d26-4e28-a881-2871f6358698,monocyte,train,MO
9307,7aae0c44-e113-42bb-9f6a-e1b964432211,eosinophil,train,EO
9309,89cbefe3-fdce-41fc-b00b-bfc16fd2206e,monocyte,train,MO
9310,7d8c87a2-6e0e-4aec-8333-e67049167d7d,basophil,train,BA
9311,537daafc-3e0f-44ff-82ff-b478a4548334,eosinophil,train,EO
9313,22fd6dbc-a35d-4fe3-8da1-842d20b9a82c,eosinophil,train,EO
9316,9a377637-9121-458e-b71d-7462d1bc1a37,basophil,train,BA
9319,d6f75a1b-8c78-4d7a-bbe5-6736e20125bd,monocyte,train,MO
9321,ed5799d6-79d6-45eb-9c60-de4e78d050ad,eosinophil,train,EO
9326,7e0d04a6-088d-43a8-9f85-b55f16941367,monocyte,train,MO
9334,a4c19f8d-726c-425e-a409-6cf15039d7a3,eosinophil,train,EO
9340,2b121adf-8e72-45b6-b5ad-dd69ffcd7e0a,eosinophil,train,EO
9347,38065e63-3285-4896-b2eb-5239733076ea,eosinophil,train,EO
9352,fd87ce28-e760-41ac-b0c1-54752e723a55,monocyte,train,MO
9358,2d982200-e4c9-4ed1-a860-aff01c0743e8,eosinophil,train,EO
9359,63a9329e-f25e-449b-8155-905395df3d4e,basophil,train,BA
9363,fc1af10d-4c2c-4b72-a23d-d431731837cc,basophil,train,BA
9364,259a43c9-cf53-4963-8f3f-8d86f6799fb4,eosinophil,train,EO
9366,5b31c065-a5ea-4c2e-a6c7-41046b07b069,eosinophil,train,EO
9373,4a7269d5-eaa9-496c-b57e-e64721748600,eosinophil,train,EO
9375,3b3c7611-5e78-474d-b702-b8904d22c0ff,monocyte,train,MO
9376,a55fea14-7443-4882-959a-c58c52e0fd7c,basophil,train,BA
9381,b0b6cbdc-f350-4fac-94a5-5be6cd8058a4,eosinophil,train,EO
9388,dc16a3d9-b1bd-4a72-b8a6-2d5cb86d1372,basophil,train,BA
9390,cf3b7625-7580-4a66-b0a1-64b726873383,eosinophil,train,EO
9392,228c4074-98d4-4eda-81b1-d1fdd816842b,monocyte,train,MO
9395,8fc26103-895f-4f97-b1e5-e508b33647af,eosinophil,train,EO
9402,95f3a63f-8db9-4d2e-9565-cd988a11798f,eosinophil,train,EO
9403,a44a3879-f5bc-4a94-9f88-9954858d8f5d,eosinophil,train,EO
9404,362c44e5-65d2-4abc-99c9-c96fee0714e4,eosinophil,train,EO
9406,42f428c0-013c-4cbb-aace-d4dd666ae706,eosinophil,train,EO
9410,08eb8aad-3c7f-4ae9-a126-8a81f8a65bd2,eosinophil,train,EO
9420,f7f37131-b481-4800-8bc7-79fab1400150,monocyte,train,MO
9422,47eaa884-e2b0-4aae-87b0-6d75e65c6457,basophil,train,BA
9423,6f021649-e939-432a-8ec2-f8ccb111895e,monocyte,train,MO
9424,05c05f00-165f-40ec-8bad-70297255efb0,eosinophil,train,EO
9427,7dd1c88d-7c29-4066-9f15-8a2fc3c3612d,monocyte,train,MO
9428,b720a5e4-aa68-47c9-bc87-62abd6bcaec2,eosinophil,train,EO
9429,ba7548a4-7e19-4f22-bc70-b3b9d820e1e4,monocyte,train,MO
9430,0c61c22e-14ae-49df-a522-9dbd7ef76a14,eosinophil,train,EO
9432,503a7232-8c5f-4ce0-91cc-1ad33ea9d20d,monocyte,train,MO
9442,eb64226b-7573-468b-8151-894b81e339b2,eosinophil,train,EO
9443,52021f7b-fae7-4241-ad2e-f94b02fb7f02,eosinophil,train,EO
9446,d84fb966-85cf-4521-967c-ee5030b84e59,monocyte,train,MO
9449,4c6b5f8d-b759-432d-bc97-c2267134ed9b,eosinophil,train,EO
9452,368e4e5a-6ad5-4979-a485-c36c60802b6a,eosinophil,train,EO
9455,a938a571-5b1b-43ce-b02b-e80e51f5e57c,basophil,train,BA
9457,f6becc5e-c726-40da-bb9e-2a6b6fc85205,eosinophil,train,EO
9461,74bac5a3-722f-48c0-85ac-f47d59dea6db,basophil,train,BA
9469,1ff1ea25-766a-41ed-be1b-a67a7bdb0de0,eosinophil,train,EO
9477,0b5113b8-794f-4cb9-9590-5e1d85af077f,eosinophil,train,EO
9479,ee64cf84-56d2-4d68-a95a-e56af363b83b,eosinophil,train,EO
9482,e1555c01-bd4f-4f6d-ba4f-7be06fd8bc97,basophil,train,BA
9484,6f8e941f-4216-492e-af14-ba3ecbdfb962,eosinophil,train,EO
9487,48a00ee5-c9c2-440c-86a5-c1890847025d,eosinophil,train,EO
9488,e5eb9610-3b42-4cf1-ab3a-f58d116b1e17,basophil,train,BA
9489,3118d2da-1455-4448-9c6e-bde099d5e2f7,monocyte,train,MO
9493,e8ee93f4-0c90-4226-b8bd-d148b8a48f40,eosinophil,train,EO
9495,3aa54d73-3962-469e-870a-b8bc1d7324fc,eosinophil,train,EO
9501,b5d43d20-65a2-4c6f-b0be-d2f4f20912c5,monocyte,train,MO
9502,03869b49-6cb9-4ccd-b744-3b6da3f5d1ae,monocyte,train,MO
9503,c4d58fe3-558c-47ce-b048-1c93a67e94db,basophil,train,BA
9505,ab92cd96-8698-4d81-842d-1dea8837219a,eosinophil,train,EO
9506,f8b3ecb2-85ab-4e64-b15b-3d2817c1a865,eosinophil,train,EO
9507,327599c9-1cf0-4c3e-94a9-f7aba0a3afea,eosinophil,train,EO
9508,d74dfb41-e458-40cc-8c7e-13d1cd41fe29,monocyte,train,MO
9511,a10ad857-35b5-4a94-9239-ba8af516c564,monocyte,train,MO
9512,72fa1147-2097-4a46-b0fc-6f2c64f2347d,monocyte,train,MO
9516,da28783e-d5aa-4cb1-9f72-b6c424556a51,monocyte,train,MO
9517,21b90750-2759-4364-baa3-b82919007745,eosinophil,train,EO
9520,23ada4b4-47d4-45c8-a7f3-87baeb741ac6,monocyte,train,MO
9524,e8461b30-8dce-4c8c-8158-3dc4e7801bc9,eosinophil,train,EO
9526,f5412af7-35ec-47fc-9eea-2e74adb00407,eosinophil,train,EO
9527,6e8bdac7-0493-4368-a8bc-190337fed3e4,eosinophil,train,EO
9529,4f3cb9b2-2a9c-42f7-a4cc-ced10b578114,basophil,train,BA
9530,f895fc8f-2dd3-42fa-8ee6-543528db6be3,monocyte,train,MO
9531,f0200484-68b8-4d5d-9025-bef73be0f155,monocyte,train,MO
9532,6a6cafd7-9f8e-4746-b03a-aa0acc773ea4,eosinophil,train,EO
9536,c4e28381-3cc1-44be-af6a-61b51d37196e,eosinophil,train,EO
9543,06227a58-8ca1-4f2e-afd8-3859d5cc7a5c,monocyte,train,MO
9544,3e2167ed-529f-43b5-9e74-1f7852518035,monocyte,train,MO
9546,a74f187b-7239-4dcd-a86b-31fddf2cdd22,basophil,train,BA
9549,8ad39e50-f10a-46ff-96aa-265559536b53,eosinophil,train,EO
9550,852f3f6f-cdef-4947-b13d-2bced84b001f,eosinophil,train,EO
9551,76eb21ff-9d85-4ecd-bbd1-5bbb30e494c0,eosinophil,train,EO
9554,838d4593-ac2d-466b-9fb4-be53f9215e11,eosinophil,train,EO
9558,44cd5283-c822-445d-bc1c-70d78ef14abb,basophil,train,BA
9561,df8a2291-912d-438e-b664-ba9c529cc8ba,monocyte,train,MO
9562,80f2bbdb-c96c-410f-a875-9a1144f8fae0,eosinophil,train,EO
9566,0b3ea73b-94d9-454d-8fbe-10943674a5e9,monocyte,train,MO
9569,db37056c-e6d9-47f4-96a2-80136288aff3,eosinophil,train,EO
9573,a2a3f7cf-0cec-4300-a389-12df4a8682e1,eosinophil,train,EO
9574,82b0e709-18c8-48e2-b220-60a574ce9e43,basophil,train,BA
9586,236ab024-8d58-4b03-affd-f7d0ec24dc6d,eosinophil,train,EO
9588,cd727bbe-2ed8-431f-903a-c27fbab7a787,monocyte,train,MO
9590,10a2207f-a80b-4211-8ea7-04c9bbdb8e22,monocyte,train,MO
9591,ae2465b0-a482-4964-bd55-97634b7eee56,basophil,train,BA
9593,c7105005-a178-4077-9cc3-e1a1e84f58d5,eosinophil,train,EO
9595,69746c8d-ccd5-488a-93a0-c23d5595d951,basophil,train,BA
9598,69cb171f-a920-4dd5-bd02-1f85fe09513b,eosinophil,train,EO
9599,6958a771-935a-4e98-80ef-da63ff64af56,basophil,train,BA
9600,155f4c0c-5fa0-4c4f-b588-7a48532f8afa,eosinophil,train,EO
9602,ac0278d5-7df5-434c-8cd5-37694b4ac397,eosinophil,train,EO
9609,6152eb7d-a630-40f4-8bf9-be5be2487178,eosinophil,train,EO
9611,109e850c-02fb-4285-aad0-af88b2db163a,eosinophil,train,EO
9615,28010a91-dbca-402b-bb55-0a5df302c528,basophil,train,BA
9617,8d7b0c62-65b9-4f28-8047-3ce52d32ab55,eosinophil,train,EO
9618,0c6a2c31-cffa-42f7-8b1e-6932a02096d5,eosinophil,train,EO
9619,100e135c-c041-44ff-be50-1afec4c25dde,eosinophil,train,EO
9621,37cc6b9f-da24-4486-bf2f-e5d564a8a892,monocyte,train,MO
9622,1692f1dd-78e4-4f7d-a176-6eebc34d69d5,monocyte,train,MO
9624,ef6b21f4-e2db-4644-a5a1-c06ddd12d075,eosinophil,train,EO
9628,815b0696-7c6f-482a-99d0-c7ac1573cdb6,eosinophil,train,EO
9630,8af99d1a-1d9a-4ed9-9663-42ed53e56856,basophil,train,BA
9632,45c9e571-4bf8-467c-94a2-a019596dd8d5,eosinophil,train,EO
9634,ff30def9-6b28-44b5-a06e-f16f2895d8a0,eosinophil,train,EO
9639,e648c186-35c2-471f-955a-e38fbc780960,basophil,train,BA
9642,c2adccd3-a82f-446b-8f58-9450f788822d,basophil,train,BA
9643,7d5cf759-965c-4b22-a4ab-aaaae63bb780,monocyte,train,MO
9645,3ae7c4be-9100-4b07-bc7c-aaa60b43ce4b,basophil,train,BA
9647,42b9e61f-65f7-4435-9196-f18e75f1beb4,eosinophil,train,EO
9649,56a6e708-444e-4d0d-a31e-e6556ea73ce3,eosinophil,train,EO
9650,30502fc7-66f1-4764-acdf-768f9ebf7b15,eosinophil,train,EO
9655,8682b793-8616-4964-a49f-58d414a57ea0,basophil,train,BA
9659,bdd47b2d-8462-4512-9c5c-d79c4ccb73a0,eosinophil,train,EO
9661,fd472c0e-5c09-4a18-a30e-060c138694fd,eosinophil,train,EO
9667,c383b9fc-2786-422b-b116-178d00197ff0,basophil,train,BA
9676,6d58b4c1-476a-4c3d-a7e3-ba0aabab5e07,eosinophil,train,EO
9678,e40cff55-b38c-42a8-9b61-7d90f76e3750,eosinophil,train,EO
9684,e6b238e8-16e0-4680-b7fe-a3841b756f74,eosinophil,train,EO
9686,3b7e06f9-453d-4a65-b7ce-0e15dad22bcb,eosinophil,train,EO
9688,df1fe5ea-5593-4586-a2f6-456655cfa29a,eosinophil,train,EO
9692,b4eee5bf-d376-4c2d-9319-5a0eea031d29,eosinophil,train,EO
9699,26585b6a-8ef4-4194-9340-c78e3adc2d99,basophil,train,BA
9702,e0a2a690-0912-454e-84f0-4e79a1c6b6fd,basophil,train,BA
9703,2ce63377-64fa-4636-a224-9179c643c6f0,eosinophil,train,EO
9707,eb095019-fba3-40d7-81c6-8dcd61948b5b,eosinophil,train,EO
9716,0bb2b0b4-7a7b-4d65-a791-f2b7d59924bb,monocyte,train,MO
9717,15b80e80-f360-4734-b907-e0af03d08710,monocyte,train,MO
9718,5a7dd0ef-7611-45e6-baa9-94c4211cc841,monocyte,train,MO
9720,6da81ee7-76cf-49ad-842d-bb2ccb61546e,basophil,train,BA
9721,f590cdbe-4a80-4a79-a9e5-d3759ab4ab44,eosinophil,train,EO
9725,4e2ebf5c-6c4c-479b-8a56-bb793c3abc4d,eosinophil,train,EO
9729,0c2d6b74-941a-4102-96ef-e0f8a9d67849,eosinophil,train,EO
9730,f132c7d0-ed9d-4ebb-8107-0fd1756ac68c,eosinophil,train,EO
9734,73a36a7d-12b6-42b7-bbb2-27ba94b30776,eosinophil,train,EO
9737,3f165408-e608-40b8-b3b7-1ed70fa884f0,eosinophil,train,EO
9744,fdad45f6-d41a-4cdb-b179-35b6dcbeb702,basophil,train,BA
9748,1ab0b667-1ad1-4129-afc5-7525af0f9fb9,eosinophil,train,EO
9749,e3231944-65a1-45f6-8f40-bb9f2b59469a,eosinophil,train,EO
9751,8239d532-d81c-48ec-bf41-e69ec9b83fb1,eosinophil,train,EO
9754,2113b349-5eaa-4e3c-b691-a9b8dcf98a67,monocyte,train,MO
9755,17013011-c307-4c00-ada3-6a780ff7acbe,monocyte,train,MO
9757,f636ffc6-9131-497c-a860-5e1761a23033,monocyte,train,MO
9761,699e3ada-a9e9-462b-9647-f670d5891fc4,eosinophil,train,EO
9767,47b64753-e765-4c93-9e6a-864f47019dfd,monocyte,train,MO
9769,6d2d3c11-5243-4484-bc5c-5eea0d6f65a1,basophil,train,BA
9770,f7b01094-f7f1-48b6-b59b-05f710953699,eosinophil,train,EO
9773,c088d43c-1969-4baa-8e88-429c486bd248,eosinophil,train,EO
9774,e1f2ad55-b161-4c70-832b-691f50871aca,eosinophil,train,EO
9780,7d5f7449-233f-4a19-9109-ce700f25cefb,monocyte,train,MO
9782,9036feee-e790-45b3-9139-4783a4de1aeb,eosinophil,train,EO
9783,7bedc86d-11fd-478a-abbc-9ce36bf34065,eosinophil,train,EO
9784,c94877fd-1e44-4abc-b875-69860d19cabe,eosinophil,train,EO
9785,1ea5495f-21fa-4b9e-a610-af1777a5a824,basophil,train,BA
9791,a775652f-fdbd-4189-ad6a-9fecf4025136,eosinophil,train,EO
9794,aa848111-2691-44e3-8a8d-09a6bb53f003,eosinophil,train,EO
9796,7ec05316-40fb-4016-a273-0005bc26723c,eosinophil,train,EO
9800,825efcb7-325f-4f9f-9801-07f5bb1d8324,monocyte,train,MO
9801,6fe126a3-7f11-46db-bfac-9f90d3e90951,eosinophil,train,EO
9802,fbefe6ed-76f1-4f08-a694-2ccde47ebdb5,eosinophil,train,EO
9803,dc0edff4-12bd-4db9-b3cc-dbe625967e7e,eosinophil,train,EO
9805,bb936b28-caeb-4870-a39d-a69e8d6baac2,eosinophil,train,EO
9807,2c023c83-4bad-454f-8ede-41c7f4002df1,basophil,train,BA
9812,5741030e-2903-427d-8252-a2cf5cc28819,eosinophil,train,EO
9813,a6a49e45-0a5b-4d45-abdb-46ccfbbcb690,monocyte,train,MO
9816,03707420-29b6-4830-b9e8-91794a5d2134,basophil,train,BA
9820,453918a1-a511-41fd-80d8-63ba965c9ca5,eosinophil,train,EO
9826,f152a9ad-54ba-44f0-9632-417d0b6508d0,monocyte,train,MO
9827,4a026ce3-fa05-4917-b34a-aa4bf552326b,monocyte,train,MO
9829,73cdad71-eab6-437e-aea5-b9dcf7339983,monocyte,train,MO
9831,45a41940-4afc-4d59-a110-6adfe6666cc4,eosinophil,train,EO
9832,714d7f0f-c340-4d86-986d-d5f9cbf57048,eosinophil,train,EO
9833,eea805ee-afaf-489a-9038-ec87c90090a1,basophil,train,BA
9835,d9e3e809-e89f-4508-a9f3-f6263c903956,basophil,train,BA
9839,cc0fc031-34b2-4514-9bf8-9baf29f15cf8,eosinophil,train,EO
9842,bb6aa000-007e-45b5-b9c0-75cdb0440d20,basophil,train,BA
9844,a3837e47-0f05-401d-a3b3-b2ac341e8e09,eosinophil,train,EO
9845,b2aa3877-e71d-4036-a615-7b0af5592dc7,eosinophil,train,EO
9848,83d43d1d-4dc7-46eb-a4cb-c09957a88af6,basophil,train,BA
9850,dffa95ea-2d5c-4407-9c9c-26fa60f3f79c,eosinophil,train,EO
9851,f806612c-2254-4d70-888d-e10140c1ef11,basophil,train,BA
9854,7d43508a-86bc-4b35-bf0c-c29a620695ec,eosinophil,train,EO
9857,dbb82820-7c79-4b1d-9637-a25ef63decaa,eosinophil,train,EO
9860,1d9d0195-d3cb-4779-8f0a-8076e9515fcd,monocyte,train,MO
9861,aa80f766-3584-4270-a132-a5b0477edff3,monocyte,train,MO
9864,a61114c8-703f-40f3-b1e5-e4ece0eaea11,monocyte,train,MO
9868,9fbd5204-0e07-41be-9f34-f5521226598f,eosinophil,train,EO
9870,a4a18297-9fb9-4fb7-a44a-8844fe2e8d7d,basophil,train,BA
9880,655a694a-7ffc-43e7-b7aa-9c0576fafbf3,eosinophil,train,EO
9883,27f2dc99-9383-4108-8d0b-b1ae779a1a28,monocyte,train,MO
9884,f9b5a488-037d-4ab1-b4ce-51841ceaf378,basophil,train,BA
9885,e4709bd5-4633-4a75-8709-c3f484cf40ab,eosinophil,train,EO
9887,33dcb4fc-8329-4b9c-8251-4e65b6ac5d8c,eosinophil,train,EO
9889,6e8fd205-9a2f-492f-89bb-db2b21debfbd,eosinophil,train,EO
9890,a27543ad-580d-40ea-9a90-b2de929d67f1,eosinophil,train,EO
9894,f7a0ebc8-5fc7-4ae4-9901-bd16535c5dcd,eosinophil,train,EO
9896,e4bdfa79-5b3c-4166-b2af-3b27b1d57957,eosinophil,train,EO
9897,6536df19-37a7-4072-85f8-f604067f52f3,basophil,train,BA
9903,95ffc6aa-aa83-4571-b1bf-7e3b7d1385cb,eosinophil,train,EO
9905,f54a16c1-f472-4cae-a0fb-6fc5c8750b6f,monocyte,train,MO
9906,f9179fda-7a1a-411d-ba63-c1f1ade4bcf9,monocyte,train,MO
9907,3143db93-3923-4143-a029-9ed91a84c0c6,eosinophil,train,EO
9910,011512d2-1b41-4d0a-a440-b114f5d452d2,basophil,train,BA
9911,0d0a7e52-6c8b-47aa-b279-8708135842c4,basophil,train,BA
9917,6e881cc8-558a-496d-b0f1-692f3c8ee056,eosinophil,train,EO
9920,67c49482-7fcd-4578-aa19-670673cf2fd0,monocyte,train,MO
9924,a76d3e3a-611a-4540-8ae9-ed43057f42aa,eosinophil,train,EO
9925,8efab6a7-ae66-4e59-ae88-dcd4c63d3a28,eosinophil,train,EO
9927,2b5930a3-8fb7-47d4-8aa3-6ac0e2e82cc6,eosinophil,train,EO
9928,fc8ab59f-1e9e-4bef-8cae-7a54695f57da,basophil,train,BA
9929,9eebbb14-b81a-49ae-b3de-657a671a442e,monocyte,train,MO
9938,47f68428-7b50-4baa-a4b8-23e48e502434,monocyte,train,MO
9939,e750d90d-9c3b-4ea5-8fc3-908d27b464da,eosinophil,train,EO
9951,a90b5d9e-cd06-4d4c-bfcc-cc31bd8c98b9,eosinophil,train,EO
9952,dda16c03-5b94-4688-8da2-3b3cd7646f26,eosinophil,train,EO
9953,ba3ccd2c-e416-4b4e-b91e-60f52d8e2e12,eosinophil,train,EO
9954,8c188347-dfc4-43ff-9f12-484a4011b7e8,basophil,train,BA
9960,b90e9214-a084-4bad-9b32-4b5715e7972a,eosinophil,train,EO
9961,fdb2bd88-309e-4c7a-bd7f-5c2de0e76f89,eosinophil,train,EO
9965,50192f11-e670-4141-a7c2-2d4051aa06ea,monocyte,train,MO
9966,3ff74319-8514-4380-a380-20837dcd2eb7,monocyte,train,MO
9967,118d1971-fd10-4d3c-9592-225ffcddff8f,eosinophil,train,EO
9971,384d0f16-c7ab-42c6-b9ac-80973cf106c5,monocyte,train,MO
9972,07840058-c9af-4e89-a0b8-3e17572307e3,eosinophil,train,EO
9974,c176b3c6-2655-4a0a-bf10-f66a6eb87036,monocyte,train,MO
9976,8eb53f03-5663-445c-b332-ed54253b5363,basophil,train,BA
9977,b1d6430e-13f3-4e91-8c16-ed48f2ec82a3,eosinophil,train,EO
9979,969210c9-a778-4c83-ac50-bc8ccd8a0112,eosinophil,train,EO
9982,0d140a70-4508-4269-b62a-a0ead2881dce,eosinophil,train,EO
9985,6cf6b9c7-fb42-4f14-9f77-b1a07f35076e,eosinophil,train,EO
9992,bb568c5f-b98b-4ba5-89ee-94209792980e,eosinophil,train,EO
9993,99170002-65e4-44c4-ac39-d399993130e9,eosinophil,train,EO
9994,a894986d-beef-4e2b-9e82-73f79f08a547,eosinophil,train,EO
9998,b1eaa46a-30b4-4972-b7be-acbef04c3519,monocyte,train,MO
10005,3839c5a0-7c87-4db6-a3a7-1425c83631f0,monocyte,train,MO
10006,2c9660b8-905f-43c5-9d72-cd99b37c7e88,eosinophil,train,EO
10013,eacd0f4b-5f70-48a2-a80e-876f89307b01,eosinophil,train,EO
10018,43f47e11-41c6-4d2c-b5be-3487f431721e,basophil,train,BA
10019,35b0e07b-539a-4227-a2a4-e2fdfd5ccfbb,eosinophil,train,EO
10020,c9ad64bb-d02f-4707-ac52-807e2f0235c7,basophil,train,BA
10021,dc11b20b-b484-44ed-b346-64ec38f3e04c,monocyte,train,MO
10024,907737e5-938f-447a-9e64-8f0edbb64277,eosinophil,train,EO
10025,2ce48cda-6405-4194-953e-1d3817cdd385,eosinophil,train,EO
10027,2f682dfb-333d-4474-971a-33c1257362a6,basophil,train,BA
10028,65d5f32e-0f42-4a45-829c-5ce3749de267,basophil,train,BA
10034,557eff30-ff87-4671-8291-41da9891c254,basophil,train,BA
10035,f76b85e7-26df-447b-bb35-8adf3ea41b44,basophil,train,BA
10046,d9ed0ce4-4fb3-48ae-866e-b9f00a8de0ca,eosinophil,train,EO
10047,a7b2dadb-caf7-4f93-a88e-4bda86927b5a,eosinophil,train,EO
10051,3163c719-e832-44aa-83af-50cec6ca3d08,eosinophil,train,EO
10052,71f5d26f-402b-496d-a573-607a7f39b361,eosinophil,train,EO
10060,8a73f9b5-e33c-4706-a1d2-709ece93a38a,monocyte,train,MO
10065,5b71393b-21c0-4563-8e57-a3a5c4dc8c33,eosinophil,train,EO
10066,2168d2d2-c446-4f80-a479-f4f522039794,eosinophil,train,EO
10069,b8bd4c15-01b2-47d1-aa51-7ebbb4ef34ff,basophil,train,BA
10074,a86df02d-492e-4fa9-ba60-95f4a068bb7f,eosinophil,train,EO
10076,7f5bad54-89de-48b2-87d9-a023383144d7,basophil,train,BA
10081,a5261ca2-7135-4678-92d9-b22d2fcc393f,eosinophil,train,EO
10083,17471141-f656-485b-8020-d66bd416a2f3,basophil,train,BA
10085,22b99ab7-8082-42dd-8a79-d3ea36cf7be8,eosinophil,train,EO
10088,282f0386-ed7f-48ba-9fba-6779270ab14b,monocyte,train,MO
10089,e22eb2b2-e52d-42ab-ba9a-fdac0cf0cded,eosinophil,train,EO
10092,7a73c1d5-13c1-4580-a93f-62cbdae4ded5,monocyte,train,MO
10093,78789731-0f96-422b-bb45-50cdc3fe6f3e,monocyte,train,MO
10096,830e67c2-0614-4b1f-be61-852f8e0c53f2,monocyte,train,MO
10097,df79360a-48a9-440a-8af6-0d9232762a3b,eosinophil,train,EO
10098,c165380a-c74f-4b73-8b39-f9ec6baa50dc,eosinophil,train,EO
10099,2cb07774-d0d8-4040-bb80-04afa2eb3c54,eosinophil,train,EO
10100,528e50a2-b4d1-4064-af3d-d5b31cbc9e66,eosinophil,train,EO
10102,142188d1-befe-470e-a737-c6bcaa179150,eosinophil,train,EO
10105,e657a932-d954-41d6-acfb-a7de34975bbe,basophil,train,BA
10106,0e530437-5fb3-4f42-91f5-9bdc201f5bce,monocyte,train,MO
10109,b004255e-4893-402f-b3ec-e45132c74b10,monocyte,train,MO
10115,37e5ccec-2f17-4db1-97f0-d77faa4db66c,eosinophil,train,EO
10117,38bf8d61-521c-4724-9d42-1624da801aa9,basophil,train,BA
10118,951f43d4-b610-4f11-97a6-e218593bbebe,basophil,train,BA
10120,cb6daf8d-efb0-44bc-94dc-78f1633d1ddf,monocyte,train,MO
10122,ac9f55d2-2a41-4300-8937-35d22ca7b716,eosinophil,train,EO
10126,d2dea257-1cf0-44c8-8964-f48a299f91b6,monocyte,train,MO
10133,33c4a729-8841-4a63-8adc-696d491bc99a,basophil,train,BA
10137,34497cda-e8f9-42a5-8566-b0def4dad3d9,monocyte,train,MO
10138,1f802a4c-479a-4481-9ff2-4ba84a416b5e,monocyte,train,MO
10140,7e02f97b-a79b-4e94-a188-786220d07286,basophil,train,BA
10142,aac86baa-12cc-4c14-af32-551fd935e272,monocyte,train,MO
10143,bdf99d08-3fdc-45aa-a92f-36affd956081,eosinophil,train,EO
10148,c2f4c3f9-1c79-4d82-a4ae-f1fb4416fbf2,monocyte,train,MO
10152,5043ceee-3d65-4d2f-8d75-b2f387c66b55,eosinophil,train,EO
10155,2ca1de2f-3995-4ee1-9831-0f32f55fdc04,basophil,train,BA
10159,c6ee0937-ecca-439b-a646-30a3d226cc6e,basophil,train,BA
10160,f1f84026-aa46-4df7-bce6-389d2e65a159,basophil,train,BA
10162,9946d8f9-0b69-4031-8653-010d1407de01,monocyte,train,MO
10167,c75a20ac-92d1-4a4c-9e19-8a6de7455100,basophil,train,BA
10168,4f29cf3d-3375-436f-aecd-dffb2746c16c,basophil,train,BA
10171,623b852d-0e6b-4cc1-ac03-fb22168c0969,monocyte,train,MO
10172,78d5fce3-08d0-48d1-b2b6-62902e0ef036,monocyte,train,MO
10173,6d4de724-919f-4a2f-8a92-90fde4c6941a,eosinophil,train,EO
10180,a22ccc0b-9e7f-4774-a5a3-3b3df6547ff9,eosinophil,train,EO
10183,98d20bd1-cbc2-4e12-951f-5a31d537692d,eosinophil,train,EO
10184,577043b7-746e-4b8d-843b-ff711eb98a93,eosinophil,train,EO
10186,7d26b680-0ed5-4f4a-a8f5-8514a96a7811,basophil,train,BA
10195,dd7497dc-a75b-4284-8cc3-c0122e783615,eosinophil,train,EO
10197,1c38c48b-18bc-42ee-981e-3f23bfc4bbcd,eosinophil,train,EO
10200,2046220e-dcdc-4f28-9512-8d48fffb7c9e,basophil,train,BA
10201,774212bc-58f5-4d59-ae78-e847f81db041,monocyte,train,MO
10203,f087ac04-fce7-40c2-b721-056818de27ad,monocyte,train,MO
10204,fbb3c39f-8820-47fc-bc0b-9592dd3fa424,eosinophil,train,EO
10205,3e1caefc-2f0f-458c-a8ba-d5cefa3da419,eosinophil,train,EO
10206,593ddfa1-f473-45f8-9788-e0e3a49e76a4,eosinophil,train,EO
10210,ba2a8472-a83f-40cb-b83f-465305032fff,monocyte,train,MO
10211,adc0541f-21b4-42c0-a0af-ffa7e59d1b25,basophil,train,BA
10212,de702da7-48b7-4a48-8e80-01517522bc6e,eosinophil,train,EO
10213,17abc55c-045d-4a15-9648-d1fc4d4ac831,basophil,train,BA
10215,f23b47d0-84ab-41d3-b4b7-6b60f81321aa,eosinophil,train,EO
10217,d98c3af3-f127-45ef-83bd-4483ab0268e7,eosinophil,train,EO
10218,75943e97-819d-4c88-9bb0-920ff25dc092,eosinophil,train,EO
10220,a51d6fc0-2a68-4ff7-8d84-63e58170d63e,monocyte,train,MO
10223,a82f7bd9-3cb4-4a62-8a39-12c9e7be3c51,monocyte,train,MO
10224,93bb143f-0959-4c67-9ad8-2370217cc566,eosinophil,train,EO
10230,631f4d4f-de22-40e1-bb34-51f596c7998c,monocyte,train,MO
10234,6021ad15-0caa-4758-bfe0-87780c4636f2,eosinophil,train,EO
10239,88cfd03b-3019-452f-887c-cd5067c9235c,eosinophil,train,EO
10240,ba2a0f7e-9a12-4016-be82-a6432287db7a,eosinophil,train,EO
10242,df4d8ec8-bc4f-4803-ab98-ae88bbae3597,basophil,train,BA
10243,550f2147-d6c0-4f3c-9c9d-cd3b28e27696,basophil,train,BA
10245,fd0d7338-278f-45f1-93b8-9913ab0d7164,basophil,train,BA
10246,54645e34-5220-4f68-af22-13e27756e520,basophil,train,BA
10250,82445b22-f5d2-4d5c-b8cb-bf5f973e6ee7,eosinophil,train,EO
10253,f87c5566-c015-493b-96bc-63605722100b,eosinophil,train,EO
10256,9af5707a-9da9-44a3-bca7-6863cf45f3cf,monocyte,train,MO
10260,81aa960c-cb7c-4d50-a070-1eba8a67bc3b,monocyte,train,MO
10261,cf0f346a-9bc5-400a-9dd4-e4e620d13c5f,basophil,train,BA
10275,da96bfe5-4830-4ffc-8d35-3174e6aecb5f,eosinophil,train,EO
10282,247ff72a-f81e-461c-8eff-cbb0ffbd747f,eosinophil,train,EO
10283,9ccf8ed6-435c-4cfc-9273-d6f0c7b858ff,basophil,train,BA
10284,45a7a49d-8c6a-43c9-b4d3-152caf9f9717,eosinophil,train,EO
10285,801e7521-948b-40de-a6e8-ac3c46041b13,eosinophil,train,EO
10286,82305cab-c911-4f62-aff9-2e8ce0769207,eosinophil,train,EO
10288,389e6258-0661-4a4c-99ab-56b6560cf422,eosinophil,train,EO
10289,cc793a40-4b7a-4822-b43f-13b63d899316,basophil,train,BA
10291,ec088045-1a3b-4869-a5fc-2e7af31e8d5c,eosinophil,train,EO
10292,6e43a055-627a-44e6-bebd-1875a952a8fa,monocyte,train,MO
10294,8a955d15-8fd3-4ea8-833a-fd7b6213c1c1,eosinophil,train,EO
10296,2242fe6c-16ae-467c-9fc7-406a6eaaae5b,eosinophil,train,EO
10297,aafc500f-38f7-4249-9b50-337e357380f5,eosinophil,train,EO
10300,27d59b24-3651-453c-8334-adef7dedec3b,monocyte,train,MO
10305,6d73e2a0-6219-4fa2-b634-56a644ab91b0,basophil,train,BA
10307,9b4bb6e3-190f-4575-969a-6a6c0c31b09e,eosinophil,train,EO
10308,9cfb2986-4e8e-43bc-89ba-7600864e1a3f,basophil,train,BA
10309,5554d401-0b1e-4328-9704-1a7fad9ddac7,basophil,train,BA
10310,271b0220-c51b-4524-91ab-99eb8d45d6cc,basophil,train,BA
10314,dc074c8a-29ff-4afb-a430-34e3e837d9c8,eosinophil,train,EO
10318,9db9374b-cdc1-4e27-a9da-54e288b0ef20,eosinophil,train,EO
10320,b9413744-3db3-460a-ade2-9be028d72a99,eosinophil,train,EO
10321,c4e52503-3dd6-474f-8cf6-7f4ed4cd03ac,monocyte,train,MO
10325,f90488d5-46a0-4401-8fad-b41147a0abe1,eosinophil,train,EO
10328,8cda8b47-060c-45f9-b69e-e7063fc98c5b,eosinophil,train,EO
10331,8848d1f5-4fcd-4301-ac31-8b87c6ab64cf,monocyte,train,MO
10332,9ea753ee-1aa8-4b93-a037-7fb7618e324f,monocyte,train,MO
10333,a517f4ab-3b3b-4962-925b-f897fd821565,basophil,train,BA
10343,a3e58363-2fb1-4075-87c8-bd53017ca82b,eosinophil,train,EO
10345,030c508d-a793-49af-b716-7c68bcf37f1e,eosinophil,train,EO
10351,b45e45ef-894e-43b6-96f8-fcaabf53b0c4,basophil,train,BA
10352,1ff3b215-d07f-4f52-8fd9-a67055110036,eosinophil,train,EO
10354,7036dc99-70cd-4465-8793-0b48b5bd6994,monocyte,train,MO
10356,d205ec16-8f53-4485-beda-2296d609c411,eosinophil,train,EO
10357,69b2f4c5-f8ba-4530-a48d-c670e84acd2f,eosinophil,train,EO
10358,6488ca4e-5cf8-466a-b3e0-006ba03414dc,basophil,train,BA
10368,81a3f02b-1a05-4688-a7f5-ad32f2b00481,basophil,train,BA
10369,7356bde9-b3f6-478e-aa00-309225f0af53,monocyte,train,MO
10372,9fcc0ee7-3a3d-4ad2-8245-dfdaad9b1a5e,eosinophil,train,EO
10373,23ef159d-6373-4d70-81eb-31b95b1f9cd7,basophil,train,BA
10376,eb66b8fa-9cc2-4e45-8f2e-3a3683c82bd2,eosinophil,train,EO
10382,36c92fe4-7ff5-4c46-8928-a446e3b19ad5,monocyte,train,MO
10383,04a8764d-2242-46ed-8db7-8dea87779619,monocyte,train,MO
10387,fff213d4-6c8e-4de0-a660-bfd39da89a6b,eosinophil,train,EO
10391,1f0abd3d-de01-4ea5-aa78-c44892578d6e,eosinophil,train,EO
10394,7b900b44-cc77-483e-a78a-2e60390c0010,monocyte,train,MO
10395,27b6df83-32a0-4e2c-a1ce-133d8635fdef,eosinophil,train,EO
10397,0c517d2f-4fbb-4ee8-92c5-3750d6e7b498,monocyte,train,MO
10401,a8e903ba-4b76-4bea-99e6-df45d4b9a435,eosinophil,train,EO
10402,c42d5198-aaee-45c6-87a4-c5f9ca2971b9,eosinophil,train,EO
10403,30b8d717-1597-4778-9728-3cb7b065c005,monocyte,train,MO
10405,b5229617-8313-4c9e-aeb1-558a27b4db80,eosinophil,train,EO
10406,384b7233-25a2-4813-96cb-8a9f1fe3d4bd,eosinophil,train,EO
10410,a281735c-58b3-4762-89f5-255e4f7189ff,monocyte,train,MO
10412,97bddf15-820d-42fb-af39-02b2e48360e3,monocyte,train,MO
10414,afe92e87-437f-4a66-92b6-905a80024359,eosinophil,train,EO
10418,a6125e11-40b2-41dc-a0b9-202c8bbd78ee,eosinophil,train,EO
10420,ad3590e9-216f-435f-864f-5adb187aab4d,monocyte,train,MO
10423,f6718ba3-55d9-46fc-a242-d0994185a82a,basophil,train,BA
10425,1ecff6a0-4c78-4ef0-8c34-1c95a42a327d,eosinophil,train,EO
10427,3b3f6ac7-e992-4fdb-8f55-ce10230a696d,basophil,train,BA
10430,129baff9-809a-45c5-95d7-0e6762e2de47,eosinophil,train,EO
10431,e1455e50-0738-4efa-8de9-164dc344d323,eosinophil,train,EO
10434,56f79e68-574f-454c-9cc2-2f73866d9760,basophil,train,BA
10436,ada88930-fb8b-4fcc-8324-6bb933e12e45,eosinophil,train,EO
10438,06329664-42b2-437b-8cb8-ce81d15adcb8,eosinophil,train,EO
10439,0671fdfa-400c-4e18-93d3-5ad50ab35579,eosinophil,train,EO
10440,b0b950c4-d222-4902-b84a-e59dfa7c7c06,eosinophil,train,EO
10444,22e765f9-d5fe-43a3-863f-e12b957256a6,monocyte,train,MO
10445,2bab8cdf-6b43-454d-82b1-2b5e84fbdd52,monocyte,train,MO
10452,e2247184-0bcc-45ed-934b-ab84d3d39956,eosinophil,train,EO
10453,ee0f14c6-57c5-49b1-9a58-d038f611083a,basophil,train,BA
10458,1f09db43-a4ba-4621-9714-895331e8c2a2,eosinophil,train,EO
10461,d8f54360-c729-4e25-b891-f39f79a8bf18,monocyte,train,MO
10463,d06b8296-f900-4d74-900b-8c176d22409b,basophil,train,BA
10466,e8af98b7-81f8-48e7-a1bf-274ea57e37a8,eosinophil,train,EO
10471,1cbb6288-d1a5-492a-8dd4-7e67dc0aa1da,basophil,train,BA
10473,89137cd4-b5f1-4e6f-a848-09f4334055b4,eosinophil,train,EO
10475,3e3248aa-bed3-4d15-b0be-e6586b72e353,monocyte,train,MO
10480,9d6dc508-a91f-44b5-92f1-25aff3e0c261,eosinophil,train,EO
10481,1eb97fc0-3766-4676-a04a-7479818fac73,eosinophil,train,EO
10489,2267df1f-fd67-456c-bd30-47f77b4e3b45,monocyte,train,MO
10490,901445a0-664d-4fd0-b579-7a2cb42dafe2,eosinophil,train,EO
10494,58cdbb79-3691-4cc9-ae0c-78b67c45fa5d,basophil,train,BA
10501,9d65ad09-c7f4-4e4e-a0f3-2dca0fe58eb4,eosinophil,train,EO
10502,80e3812b-c684-4bdc-81de-f8dfb1ebecf9,basophil,train,BA
10503,683662ed-df08-40e2-8665-613aa3b664bb,eosinophil,train,EO
10508,932aca90-0ecd-4646-8523-fe5a0ed91461,monocyte,train,MO
10510,158799a5-2eee-4c76-bda5-5fcfcdac7465,basophil,train,BA
10512,58ee8d6a-4cd6-4e20-a914-ed1d63eeef92,eosinophil,train,EO
10514,3833f7eb-427a-4d26-9d59-1f64b85d4690,eosinophil,train,EO
10515,af74ea60-0d30-492e-a4b0-54eb29fe9c5c,eosinophil,train,EO
10517,2c4f9e3e-f425-443d-8f63-0548258c9857,eosinophil,train,EO
10518,f9d725a7-2aad-4b14-bf9f-8526d0170e7e,basophil,train,BA
10526,338999ab-36ba-4cd2-9081-1e212ea52b46,eosinophil,train,EO
10528,81d95a14-3b96-4c8b-afbe-4a81598369f0,eosinophil,train,EO
10532,252204f6-b804-4bcf-99b2-3901d1f0d3c6,eosinophil,train,EO
10534,42551151-df77-4c66-ae9b-deae08ded4b4,eosinophil,train,EO
10536,f593c205-c6f2-4ebc-aa06-9d441f37d25a,monocyte,train,MO
10537,b5ff0eee-d687-4169-82fc-99d8433f4858,monocyte,train,MO
10539,83601d8d-662e-4d35-be0e-0dc551a220bc,basophil,train,BA
10542,93767dcc-816b-4bda-a723-f2ded8dc1dbf,eosinophil,train,EO
10546,424bbd95-f285-4f2f-8556-8cba0b82a2d7,basophil,train,BA
10547,869196ad-38ca-48d3-8218-3ba14c0f48e9,eosinophil,train,EO
10550,5b7cb448-f889-4d39-8624-9056976674c6,basophil,train,BA
10552,1bd6812c-cfe8-4d8a-b3a4-1b48bae79de2,basophil,train,BA
10553,0465172c-80ce-4253-88ea-38f41eedd177,eosinophil,train,EO
10557,de0757eb-4c56-4b63-a81d-8ab85f13e3e1,eosinophil,train,EO
10565,b92a20c8-aedc-46d3-a791-0244a097b028,eosinophil,train,EO
10571,0facb102-1bc2-4f35-9a00-650cba27c642,basophil,train,BA
10573,5718d61e-5892-4ec1-b251-ad2ec8729ab0,eosinophil,train,EO
10574,232f120b-2c90-483f-833d-e8bce4524ac9,monocyte,train,MO
10579,d63c3cfb-0de0-422d-9371-63c88038a30d,eosinophil,train,EO
10583,53b1dc79-5a93-48a5-98d9-559f2316b99e,basophil,train,BA
10585,43c7ba45-7d26-4b97-8a6f-41632cfc0f92,monocyte,train,MO
10586,6dcf2bb0-ac5a-49d4-96fd-c713f637fad5,basophil,train,BA
10587,9fae5b7c-93f6-490d-b313-79d61d9b16d9,monocyte,train,MO
10592,12684f00-e85e-4575-87ec-9f1c3476347a,eosinophil,train,EO
10593,96dfc1ac-3a84-425c-90f2-91dcc1ab8d75,eosinophil,train,EO
10597,914f99be-79ff-464d-91a1-6e1161620f18,monocyte,train,MO
10602,b03c2366-e561-42d6-8abe-a0fafc7118e0,monocyte,train,MO
10609,0384ffd7-874b-417e-94d6-daf4f1e01c0a,eosinophil,train,EO
10610,0a9828a2-5bdc-41ba-bffc-9f335179f2e1,monocyte,train,MO
10611,fe4b61d6-6432-4734-bd7b-e6b6a7b2065b,eosinophil,train,EO
10614,59fe6a77-d54f-442c-a860-0e6040c4dabb,basophil,train,BA
10619,6447444c-d4e3-471e-b11c-8fa551dc499c,basophil,train,BA
10625,9bd6a362-03c7-4f23-a84f-6ff8435cac45,monocyte,train,MO
10633,1cfcfd5b-5709-443a-a3e1-c8abf13b0f84,eosinophil,train,EO
10634,bd5df013-11ff-4762-a4bc-a38b6ba9b79c,monocyte,train,MO
10635,fa3946a7-5619-4517-a57e-1a1664b2a6d7,basophil,train,BA
10636,84a3e122-0cfe-42d3-88e4-266be700318a,eosinophil,train,EO
10641,69a23854-83ea-4d76-b0b0-2ccc78e96239,eosinophil,train,EO
10643,0cb47843-dcf3-45bd-a38b-34365e89eaea,eosinophil,train,EO
10644,ae91c53b-e3ba-4245-a4cb-c70ad8c99113,basophil,train,BA
10648,d60373aa-8567-41c8-9eb4-e2042a8adce9,eosinophil,train,EO
10651,22b8a8cc-f537-4a21-8082-0e21abfa77ff,eosinophil,train,EO
10652,9723d175-e966-4431-a430-c7c85c9f65d2,eosinophil,train,EO
10655,5e9d36ae-bd05-4f85-9fd3-da089e8bd8f3,eosinophil,train,EO
10657,e4491dd7-76a6-4fa8-be56-8f6127ac5d7b,eosinophil,train,EO
10659,9ac649c3-b5b5-4f3b-9cf1-2de208169c96,eosinophil,train,EO
10663,008263d9-3804-433e-8668-71a9323dfd1b,basophil,train,BA
10668,e0ab134a-e295-4b46-b273-7212baef799e,eosinophil,train,EO
10671,99f6ac50-1c87-4aad-8ac4-696d4f0c3903,monocyte,train,MO
10672,d1c94c7f-f67f-4c52-80a9-eb9eec5ece84,monocyte,train,MO
10675,c2fea1bd-6f51-4815-ab6a-b4e1654a5d94,monocyte,train,MO
10678,a7bd8dc5-2fc9-4382-92cc-0b3e7b4f5a35,monocyte,train,MO
10679,4c2d00ab-2b68-4b91-aba4-adef9a27b0ea,basophil,train,BA
10681,3f93a726-b46a-4273-823a-1a4b325ed44e,basophil,train,BA
10682,76ff8f67-247f-480f-996b-aaadb357b405,basophil,train,BA
10683,ef45b363-a315-4fc4-a5f3-6072cfdffb6b,monocyte,train,MO
10684,90579f3f-5d3b-4a0a-b19f-5658ed440889,eosinophil,train,EO
10685,1b254ea1-647e-4861-bbc9-58f1022e9030,eosinophil,train,EO
10686,0c6a0b14-3623-4dc3-ab0c-936bc45aee95,eosinophil,train,EO
10690,e948fed5-cd6a-41ce-a10c-3aa974b3f722,monocyte,train,MO
10693,ce4f5d41-f645-4095-bfbd-11cfa82b539b,monocyte,train,MO
10699,7939add4-3c92-4947-9d20-57ffb4b4a7a7,eosinophil,train,EO
10702,71794ee6-d155-4e4c-985e-dfbc891396a7,monocyte,train,MO
10706,def187c8-656e-4c3b-84ba-b4980439af60,basophil,train,BA
10707,a29b2efb-97f0-48d4-99ec-e69f2a80b5b3,eosinophil,train,EO
10710,f496d35f-be62-44ea-a2ee-e3046636a9a7,basophil,train,BA
10714,64f30898-d769-46f4-ad6d-010329a02e3a,monocyte,train,MO
10720,f5c7988b-c775-4fbf-9f6d-9eaa9cc00282,eosinophil,train,EO
10721,0fc373a5-c5df-4814-855b-999433e0d94e,monocyte,train,MO
10732,3dc8d649-5bb8-490c-9bd1-a9a030be31eb,basophil,train,BA
10733,02ceb6ad-12ef-4917-9335-8ea440d13a5f,eosinophil,train,EO
10734,77d5432e-57f1-4827-abaf-9aa51cd88cc1,monocyte,train,MO
10736,871680d5-9203-4a69-bfbf-02c3887b54af,eosinophil,train,EO
10737,9a4e4cd3-d58a-4b0d-b73d-1e3e40ebb7f0,eosinophil,train,EO
10739,898ab12e-b0ad-45c5-8d86-a40c8e3fdd8b,monocyte,train,MO
10744,3746778e-3431-43f7-93c7-bd4d1fff0ac0,basophil,train,BA
10745,48cab3b5-9668-46c6-883c-02726809d224,basophil,train,BA
10748,0bbf71e1-7be4-4253-a766-8bee92027b5e,monocyte,train,MO
10751,fb38f551-4d71-453d-91bf-f122eb063966,basophil,train,BA
10752,8679ebb3-5612-4155-b9f9-02d84df0f27c,basophil,train,BA
10759,b7d611bc-09f3-4d91-8d46-6aa2cf1ba65d,monocyte,train,MO
10761,9cfaa3af-7386-41ce-a9e1-4f2ebce73c68,eosinophil,train,EO
10762,09c9e590-f5a5-4be8-84c8-0b190d5b75e1,monocyte,train,MO
10763,c61abc0b-e7f1-4ae4-8827-9e4fc6dfb290,monocyte,train,MO
10769,f5ad6e8e-45dc-4ef6-a964-8a537560fdf1,eosinophil,train,EO
10772,e73b2c6f-dd4b-4612-90a4-90cd800fa215,eosinophil,train,EO
10775,570b1ba2-d4cc-40d3-b727-31bc87787f13,eosinophil,train,EO
10778,353b2e4d-6875-44ef-9944-e8025519df66,monocyte,train,MO
10779,ef7dbfed-2b23-4d3b-8845-a1a8f2e22f76,eosinophil,train,EO
10780,32c20930-eb42-4cc8-94cf-bbd484f7a030,eosinophil,train,EO
10783,0ff672f8-d82e-42e5-ba56-0c4002c6b1a5,basophil,train,BA
10784,6892e4b8-e1e4-492d-a4bd-104be8c4fc0f,basophil,train,BA
10786,8026208e-6cb3-4d05-b96c-d9e96d053fa2,basophil,train,BA
10788,02d53f45-011e-499a-9bb6-5af04e027bdd,basophil,train,BA
10789,f3997e38-2d5e-46d1-9283-ee60e383f358,eosinophil,train,EO
10791,ae06adf8-0a98-494a-89d3-937e3ee3a0c1,eosinophil,train,EO
10793,40683cff-cf91-480b-ad13-b0865984900c,basophil,train,BA
10794,74da95ec-adc7-4cf2-9007-ed8227c0aa5b,monocyte,train,MO
10795,fd7ca5d9-b328-4dc8-bef1-f17f2b3d806b,eosinophil,train,EO
10797,9d46d83e-0d6a-4049-9397-e16c18a6a43a,basophil,train,BA
10798,df5325c6-e9f6-4528-a76e-fcfb873739f4,basophil,train,BA
10799,76e98df4-8a5e-41eb-9f56-d07c287fd1d2,basophil,train,BA
10802,45e56320-674b-48b8-8e9e-fc2dc5cb8c31,eosinophil,train,EO
10805,d593e986-bedc-4e4e-8d7a-c02ca9299324,eosinophil,train,EO
10806,bc377002-f85d-4c15-b705-4c311a272838,monocyte,train,MO
10807,6333deed-0653-49b7-ac45-1084f89204cd,basophil,train,BA
10808,9c8854e8-94af-4f7c-ac10-73c27d14904a,monocyte,train,MO
10812,0f30e2f0-4f7f-4ae1-9474-a7fd3a9e87a6,eosinophil,train,EO
10815,9f9aeed3-0a69-46cd-bac5-827c0db24134,monocyte,train,MO
10816,1e3687b6-d522-459d-a867-3e541d48e5eb,eosinophil,train,EO
10818,d2d55088-47ba-4c2d-bd51-943113218c0a,eosinophil,train,EO
10822,2c6a5acb-067d-4db9-92c4-836579df05fb,eosinophil,train,EO
10825,1f5d8ba8-942c-451b-94a4-01fabec98dc0,eosinophil,train,EO
10828,da242fd9-36a4-405f-b053-28ace9fbec98,monocyte,train,MO
10832,5ff50478-22c3-417d-84c3-938c4bc4aea1,eosinophil,train,EO
10834,77e48710-2016-4624-8ace-e3672791085b,basophil,train,BA
10838,2c650075-6db1-46d5-b30f-c2a3e720eaf9,eosinophil,train,EO
10839,bfb8fabd-a5f6-46db-8f19-7e7c47da807d,eosinophil,train,EO
10843,b5619b96-b8ce-42db-bfba-c8b1e0d16f6a,basophil,train,BA
10845,ec26f4a7-1063-4400-802f-cbc7bd24c26a,eosinophil,train,EO
10850,46f9c008-04b9-415f-b954-a9e39a880fe2,eosinophil,train,EO
10851,7bb44c11-b6ba-459e-861f-fda9d0f1a4fe,eosinophil,train,EO
10855,4149f9a4-98cf-4aec-b42f-70f4fbbf1c8f,eosinophil,train,EO
10861,88bd4502-4d6d-481c-95cb-edb9047bab6a,eosinophil,train,EO
10862,e59f4384-359a-4a95-95cc-52174f21e908,basophil,train,BA
10865,40d8a26b-4ab6-463d-bda0-23d278eed040,basophil,train,BA
10875,c71e6355-5508-4de6-b60d-79f3fc58c555,eosinophil,train,EO
10876,35b4bee9-b1a7-4f2d-8471-9abb0e69199e,basophil,train,BA
10878,8c6d5b07-8114-4811-a2ef-cafb878145f7,eosinophil,train,EO
10879,6bdfe0c1-5319-48d1-9c72-f10aa2f2ebfb,monocyte,train,MO
10880,1728a90b-a01c-46e4-91ad-238634eef3e1,eosinophil,train,EO
10882,e80acd2b-c648-45f0-b539-107940f94045,eosinophil,train,EO
10884,f88cf072-17c3-4299-a0a7-2c592f5fdaae,eosinophil,train,EO
10885,92ad24df-f38d-4820-8e4d-55861b6a0366,eosinophil,train,EO
10888,f2d591c0-58b0-4507-a1ae-c45c28bf3e2f,basophil,train,BA
10889,e710ef1f-7613-4636-8818-0d7fb821da35,eosinophil,train,EO
10890,21690bb8-00aa-49e7-bae4-e6f8d39aca5d,eosinophil,train,EO
10892,07e1dd74-bed0-412e-a03e-2110cfdb0717,basophil,train,BA
10897,5a174b88-88bd-44d6-8c29-59486bd79bb7,eosinophil,train,EO
10901,b75739d0-1f1d-448d-9cdf-035a67d60c16,eosinophil,train,EO
10902,1072e323-5b7f-4b4f-a1e6-0b5b48b3891c,eosinophil,train,EO
10903,561c6730-eb9a-4908-bd86-3cfe75a9af67,eosinophil,train,EO
10907,f18b2d48-4508-4e1d-9657-a6bed0618059,eosinophil,train,EO
10908,b603e85b-2298-44d1-bc9e-6682fd4804ac,eosinophil,train,EO
10910,0c15219f-2eef-48ef-b405-d8c1c9888b1a,eosinophil,train,EO
10917,a3c021a2-29b1-4697-9295-98fca1f6f305,basophil,train,BA
10918,ec08d178-68f7-4cc2-a55f-4b643702e8a2,basophil,train,BA
10920,4a6b3c90-0085-45ea-b2c3-e73699966814,eosinophil,train,EO
10923,66f38e24-440d-41c5-8b11-aa2cba5a41dd,monocyte,train,MO
10924,3a56eeec-ae15-4668-a4da-0455a32259ef,eosinophil,train,EO
10933,f2b50a61-4bf3-4f88-a834-349517d82e43,basophil,train,BA
10937,16935de3-6c57-4f61-b6cc-0a1f3631e86f,eosinophil,train,EO
10942,18cb915d-2391-4b70-92a1-5adcba03a56f,basophil,train,BA
10943,06c4a637-2b45-4c00-b8c4-877fdf29b92f,eosinophil,train,EO
10945,dafd1688-d3e3-4efd-a234-31e4695c5278,eosinophil,train,EO
10948,d5fc9ab4-6540-4968-8997-70a70ae5b59d,eosinophil,train,EO
10949,ae5c7bf6-9dba-4963-bb08-e3163e523bcc,eosinophil,train,EO
10957,fc9251db-34bb-4195-822a-f96d121b5921,eosinophil,train,EO
10958,c5064e41-5465-461f-a814-2218fb8aa1a7,eosinophil,train,EO
10959,5fbba1e7-6ee2-40f7-ac98-b13d986540a6,monocyte,train,MO
10961,28cae072-c126-423a-99fd-6bf5104042f3,basophil,train,BA
10963,adc9cbbd-3feb-4dce-9c4b-d9961b62f3cf,eosinophil,train,EO
10965,9b6978ef-ba46-4774-8aee-d6a54c7b2d31,eosinophil,train,EO
10968,a6893213-e24d-479c-b4f0-3d70e24d98f7,monocyte,train,MO
10969,1018d550-dc27-429e-8f72-3ab7ea72955d,eosinophil,train,EO
10970,814e6497-ed4b-4aec-8481-8b0ccd6f414a,eosinophil,train,EO
10975,cdba77e7-c49e-43bf-b9aa-0ffffc001253,eosinophil,train,EO
10976,33f019a3-fa24-422b-8260-e5f6bbed3ad6,eosinophil,train,EO
10978,0cb49191-6e22-4558-8bad-707e63a00c60,eosinophil,train,EO
10980,62aaed7e-a538-43b0-ba82-681e35e47809,eosinophil,train,EO
10983,dc8d3a44-c240-48aa-bfc3-ad5a67da1861,monocyte,train,MO
10985,16b61967-4787-415d-b6f5-53cd9d2145e2,eosinophil,train,EO
10996,2c60bb8a-c4b1-4b93-9d0b-72c231a42a82,eosinophil,train,EO
10997,3c1d7b9a-e721-468b-8229-314e11a491eb,eosinophil,train,EO
11001,3f902f50-516b-4bc4-a2c6-a0aa656d0915,monocyte,train,MO
11007,e1da351e-92da-4c45-bbe9-2aba618b11f6,eosinophil,train,EO
11008,0b0b5034-f951-4d31-b745-53ee61509da5,eosinophil,train,EO
11010,a6fe7586-8075-4a56-9bdc-a4d3a44be6af,basophil,train,BA
11011,1e665ced-0526-4c01-87c5-ed97ef183a2a,eosinophil,train,EO
11013,3f721f86-ad5a-4ea5-8ec5-13244c7d6638,eosinophil,train,EO
11016,2667cd0f-141e-41b5-a82f-290bc0eed921,monocyte,train,MO
11021,59465e57-f453-42e6-9835-588572f27b4f,basophil,train,BA
11024,716b422f-a851-4640-bd58-68c33c3b0486,monocyte,train,MO
11027,7fb5c875-93e3-4803-9bcb-9ae10a53b169,monocyte,train,MO
11033,5830078f-1d1c-4042-b14d-96dfacd1a828,basophil,train,BA
11034,32204c2c-bb26-4cfe-bbaf-28954d311668,eosinophil,train,EO
11040,e8d1315e-15d5-49e0-a4cd-0ea87a0d37e0,eosinophil,train,EO
11042,aabaef39-892f-4d22-8996-36cf61892528,eosinophil,train,EO
11047,abda7ccc-8b5b-4fc0-a045-ce13783cca95,eosinophil,train,EO
11049,56590d63-51bc-4fb3-8f45-7a64f6eb2974,monocyte,train,MO
11051,48f3f384-07d5-4f6f-b2cc-ec801be43b39,monocyte,train,MO
11052,006fedb8-b4cb-4380-9b86-1c52fdce0029,eosinophil,train,EO
11054,99cc69a8-fa39-4c03-9767-a87c57f49fb2,basophil,train,BA
11055,dfa51574-863f-4dac-9fdc-493c6cb391e2,eosinophil,train,EO
11056,2ef7d13c-963e-47f5-a379-a4774b956844,eosinophil,train,EO
11061,0cc694d3-b31e-4d2e-af24-8a004741eb74,eosinophil,train,EO
11064,c86ffc72-7fb6-4ef2-8460-a505197ece1c,eosinophil,train,EO
11065,25e2fb7e-bbc7-40cc-8fb1-997fa702bd63,eosinophil,train,EO
11067,e336dde0-f477-456f-8ba9-42ee11fb475b,basophil,train,BA
11081,c5bfc7d9-9f25-4d97-bf8c-b8872bd9bed1,monocyte,train,MO
11082,0a485525-24cc-40eb-8e99-d3c4477d46fd,eosinophil,train,EO
11086,8a7242a3-d67a-4ef3-ab90-53d6b3ee8a9c,basophil,train,BA
11090,7142aa39-bacc-482c-a4e2-f88ad7f80b92,monocyte,train,MO
11093,ccc557ab-bfbf-4665-a856-f2182a5b1732,basophil,train,BA
11096,0c856cd7-f752-4665-a444-130062bcd734,eosinophil,train,EO
11102,f4dfc958-d745-40e8-b018-49362154a0b6,basophil,train,BA
11105,bbfeccec-83fd-49a8-b6f1-28afe8f9758d,monocyte,train,MO
11107,51b40b43-a922-4d86-9dd5-2505ac587c59,basophil,train,BA
11113,a30c4f90-64a1-42a9-9030-d4ef1661041b,monocyte,train,MO
11118,183e3964-a39c-48ba-942c-4b5d4b637c2e,eosinophil,train,EO
11121,ded291af-f873-49bd-9230-827675a1024a,eosinophil,train,EO
11122,4ce0a2f4-86e2-4fe8-ad65-93b027ebbfb7,eosinophil,train,EO
11123,20c2044b-dea0-462c-928e-b5e7f0938dff,eosinophil,train,EO
11126,74953b8d-6067-4092-86ff-984389fb2aa2,eosinophil,train,EO
11129,2ecff174-62d8-41f4-989e-5c4d57c7f5f3,eosinophil,train,EO
11130,b120fc2d-9909-4d88-a5e5-c1100d5eac54,eosinophil,train,EO
11134,a7efe6fe-2c92-4890-b87e-4ee62c80508f,eosinophil,train,EO
11140,12f8ae4b-efb9-4d62-b996-4fc4836746f4,monocyte,train,MO
11141,5252e8b5-585a-406a-a244-acbaa0d1a649,eosinophil,train,EO
11143,6f1a05c0-ce6d-4ddc-8b8c-7ce933806215,eosinophil,train,EO
11154,3477c7fe-b6eb-4f30-871c-c9fe23193f6e,eosinophil,train,EO
11160,3647dfe5-0499-493b-997c-05604b83e377,basophil,train,BA
11167,ddf4b6a8-e162-421b-99d8-8bfdcb8dd830,basophil,train,BA
11170,34baadb7-4960-425d-8e20-72e374ab10ec,basophil,train,BA
11172,3e256c20-5435-44e2-a944-efadf783ae59,monocyte,train,MO
11178,9e0e2e6c-402e-4e2d-95d5-831beaeb9b45,eosinophil,train,EO
11182,ee605802-cd5e-4858-8f49-af3b752e300c,basophil,train,BA
11183,fb498b7a-a112-49a9-8ab4-7d212fa73ad0,basophil,train,BA
11189,b19276eb-8146-4c4c-8a53-06a20ebc0cc7,eosinophil,train,EO
11190,840abe06-fcc4-4ef2-b0c9-dddd1f404683,eosinophil,train,EO
11193,e5a10dce-4334-4d49-bce4-ce34bfb389f3,basophil,train,BA
11194,f7f5ecca-e69c-4138-b2eb-bfccbade738d,eosinophil,train,EO
11199,c4b34df0-42c5-44c8-b459-f61cf2c1ed0d,monocyte,train,MO
11200,a0ec1137-e4ec-4756-8fcb-a724d84e7359,eosinophil,train,EO
11201,3a2ef424-91d8-4d46-b778-b211558a1bb4,basophil,train,BA
11202,d1122e03-5842-40ed-b6c5-f0fefda048bf,eosinophil,train,EO
11205,bbc9b067-a6c2-48eb-b547-faddc0728231,eosinophil,train,EO
11207,339b5b96-6058-4c2a-9a0d-325c21ca8375,monocyte,train,MO
11208,065a0220-8d36-4441-ac1e-0a65b6a32a6e,basophil,train,BA
11212,61ba0e7d-2386-4805-b218-41f830f56648,eosinophil,train,EO
11218,38e94cff-dcb5-4f43-9e55-2e2194fb5692,eosinophil,train,EO
11221,bc8607dc-23d8-4bd0-94bc-d95c8ecf31ad,eosinophil,train,EO
11225,03cec0c5-68bf-4dc0-ba57-cf56b858d8b6,monocyte,train,MO
11227,bc758719-252f-4b02-9cd5-ae49910bbb99,eosinophil,train,EO
11228,7773528b-be2b-485b-886c-090ac3b41fea,eosinophil,train,EO
11230,21a97b18-280d-45dd-8f83-19107be03c2d,monocyte,train,MO
11231,0540549c-ac6a-4b78-ad05-dcf996cd0b35,monocyte,train,MO
11232,6d16dcc6-d902-4434-aed2-874d71768e9d,monocyte,train,MO
11237,1fe61e18-53a0-4125-9ba1-22d78198879e,monocyte,train,MO
11241,c2d3a092-fb48-4eca-a317-a748f9027d9b,eosinophil,train,EO
11245,6daeaac6-d568-4921-b30a-de23960355cf,eosinophil,train,EO
11247,831972f2-4ec2-4473-ac67-24970cd21922,basophil,train,BA
11248,22b20576-561d-478b-8c99-392e2829013b,basophil,train,BA
11250,88339c02-ee6a-4a79-90eb-ac0d143f0caf,eosinophil,train,EO
11251,78aea8b8-56bb-4449-801e-b4e6fd346289,monocyte,train,MO
11256,de4c31ea-44cb-44a9-a1d4-f1adc81879b0,monocyte,train,MO
11257,a08b6e54-442d-486b-aca1-857cd686548d,basophil,train,BA
11258,0a351763-e878-4916-bcde-49979a5fd68f,eosinophil,train,EO
11275,9e4be148-ea27-498b-b9fc-d9f223f6d560,eosinophil,train,EO
11280,675a86f5-fa1f-4532-a94f-150327e5d743,eosinophil,train,EO
11281,7e2555d5-6755-41c3-98c1-931325bedbea,eosinophil,train,EO
11282,81196a0c-89d7-4601-b0a5-7336311bf5d2,eosinophil,train,EO
11283,099d70ff-c8c9-48b4-a3b0-a5b685203632,basophil,train,BA
11284,0cf783cc-2365-4853-8242-18d9d46f496c,monocyte,train,MO
11288,e8e69cea-65b0-42de-b8e6-f233b3260028,monocyte,train,MO
11290,5065ef59-006f-4001-b996-fc9e0538c3d6,eosinophil,train,EO
11303,47cb7129-20d5-4868-a727-f2cfe0731603,monocyte,train,MO
11306,d1f87551-01cb-4e52-b637-955269a4b27b,monocyte,train,MO
11307,4c22bc89-8f5e-441e-af92-e4b5c24ae187,basophil,train,BA
11309,8736c624-f375-4c59-8c44-519274d8bd59,basophil,train,BA
11310,e83f0992-b574-4088-b322-52de413cdbb6,monocyte,train,MO
11311,6985e8e2-1695-42f0-8f01-08f0c55df8fd,eosinophil,train,EO
11315,3f125405-b087-437e-b754-b1dd336f87a9,eosinophil,train,EO
11331,1e37a10d-ae33-4598-809c-6ee76b5606d6,eosinophil,train,EO
11336,ad578e68-b9cd-447d-90b3-5c5e39e0b5cc,monocyte,train,MO
11339,91aa4810-f1f9-462a-94fd-df0cc12a05c7,eosinophil,train,EO
11341,7058962e-6338-41e2-97d2-ec65ace7c569,basophil,train,BA
11344,33d61104-c251-410a-ad35-a67e39bd5f96,eosinophil,train,EO
11345,2a533dc1-aa7f-48c3-8256-a449cf3cc82a,eosinophil,train,EO
11348,7139c80a-9657-423c-a766-142adb6b38ed,eosinophil,train,EO
11351,a6bede1e-a7c0-4bfd-ae6c-0c9fb963db63,monocyte,train,MO
11353,2552f535-d6c8-41aa-8020-729b7da2944d,basophil,train,BA
11357,21eec821-61cf-469e-94de-89c4c49187b6,eosinophil,train,EO
11358,f2e54a7f-9b0c-437d-aa68-7f20dcb6bb45,eosinophil,train,EO
11361,bbac5116-8b22-4162-abe7-20ed7dc72deb,eosinophil,train,EO
11363,adcab2f5-cdf2-45db-b1ce-a9e0f52aec89,eosinophil,train,EO
11366,f9ed18d7-f55f-4a1e-8abd-199761969a90,eosinophil,train,EO
11368,622e7ccb-00af-4d56-b429-4b8ee5d39136,eosinophil,train,EO
11373,31c92242-26c7-494a-82f7-d062e16092e8,eosinophil,train,EO
11376,51173b59-4ec2-4c38-8115-6a9ecb4e246e,eosinophil,train,EO
11378,818575e0-c597-4bf0-9a5f-4737e1675897,basophil,train,BA
11380,c25b092c-6f9e-4d8e-9f90-89ad6adb8c8f,monocyte,train,MO
11383,7792cb11-5b72-465b-a19c-78cd98cb5ffa,monocyte,train,MO
11388,c6c82326-f62c-4faa-86a9-6de6c8731f21,basophil,train,BA
11390,1b5d142d-9e73-4eb7-91c9-4d67f3034373,basophil,train,BA
11392,2813c72d-18ea-47ab-bf6b-c889a64767a2,eosinophil,train,EO
11393,e2b3867f-ab51-4c17-b0b3-c642725b3fdd,eosinophil,train,EO
11394,46cf93b3-fa97-4c7b-a085-f6802eabc1e1,eosinophil,train,EO
11397,81653816-b5c1-48b3-9d5d-c3904bdae930,eosinophil,train,EO
11402,b670671c-9dcf-4c5b-87a4-f683c2e6d8a5,eosinophil,train,EO
11406,ecf8c4e3-b8d0-4173-9fa9-d350f95d64b0,basophil,train,BA
11410,12eb717a-8347-4b59-8b91-42cb1f0270f6,eosinophil,train,EO
11412,a6656b71-ac5b-4258-a58c-60be2b09cdba,eosinophil,train,EO
11417,18885d1d-2e6f-4ad5-81fc-e2b71b7cd33c,eosinophil,train,EO
11419,174a0491-0c6e-410a-9ad8-4f6a5c128242,monocyte,train,MO
11427,8af28dcc-09fc-4221-bef3-89b13d7f1447,monocyte,train,MO
11431,30c54f09-df97-4a1f-ae8c-ce4195c753c7,basophil,train,BA
11433,54608892-b81d-4614-bffb-b31697bc77c8,eosinophil,train,EO
11434,596d6e58-ba92-473b-8bd6-3cdce246a938,eosinophil,train,EO
11437,8684093e-1a23-4e59-bcee-a066e2b4e4f1,eosinophil,train,EO
11443,7ad6f19b-d424-4d0f-a515-a9cda6473acc,monocyte,train,MO
11446,a1870967-fcc8-423b-8244-7a29d2b41c84,basophil,train,BA
11449,cc35e355-6fdc-4d16-8e54-4c914ca74577,monocyte,train,MO
11456,24ed0a38-c7bb-4b8e-99a4-d831d0d89bd2,eosinophil,train,EO
11460,d8056d2a-2acb-4a53-b858-28d5a7a34566,eosinophil,train,EO
11462,be7ccf65-e4ed-4ea4-885b-ccf308e9b3a6,eosinophil,train,EO
11466,a569e1c5-58ca-438d-b64c-1b009b9b61dc,eosinophil,train,EO
11468,e6d32835-a57f-4f5c-8240-f54633334ca5,eosinophil,train,EO
11470,6067d92e-db2a-4404-a663-6ecf867085ee,basophil,train,BA
11472,2c890205-4645-4642-bd1f-081229cab89c,eosinophil,train,EO
11475,2b6bb877-ef59-4aba-9f4f-d4bb5679ecff,eosinophil,train,EO
11476,16a12f64-dc92-46a3-bbc6-a713a500ceca,eosinophil,train,EO
11485,b832e671-d828-4962-a2ff-42b7bb8cf8b0,eosinophil,train,EO
11486,100d32ae-9511-4921-b0a1-be0dd2ea53bb,eosinophil,train,EO
11488,298b8f19-b0ce-418d-bf29-bc576118649d,eosinophil,train,EO
11490,a2f18ae5-b148-48ab-8b02-68860751829e,eosinophil,train,EO
11496,2f0602b7-2eb9-4f4e-9c89-4d908e0acb42,eosinophil,train,EO
11498,7be89a1f-737b-4e32-817b-1d88a2d5d4ef,eosinophil,train,EO
11500,e6a6ae7d-b7f2-4278-97fb-29129aa159f9,eosinophil,train,EO
11508,3b1bb239-7dc0-45a7-898e-2d94b57e0801,monocyte,train,MO
11509,e40bb9eb-9771-464e-9305-b04025308f71,eosinophil,train,EO
11515,2c7bc73c-37b4-4990-916c-2e13b4b3059d,eosinophil,train,EO
11521,1ab2a073-46f2-445c-bb85-f1dfc81ae387,monocyte,train,MO
11522,9aef18cc-1038-47f5-b2cc-3d50aa748fa3,eosinophil,train,EO
11523,6a2a9d5e-0863-40c9-8965-64a8393921c1,monocyte,train,MO
11524,8b28405d-a56d-4752-be4d-cf7e0405e558,basophil,train,BA
11526,7e276cc7-a0eb-4eb9-b715-5794f3bfce2a,basophil,train,BA
11529,cd60ceb8-5251-4abb-ab05-1f8567e1153e,monocyte,train,MO
11532,ce59d8c3-7a00-40c9-bf95-ce00b407753d,eosinophil,train,EO
11536,995b1479-f0cc-4f01-a4a4-7c9183437789,monocyte,train,MO
11538,c7da5c66-60ab-421d-8162-e2b31eccbf22,monocyte,train,MO
11542,1317f901-b060-4001-a3c8-b7996d5d8a17,eosinophil,train,EO
11544,e151e5ff-2ad1-4086-8d09-b15a70fdbaba,basophil,train,BA
11545,de0e6523-9405-4789-b413-9d419b9f6bfe,eosinophil,train,EO
11548,72ef5a5a-458c-48e1-a5db-eaf15d71bb60,eosinophil,train,EO
11550,2ade59d5-be2e-4a40-ad37-7117625fe0de,eosinophil,train,EO
11556,06274ace-2790-435a-907e-7e8deaba386c,eosinophil,train,EO
11559,0fec29fd-e484-4f2d-952d-d5994049dd6c,basophil,train,BA
11563,5b1a3312-dcec-4498-af4d-1a17c2807c40,eosinophil,train,EO
11564,cb8b6520-c39d-4c93-a836-37c9072a5646,basophil,train,BA
11565,86a1d6a5-f7cc-45a8-9596-da59c4aef462,eosinophil,train,EO
11572,2aef1744-8f93-4cdc-aa0e-734650773de1,basophil,train,BA
11576,846f3f5c-2f6e-430f-a402-b8b167f65cb9,eosinophil,train,EO
11577,ad7a4f06-7505-4cee-9737-a2fc21d6bbe1,eosinophil,train,EO
11578,121aa01b-8188-4529-babd-6e779d86b352,eosinophil,train,EO
11579,ed21dbc1-b10f-4f9b-80de-172b4a8b76bc,eosinophil,train,EO
11582,46694e41-aad7-4e01-aaa4-d492dfc5b306,monocyte,train,MO
11583,0db94014-56d2-4c6a-bccc-7bde511efeee,eosinophil,train,EO
11590,768f19eb-4ce7-4597-aeab-34a8ab3ab129,monocyte,train,MO
11592,8fa85050-a3ab-414d-ba9d-a0d514b83b3d,eosinophil,train,EO
11594,82707b55-ce2b-409d-af3a-632cf82d6fba,basophil,train,BA
11596,31e79a33-0802-4e59-9ca5-8a23b052bebe,eosinophil,train,EO
11598,3457cf71-d27b-4f51-8506-02bb9f413d49,basophil,train,BA
11601,fea06a30-e4f0-41c5-b394-60b817c3051e,basophil,train,BA
11603,6e8c6fba-0f99-4666-8624-7bd8275af49c,eosinophil,train,EO
11604,aca466bb-8ec2-40d6-8394-0accc76b3211,eosinophil,train,EO
11607,d259aeaa-8532-4fa9-b126-bfae0887ec79,eosinophil,train,EO
11610,3c9eb368-b9bf-400f-a1f4-75a935309db5,monocyte,train,MO
11613,7d19daaf-26a8-45cc-a4a0-af9d1c1ca1b3,monocyte,train,MO
11616,1cda68f1-d06f-448e-9541-ed36eee1e65f,eosinophil,train,EO
11617,8521db99-9f67-431a-a175-4efc67272670,eosinophil,train,EO
11625,a36e3c20-8fb7-415c-9c55-37b7769fa8d4,eosinophil,train,EO
11631,bf92c3b7-4c65-4cb2-aae5-23495fbf5b32,monocyte,train,MO
11637,963cbed0-f55c-4b2b-8ebb-a90789013815,eosinophil,train,EO
11641,cba26406-cc9a-4937-a361-27933f2d5c2d,eosinophil,train,EO
11643,ac560265-88d4-46c7-bb3f-58a11b92e837,monocyte,train,MO
11644,0cc82421-b17a-45e9-a977-9df00859e5e1,monocyte,train,MO
11649,2da6d530-1a2f-49ce-a1fb-e021144b73ff,basophil,train,BA
11650,a6840cef-aa95-4fcb-b730-533561bf63aa,basophil,train,BA
11651,52a514f3-e46d-4f77-bb35-dfcbe152bdcb,monocyte,train,MO
11653,48e2655a-b332-4556-a4ed-6e15bba10b29,eosinophil,train,EO
11654,6608b8b9-ae92-41a6-a7c2-d6fa684fbe6c,eosinophil,train,EO
11655,b613a1fd-e537-4bcb-9337-b7142ddf918b,eosinophil,train,EO
11657,0c8f4d12-5561-417c-9241-22da0938b148,monocyte,train,MO
11659,fed7d615-f945-4e05-8bf7-5d0a06fb818a,eosinophil,train,EO
11662,2aeafcdb-238f-4a68-8154-2ba5274ef431,basophil,train,BA
11664,70461f63-f9dc-412d-9910-d24eebcda965,eosinophil,train,EO
11665,d7b82d50-720c-4419-87a6-864a6af67749,eosinophil,train,EO
11666,7ea3df17-441b-46fd-b812-83f356426c47,basophil,train,BA
11667,b14d1a07-4c85-4015-8229-64cc9ad3ac1d,eosinophil,train,EO
11674,a157f7b8-f82a-4675-9853-090b2cb1c357,eosinophil,train,EO
11677,9c12622e-f66d-46d2-a7ac-9c9e3b733f2e,basophil,train,BA
11686,bb920f5e-1407-463d-8c03-b032df0308d5,monocyte,train,MO
11698,280178ed-97fc-4517-8c2d-96750ec12e2e,basophil,train,BA
11699,e82851c4-d1a7-4dc6-8092-67a2de91a222,eosinophil,train,EO
11705,9a803b9b-04b0-413e-bc04-6c8db91c7f09,basophil,train,BA
11711,b1c006b4-8928-4ec4-8f1f-afbcaa462bf7,eosinophil,train,EO
11713,e8e716c4-6d86-4293-bef1-421afb4eeff6,basophil,train,BA
11715,9e6560bf-5b2c-4286-ad23-eeb778d5d56d,eosinophil,train,EO
11716,bb5a3126-dd02-4e46-ba9a-fb55e57eaaa1,monocyte,train,MO
11721,7add5d9a-5413-4a7e-a037-b26d3423933b,eosinophil,train,EO
11722,e24dc23c-619d-4a5f-972c-d0e7fc83bf78,eosinophil,train,EO
11724,02a566f3-7210-45f0-8841-2e027d14d460,eosinophil,train,EO
11725,7f9a0219-79f5-47d5-91d3-13123193ad3c,basophil,train,BA
11729,87100aa4-d4ad-4c89-ad2a-b7ca1ec2df18,basophil,train,BA
11733,b62c1c11-b81a-4da4-bbd2-992a26e4c3f8,eosinophil,train,EO
11739,e8540936-ddcf-46d1-8387-8baa95c9f2a5,eosinophil,train,EO
11742,7e524d8e-d815-4d3e-9482-dcf131dc45b4,eosinophil,train,EO
11743,7289c6f7-6e83-496a-b675-67770214611a,monocyte,train,MO
11744,d01029ca-0e3e-486f-a3b0-92aa0fcbd862,basophil,train,BA
11746,44e69c16-cad5-40b5-b57d-9c907cbfd83c,eosinophil,train,EO
11753,7dd699d3-9e64-47b5-b4e7-fc040e4ec562,eosinophil,train,EO
11757,ba0bb0f1-2557-4fbb-9073-354530168a38,basophil,train,BA
11763,ab9f799e-6023-4cf1-8c69-96bdf495951f,eosinophil,train,EO
11764,b1caed88-f0f2-49a2-93e4-ffee8e5b8b7c,eosinophil,train,EO
11767,aa3b91c4-fb14-4300-9723-6c8b7fa7b07c,eosinophil,train,EO
11771,cdffb1a0-71ef-483f-8d62-d7acbc2e3cc5,basophil,train,BA
11773,8ae9f430-74c3-46a2-8b9c-c45e57488c8a,eosinophil,train,EO
11775,f14648f9-316d-4e8d-9d41-031f09aca225,eosinophil,train,EO
11776,1c9a01e7-fe27-4e90-a6a2-7dc21ed15fb1,eosinophil,train,EO
11777,8f82d797-adcf-4cbe-9c6f-ceaa33910913,eosinophil,train,EO
11778,c17fe1b5-cf14-42e7-ac65-69ef561a1162,eosinophil,train,EO
11779,f7d0654b-5f43-4922-9ebe-accbafbb022c,monocyte,train,MO
11781,03ac1557-77a6-4ffa-b3c6-3c361aa42e49,basophil,train,BA
11784,b98302bb-4d22-40dd-a66e-56e52b8e2e4e,basophil,train,BA
11787,1832a2c3-62c0-4a19-9d0e-1c5b1a207d4b,eosinophil,train,EO
11789,3b5fdbaf-fd9c-4577-a083-b7694470a4d5,monocyte,train,MO
11790,225b86d2-e93d-4849-bf30-664b1adbe970,basophil,train,BA
11794,cf391f1a-016a-434f-bf02-7109a033db75,eosinophil,train,EO
11796,87c6eb39-df68-4d0c-95c5-457782f435e1,eosinophil,train,EO
11799,2514c256-22b1-4ffe-8aae-f1d5f91fc225,monocyte,train,MO
11802,0c12b2db-b97d-4eec-aec4-9d0c695fc794,eosinophil,train,EO
11804,92d1d673-871e-4a3e-bf49-da249598df3f,eosinophil,train,EO
11808,3bf87c83-f84c-4f9b-a8f7-764723dda1df,eosinophil,train,EO
11809,95f58f92-4bc5-45cf-9091-49910c61c864,basophil,train,BA
11810,b845864d-9a5a-49f6-a3d1-3136f151a53d,eosinophil,train,EO
11815,ef3bf475-2f45-4ce1-8ff3-d79a5bac5859,eosinophil,train,EO
11818,58939215-0c7d-4e2f-a756-8d238d3bb8c5,eosinophil,train,EO
11826,f742e403-2909-40a5-92e9-8fe2c59e12e6,basophil,train,BA
11827,ebf2913a-f2fd-43ac-a992-ede9d8a983f1,monocyte,train,MO
11831,6136d07d-d70a-4d0f-af40-2fdd6af86a19,basophil,train,BA
11832,1148e812-ef59-4f74-ba7f-4109bb634ad8,eosinophil,train,EO
11837,ac97d826-030f-4fc5-aa2e-05b8a01711d2,eosinophil,train,EO
11841,a18be46b-d5ff-4fd5-8603-ee11faac9ea9,eosinophil,train,EO
11842,2d032199-0adb-4a52-bcb5-d0251d92e09d,eosinophil,train,EO
11843,a1d4047a-ed8a-4238-9774-50ec1aa297d6,eosinophil,train,EO
11844,5e29149e-d559-4b7e-b816-aa034a16a548,eosinophil,train,EO
11849,17b21cce-a9ba-440e-b2d2-32261d67d1d9,eosinophil,train,EO
11855,bbb32bb3-2b77-4a92-80e1-758a7a75786e,eosinophil,train,EO
11863,b25e8415-94fa-4d22-9d37-3ee16c2d29d5,monocyte,train,MO
11864,b3c6c96c-1279-45ef-8732-47466d9c4521,monocyte,train,MO
11870,40199041-f704-4dc9-b73a-9ae351649305,basophil,train,BA
11873,ff3da38c-28e9-4ce7-bcdf-18295e598d43,eosinophil,train,EO
11878,28fb9559-12cd-4ff0-b822-420fed869ae9,basophil,train,BA
11882,426ed3b0-5962-4eef-92aa-8a1f0b11ff0b,eosinophil,train,EO
11884,3af662e9-2415-479a-aeff-062c0d7a75fe,eosinophil,train,EO
11885,596ff7a5-0da0-498d-bd92-761684f99309,eosinophil,train,EO
11891,4e5711fe-566e-485e-b9ff-df79912d16eb,basophil,train,BA
11896,92c6c7f6-12d7-417a-93f5-eba2b2c088c2,eosinophil,train,EO
11897,32212875-3eb5-4999-939c-ec6b954cf78f,monocyte,train,MO
11898,920216be-108d-4252-825c-33d8290c5c88,eosinophil,train,EO
11902,cc33941d-25e3-4018-8e67-bda58de39af4,eosinophil,train,EO
11907,31e5cdb2-60fc-489f-b434-4d7e3dab4458,eosinophil,train,EO
11914,b0d7477b-95ff-4dfa-8920-8ba9857f62b4,monocyte,train,MO
11916,ca31c237-f1e4-40ef-a55c-86df188f90fa,eosinophil,train,EO
11917,ce8ddaa9-aa99-436f-b8d3-b0729346b4e1,monocyte,train,MO
11925,92eff0ea-9cb4-4e16-aa42-c6eda67989c3,basophil,train,BA
11927,8ee0ba8d-e369-4ea2-913b-96bd084a9e51,basophil,train,BA
11928,7f2d1bc0-92b4-4951-b2d1-3281b06eb5a5,eosinophil,train,EO
11930,f78668cd-63f0-4521-b9fb-8a9dfd79a8f8,monocyte,train,MO
11933,a335fb17-a511-4506-9ba8-bd61eaffe795,monocyte,train,MO
11934,4556b564-b5a9-4bbe-99b8-68d91e8d80ac,basophil,train,BA
11935,27265733-1d81-4598-923c-a94ccc18a4b5,basophil,train,BA
11939,deb505f6-fb4e-4b57-807f-fcfa196d68ce,monocyte,train,MO
11943,eefa7e3c-bd88-490d-b8a0-4f62afda07b3,monocyte,train,MO
11946,2214fd9f-bcf3-4dfd-9afe-ec42c51e610f,monocyte,train,MO
11947,859567a4-55f6-413d-b11f-cefeb38dc6d2,monocyte,train,MO
11953,a2efe0c9-0c5a-4ecc-aa13-333d644664e4,basophil,train,BA
11954,62e6e8e8-1f7c-48b9-b35c-2be099f48f47,basophil,train,BA
11956,99540b83-5cd1-468c-abf7-5a7a90fbabf3,monocyte,train,MO
11958,99b29c1f-0cb5-4758-8e91-3840fb2ac99a,monocyte,train,MO
11959,4d23fb60-6bf9-445e-bd91-873123ea3f25,eosinophil,train,EO
11960,212d8067-b567-496a-90dc-b0f182060390,eosinophil,train,EO
11962,875cb771-7b28-458d-aab3-4c15f31ac6d3,basophil,train,BA
11963,2933523e-39e9-4e62-b0db-f3e4cb2f2251,eosinophil,train,EO
11964,ddd6f474-11a6-4876-bfac-651f6fdb669c,basophil,test,BA
11966,08e89183-f68e-41b1-9141-e8da2b17a742,basophil,test,BA
11974,e439910d-d396-4b15-b8a7-23f992053429,eosinophil,test,EO
11976,4137b6e3-dfba-42e9-9e32-d4a516a92315,monocyte,test,MO
11979,0ebc42ec-13d9-48de-9a82-0412f4655e49,monocyte,test,MO
11980,3424f07c-6871-4d18-907c-c40ba28a8305,eosinophil,test,EO
11985,f61ea3cb-476d-452d-9e55-e24efbbcd89a,eosinophil,test,EO
11986,950b7d2b-95bd-45cf-b385-013ae3038775,monocyte,test,MO
11989,3c1f0250-0f7e-459b-842f-bf36d83aa7d3,eosinophil,test,EO
11993,5cc10632-fe42-4838-914d-4d4e3ef94a5f,monocyte,test,MO
11996,a407b7bc-0f64-4255-bc2f-1f23e47c5799,eosinophil,test,EO
11998,2946c393-5ab8-4ce9-9154-96e972f9d0fc,eosinophil,test,EO
11999,e4dc86de-e75d-4350-b5af-32b45d4bfe4f,monocyte,test,MO
12001,285436c3-bef0-4f34-9c38-b8938a948a47,monocyte,test,MO
12002,1077f0ea-3f25-4413-a00d-59720b88da7b,eosinophil,test,EO
12006,8772a4c3-e691-4a2a-9ac0-82fb32bd1ac8,basophil,test,BA
12007,dfd259c9-0737-46c5-93b3-c429c45bc7f3,eosinophil,test,EO
12011,c6b44e68-1360-4d7f-8f15-31f87b6a9931,eosinophil,test,EO
12013,b44df44d-29db-4b32-ae2b-8c5100a4a57c,monocyte,test,MO
12016,81d89139-63e6-445c-a4c3-3f159544057d,monocyte,test,MO
12018,1f07cd59-9526-4750-b717-f6209b1ce472,eosinophil,test,EO
12020,09b08950-e15f-4b4f-9c89-d885fe8de3c8,eosinophil,test,EO
12021,2a2b94fe-d7fa-4632-b96a-29ce39de3425,basophil,test,BA
12023,628dd7b3-e70e-47cd-93c7-24ac42033d85,basophil,test,BA
12024,7aa51738-0ee6-497a-abe6-210301d443c1,monocyte,test,MO
12027,9b103e81-14bb-460b-b633-2d318ff187e9,eosinophil,test,EO
12030,fd2d5090-7ef9-437b-8372-4a73256d7cb7,eosinophil,test,EO
12033,b4973f0d-843c-4677-9baf-684a470d0c4a,eosinophil,test,EO
12040,a2daaf18-140b-41ba-8401-f381c34b5688,basophil,test,BA
12044,0d08c0d4-6c57-43c1-b8a8-7ce43d4f258e,monocyte,test,MO
12045,b7ad3941-7e2e-4a8b-af7a-15ed3b350d5f,basophil,test,BA
12046,d9f9084e-ef22-4736-82f7-441cf7ef6c15,eosinophil,test,EO
12051,5cfb945d-79ab-4464-8360-04ab78d86faa,eosinophil,test,EO
12053,9d39a004-6327-4d58-bb52-2097700bb59d,eosinophil,test,EO
12065,54b0a003-a784-4b7c-9530-358d3aae30d9,eosinophil,test,EO
12069,994e237c-efc8-4d5c-a305-1196b9944b4a,basophil,test,BA
12073,d8ca378a-24bb-4fdf-9c4b-96e82a25b27f,monocyte,test,MO
12074,ba786e3b-38fd-4262-ad5f-a4abe7c31d6d,eosinophil,test,EO
12076,cea15d6e-a254-4473-8b43-340e6604ec03,eosinophil,test,EO
12085,20af9eff-5e02-407e-ae13-c68fc0f9d5c0,eosinophil,test,EO
12088,c7db375e-47d1-45bb-93c6-1542dad67e9a,monocyte,test,MO
12089,03730ead-2413-4f26-941a-ddae3806bb85,monocyte,test,MO
12093,ef991ef5-b9b4-4c0c-971e-6d03f6807769,monocyte,test,MO
12094,1e9d80a3-1ca1-4d2e-a177-fe8bbd7021e6,monocyte,test,MO
12099,7c2bfa8c-da8d-457c-bc46-4551a85e0dd4,eosinophil,test,EO
12101,437457a9-f126-4d37-b619-d99ebcd7c0b5,eosinophil,test,EO
12107,8f706f99-fec7-4edd-8325-9f97521caf1a,eosinophil,test,EO
12111,2ae86339-08ac-4030-a639-8a629bd14631,eosinophil,test,EO
12112,f9ca9b0c-2038-49aa-82ff-21c866762591,eosinophil,test,EO
12119,21549d20-1d04-4289-a03c-a6f4f1d488c4,eosinophil,test,EO
12122,a8c59cb3-ee6b-4089-bcd9-40ddc5ae7dc4,eosinophil,test,EO
12127,91387b04-9481-4201-b029-1d99c60564e2,monocyte,test,MO
12131,2797d36c-90ae-456f-9f32-2334159e8a24,eosinophil,test,EO
12132,0fe94508-78db-4c4c-aef3-fa4e91169c18,monocyte,test,MO
12135,923b45c2-769a-4f10-a7c2-fdf9e0e0b5e2,monocyte,test,MO
12138,29c59656-345f-4fc7-b0de-dde601319869,eosinophil,test,EO
12139,342a47c5-2397-41c6-9794-2ff0349725ba,monocyte,test,MO
12143,c6f3ac03-53e3-4b5b-9751-1080f6ba4eb0,basophil,test,BA
12145,20e3feb5-849d-41ba-bf3e-aac26e56c1ad,eosinophil,test,EO
12146,74285b46-496e-4f33-b9d8-1e485b9536fb,eosinophil,test,EO
12151,bc3927e8-28eb-4e5f-8581-6d2e5bbfcc59,basophil,test,BA
12156,7634ee59-c488-441b-806c-342cc558bf01,monocyte,test,MO
12159,2deb835b-996c-4d00-8c6e-54c1f5cca051,basophil,test,BA
12161,18f3135c-2d8a-4ce2-8f73-79cc4a778660,monocyte,test,MO
12164,b0902262-329e-43e2-8eaf-91de44979123,basophil,test,BA
12165,2d969588-e2fe-4bc9-a6f7-a021fba3c895,eosinophil,test,EO
12166,32afb6d3-f991-45d0-ba46-7fa895fe43ce,eosinophil,test,EO
12167,d238a434-c18c-4f68-943d-7edf03ca7085,eosinophil,test,EO
12168,04d48c37-2dae-4fcd-87ca-aefff949369e,eosinophil,test,EO
12173,05a72cfd-ddea-4a6c-b999-2a14a295cb1d,eosinophil,test,EO
12176,44cce0ea-b12e-4299-9e4a-711152f9451d,basophil,test,BA
12180,c333473a-5281-4075-bd75-a01af5c098b9,eosinophil,test,EO
12182,d3757898-b649-482f-8136-ae273f2e9833,monocyte,test,MO
12189,c6ef0eb1-795b-41c9-9067-a168ebe4c562,eosinophil,test,EO
12193,37b97170-b5aa-45e5-b080-21b81c95deea,eosinophil,test,EO
12197,5def22a2-46db-4ba4-83a4-4205a50ada08,eosinophil,test,EO
12198,c832e22b-521d-41f3-8a8c-f1aa4b28bda9,eosinophil,test,EO
12204,da3ad7e7-e258-4be2-a4e9-80bce1b746c9,eosinophil,test,EO
12205,2ce0bd43-a8d6-4d80-8e12-f89a5e4218eb,eosinophil,test,EO
12206,06edd71f-c1fb-4d23-867e-c82d88589073,monocyte,test,MO
12207,e9736ca9-7305-4e6a-97b9-a028b38bb3f6,eosinophil,test,EO
12208,573e1f3c-1777-4920-bfea-133515d57cfb,eosinophil,test,EO
12210,a1a64b8c-a124-49d4-a0d8-d176a83be487,eosinophil,test,EO
12216,b5fa3a66-7b3d-4a72-8375-8990cef0b92a,monocyte,test,MO
12217,cdb73bdf-1be3-462f-a857-927cd56ed7dc,basophil,test,BA
12219,cd63f269-5ba7-4b10-9365-e0516195f942,monocyte,test,MO
12223,f5c3078b-82d6-4a32-a7e1-8b7832f7a7a8,monocyte,test,MO
12224,74c2a919-04fb-413a-83b1-4d5a82bd933b,monocyte,test,MO
12225,ece65912-307b-4450-b17f-6cc307c7e907,monocyte,test,MO
12227,b92ec0f1-ead9-4ec0-878b-7c8b60422128,eosinophil,test,EO
12235,2a1fbee4-bf11-4808-9b46-d5d033b59729,monocyte,test,MO
12240,4b7b6398-fd45-463b-a43c-7ee8e15dae97,eosinophil,test,EO
12242,c9f3a761-ab89-4983-9aa1-5699c233a0af,basophil,test,BA
12245,62492332-73e3-41e9-b99a-eedf2d120f9a,eosinophil,test,EO
12248,f9b23de2-0ca1-44bb-ba6b-23e28c66f66d,monocyte,test,MO
12252,8bd26da1-0141-49e5-93e4-279556c87619,eosinophil,test,EO
12256,3c939ac9-c774-4e54-b425-01a0476e37c3,eosinophil,test,EO
12258,0bedee3e-d3f7-4c2c-a4be-38cfb0bab899,eosinophil,test,EO
12261,999b7c89-5036-4ef5-b14e-595bd8dcbc9f,eosinophil,test,EO
12262,550f89ac-6d73-4127-b75f-0e99c1ce4c20,basophil,test,BA
12265,467cae6f-5ea6-4b83-a32c-0ba944ce97e9,eosinophil,test,EO
12266,9af36055-f3db-4589-9f30-06b076fb0538,eosinophil,test,EO
12268,6f97a594-33a8-4cb6-b397-cc1e96de2d33,monocyte,test,MO
12274,6678719a-d88f-4157-866b-0ef050b39131,eosinophil,test,EO
12279,936f6692-e6cd-426b-bc2d-b9e8266dc85a,eosinophil,test,EO
12281,9e630a28-c3bf-4720-8d49-c00ad493a21e,basophil,test,BA
12290,5c776c6c-38a3-4ee0-850d-1458e4abe8a6,monocyte,test,MO
12291,365ec2a8-46fb-4f61-a114-6df5ba2d2af3,eosinophil,test,EO
12297,210140a6-3f69-4d1f-bb7a-8caafa22a448,basophil,test,BA
12301,d0d939e6-41ae-4927-9c3f-3b8e873c9996,eosinophil,test,EO
12303,bdeb50c5-af30-4b5f-bd00-b8cdd88d68f7,basophil,test,BA
12309,9f0b613a-c9d7-44f7-af1d-ea01687fa60c,eosinophil,test,EO
12317,0f354c03-bd29-41f5-b03d-56521dae4e7a,eosinophil,test,EO
12318,c755d33d-eaed-494b-ba8c-e49469b78335,basophil,test,BA
12320,4836d177-f43d-4713-b29d-58f832b7dac0,basophil,test,BA
12321,8d0ab466-8058-4552-91e2-0ec444b46b3d,eosinophil,test,EO
12328,d447d5a8-32ca-4e3f-b22a-3f28338b2bfc,monocyte,test,MO
12332,5da77017-d6f2-4be4-afae-403b4b1d3e30,monocyte,test,MO
12335,ca8bb0e6-f2f6-429f-8395-ea7dec91f667,eosinophil,test,EO
12337,f2729fb6-5251-48c8-a0ca-6b672392877d,eosinophil,test,EO
12338,13a30017-e424-4f5f-a836-8f9deaf578c0,monocyte,test,MO
12339,85671ea5-9ba5-4517-a047-ac5ca945ba69,eosinophil,test,EO
12341,7357a0ff-3b91-4dcf-bb9b-2078fe8d51b0,eosinophil,test,EO
12342,20c3f555-fcfd-4728-b208-c50b62c46b6f,eosinophil,test,EO
12346,0752365d-22ef-4025-be68-fffc53e7891e,monocyte,test,MO
12351,04d3af84-5dbe-45c9-8680-04b240bf0c6d,eosinophil,test,EO
12355,adb5e447-db87-4838-b3c2-1926878bfb57,monocyte,test,MO
12356,0d8bf68a-ee33-499f-ad76-6f96b0300bce,monocyte,test,MO
12360,a66dbf6b-358c-474c-907b-192bf71f6f16,eosinophil,test,EO
12361,46dd9f98-f248-4d23-94c4-ef8215a24929,basophil,test,BA
12362,4a75d3f4-cc9c-455c-814f-9bcbf7046c0a,eosinophil,test,EO
12364,efa1f723-fa06-4409-b897-aefed196da46,eosinophil,test,EO
12367,f57dc2da-ae3f-427a-8767-7eb8e1a6b8a1,monocyte,test,MO
12373,d7ed1f02-fdef-4a7f-86c0-2f36330d862e,basophil,test,BA
12376,3d1b79c5-2bae-478c-8e87-54be27b7509c,monocyte,test,MO
12377,23e1bed2-d822-410a-954f-d5784eeadb89,eosinophil,test,EO
12379,3c242cb5-51ed-4ae7-9136-1efb196baaec,eosinophil,test,EO
12380,665ea23f-135f-4e76-b438-66b5b49bac3e,eosinophil,test,EO
12381,317934d3-029a-45b6-900f-d2ccf9742430,basophil,test,BA
12382,22a6e782-6265-4375-91a0-365912ed8258,monocyte,test,MO
12388,f19f7ed4-4552-469e-9287-b58f8993331b,monocyte,test,MO
12389,3a7ee99e-5b90-400f-8c93-703ea85ef79d,basophil,test,BA
12391,5a8d707a-02e4-4d25-ba64-a1f489d2d82f,eosinophil,test,EO
12394,0f386c60-5f24-477b-902e-84b94301b2d8,eosinophil,test,EO
12395,1c24b11d-1c13-4824-a873-537d8653794f,eosinophil,test,EO
12398,62c7fd6d-a8d6-4101-b7cb-7ee178a1e7b3,eosinophil,test,EO
12399,27f79da4-9a43-4eb9-b247-2a613ae742e3,monocyte,test,MO
12400,03dcf25f-40a7-49f1-a79e-5b21e5ecae63,basophil,test,BA
12402,bf83afb3-7135-45da-a2b1-de2cf2831ada,basophil,test,BA
12404,f3425e05-939e-426a-b64b-e0ca7860298d,eosinophil,test,EO
12405,b986b7eb-c26f-4ac2-b7a5-1f751710dbc2,eosinophil,test,EO
12407,5d61c8b4-82c5-4346-be25-64729850d435,eosinophil,test,EO
12410,7a61957f-7f89-4a5f-8726-02e6e9721316,monocyte,test,MO
12412,48c58bbc-19f3-4f91-975d-1a7e106bbc9b,monocyte,test,MO
12417,bac1a8d7-10de-4455-8550-eaa652e00130,basophil,test,BA
12418,0fa6bdaa-105e-4454-9dee-33591cc04ce0,basophil,test,BA
12419,c295ad3e-cb79-4e84-92f2-d788067769f1,eosinophil,test,EO
12420,1f6cd77d-029a-45bc-9489-5640e833e52a,monocyte,test,MO
12422,7f9123e6-b100-4905-9128-ff12a704397e,eosinophil,test,EO
12429,c098d2b2-b641-4ed8-ba6d-3ebc8ff14869,basophil,test,BA
12434,98065b83-57e0-4059-91f4-34e9fca94210,monocyte,test,MO
12439,7e08f94b-81cd-4de9-8a76-ab4758a7ad4b,eosinophil,test,EO
12443,40e0432d-cb8e-4873-8c29-db81759643f3,basophil,test,BA
12448,2afc17f3-7d12-4d91-8bb2-768f36b3c095,eosinophil,test,EO
12450,b5ec91eb-f340-42c7-8c1d-473bc5c2cbe9,basophil,test,BA
12453,9c808be9-b5cb-4469-8450-9e8f4e701fa9,eosinophil,test,EO
12457,70f955ca-206c-438d-b42d-c6474b0209db,eosinophil,test,EO
12458,5473ed5f-7d19-43a5-8e36-63828f5c2f65,eosinophil,test,EO
12459,ba073120-947b-44c5-aa93-b379f1894fcd,eosinophil,test,EO
12460,cf349be8-3cfc-4fe0-912a-31b5a62e783e,eosinophil,test,EO
12468,52c3f91e-bd9b-4869-ab6b-f1e007639c03,monocyte,test,MO
12469,61074f62-cea1-467f-ac52-940cc8f0fbb2,monocyte,test,MO
12471,73072a4b-ee96-4f46-b707-45be62cebc73,monocyte,test,MO
12473,ceb3a5e7-4897-42d4-9fce-72c7825728eb,eosinophil,test,EO
12475,c43c5d99-f725-4b38-8af1-6ccbff1c3edd,eosinophil,test,EO
12477,576f72eb-b7b4-4574-b55f-e0e539dc75ef,eosinophil,test,EO
12478,2765dfaa-a358-421f-b1be-bb90fd5bc4c0,monocyte,test,MO
12480,b47b7ad2-638e-4d35-97c4-b3d46e8f1341,eosinophil,test,EO
12482,07e015a4-3d50-4a3e-a7e7-12dba67c2935,eosinophil,test,EO
12486,60f5210a-fd66-4a6d-8430-eedbbc59280c,basophil,test,BA
12487,8e206f7a-2e48-49a6-8a8f-953bd656b326,basophil,test,BA
12488,0d46a23a-71b5-4c72-91ce-ae690b4ba66c,eosinophil,test,EO
12489,4a9e7bbf-f4fe-4583-bdbf-cca6d677aaf0,eosinophil,test,EO
12491,1af4aaad-ae9a-4fc0-b416-dbc083895aa2,eosinophil,test,EO
12492,6685292e-16d9-4642-9f33-8f58438fa5ad,basophil,test,BA
12494,1f205477-33c1-4842-a4ae-958e85daa70d,eosinophil,test,EO
12497,2e2b469c-aff2-49f3-966c-35443933104e,eosinophil,test,EO
12498,f01cce79-2a73-4db7-8cd0-3e363d59604b,basophil,test,BA
12502,00b9347c-c4da-4283-8299-0a94823a3178,eosinophil,test,EO
12510,f27e2fa7-5649-4277-b2d3-167a1c16eede,eosinophil,test,EO
12511,b0b5e3dc-a598-44b0-90aa-672c80e775c7,basophil,test,BA
12512,a3e19aa1-1a9f-4fcf-b88a-cc344e8ddb1c,basophil,test,BA
12527,4d6f5600-bb76-4793-99b3-fbd6cbc9d821,basophil,test,BA
12528,0bbbc95d-18d2-4407-a6e6-a9776e6e9e8d,eosinophil,test,EO
12530,63645355-f01e-4e1f-9c6f-f8773aaa6eef,monocyte,test,MO
12531,3b05e215-6025-439e-b052-d1158cd8cdfe,eosinophil,test,EO
12533,7a3c3b0d-b6a8-41ca-9ec5-edd07f82d257,basophil,test,BA
12536,6b6b425a-e594-4799-94fc-6e71111fd28b,eosinophil,test,EO
12538,c6c3a448-38d6-4133-971a-fb61f761a6be,eosinophil,test,EO
12539,d88d74a8-b102-40b8-bb02-6c189123b70b,monocyte,test,MO
12540,85cf2b80-3beb-48d9-9d74-79a2597be1c2,basophil,test,BA
12541,a650b803-10d2-4bed-b021-a951f9e40629,eosinophil,test,EO
12543,f25b1c9a-86c2-48bc-bf58-fcd35a40d053,eosinophil,test,EO
12547,84b751c1-8b57-4f4a-b554-7f98d6856cb9,eosinophil,test,EO
12548,919ad736-34ab-422f-9425-916eedaf539f,basophil,test,BA
12550,3cf12c91-ddb5-490d-860a-dee98e4f344d,monocyte,test,MO
12551,c5dc07b3-e369-4c49-9d15-10339abb3378,basophil,test,BA
12554,7df3f165-efcb-4f37-9949-c075e0e62a5d,monocyte,test,MO
12556,6a296e7d-d271-43d9-a34c-df6e02623d9e,eosinophil,test,EO
12557,4e697577-258a-4f1b-8f84-4c8edc0306ef,monocyte,test,MO
12562,9c1ddd5e-8a7e-4fa8-ae96-cec43618b118,eosinophil,test,EO
12566,88b1cbfb-6e11-4456-b3d8-2df3807f6dbc,eosinophil,test,EO
12567,be082b05-6c6c-4c27-abe8-3cda11760e0a,monocyte,test,MO
12568,d172e592-7538-4f54-9497-9ba9a62f1f06,monocyte,test,MO
12576,e8852c61-3ee4-4a70-9782-597ab22a9527,eosinophil,test,EO
12580,056956c1-e552-46b7-be13-6a814e8ef37c,eosinophil,test,EO
12581,146b9870-413a-4dfb-8e51-0827bbb18bb4,eosinophil,test,EO
12582,263064fb-052a-4761-bc19-c899e3f1df4a,basophil,test,BA
12583,2e729f46-3165-48a0-ac6a-46c85cf34d1d,monocyte,test,MO
12593,f9b72e14-e2da-4083-9077-888cc216c8c9,monocyte,test,MO
12599,9def0bd4-9a44-499b-9f31-f7cc3f01528d,monocyte,test,MO
12601,ac73d952-d787-4c1e-8704-129d68f1a20e,eosinophil,test,EO
12602,97ba8a6e-910f-4c88-9b58-e46cafe77b99,monocyte,test,MO
12605,a38b65bb-571e-4266-a31c-557340fb557d,eosinophil,test,EO
12612,a870a5b7-1cb5-4c5a-b2c5-9b611ad1b805,monocyte,test,MO
12613,32777aa5-f2a8-4f10-ab3f-6ed547f1b4c2,eosinophil,test,EO
12614,fde4c00a-fc8a-4298-9a7c-0770dcb4a861,eosinophil,test,EO
12616,eae5a614-5af1-4d2e-b6eb-a8d3e999ab9e,monocyte,test,MO
12619,20b5842d-4199-47a7-a622-8092430d3ab7,eosinophil,test,EO
12621,e551d6a5-69bb-4613-b395-42e8c90785f7,eosinophil,test,EO
12622,2c72d924-8aaf-4fd8-abb8-5de1b000a733,eosinophil,test,EO
12623,3c9a255d-c2f9-42f6-8e39-05546fda557e,eosinophil,test,EO
12626,3f9c8c62-76ab-41d0-9fd3-4ee981407a1a,eosinophil,test,EO
12628,57fd1720-09f7-4c64-a681-28c5a7d08abb,eosinophil,test,EO
12633,14c43462-04d4-42ac-aa56-e35a7a75a792,eosinophil,test,EO
12634,6dd3c6de-b593-49b2-a95a-39ffb5e90ff6,basophil,test,BA
12638,8c285822-6f96-4055-a64f-3edc53b342eb,eosinophil,test,EO
12641,cfe6c002-b1d2-4315-a9fc-ed68048b032d,eosinophil,test,EO
12644,443ddf9f-3c9a-435a-9f6c-c0dcf7ced7d2,monocyte,test,MO
12648,8061ad75-b555-446d-9960-527af45c030d,eosinophil,test,EO
12650,7b33293e-0668-4efe-89f2-bbe8ef762277,basophil,test,BA
12653,c77047c6-cfdd-46c9-a211-34f5b066e426,eosinophil,test,EO
12654,bc9b8b09-0e60-402d-ac25-1132c4c916bf,eosinophil,test,EO
12655,33cffa2d-12a1-4fee-8524-fb8b5717afbc,eosinophil,test,EO
12660,7a191834-4c42-4054-b46b-c1204375d9bc,basophil,test,BA
12661,cfb6197c-310c-4bf9-bf2c-2aea08029dca,eosinophil,test,EO
12665,c0dd49cd-5241-48f6-af32-99efa80b7179,monocyte,test,MO
12666,463572f7-6d8c-4367-9297-0938c1bd8375,eosinophil,test,EO
12667,8ac26a5b-a688-4b1e-8bc9-783667043ea5,eosinophil,test,EO
12670,ff082d9e-e824-44ed-ab58-397fd8766da2,eosinophil,test,EO
12672,fb76aadf-b5cd-4560-b1c4-f12b889e6da7,eosinophil,test,EO
12675,a4ed8191-4ab0-43cd-b0e7-d42a67b79dd1,basophil,test,BA
12678,c234b4b6-af17-4704-a1ae-134ca4050ffd,basophil,test,BA
12679,24a1db81-6ce8-4d0d-8cab-acedfaa946a1,basophil,test,BA
12684,11449db3-07ba-461b-a975-a6ddcbf8c0dd,monocyte,test,MO
12686,2d0ea989-395f-4bcf-958d-4bab1ab580e8,eosinophil,test,EO
12687,33186b51-7859-4e06-998e-0d7418701927,eosinophil,test,EO
12693,4029c4f4-978c-4142-ab7b-1bbd5c68e8f8,monocyte,test,MO
12694,3eb75037-3f18-4f44-b560-2348005fcb48,basophil,test,BA
12698,ee141e29-b299-49d6-b8dd-8503b2da7b2a,eosinophil,test,EO
12702,9cc57baf-bff8-40eb-932e-09818d12c37f,eosinophil,test,EO
12706,e3fa96ce-9b29-44da-82c7-afb27d8f3b45,monocyte,test,MO
12712,335e484a-2a7f-4cf6-9c33-3b772245b69a,basophil,test,BA
12713,cb4ec504-5cfe-45a8-aa3d-547eb2e33312,basophil,test,BA
12715,5c9a17b0-4eac-46b1-bd7a-2f4ffd38d2d1,eosinophil,test,EO
12716,e6565753-acb6-410c-a041-2412a786e16b,eosinophil,test,EO
12720,409e0ade-4720-4b28-85e1-74cececbe985,eosinophil,test,EO
12721,fc2bbe01-9b70-451a-a77f-6f55da0e7866,monocyte,test,MO
12724,61bdcfcd-68a3-4a59-be0f-ccd25b5c1049,eosinophil,test,EO
12725,9a474799-bdf8-423b-8162-ad6df57ac45d,eosinophil,test,EO
12726,235a9b64-786d-48d3-9c9d-f700e4402a20,eosinophil,test,EO
12729,4d69d5c6-6686-4f49-9257-2d0c0a65a669,basophil,test,BA
12735,1bc6dd6f-5ca7-4cae-b5e0-f573242cb282,eosinophil,test,EO
12740,3eb1d2f2-abdc-43b6-81fc-70e2497989af,monocyte,test,MO
12742,6c03b87f-5fa2-4b4f-9977-3a60d6e0548e,eosinophil,test,EO
12743,d37822d8-d409-4a7e-bedc-c2de3260ea67,basophil,test,BA
12744,269251c1-1bfc-4dcb-8756-b5e7e419ab22,basophil,test,BA
12746,3204239e-5979-4637-bfda-57895367e806,basophil,test,BA
12747,93093ca6-ce77-43c0-a3ac-6cfb346a1642,eosinophil,test,EO
12750,d3efa8f9-09cd-4c43-b112-5e945ea492b4,monocyte,test,MO
12752,685af3c0-945f-4755-9968-db733eb6a442,monocyte,test,MO
12753,c74df593-79b5-48ef-aecc-5aa6071aaabe,eosinophil,test,EO
12759,1660e3b3-6a97-4948-bd0e-7de97820e65a,eosinophil,test,EO
12761,4c54fac2-2cf1-4a04-b3ef-20fa5e559a39,eosinophil,test,EO
12763,b18e9e70-2ef0-422d-a645-b76656df5eec,basophil,test,BA
12774,4d8fbe1d-5d71-49cd-8413-6c42f04faa85,monocyte,test,MO
12776,d780c48f-b1cb-4c00-9184-b1e4fcb4e0a4,eosinophil,test,EO
12777,1ae3e859-8896-46b8-af1a-dcf0d0a03000,eosinophil,test,EO
12779,62bec595-2fa3-4356-a678-2d698a3e400e,monocyte,test,MO
12780,aa4a4d91-ac6b-460e-9595-b0939796ec5a,basophil,test,BA
12781,38b50e4c-bb60-42bb-9d3a-0790051da888,basophil,test,BA
12796,84e636e0-b364-45be-affc-b946c7aaa5f3,basophil,test,BA
12797,ec73601d-e857-4d50-bec4-78de37436d33,basophil,test,BA
12804,419b3253-ba5d-458f-9920-be40e0b2b4e2,monocyte,test,MO
12806,d72e752c-c074-4132-875e-0034ba253bce,monocyte,test,MO
12808,99779a61-db94-4d1d-940d-db5c5d992c18,eosinophil,test,EO
12810,ebe8c32a-29b9-4b57-8adc-fb129ebed913,monocyte,test,MO
12812,05840387-1a14-4464-beb1-eaca50373fbd,monocyte,test,MO
12817,945a2fdd-c9c7-490f-8a8e-ea662fdd1d3f,monocyte,test,MO
12819,1329d9c8-7a95-4383-8d9e-4deea7de5d2e,eosinophil,test,EO
12823,9090d4d1-a641-4458-990c-26de06c02be8,basophil,test,BA
12825,3099f037-59a7-4115-a49c-d1acab4003f5,eosinophil,test,EO
12828,8ac2861f-da44-4eee-9d97-f20ac33053ad,monocyte,test,MO
12831,31c761fc-c2f2-49c9-98c1-042ad9169c7a,basophil,test,BA
12834,69015b2b-4290-436d-a4df-00bc4863942b,basophil,test,BA
12836,64d3597d-b97c-4c9d-b347-a46d0b34c709,monocyte,test,MO
12837,79a71082-2f8a-4382-b8f3-4921d8a8ce10,basophil,test,BA
12840,5b3f2b14-8002-4d43-adfb-488532a0350d,basophil,test,BA
12841,322c93f7-51cc-47f9-86f2-d83f4d39cdba,eosinophil,test,EO
12843,77f2a2b3-ad18-4f39-9d39-28b6c99849a6,monocyte,test,MO
12844,fe8dd4dc-9d46-461c-b60f-25ad1e2d95fd,eosinophil,test,EO
12849,05e7b78b-9291-4235-93e0-70b339bd467a,monocyte,test,MO
12850,c5c0d835-d3e6-48f0-bf19-8484c754ed4f,eosinophil,test,EO
12851,ff075735-2829-443a-8b13-55f898446fef,eosinophil,test,EO
12856,46409181-04f2-455b-9d79-8dc3452566c9,eosinophil,test,EO
12857,cca1b036-0c2d-4147-8469-ae008ede1628,eosinophil,test,EO
12858,183ff72c-5984-47c7-9af6-781de4c9cf52,eosinophil,test,EO
12861,f6a33bb9-c9d6-42e8-834d-23da5bffe8c7,monocyte,test,MO
12862,3f20b668-5315-411d-b9b7-0c497248db43,eosinophil,test,EO
12863,23d36870-93cc-4bd4-80d8-4d96dba605d8,basophil,test,BA
12868,f560b4bf-b39c-4f21-a9e2-335ee6af7dea,basophil,test,BA
12869,00250fec-2801-48c2-bfbc-31a4c2ac65f5,eosinophil,test,EO
12877,83aaaca9-ce56-42fc-a965-5fd3be7f6a8a,eosinophil,test,EO
12885,705cd905-fa00-4e10-9faa-fa3d6bc784b4,monocyte,test,MO
12888,32e1cc29-4366-4921-bd83-7213e38aa395,eosinophil,test,EO
12896,e351b4e9-b416-4d95-bd04-0009ef35502b,basophil,test,BA
12899,cbd8f453-b83d-44a1-923c-7d59b8e89231,basophil,test,BA
12902,e1ec1f61-9429-46e8-86b4-fc52d2c8e76c,eosinophil,test,EO
12903,785d84f4-b12f-414a-8482-e883f36439fd,basophil,test,BA
12911,b3d304a8-d5f5-43d6-b5e1-de7fa0359427,eosinophil,test,EO
12912,7de5de29-70c4-49c5-9e50-82d1a9812877,basophil,test,BA
12913,43f68a44-fe64-4774-ad1c-642578428a06,eosinophil,test,EO
12924,53e1c0d9-2e40-4094-a256-ef078d7e197f,monocyte,test,MO
12929,6137dd65-0334-4e2d-8983-bd434f4beb97,eosinophil,test,EO
12934,87bd203f-5ba7-435d-a611-2fa1cb5fbd61,eosinophil,test,EO
12936,8e44940b-270c-435a-a1de-5ee0ba252995,eosinophil,test,EO
12940,0718f013-a983-475a-9fcc-a3779f019f03,basophil,test,BA
12942,44552ef5-48da-42c5-8796-c32403fb1afb,monocyte,test,MO
12943,9d1c0b5f-7f77-4cdb-8f20-0fc143a2aa21,monocyte,test,MO
12947,657f9f9e-8e21-48bf-b0b2-3975a6580a6a,eosinophil,test,EO
12951,510c28f1-be6e-4bbe-9f7b-a19ce7b89224,eosinophil,test,EO
12954,b09a5c6e-870d-489e-9c26-8a2f293de123,basophil,test,BA
12955,7f21476a-4d24-4324-a36e-6edd5a87a87e,eosinophil,test,EO
12957,b41498f0-7e1a-4bba-a4bc-adba395e6c10,eosinophil,test,EO
12970,f76ac444-9783-425f-a2d2-22c376733f8c,basophil,test,BA
12976,cf2e3f3b-3a43-4706-951f-da582587e556,eosinophil,test,EO
12982,e92fdc20-9395-4aaa-b1f8-863913333ebc,eosinophil,test,EO
12984,8c16a4ec-b673-4f3c-bee2-4ef054ca0710,eosinophil,test,EO
12989,773e8c3a-dbbb-43fa-a614-3a62fc640129,monocyte,test,MO
12990,c9d89d7b-79b2-4db0-b28a-8e0211750668,eosinophil,test,EO
12991,7db08c0c-cd5c-441e-b577-575204999aff,basophil,test,BA
12994,3b7efd29-1547-4db1-a811-f3108fcb3c99,eosinophil,test,EO
12996,c5a2b47e-c8a8-448a-af98-41c99b3cd501,monocyte,test,MO
12997,b28369b2-f8e4-4702-9298-31b9f400aa42,eosinophil,test,EO
13009,f2714c86-2c53-4283-8a3e-e4ecab4230ce,basophil,test,BA
13011,9c8f12d0-703e-4cd4-88bc-205c8c953bcc,basophil,test,BA
13014,3ef2b4fa-41ae-427a-81f2-c34dc368eca7,eosinophil,test,EO
13015,02842971-8365-4b1b-9658-0ef5ffd2e07e,eosinophil,test,EO
13016,78e26acd-61a7-4286-97be-f2946b40eeea,eosinophil,test,EO
13019,b4a04f02-08e0-4266-be95-e02099fcd931,eosinophil,test,EO
13020,aacae4d2-a07f-4de6-81a2-abf932eea1d1,eosinophil,test,EO
13024,6857972f-d645-4df1-86d6-bc365cda6f2d,basophil,test,BA
13026,b04f7555-04f3-4333-ab97-f8e683cb37b2,monocyte,test,MO
13027,c35f992b-63ee-4c69-a7a2-67984bd4aa5a,monocyte,test,MO
13033,3c8d6e1b-851a-4292-8716-d949d90c6130,monocyte,test,MO
13036,d7d323f0-680e-401c-9428-afd2fc804fff,basophil,test,BA
13037,e3ebf766-e751-4029-b860-e8347bc26649,basophil,test,BA
13045,37c11135-ebff-4dc7-95b3-2e7a1a0c6ec2,eosinophil,test,EO
13046,a683b2e9-2236-4bd1-b7c7-d5eca92dd00e,eosinophil,test,EO
13047,83caabba-56b8-4e0f-b020-09fbabef6a90,eosinophil,test,EO
13048,d23a1619-c521-4c98-8054-c0bc0dcbd3af,basophil,test,BA
13049,d294ecb3-7cad-493f-9825-6953d3163056,basophil,test,BA
13051,2bc9cda6-794c-4c72-9f3a-c4d087a9472e,eosinophil,test,EO
13055,c76ba158-6f6c-497d-b894-c8997f3813a3,eosinophil,test,EO
13057,288f4eee-5bea-47f1-98be-67f005d59d68,basophil,test,BA
13058,a65fb876-b991-42b0-a26f-f7483fc53412,eosinophil,test,EO
13059,f16ed3d3-b2b6-4fd1-b218-6e2d36074bf4,eosinophil,test,EO
13061,008dba72-8e96-4bc7-a39f-b8e7ff9863b7,monocyte,test,MO
13065,edaee0e4-e7a5-472c-b3cf-f7543d643975,eosinophil,test,EO
13067,bb0616f3-6e18-404d-8aad-ba492185e87e,basophil,test,BA
13068,574b7cdd-5253-4479-9973-4fb34daafaa3,monocyte,test,MO
13069,d4354f4a-d42d-46d5-abbf-eb19f1cd2263,monocyte,test,MO
13071,c6eb4abf-5fbb-4a52-a9a1-fe2d97c3d93d,eosinophil,test,EO
13074,2dcb1791-95b3-4d85-a86a-f2eab2b46ae0,eosinophil,test,EO
13075,bc11a8cd-e31e-4947-91c7-1d7c29ac8818,basophil,test,BA
13076,964870ee-95e2-4919-b524-3d790941f8e2,eosinophil,test,EO
13078,aac7823b-f93e-45ea-abfc-2c9ad2a32e43,eosinophil,test,EO
13079,9d0742fa-7fcb-4290-a858-2d3efb9e897a,monocyte,test,MO
13080,8eee3e6e-caf9-4bd2-aeaf-3a74947e5e4c,basophil,test,BA
13083,826354fc-263c-4deb-aaeb-790721bcba55,eosinophil,test,EO
13084,a9d4db01-fbb6-4e47-a631-f4cf31e82b15,monocyte,test,MO
13088,ddba39ba-5c4a-4ff2-9ab3-afe62ed72fa9,eosinophil,test,EO
13090,97ff45aa-5be3-4534-bce7-5e02b1f74bc2,monocyte,test,MO
13091,7705cc2f-ab83-4e63-bc8b-70356f630b34,monocyte,test,MO
13093,39dd8bbb-5277-4039-9024-2c17a6bfdd6a,eosinophil,test,EO
13097,4d5de2c6-a3f0-4a6b-8250-2c5687700595,eosinophil,test,EO
13100,d8c74449-4cae-4d75-9e30-2a1ad24edd43,eosinophil,test,EO
13101,fde83f8b-8920-45d8-9eb2-27e4aea4937a,monocyte,test,MO
13103,39418bc5-4ce3-46f3-ace2-ea0df2fcdc1d,eosinophil,test,EO
13108,0948d2bd-5dae-47e5-91d5-b24fa7ca9fdd,eosinophil,test,EO
13115,a70eb410-0308-4f0f-993d-654a7dd043d9,monocyte,test,MO
13120,0b97193c-eeac-4715-b8cd-1833450018c6,monocyte,test,MO
13122,7b1890ea-ed3b-47f0-9cf4-eaf0950f83e1,eosinophil,test,EO
13124,d3e25483-8fc1-45ad-aad0-0bf8f9171772,monocyte,test,MO
13127,b07e4300-680b-4d94-b6f8-7cbe4b90710a,basophil,test,BA
13130,7aca6426-c5ed-4f25-b1bb-d01f79e90bad,monocyte,test,MO
13131,3d0bbeea-92e2-465f-b10d-7fcf1f823919,eosinophil,test,EO
13133,ff348634-80dd-402f-805c-b58dcd9442e1,monocyte,test,MO
13137,6b40b864-aee7-41c1-b08b-eae91ebc1d30,eosinophil,test,EO
13143,658092c5-6237-463c-b516-901775e52103,basophil,test,BA
13144,4ea5af29-793e-4bf0-9e56-12053c9f6e03,eosinophil,test,EO
13154,cecbba73-3d58-4bb4-b1c5-8267af2f0dd2,eosinophil,test,EO
13161,25f418db-ac1b-4b8c-9f12-dbd8f63f0bc8,eosinophil,test,EO
13168,93c346ea-8025-450b-b657-e01ab0f99791,monocyte,test,MO
13170,783ee726-6e5c-4a0d-91cc-6233cb764585,monocyte,test,MO
13172,38aaf9ba-6351-432c-a349-d1c009506e82,eosinophil,test,EO
13174,74a3608c-8376-4d01-a833-8ced27b360d2,monocyte,test,MO
13177,11569bb0-f578-46cb-a44b-97bbddc6241b,eosinophil,test,EO
13179,ae419857-a818-432f-aa80-3dd35c758b99,eosinophil,test,EO
13180,d6335c48-49fb-4006-8bb6-64860e4ca2eb,eosinophil,test,EO
13181,54b853e6-79bc-48ef-8ac6-fab6922aef5a,eosinophil,test,EO
13185,f11dfc36-cc94-4280-ae71-7ef3e71c34fb,eosinophil,test,EO
13186,4a04f26d-43a9-4af7-83c7-8f0f4f7fb304,eosinophil,test,EO
13188,83fcd1c6-4e44-4470-b238-4048b3321a9e,eosinophil,test,EO
13189,912d8536-1033-452d-8e01-a452f8abaa05,basophil,test,BA
13193,41a58aec-82b0-4e72-b869-8eb019efe936,eosinophil,test,EO
13194,56c78baf-f8fe-49d8-8160-132b68c51cf0,eosinophil,test,EO
13195,f8b66cf3-12ec-4eb4-8817-6c43518e586f,eosinophil,test,EO
13199,d33de077-2c49-4336-98ca-b5261946b784,eosinophil,test,EO
13200,2d03688f-e78d-4a0d-94bc-fb5981538ae3,eosinophil,test,EO
13201,52acd4e9-d45b-4a80-8681-9252ecb06615,eosinophil,test,EO
13202,86050c13-0053-425a-84c9-edf194b89181,eosinophil,test,EO
13208,0c7f9581-aab5-4087-b8a4-65d90ba22787,eosinophil,test,EO
13214,85c74961-85c0-4fb0-8a41-de21165b5c51,eosinophil,test,EO
13216,0eb1f08d-f700-4e79-9c5e-ed6f5a19d4be,monocyte,test,MO
13223,f3f74fb7-ee7b-498b-aa9b-536a711099de,eosinophil,test,EO
13225,65dffe5a-e05f-4f7e-b590-b20a9c50f4f0,monocyte,test,MO
13226,da18a1fa-6518-46d7-8b05-6f1134fc7514,eosinophil,test,EO
13227,43d0d3ac-95c4-4ad1-8584-8b7c6e03cad4,basophil,test,BA
13229,da6403f2-8eb7-4574-a745-f6d58e333208,basophil,test,BA
13230,ec1819ea-04c6-446c-9605-2227a38b8b76,eosinophil,test,EO
13233,1bb5b1d4-9237-4b3a-951e-d816644e5e28,eosinophil,test,EO
13234,2dd89a88-576b-468a-89f0-a9e753f8c9c9,basophil,test,BA
13235,4f087726-c617-4d46-837e-a7f6ef8a42fb,eosinophil,test,EO
13237,b31709c7-67d2-4f08-babf-c1d83e72439d,eosinophil,test,EO
13239,a1f8e2f5-0972-4d7e-a41b-822be3fb2786,monocyte,test,MO
13242,49455278-cf3f-4397-b3cf-489cff998634,monocyte,test,MO
13243,535b5739-6bee-4d3c-8bce-ef9111c4079c,eosinophil,test,EO
13245,7ec64a26-96a8-4516-bad9-4a90ae1c07a7,eosinophil,test,EO
13246,5ae155a1-c776-45cc-b102-6bb8e4008123,monocyte,test,MO
13255,809a01d3-4e7f-4579-829b-3613f7a24086,monocyte,test,MO
13258,43d659cd-77a6-4d8a-a033-e0b10b241410,monocyte,test,MO
13259,f0f035fa-6ab0-4de8-ac07-65a73d234eb6,basophil,test,BA
13264,479db12a-5e7b-444f-9303-e5ede17b7cfe,eosinophil,test,EO
13270,6a8bc28b-48b8-4855-9811-69a0a2af847d,monocyte,test,MO
13274,634115d5-c2ac-46cd-8edc-5c26751e9abb,monocyte,test,MO
13275,7f7c16ac-cf1c-4fbb-aea1-57c96725eb8f,basophil,test,BA
13276,03c92ba8-2b9e-4195-921b-f670490c8f5f,eosinophil,test,EO
13280,482d3750-6267-462a-b472-b119c4444f13,basophil,test,BA
13282,401990ef-bc00-4577-a14c-3489916ba8ac,basophil,test,BA
13286,ad67367b-d65c-445f-9a24-f202c39d065f,monocyte,test,MO
13287,f27dbdd0-2d88-4e9e-92ec-eba0dc32b6f9,eosinophil,test,EO
13289,bfff7faf-bdcb-4d4c-8e0a-af4b09f97885,eosinophil,test,EO
13291,e95f0aac-25af-4f59-84c1-b7be634dea45,eosinophil,test,EO
13295,f0619ffb-ff02-4676-8237-e10e46409181,monocyte,test,MO
13297,5a6bf583-ddc5-4997-ac7b-db931efd20cc,basophil,test,BA
13298,4db99813-bed9-4e16-99af-3e1f74fe090e,monocyte,test,MO
13299,fc364188-614e-417c-bb76-52694f42ce0b,basophil,test,BA
13301,4d68588a-66d0-454e-a074-4dbc2766f55b,eosinophil,test,EO
13303,bc91076b-edae-48fd-be1b-de24dcae148f,monocyte,test,MO
13305,64e4f854-27dc-42b8-9e38-f6419e3fc154,monocyte,test,MO
13307,1a61f2d5-8200-4187-b290-5bcc07dcb68a,eosinophil,test,EO
13308,88d5d958-98a6-490d-9c45-1048bb5eb966,eosinophil,test,EO
13312,23091ddb-a367-4098-a169-77ee6b4325f5,monocyte,test,MO
13314,7e485c79-e6b0-4793-a709-f1b349563a53,basophil,test,BA
13316,00627c74-e300-42c3-9c69-ebc6e7ca4e10,monocyte,test,MO
13318,7dc15b96-824b-41f2-b56e-4f24d9924894,basophil,test,BA
13321,4c4b9528-b506-440d-b22c-304a547bea5c,basophil,test,BA
13329,a2630534-da64-48be-8463-f296d575f105,eosinophil,test,EO
13335,eb34a55b-a427-4937-8e62-b7e6070fdfaf,monocyte,test,MO
13342,82c83658-4ffd-4367-b64e-37774ca79d09,eosinophil,test,EO
13348,73cbafbb-216a-4a61-bbe0-e7394743a7f4,monocyte,test,MO
13349,2c390bcb-5e32-42a0-a3db-94c7b411a901,eosinophil,test,EO
13353,2336a268-51a8-4115-b2c8-900174f5b9be,eosinophil,test,EO
13354,4b70997d-18b0-4008-ab06-8cdad5411261,monocyte,test,MO
13355,1600c29e-73e6-46ae-add4-7cdc5e9d7572,eosinophil,test,EO
13357,c4bce9b9-9de4-4330-bd14-0a5009ac4690,eosinophil,test,EO
13358,48e5058e-753e-45c8-9ad2-1744552e6b9a,monocyte,test,MO
13360,92f863ba-d923-4eac-a006-00acd916ce48,monocyte,test,MO
13361,a939ca5f-2b0a-49b3-8155-a48a57462d1c,monocyte,test,MO
13364,c1056d57-ac6b-41e0-80ff-4568c3dbbc59,monocyte,test,MO
13365,d23a70c8-c355-48da-949e-10926011d98e,eosinophil,test,EO
13366,8d37feb9-eada-4dfd-868b-81c15f0c165e,eosinophil,test,EO
13371,1a1daaad-9bf5-4d5d-b1bc-ddfd3abb01fe,eosinophil,test,EO
13372,7e5ae2ec-84e3-43ae-88df-7312a6c5598e,eosinophil,test,EO
13381,387779fe-0fe8-48a2-9c52-42ff72de004b,monocyte,test,MO
13384,5e1a6a53-9dd9-47df-b54c-78c75944048e,eosinophil,test,EO
13385,d988a1c4-f8cd-4bc4-b56b-6c61c41eeed8,eosinophil,test,EO
13390,0d8439be-55ef-4e0c-b6ec-e49315c5ee6d,eosinophil,test,EO
13393,6a783c02-f3a6-4aec-be46-a7daab36dd66,basophil,test,BA
13394,03f3aa74-c08c-4e67-a8a6-b0ff4749a177,eosinophil,test,EO
13395,cdfc040c-72e5-44ae-835a-5d1a1770f2fd,monocyte,test,MO
13396,83ba5968-1f66-4a69-be92-d1ce89640fda,eosinophil,test,EO
13403,4bf4a3d6-1c69-43c9-86d9-61a219ead21b,monocyte,test,MO
13406,e56a105a-a555-4369-927d-d9703ea633b3,basophil,test,BA
13410,5b0c2af3-ff15-4228-89eb-99a5fb9fc8ad,eosinophil,test,EO
13417,fae4bb2c-1476-44eb-972e-b34c531a2963,eosinophil,test,EO
13418,7c1d2a32-3001-486d-a0df-8718a9e8e725,basophil,test,BA
13419,1fa7da14-b46d-4229-80e1-990b31e332e0,eosinophil,test,EO
13422,4262c4b5-72f3-43e8-a036-a884f0b19dcd,eosinophil,test,EO
13424,0fa4bc01-dbee-4975-b9d4-5ab70ae8d903,eosinophil,test,EO
13425,0ef0657a-7491-4efc-8b9b-147b8246a44a,eosinophil,test,EO
13427,1ac430b5-4c78-456b-bcf6-bfbe3e2348cc,eosinophil,test,EO
13428,6b163127-5b23-41ff-b2cb-b44196142f0f,eosinophil,test,EO
13429,f5bd9782-9d2b-41b8-87e4-27b87527e5bc,monocyte,test,MO
13433,2408cb87-8d7e-4ecd-8551-f2b2a404cd61,eosinophil,test,EO
13434,ca9b5e34-12e4-464b-acb5-da0a2ac8b793,eosinophil,test,EO
13438,edcb2dda-31c2-4e1f-9c84-fd36cb15c6fc,basophil,test,BA
13443,c83db358-1998-49a8-8f91-5feb74965dd7,eosinophil,test,EO
13444,73a97b51-ed9d-4a3a-99df-95c94e1fcdde,monocyte,test,MO
13450,85b635de-4c4d-42bd-969f-c3815d8f3676,eosinophil,test,EO
13452,202a58d2-52da-462a-8b30-f705e46c3e2f,monocyte,test,MO
13453,325fa23b-3751-48aa-82cd-c6434df74236,basophil,test,BA
13456,e1b923d2-04ba-4d99-b0d6-14c825eb9dc3,monocyte,test,MO
13457,120df8f9-f2f3-4982-8e78-f9e5ef9ad76c,eosinophil,test,EO
13461,ffdf50dd-1312-4cae-b645-e225b4f27819,basophil,test,BA
13464,4f4cf76b-27c5-4eb3-b35b-10a0d3fed7ef,eosinophil,test,EO
13466,8dacdfc6-a31d-4572-9855-c32d41187c3f,basophil,test,BA
13471,c432a296-91f7-4620-bfc8-878a92cd9414,eosinophil,test,EO
13479,f348c245-5c19-4635-88cc-437c6ef50b6c,basophil,test,BA
13481,0c97d9c4-0ca3-4cd6-9571-c9eb39530d44,eosinophil,test,EO
13483,85d2db46-1a12-4cc9-885b-3e7f034d4625,basophil,test,BA
13484,79a8c6f5-ae38-4df0-b40e-0a35a4d15167,eosinophil,test,EO
13485,a9e4f194-b0e2-4328-a5f0-a4682517c7bd,eosinophil,test,EO
13486,f8f82a47-43eb-4fdd-a416-b5bc0e9dbca9,eosinophil,test,EO
13488,bbe1fe8a-d7c8-44a3-8bb6-ddc4a43f5049,eosinophil,test,EO
13492,e0cf5653-4b6b-4c9c-90c9-79ad35e74486,eosinophil,test,EO
13493,dec17880-0419-4578-bc62-71a09205593f,eosinophil,test,EO
13498,687dd6b0-3a7e-4e2f-bd6d-e90e790de323,monocyte,test,MO
13501,e5db689e-549e-49b3-a1d5-f7db3c5bbf7f,eosinophil,test,EO
13502,abb818e8-11ca-4d30-825a-49b5e7332c2e,eosinophil,test,EO
13505,c736eb30-65e9-47a9-b274-e2f13cd5cf48,eosinophil,test,EO
13506,d9d44231-2e9a-402a-8f1a-f9f682a1ed89,eosinophil,test,EO
13507,48da2b2c-7859-46a8-a3ea-2afe485ab178,eosinophil,test,EO
13508,e806ffad-5717-4354-89e8-d9b7ac914cea,eosinophil,test,EO
13509,0575e296-1ec5-4e23-bc75-04ba18a16360,eosinophil,test,EO
13511,b12dc131-d6ca-49bb-b5fb-fbbd15f96bd2,eosinophil,test,EO
13514,d8277023-d95b-451f-8467-2cbc18fd7952,eosinophil,test,EO
13520,913ab0f2-4dc5-4215-9070-cf1f6098d82a,monocyte,test,MO
13521,bbd51e39-ec7e-441d-a529-f50b6ac98b33,basophil,test,BA
13528,86e92a9f-afa0-4bb1-9ff7-d4b287974f56,eosinophil,test,EO
13529,b98d731b-1e63-431d-85fe-03236de23ce1,eosinophil,test,EO
13532,7a1d01ac-0b61-4c82-a592-2ca7bafce7e2,eosinophil,test,EO
13533,0a19ad64-10dc-42b0-ae1d-194915730a22,basophil,test,BA
13534,430678cf-2d32-4401-830a-c73887d963ed,monocyte,test,MO
13535,27f08bb9-5830-4cce-9c00-968d751bd26c,monocyte,test,MO
13536,df97f947-6870-4ea9-8000-0d1bf26d3a96,basophil,test,BA
13537,5ee669fa-b7b4-418f-b4f3-35535461bb33,eosinophil,test,EO
13541,8210ee70-dcb5-46a5-b620-b8a904aee3ff,eosinophil,test,EO
13545,391c2a67-e484-47f1-97ac-a93522e37a0c,eosinophil,test,EO
13546,eed6060f-57ce-4f9f-86cb-58f5ea27186e,eosinophil,test,EO
13553,d415433d-9730-4103-82ac-029333858e14,eosinophil,test,EO
13554,ab9a264f-9c59-466d-8688-edb2d7d93d32,eosinophil,test,EO
13561,05199e01-494f-48ce-96ff-32892b3e18d0,eosinophil,test,EO
13562,f5db5773-bba5-4078-b7ff-384f71eafdbf,basophil,test,BA
13565,910d41bf-8660-4335-a3db-c89c228f27dc,eosinophil,test,EO
13566,7e2d94a1-12e8-49b9-8a92-d056d90f5140,basophil,test,BA
13570,dd7fa7dd-bbd4-4f0e-a604-d477c6ba8ff4,monocyte,test,MO
13575,51280dbb-bcd2-4487-b0bf-29a8c02765d3,basophil,test,BA
13589,de83cb1d-97e9-448e-8790-3837ca5ae093,eosinophil,test,EO
13590,a66de2b3-43f4-460a-863f-6ba469b1c174,monocyte,test,MO
13594,1f5e96a5-24c5-41c9-ace7-ed1e00e6e9da,basophil,test,BA
13596,dbeadbb6-f3ca-4205-bb8e-835e24813bf7,monocyte,test,MO
13600,2230b90e-01f5-49a1-a265-31170acdaf35,basophil,test,BA
13603,ca2e4b55-1fc3-4770-8669-68054e2b2170,eosinophil,test,EO
13607,aa3e066b-f23a-4074-a91d-f63d85c11b5a,eosinophil,test,EO
13608,6d7e15f3-d090-42d5-8a4a-a3f18a20f08f,eosinophil,test,EO
13610,88b54c6c-f362-4bc1-aecf-848593dd2722,eosinophil,test,EO
13618,9feedbcb-86e1-47c4-bdb0-5ad179595521,eosinophil,test,EO
13619,9f095d9d-9cd8-4f6b-8d51-9efed94f150e,eosinophil,test,EO
13621,7274fdc1-d314-4521-b536-6d3d6d78f6fc,eosinophil,test,EO
13628,fd6888ba-9e00-4913-883f-9d5f280e3f0e,eosinophil,test,EO
13630,28d3727a-0df0-44d5-90ca-83ebbdde5470,eosinophil,test,EO
13632,dd56bd76-d253-4ebd-84a4-9b16d3134d25,eosinophil,test,EO
13637,16a29415-90ca-4021-9941-76a3df9f1f2b,monocyte,test,MO
13641,934374d3-74b2-4c16-8cc1-57814fef0e01,eosinophil,test,EO
13648,699384c1-bf5b-4dcf-8139-29225d3699f6,basophil,test,BA
13649,e2e18745-6c16-47fb-b073-30097322e6b2,eosinophil,test,EO
13654,3f0981b8-bdec-426f-8a92-d75d66de80e2,basophil,test,BA
13658,66aceaba-5b50-4e87-9ff3-833a145cfb96,eosinophil,test,EO
13660,fb9c1f1c-af8e-43d2-a851-34a38e8ad000,eosinophil,test,EO
13661,4704ed6b-d9ad-4c7b-a34e-8e67229c61db,eosinophil,test,EO
13664,949e9d6f-7274-48b8-8f6f-cde70ddf7e59,eosinophil,test,EO
13666,f786bbe4-5610-42c0-95a5-3bef99b2d871,eosinophil,test,EO
13669,a76a671d-d814-44a8-b66f-2606354b55b7,eosinophil,test,EO
13671,b21798f2-d2bf-4db2-b4ff-7c2a886d351f,eosinophil,test,EO
13673,cc2e16e3-9d71-49c6-aa11-c75cd78d65ae,eosinophil,test,EO
13674,3ebc7666-3ca2-4cb7-8982-5fe58b1e8a35,eosinophil,test,EO
13675,55537cd6-4645-4e17-b414-40707f75ab74,monocyte,test,MO
13676,d171326b-f23e-40c1-aa36-b8d17235b3e5,basophil,test,BA
13678,b3fcbd64-a8ac-46ad-8017-57377667ee72,eosinophil,test,EO
13690,cbd1e75d-c134-4270-bf5e-2cb9fd8da65e,basophil,test,BA
13691,80fcfbc1-638a-4cec-a8d3-e9238f081d54,eosinophil,test,EO
13694,65155f8b-f2a9-4156-8397-4510ee077293,monocyte,test,MO
13695,54dc9a9b-c312-43f8-8ae2-67d069875ff5,monocyte,test,MO
13697,0fd4d0a0-f49e-4023-8718-30aff3af0425,monocyte,test,MO
13701,3b0782fb-1a1d-4c10-a464-12b18fc32c10,basophil,test,BA
13703,7699771e-ae34-4f4e-9ef9-dbbd2978bc33,eosinophil,test,EO
13704,7252e5bb-52f0-4598-bdce-9fea5c4b2896,eosinophil,test,EO
13706,08d40a74-f552-4993-94f2-9819e0adb9a3,eosinophil,test,EO
13707,337d84d1-269e-45de-b757-d47da81d4194,basophil,test,BA
13711,4986e792-9a8d-4dd5-b597-558991efdd7b,eosinophil,test,EO
13718,b8c10ff6-c4f8-4b42-9f9b-9cd418d1cda8,basophil,test,BA
13720,686c076c-238a-41c5-8766-dfb3461083db,monocyte,test,MO
13721,dc04b6d6-b5eb-4a55-9a60-d6f4b6ecbee3,basophil,test,BA
13726,a16b2f24-e899-46e5-b160-26f96d04e8b1,basophil,test,BA
13727,774a7067-2739-46ef-b469-03da0d7a3b78,eosinophil,test,EO
13728,872390d8-4c60-42c7-902e-83e6243f54cd,eosinophil,test,EO
13730,2eed8cdf-3545-40b3-b6cc-1bf0c2ac711e,eosinophil,test,EO
13737,e0441cbe-bfd2-4785-aa30-78ee4485c73a,eosinophil,test,EO
13738,0a2641d0-5cd9-48cf-8472-666a766c6e2f,basophil,test,BA
13741,8d8627de-ecfc-4d23-b4f1-7cfe99f06179,eosinophil,test,EO
13746,eb488fad-8ebc-4e74-8bfa-7d4b220bf637,eosinophil,test,EO
13747,3253cf8d-d84a-40cb-b71d-4fb8bb2541eb,eosinophil,test,EO
13757,a55df6f4-1aab-46ad-8504-fc9135afb9b3,monocyte,test,MO
13759,3cf6d512-61bc-419c-ba24-9bb1e2035ade,eosinophil,test,EO
13762,7cfde3c0-6fab-4272-ba85-e15e95034a7d,monocyte,test,MO
13780,95dc3a3c-9499-485d-9506-cfbff639af76,monocyte,test,MO
13781,3932212b-2a6c-47f5-ad2b-9076b7ec60e4,eosinophil,test,EO
13782,87d2eb44-8477-4f56-8402-bbd8fb6a1815,basophil,test,BA
13783,35301d86-cbe2-40f1-9207-f3de4b3685c0,eosinophil,test,EO
13787,227892e2-a645-4834-aa4f-e6667ec63820,monocyte,test,MO
13792,44ee1088-e4c6-47ec-b6cc-4d186282d9c1,eosinophil,test,EO
13803,ae4b3867-eac3-4f80-afc7-6f986e73efa6,basophil,test,BA
13805,8ea81517-5bb8-46e4-9f67-a3a8d16a9e37,eosinophil,test,EO
13806,6f831816-6dcf-43a1-8af1-fb7ba7319eac,eosinophil,test,EO
13809,fdbab7de-f0e9-476e-a80f-b04434dd1b4e,monocyte,test,MO
13813,a501798b-743b-4bee-84b3-25deab0f4999,eosinophil,test,EO
13828,dc6da24e-a1fd-4e69-9247-46076e1f6f79,basophil,test,BA
13829,41daaeac-7031-4c5b-9f79-719adba51d89,eosinophil,test,EO
13830,d225ae14-41a6-4b98-a6d5-9b91bc5d6312,basophil,test,BA
13835,5a71c091-ece3-41d6-a79a-ef5b04f076b9,eosinophil,test,EO
13836,8032b226-95a8-4a6f-b931-38c1189e4b22,eosinophil,test,EO
13840,89c5ecb1-0a58-43a7-ad83-e328566f3e83,eosinophil,test,EO
13847,c98f5a00-6a12-47ec-a7b6-739dd8f1e594,eosinophil,test,EO
13853,02ba0203-1df7-40b5-bf8b-267fc8abb4a7,eosinophil,test,EO
13854,aa97e897-ffbd-4186-8572-e0884cf64a38,eosinophil,test,EO
13855,42b9165d-7acb-4e17-afbb-fbae71383c74,eosinophil,test,EO
13856,153b726a-eeb6-44d8-ac90-1c9e510f06ec,monocyte,test,MO
13860,832bd2f6-1c7c-41d2-a553-fa649da9c3e0,basophil,test,BA
13866,6a2c81e9-8c15-44b9-a8a0-3ad3db4a02f4,basophil,test,BA
13872,7985effa-df17-4c01-ae34-04cbac8301e7,basophil,test,BA
13875,af2b83b8-5757-455d-bcfa-a3a7402905ce,monocyte,test,MO
13876,4363259c-44bc-4dbc-b0d6-d6fdbd9286ad,eosinophil,test,EO
13882,5b9ec5d5-8ea1-414e-9158-a5185c26928f,eosinophil,test,EO
13883,4ae03a19-297c-4ab5-978f-86850ed2967b,basophil,test,BA
13890,6aff6c4b-625a-4bd3-9f88-7c359233399b,monocyte,test,MO
13891,20623dc9-1c03-43e4-9e62-dfa4f0e6be87,eosinophil,test,EO
13892,f19607c2-3501-4256-9405-935b4f4cc9f7,basophil,test,BA
13893,8c59720e-9457-45fc-a6e3-fdbd4ce61c0d,eosinophil,test,EO
13896,1528a8e2-e401-45cd-b90d-167923a4e91f,basophil,test,BA
13898,f251592f-d34e-4284-92b0-c63a5c03bc4f,eosinophil,test,EO
13900,ca012c6b-9e4b-4d23-83bb-9aaf8dc75210,basophil,test,BA
13904,f5f2ca10-2372-44f7-8170-7e9d156ca10f,eosinophil,test,EO
13905,6bcc3fe3-1df0-4060-90d7-2a0a8c5f7554,eosinophil,test,EO
13907,ae7a7fab-1060-4933-b8ec-c81f15f4e3ac,basophil,test,BA
13918,86c5123f-0abd-422e-a716-0bf32af1eda2,eosinophil,test,EO
13920,6e03c6dd-4628-41d5-8df4-b886695db7fd,monocyte,test,MO
13923,b150a58d-3fa3-42ee-bb00-e69a0e4dbe48,basophil,test,BA
13924,5927caf6-2372-40f6-974c-c2990561f2a8,basophil,test,BA
13932,02ba2f8b-6344-4231-a144-66adfa17c8e3,basophil,test,BA
13935,f34e821e-8300-4162-8e39-d7e2ac171d7b,eosinophil,test,EO
13937,96924383-3182-4cf1-9529-c6fcc586f551,monocyte,test,MO
13939,17510679-684c-4889-ad4e-357212c49c3b,basophil,test,BA
13944,c6e0cd72-0818-431a-953f-824e19805b21,monocyte,test,MO
13947,318f19b4-0ac9-4b9b-85f5-f78077dd09ad,eosinophil,test,EO
13949,60bbca49-b187-4ced-a1a0-22ab1c0f5e5f,monocyte,test,MO
13953,a16f7538-6814-48f9-b628-47a53d663fad,eosinophil,test,EO
13954,a02eb330-d64a-4356-9888-a6c48de425ee,eosinophil,test,EO
13955,b385e5b0-b4ea-4e3d-ba10-a26d02b5c72c,eosinophil,test,EO
13958,5cb06fc1-0308-4b1f-89ea-f344b5349d46,basophil,test,BA
13963,d356abf4-2864-474d-b962-aa9c3d2261ca,basophil,test,BA
13964,2bddaaa7-9f70-4c5a-b152-d20a985a0be9,eosinophil,test,EO
13969,83990074-dabf-4305-be59-92104b7a577b,monocyte,test,MO
13975,ed8aee83-da39-4dde-a288-6ed4e561b7ab,monocyte,test,MO
13977,dbdb5e2b-94be-4d2a-b05b-0c34be5400fc,monocyte,test,MO
13980,54959c08-e904-490e-9093-e681993f7983,basophil,test,BA
13982,21ba17bd-29a2-4d43-9a4c-4a39705b6a12,monocyte,test,MO
13984,f15c3ec0-f2b0-4b37-9249-cbd918e5b5e8,eosinophil,test,EO
13985,fef6ad73-ddae-4d90-80f4-f563fb5154e8,eosinophil,test,EO
13987,b07f95c1-7bc2-43c5-afe2-e989d9fc2626,monocyte,test,MO
13988,0056f1c2-2750-4b86-86e5-bc8b3bb5a7d4,eosinophil,test,EO
13990,69fe806a-7695-4b83-bd1a-d902b65338eb,monocyte,test,MO
13991,74577932-fff7-4e84-a5bf-90cf01e2c108,eosinophil,test,EO
13999,bd75668e-330e-4678-a26e-fa92a5cb6e8c,eosinophil,test,EO
14000,f8fdbe3f-a064-4547-ab70-af9b323992a9,eosinophil,test,EO
14003,660024e3-e636-4649-b491-43001f2e8f80,basophil,test,BA
14005,02610e20-da2f-47d0-9522-3b84bc4e564f,basophil,test,BA
14006,1e0720e2-f32f-42fb-9b96-01c3a7bade82,basophil,test,BA
14008,6b059794-6ea7-4b8a-97e8-68698336a2b7,monocyte,test,MO
14009,a828fe66-bf25-460f-8788-5d10bc60f00e,monocyte,test,MO
14010,f41c4eef-8794-4d40-a97c-015c83eddd5b,eosinophil,test,EO
14011,a138e87d-ee14-4452-a5ec-5ee249c4f242,eosinophil,test,EO
14013,45276cc8-1551-4d47-bb54-806f22ffa0b9,monocyte,test,MO
14014,9a4273b0-1d2e-4024-9538-7f97282f544a,monocyte,test,MO
14019,56baf17b-a8fd-4905-90f0-4a281ce5ed0a,eosinophil,test,EO
14020,3c9907f1-265e-4a86-b2e4-bd7b7db117dc,eosinophil,test,EO
14021,704f1ca4-9644-4012-b2e5-d8b240e854a6,basophil,test,BA
14025,23cbf309-4584-4b46-909b-69716087820a,eosinophil,test,EO
14026,c529859a-6f69-4bc2-b42d-1a5ec74ce1f0,monocyte,test,MO
14030,22bc2966-41c1-4bb4-9c67-2f7138e4b524,basophil,test,BA
14035,488bca27-aabf-4f2c-9188-a9783311699e,eosinophil,test,EO
14038,e85e7c14-0b62-4349-b91e-beeee8fb4119,basophil,test,BA
14040,e90aae37-c00f-4f5d-956a-2e2d124e2e98,eosinophil,test,EO
14042,6a0e4063-0d07-4445-a6e6-d064d7687ff0,eosinophil,test,EO
14044,35b8f5eb-203a-4daf-a442-f2e5253ae823,monocyte,test,MO
14045,b7992fee-d944-452c-a601-de70a8ba9aed,eosinophil,test,EO
14052,ab5ec963-61a8-4682-9ddc-7389ac7745d2,eosinophil,test,EO
14053,a8273d05-0c91-40a9-b460-fcb3127c526d,basophil,test,BA
14056,8fe52e2d-a0a6-4b2c-bc11-fcf888cdf0fc,monocyte,test,MO
14057,ad0b9642-90ba-4721-8e71-eba273d4b198,basophil,test,BA
14059,b8e03555-973e-4db0-9b8d-edd06afdc9f5,eosinophil,test,EO
14063,69a0ad28-e25c-4d33-aa41-c6483e2d8979,eosinophil,test,EO
14071,cc8da4fd-b33a-490a-936a-5cc2e7956699,eosinophil,test,EO
14073,7b473308-ef83-44cd-bf48-569a7e3a48f4,eosinophil,test,EO
14081,450695e0-3172-4e9e-a570-811e6aa79be6,eosinophil,test,EO
14083,fad32d46-0669-4ce8-9d80-26fe5e6fb81e,eosinophil,test,EO
14086,6d34a5d5-7ed2-431a-933e-cf78fe7ba57c,eosinophil,test,EO
14087,8539d457-394b-47a0-ab31-715dfaa0df64,basophil,test,BA
14088,ed58d5a0-3226-431b-9c9b-005c26a64a08,eosinophil,test,EO
14090,b18cb326-a644-43df-a716-7898a91ade7b,eosinophil,test,EO
14091,e7a44e44-3a63-46b2-85c5-f4786fa08699,monocyte,test,MO
14092,79503919-aca0-4d56-8d5b-4767bd519c90,monocyte,test,MO
14093,0330fca5-02b4-40f2-b0a9-7d0f2838d704,basophil,test,BA
14094,f5274a79-c80d-409f-8f58-152e590fb92c,monocyte,test,MO
14096,f9d3a5d5-409b-4f7e-935d-4ffeedee7237,eosinophil,test,EO
14105,2c634948-355b-4411-8b5f-eb9b96fe15b4,eosinophil,test,EO
14106,c867e87a-bd52-43d7-86ae-04b35b02dd65,eosinophil,test,EO
14120,29a38905-817e-47cb-94e3-4a34d9bf985d,eosinophil,test,EO
14123,54d05455-2d3f-4b5e-b790-899b4e0070f5,eosinophil,test,EO
14125,7c2a6d64-d93f-4649-b40d-459b6f82eb25,eosinophil,test,EO
14128,d5b1c250-d466-4552-861e-f6c1657a3fb3,monocyte,test,MO
14129,597bc226-9aa7-4764-b579-6d34e5e15e25,basophil,test,BA
14131,a98a6d2d-aa16-4493-98d4-64c61eb899e6,eosinophil,test,EO
14133,2150b333-4e3d-4115-809c-46fe2bcf3d80,monocyte,test,MO
14137,55e5d272-1c1c-4363-b6ec-7b0c8227c13f,eosinophil,test,EO
14140,a1e8ec00-dbe4-41de-a926-a503e7307c73,eosinophil,test,EO
14142,ad1a67ab-8d46-4b34-8fa3-8d20331ab1f5,basophil,test,BA
14145,9cb79025-453c-4065-89e5-89589ed3e380,eosinophil,test,EO
14150,fa438217-0ff2-4138-81db-8880833969ad,eosinophil,test,EO
14157,f2cf60a8-ae33-48a8-b2f2-48e4a77fc0a8,eosinophil,test,EO
14158,7f7fd6d4-9143-4188-b9a4-80aaa15575fd,monocyte,test,MO
14159,0daa0f04-528c-4bb0-ba00-e7fa03a5d5f9,eosinophil,test,EO
14165,4265a57c-8b37-4ed8-805e-9e239f86d033,eosinophil,test,EO
14167,b0731dd6-7202-4cdd-aea2-18e9aa171fda,eosinophil,test,EO
14170,255552f0-66d3-468e-99c8-f365d54c94c0,eosinophil,test,EO
14176,d4e5c678-2a17-4c69-8827-235ae7b4e712,eosinophil,test,EO
14179,dbb1d57e-7a0e-4170-a2a8-b4062b687292,eosinophil,test,EO
14182,08837a23-d05c-4297-9eb0-0251b0532fbd,basophil,test,BA
14188,1ed61c15-64ef-4c5d-823e-083ccb65f68b,eosinophil,test,EO
14197,51a471e4-5572-4885-99bf-8224e0afd798,eosinophil,test,EO
14202,3ad6f188-7c4d-4a54-9801-fb30ee8d187a,eosinophil,test,EO
14203,d9a641c0-27e4-4b65-9baa-142506ac824e,eosinophil,test,EO
14204,f6c90693-fda7-41e9-8869-f440844ee46b,basophil,test,BA
14205,2eccb61c-87eb-422d-8290-f35d0c1faab5,basophil,test,BA
14207,5aeeb520-b862-4764-bacc-e49bf6621e20,eosinophil,test,EO
14209,16951af5-baa3-4717-87c1-3d7487faed87,basophil,test,BA
14211,133d6fb2-07bf-4d78-bd84-6e665bac88d1,basophil,test,BA
14220,bfbc0af8-b645-4be8-9aec-143c50a4f3ba,eosinophil,test,EO
14223,934ef911-92b0-41b0-b61e-6f09c67096b4,eosinophil,test,EO
14226,6df99f4a-aab1-4e43-85fe-0946b255e131,eosinophil,test,EO
14231,ba78666c-20eb-4759-8ec3-5dab86bb11fc,basophil,test,BA
14232,668d76c8-1abc-4f8d-a841-05a01fa7648e,eosinophil,test,EO
14235,06fed108-60fe-4aff-97c1-6bd9b001d8d5,monocyte,test,MO
14238,adc1bc8e-43cf-4234-8f56-6dff86dd540a,eosinophil,test,EO
14242,f1e08f12-8a7e-43e5-b714-60d9f2687dc1,monocyte,test,MO
14245,51854069-6e39-4979-b4ab-4ae419f5b27d,basophil,test,BA
14247,51c86680-717c-4a18-9961-e6d3e7a1929d,eosinophil,test,EO
14250,d8ca3a49-c7c6-4de2-af36-86c50364f975,eosinophil,test,EO
14254,f4958509-bf02-4a3a-83fc-c14b28334f4e,eosinophil,test,EO
14255,c89a47d6-a7e7-49b9-91b7-bf6d69b6eac8,eosinophil,test,EO
14258,82249160-138a-4ca5-991e-a74894ba6991,basophil,test,BA
14260,5adb4ccb-ea46-4eca-b617-7d33857bb122,eosinophil,test,EO
14263,d9af793b-4aa8-46c0-8f67-e0a2e8c4ec11,monocyte,test,MO
14267,6b3689b0-7559-46b8-8944-c837273ad2ff,basophil,test,BA
14270,e5e32af3-8818-41a9-9d68-cc877960b87e,eosinophil,test,EO
14271,754807bc-514b-415c-88c6-faeee252132e,eosinophil,test,EO
14273,60418c88-4cd1-44c0-b5fe-e6c175b4ee6b,eosinophil,test,EO
14275,ba6236c7-9113-43ec-a71e-a6ecd4e37df9,eosinophil,test,EO
14284,b855fa00-798e-4c99-973c-9a75e50c884c,basophil,test,BA
14286,907bde19-e69d-43b0-a56d-207d532a4b51,basophil,test,BA
14287,11775207-8c2d-462c-87e4-d03a562edc0f,monocyte,test,MO
14290,2bf3ca42-0928-4e9f-a08c-ca765e3bf1fa,monocyte,test,MO
14293,fb431e8f-31d1-4d3b-a81a-e0f7d874836a,eosinophil,test,EO
14299,b57ca130-1383-4a23-9fba-bf8639370fde,eosinophil,test,EO
14307,42fc691a-e414-4a1a-8e7c-cecca116acec,eosinophil,test,EO
14311,860c7866-ba3e-4420-924c-a25a0c10a280,eosinophil,test,EO
14312,6ba496b0-6371-4040-87ba-0a1af4c4e922,eosinophil,test,EO
14313,71615d56-3272-4131-af2d-018d34cef9d8,monocyte,test,MO
14316,aec4d42a-8cb3-430e-a107-c277d90bec44,eosinophil,test,EO
14317,33bd5007-1faa-438f-a5cc-f4e8eaaca471,basophil,test,BA
14318,0df01bd4-a4bc-4c4a-8e8c-f2f0fe9e9a8f,monocyte,test,MO
14321,2d5b68d2-8869-437a-8c77-37eaf78d9f45,basophil,test,BA
14324,d1b93f7e-d44f-4784-ab6b-7b39769d738a,eosinophil,test,EO
14327,c9ab8a98-af92-4fdd-a436-c53fca6a3d8a,basophil,test,BA
14337,5c2ff299-0cec-4250-9267-22b7a26d27f0,eosinophil,test,EO
14338,13087ba2-f0dd-4687-a6f2-87bafde6fa7a,monocyte,test,MO
14339,454114ab-a0a6-45ea-8be9-5a949271aec0,monocyte,test,MO
14340,4f873dcc-14c0-4702-8618-4259188506bb,eosinophil,test,EO
14341,cd558ccb-ee23-4a35-8341-dff24f3c104e,eosinophil,test,EO
14348,62885e39-a126-4f79-a262-5da83be93b6a,monocyte,test,MO
14349,d54d3371-e08d-430a-bd08-ba28bfc5a2db,monocyte,test,MO
14355,2962974b-2c6d-44cb-8ab5-5088cdee930e,eosinophil,test,EO
14356,1b7b9193-a2d1-41b6-9f5b-e726d0e8830c,eosinophil,test,EO
14357,3844d7d4-14f1-4205-8515-87602923d382,eosinophil,test,EO
14359,544247bf-bacd-4322-92b6-2074caf107e4,monocyte,test,MO
14365,7818bda5-b6cc-4c36-8119-7e4080ac75cc,basophil,test,BA
14366,6b508f16-016a-4d62-96be-51bc1a696a88,eosinophil,test,EO
14372,2bca7e7b-2b6e-48ad-b85a-7c4235b71ec9,basophil,test,BA
14373,3d55ca73-1d1c-4080-bc0f-06d26e0f41b1,eosinophil,test,EO
14376,242b8e57-011a-448c-8dbb-9f8132406582,monocyte,test,MO
14378,2cedaf2f-0f28-4f29-ab62-83b091b662ac,monocyte,test,MO
14379,b2cb4c34-467b-42f0-836e-ffe466567a89,eosinophil,test,EO
14380,a162cab6-fe85-46a3-8a54-4a36e5b92462,eosinophil,test,EO
14381,04da763b-0089-43be-bf9f-f106d68a10b4,basophil,test,BA
14391,a00b511e-2081-4bce-ad89-15b2a603bcda,monocyte,test,MO
14397,233c373d-54e2-4f33-9899-2e43bf363f8c,monocyte,test,MO
14398,2fc51bd5-720e-4996-9ee4-8ca9ba5c3def,monocyte,test,MO
14405,d7c17336-1618-4d34-9e7a-4e798d720e43,eosinophil,test,EO
14416,953f93c1-5eee-4c23-9b30-54ae51ab4a74,eosinophil,test,EO
14418,378b8730-27bc-46ab-9a2c-f833147ac295,monocyte,test,MO
14420,e1a2da8a-ea62-445d-bc1c-5397fd3914d6,basophil,test,BA
14423,2e2203fa-7212-4ba6-8fa2-ecb7df28a565,monocyte,test,MO
14430,7ad2eefc-4c0a-4d41-bc3a-cfad60ca9839,eosinophil,test,EO
14434,c7d48b5e-beb9-4177-a571-56efb363ba6e,monocyte,test,MO
14435,8667758c-dc0b-419b-b0ad-4235666c0923,monocyte,test,MO
14436,cdbd5346-a674-45df-a170-cf3fbfd925a1,basophil,test,BA
14441,414be404-7627-4865-af02-bd0a886d3f4c,eosinophil,test,EO
14443,c7f08848-4885-4420-9045-280b072dc2fe,basophil,test,BA
14446,a857cfeb-2f31-4d31-859a-8570da80195a,monocyte,test,MO
14447,52bddf85-b220-4c62-a89c-d49d50a7769a,eosinophil,test,EO
14450,7dba7210-033a-4d5b-887f-9ddd34ff61de,monocyte,test,MO
14454,826fa552-06c7-4e32-b94b-d05bb4d0ec0a,monocyte,test,MO
14459,8cdfc98f-aec8-4849-82f9-cbfbd5021a05,eosinophil,test,EO
14460,171d882f-2b43-40b7-a015-03c6d07c17fb,eosinophil,test,EO
14464,c486919e-1c30-4f74-b2c0-7f514ef8c5f0,basophil,test,BA
14467,aa35128d-5e52-40a0-b888-01e229bb7399,monocyte,test,MO
14472,1cb7c595-99fa-42b4-8c31-a000dd541055,basophil,test,BA
14473,c21edc44-805f-470b-b4d7-0fd202042b69,eosinophil,test,EO
14475,03bdfe99-1550-4113-90dc-20cde0f1a4cb,eosinophil,test,EO
14476,59d3f4c8-0814-4b0d-b442-8bdb7295e4ec,monocyte,test,MO
14479,02f3b0df-21d6-4a45-84aa-0b0e3028bb07,eosinophil,test,EO
14485,2fdce3d9-ac68-4542-95e3-731005c0e216,monocyte,test,MO
14486,71cc7ef6-e4ea-48bd-9d8e-b90b4682631f,eosinophil,test,EO
14488,e465f28e-5192-4f52-ba23-0aa5440df6e9,eosinophil,test,EO
14489,50cb8b45-0013-4e82-9649-84145944cc04,monocyte,test,MO
14494,39543a77-d76a-42ed-b651-933b4e22d3e8,eosinophil,test,EO
14497,f4dd4a23-a523-4b9f-9ab1-32a2dab63b14,eosinophil,test,EO
14498,6830dcf9-1c56-4f90-ac82-8300dd76153b,eosinophil,test,EO
14500,5c98f78a-e600-4ae4-b7ed-b32baa185de7,eosinophil,test,EO
14501,6ca4d1f7-a1b1-4018-b147-2defcb3e464d,monocyte,test,MO
14508,8f211a17-a45c-46c8-b570-ad33244ab5e7,monocyte,test,MO
14509,1e6f4270-13da-46aa-9cee-640a324aa38d,eosinophil,test,EO
14514,3e17181f-7413-4c3e-9c40-96e3efcabcb9,eosinophil,test,EO
14515,5845359f-3ac0-47d1-b0f4-2cbbf9a94767,eosinophil,test,EO
14518,764f4749-bfee-4b0b-a30c-afa65c285608,monocyte,test,MO
14522,4d9b98f0-4537-4ac8-86b5-d3d27b29776b,basophil,test,BA
14524,fcc3255b-6436-4d4d-97b7-7a07cd960cd2,eosinophil,test,EO
14527,a3cf29b4-3ab3-4347-95a8-aea5493903d7,eosinophil,test,EO
14531,ef4f99aa-3c32-4483-ac2b-d82268878378,monocyte,test,MO
14533,af29985b-61b2-4351-9687-cce7dc509ea4,eosinophil,test,EO
14535,93c5315a-4a2e-429f-bb23-78e6ffa6517f,eosinophil,test,EO
14536,720ef36d-bd76-437a-aee4-90492cf092b0,eosinophil,test,EO
14537,4714f3a8-6250-4c73-8598-4c17326f7db6,eosinophil,test,EO
14539,f65beb29-c898-4ba0-92df-f7d08ed82d30,eosinophil,test,EO
14547,90f93b1e-f17c-43a8-8d23-f39e919639d2,monocyte,test,MO
14551,f0faee00-1599-4288-b740-52485bad68b9,eosinophil,test,EO
14553,894f6098-c941-4518-8e48-03fd146d1e76,eosinophil,test,EO
14558,d57fc85e-afc9-498b-b876-bdd929b2f98e,monocyte,test,MO
14559,ee2aed2b-65c6-4c9e-ab2f-dc4fa4a053fe,monocyte,test,MO
14560,ef42b62c-1106-4b19-b9b6-e13e3c7e10fc,basophil,test,BA
14563,25948bae-d745-45c3-aa9a-bed7a832df08,eosinophil,test,EO
14564,23f8e1b1-84bf-4ccb-af59-4e4ddbe2e0ca,basophil,test,BA
14569,16d8fbf2-c294-4ef4-b665-fecabd7d398a,eosinophil,test,EO
14571,da3020c7-e4ba-4b14-89b6-f86a94486409,eosinophil,test,EO
14572,bff47c82-6422-462c-b07a-236cd4d45371,basophil,test,BA
14576,42734f66-ddae-4314-ab31-d970958a0062,eosinophil,test,EO
14583,71c473da-a2be-4350-a7a6-92b42e066d85,eosinophil,test,EO
14584,49eab7e9-87db-4287-a4da-a77d4ae5911d,eosinophil,test,EO
14585,f637f000-0d6f-4889-8743-f86d1ab2430c,monocyte,test,MO
14588,8ea60a07-cc65-436a-8ced-87f5d70e9ce6,monocyte,test,MO
14595,c3816e3e-bdeb-414f-8dd9-2fce6207ba50,basophil,test,BA
14599,a6e9f6bc-44aa-4962-bb03-3eef69bab7f2,eosinophil,test,EO
14600,ffff2308-b6da-44cc-9688-468dd3b12538,monocyte,test,MO
14601,408e4e13-5839-40ee-9055-1d38482a09ce,eosinophil,test,EO
14602,f023e2ea-fb20-45c0-8109-17e3e35a459f,monocyte,test,MO
14603,826a0b77-461a-45cc-a600-1cdc57ddf493,eosinophil,test,EO
14609,62d566a0-1c4d-4e2b-ac9f-b14372f843fd,monocyte,test,MO
14610,2d136936-739c-4649-b8ff-26c79555664d,monocyte,test,MO
14613,c02f84b0-2afc-420f-b228-4aba70dd1b37,eosinophil,test,EO
14614,91c7e3de-3a33-4722-9dab-4f3b133ec5cc,monocyte,test,MO
14617,fd79abed-1902-4b2b-a914-158c379f85e6,eosinophil,test,EO
14619,595b13e3-fb58-42f9-84cd-5f2817cf4498,eosinophil,test,EO
14620,4ac0cb70-acdf-4f89-a8d3-f50d55239432,monocyte,test,MO
14622,23c866df-25ea-48fa-88d4-8dda09a4779b,monocyte,test,MO
14624,baee31b6-d85d-4176-9f23-cdeb2ae6337b,monocyte,test,MO
14628,cf69cfc5-0c18-40d4-9d61-c098e4a9a087,eosinophil,test,EO
14629,015527f7-343b-4952-b3bd-c8e3c66803e5,eosinophil,test,EO
14633,8ae76467-3b6f-498c-b2db-8d44d3f8f093,basophil,test,BA
14636,543cf645-28e6-41fe-9866-01cfdcb673ff,basophil,test,BA
14640,5fd7fc4d-62d5-45be-bbf7-a2608fc7994c,basophil,test,BA
14644,c232d4b2-7536-475a-8af5-e7d8452f404f,basophil,test,BA
14651,41e24ab5-604d-4e8f-9b27-8f94df60dfbb,basophil,test,BA
14655,058620ce-64c9-4509-b6e9-dda41d821a7d,monocyte,test,MO
14656,09aef72b-bea6-4d6e-bbb8-d798ccfeb696,eosinophil,test,EO
14657,86206931-cc01-4c5e-bd46-aed447f1ce11,monocyte,test,MO
14658,edeaba1c-a353-4059-b29e-4caf7b444cfa,monocyte,test,MO
14661,7f881e34-0c03-4385-8568-1312513d3adc,eosinophil,test,EO
14662,2e057fdb-761f-433a-9896-41457362d7bb,eosinophil,test,EO
14663,7cd6699d-ed61-4ab1-8dcc-d5870f97ce25,basophil,test,BA
14678,8b0dcbfe-d2e5-4806-9b3d-142e2a64233e,eosinophil,test,EO
14679,17c5d1b1-19dc-4f8a-9a91-2fdb0be988f5,basophil,test,BA
14682,f4011c68-8ec6-48ec-8b39-bdf3729256eb,eosinophil,test,EO
14684,87ad09a9-67cb-4c91-90ee-c29c86607143,basophil,test,BA
14686,73a12a2a-a5d8-4452-8f0e-a1f16e5a4aab,monocyte,test,MO
14687,547370ed-2361-410c-8582-9b9a998072fb,basophil,test,BA
14688,4f6ffadf-e247-4b3b-a85d-9ba64fbe91eb,basophil,test,BA
14690,41381a4f-c2d0-4e22-b1c3-e3d6a6b1f34d,eosinophil,test,EO
14693,d8b4edad-bc79-4cee-819c-73a7aac2893c,eosinophil,test,EO
14696,c429d7e3-6ee6-4e1a-971a-730b4c49d993,eosinophil,test,EO
14697,25d0cc40-2b38-43da-ae27-985460162ca5,eosinophil,test,EO
14700,2c176ab4-ba6c-4045-8fd3-977174940eef,eosinophil,test,EO
14704,ea930ca6-53d7-4bed-a4d3-1a703445c660,eosinophil,test,EO
14708,f8cab9a0-3e29-408e-afe1-197cc3dd4ea1,eosinophil,test,EO
14713,943ebc6d-2d90-478c-afc4-1e94a68a8a32,eosinophil,test,EO
14715,5bb33eb0-c87f-49a8-89c4-9dda9100e8cd,monocyte,test,MO
14718,716cfeb1-213d-44b9-8377-d95599a8a3f0,monocyte,test,MO
14726,59e10140-044d-43ef-ba05-4eabae48d8b2,basophil,test,BA
14736,cd0d1707-5b80-47d8-ae81-7ffee8d1e18f,eosinophil,test,EO
14740,dc779056-c24e-4afb-ac73-743a57eacc05,basophil,test,BA
14743,f4efa351-6cc2-4d8c-a6d9-9d2a776263a2,monocyte,test,MO
14744,b80882e7-1e8d-4bbe-a4cd-1679ed171c19,eosinophil,test,EO
14745,b10a6ef9-8d38-43fe-98ec-9f67b8cd220e,eosinophil,test,EO
14746,8aba6be9-708d-4b9e-8b7f-cea34819c924,monocyte,test,MO
14750,9b4e7528-24d5-4c74-9e60-70227ffcaafe,eosinophil,test,EO
14752,e9ad9e7b-402c-448e-b242-2e159a61eb16,eosinophil,test,EO
14757,5bf96cdf-16cf-4153-82a4-7a99bde04abf,eosinophil,test,EO
14768,ff992632-d1ac-4b08-99e1-0021eb7348f7,eosinophil,test,EO
14769,9b2a8cc7-4daf-45dd-9214-d213abb99314,basophil,test,BA
14770,558abe42-cc3a-4ddc-a6dd-a93cfe40ec1d,eosinophil,test,EO
14775,a9a661b7-a91e-4563-9939-d4c45475ec86,monocyte,test,MO
14778,325b7935-c969-4dbf-8138-e12efec0ed77,basophil,test,BA
14781,bc8b39bb-536f-45bb-ab71-d2dea5b7f352,eosinophil,test,EO
14784,5c169ef8-6700-47ec-b3b0-a7bf0f117d7c,eosinophil,test,EO
14785,a7b6eac1-f036-4b8c-ac46-7b2defa4e817,eosinophil,test,EO
14788,99660886-780f-44a2-abd2-54ad077f1f37,eosinophil,test,EO
14789,acc07524-5f6e-4c3d-8786-c61aabe3d787,monocyte,test,MO
14793,bb914616-19a6-40ae-8036-e60c6bfd081e,basophil,test,BA
14794,ee206d02-926a-43f3-a52a-9d404ec9f996,eosinophil,test,EO
14798,147965c6-0331-40db-b709-94327f95a727,eosinophil,test,EO
14799,af9f0e9f-a2f2-48eb-bdf5-0eed2695821e,eosinophil,test,EO
14801,31630283-ad78-4955-912d-a206ec2e8ff6,basophil,test,BA
14811,d818ab18-e7a8-464c-85c3-bc8b68cab0ee,basophil,test,BA
14812,b56d6298-08df-47be-b065-3b9935c1d4ef,basophil,test,BA
14815,41b05e2f-4092-4f62-8c97-5e7884f77ad8,monocyte,test,MO
14817,fad1420a-4097-4b13-83e8-e7f874996399,eosinophil,test,EO
14824,3c317965-9730-4a39-b971-55717f0d1883,eosinophil,test,EO
14829,3622e111-8b50-46d3-aa0b-6ff26cb719e2,eosinophil,test,EO
14837,67026922-6f5b-4daa-801f-57a1819708a0,eosinophil,test,EO
14838,90dca10e-1ad1-4487-8973-c9230bf95682,eosinophil,test,EO
14841,8ecff2e1-c426-41c8-8f3c-67bc4ef9feab,basophil,test,BA
14853,0c98743c-498b-4fa0-8ee2-ff228c978a2a,eosinophil,test,EO
14854,50f73230-efc7-4ea3-b59f-21ec1ba80cf6,monocyte,test,MO
14855,5449aae3-890e-409d-96a4-d45e10bb9b14,eosinophil,test,EO
14856,7eb280cc-56d6-4604-8fcd-f7a6a73ac3c1,eosinophil,test,EO
14859,fd5ead42-ffa9-412c-aac9-3d054c8a2268,basophil,test,BA
14860,f773bb01-6549-43c5-b815-213b64f4f2da,monocyte,test,MO
14866,7a3fb7c6-33bd-4853-adc9-0f5e66a9925e,monocyte,test,MO
14873,f6702a78-898a-4699-8d68-4b57745ed7bc,monocyte,test,MO
14875,30656f35-82c8-47c0-9459-3e5802135255,eosinophil,test,EO
14876,fec766dd-a444-473c-b3f7-5a8f48d5829c,monocyte,test,MO
14878,216f0e43-29c1-407f-8b24-5b0543d8fada,basophil,test,BA
14880,ebe36d97-2218-4250-bcf7-1c8b3ea5d920,monocyte,test,MO
14886,0ccc81aa-5bdd-4a26-ad79-254ac7205ba4,eosinophil,test,EO
14888,90930840-8f69-40f1-a11d-07adf5fb3a58,eosinophil,test,EO
14891,db55c208-236c-4613-93e3-7f133383a3bd,monocyte,test,MO
14893,10b8f975-a6c2-48b3-9569-8e1df8f2ff68,monocyte,test,MO
14897,5d3d9966-ed78-4524-9bcb-7e90f3572b0b,basophil,test,BA
14900,7dc7bf31-89d9-4715-a5ce-3818aaa6052e,basophil,test,BA
14901,b2c2c432-b68f-45c2-97e5-7dfdf64aa81c,eosinophil,test,EO
14902,c62f98e6-40ea-4d66-848e-f667b55542e9,basophil,test,BA
14904,35a32603-9418-4d87-a6a5-abd3f4f951ba,eosinophil,test,EO
14905,7f3441a8-18b5-4171-8a3f-5311b6155d7e,eosinophil,test,EO
14907,1b5df8fa-38de-452c-8922-d930ae47c0fb,monocyte,test,MO
14908,0c365172-e30b-4045-827e-9d99d962b055,monocyte,test,MO
14914,0adc2064-ed52-4f7f-b7df-f0f4d23dfbca,basophil,test,BA
14918,c5c8bb59-60f0-4553-a9e6-b75796abe685,monocyte,test,MO
14921,9b7ccbac-bb19-4fca-9903-c627338f9fba,monocyte,test,MO
14924,affc13f1-f81f-4979-b5a9-52bb13666e7e,eosinophil,test,EO
14925,9846fda1-e501-4c62-abdb-852c6249c513,eosinophil,test,EO
14929,83c9614f-a5ec-411f-9076-5333f8989390,eosinophil,test,EO
14931,b1aeb7e8-fb8f-4952-8237-75e895487974,eosinophil,test,EO
14933,cfd97f42-30f7-48b5-9bc5-d8fdf85d9511,monocyte,test,MO
14934,6497ad36-e1bd-4725-96c7-6500f465c744,eosinophil,test,EO
14937,01beb37b-e999-4217-894c-17e6568be97d,eosinophil,test,EO
14950,95e15ca2-be6d-43c9-a7d7-26bbeb6cc8f6,eosinophil,test,EO
14951,ff230cc2-0a57-4e5c-a2fb-e51e2d824ba4,eosinophil,test,EO
14953,027bdb77-8b90-4cae-976d-070db0dfdab4,basophil,test,BA
14954,aa8dfb6a-55a6-45e3-b273-4e859ab8399b,eosinophil,test,EO
14956,af984731-2dcf-46d6-8514-2fc00956150d,monocyte,test,MO
14958,acfe9250-94db-4084-9c87-2a14d58ecb30,eosinophil,test,EO
14959,5d893c65-9492-49a9-be8b-615cf0843391,eosinophil,test,EO
14964,49b73262-6818-4794-bc46-a780cf67bd45,eosinophil,test,EO
14969,0cb127a7-5cbe-4e32-afbc-2b6ebb8352cd,monocyte,test,MO
14974,e1e6dc9b-421a-4c36-9647-269cb5dce5e1,eosinophil,test,EO
14976,4e185ec4-31d2-4f45-ae97-ebc820fff99b,basophil,test,BA
14980,f5d80d86-b6a5-4772-a102-05428351209f,eosinophil,test,EO
14981,1e4ad48d-9157-4682-a7e4-3720f961094d,basophil,test,BA
14985,b5c645c7-e233-4365-a2f9-3c5fc5c4288c,eosinophil,test,EO
14986,93a013a8-7d33-400e-97f0-f988010fb010,basophil,test,BA
14988,49dd624b-8678-45c5-a398-0b4a096d706e,eosinophil,test,EO
14991,ca41c729-8c05-44ed-8c07-b2157fe90cbb,basophil,test,BA
14996,2624e78b-9d28-4dc4-aa8a-393d4c74632f,eosinophil,test,EO
15000,8bf318fb-d77f-4290-99fb-74db63e67856,eosinophil,test,EO
15002,0316e297-9a17-4516-ad1d-0bb16b94adc5,eosinophil,test,EO
15005,4f12b913-2713-44c6-be03-8894590b0086,basophil,test,BA
15006,07fa903d-3083-48c3-9771-9bcdea45a6dc,eosinophil,test,EO
15007,5f8ee28f-ec46-449c-a61e-c079cda79f42,eosinophil,test,EO
15011,1f105f96-be2f-4340-8526-03fca076a854,eosinophil,test,EO
15015,f6800907-2541-4083-a0b1-0b02e2bac794,eosinophil,test,EO
15018,1d90a1bf-32c6-4a9c-8d38-329c343e376b,eosinophil,test,EO
15019,7829846f-2022-40e4-b95c-2adf4f243cf6,eosinophil,test,EO
15021,217b0bea-9b46-40c7-a67f-ddf45fa12290,eosinophil,test,EO
15022,b915564d-88fd-4fe7-9277-5c8a403cf5dd,basophil,test,BA
15023,a386a7b0-6ed5-4914-bcb0-5619560bafd5,eosinophil,test,EO
15026,fe8fd9a5-4cdc-431d-b35f-967e3aa67b5e,basophil,test,BA
15029,8b941046-04f5-457d-884e-e59472964c8c,eosinophil,test,EO
15034,0e1ce254-cfe6-4391-bf98-1f4aaa6f660b,basophil,test,BA
15035,6ad6c0cd-533b-439c-b751-62b6456241af,monocyte,test,MO
15036,4e0187b7-e798-4c61-a68a-57505f61cdbb,basophil,test,BA
15040,04e38a75-d212-4854-8640-3fff4c21762c,eosinophil,test,EO
15046,38bdfa95-9781-4ed8-b58b-8d11c14b10a0,monocyte,test,MO
15052,949b5655-ab2d-4a3a-a1cf-a5f5a5b31ef3,eosinophil,test,EO
15053,39d4f466-fd52-4535-bf3a-95dcd6504fe6,basophil,test,BA
15054,5da2de3f-697a-45ae-bb81-9677e55a5c95,monocyte,test,MO
15056,d6df11d0-3282-4f76-95b0-ea192568b417,eosinophil,test,EO
15064,a801edd2-661a-4937-a0b6-6a53a299e050,basophil,test,BA
15066,7a400930-e8c0-4139-9654-b9f2a8f45f92,basophil,test,BA
15067,9610b790-75b3-43fb-9039-b7ca111760b1,eosinophil,test,EO
15068,9e779035-5057-4e87-98e5-8dca3c3705cf,eosinophil,test,EO
15078,3cb30f69-d483-4e2e-8a86-7db824678b85,monocyte,test,MO
15084,247075c1-074c-42e1-903a-b64066a08edc,eosinophil,test,EO
15085,57ab0856-ab1e-445f-80ba-04e74f703a28,eosinophil,test,EO
15086,760a1501-34c4-419e-8a8b-3a3840258234,eosinophil,test,EO
15094,e491a9ee-d3b9-454e-8f6e-bf8a4d6f2886,eosinophil,test,EO
15099,6f7d15c3-6bdf-4517-be7a-dc19a5c359b8,eosinophil,test,EO
15100,9c1872ee-00ef-4865-b16b-5d05fd1ac323,monocyte,test,MO
15101,347a2b55-3976-4384-86b3-fc0ab76f0ebb,basophil,test,BA
15102,603cdc1c-370a-473e-855e-5c6e6cf4d62c,monocyte,test,MO
15109,a9d4ff1e-e0d7-4b3a-b84e-aa37cc39fe48,eosinophil,test,EO
15112,47024848-8adb-4064-ab4e-30ccd289e856,eosinophil,test,EO
15120,8a4ed90e-0dc8-48d4-a021-c322e0a2122f,monocyte,test,MO
15123,e7a97d8b-3242-44c4-82b0-07e0c5da24ad,eosinophil,test,EO
15126,63969836-1b27-4cae-9fb7-a9b9d213c8d1,eosinophil,test,EO
15127,227f8f7b-6f64-4767-90ef-72cdf0e3ab8a,monocyte,test,MO
15129,72ac5c43-078c-4442-8df9-48f04ae816bb,monocyte,test,MO
15133,581aaea8-1cc4-4698-98d0-c1833d9c0d92,basophil,test,BA
15136,afcc5790-4f56-4e88-b740-b7699a33c880,monocyte,test,MO
15147,e3177d1f-78c8-4246-87bc-5261f358ea5a,eosinophil,test,EO
15149,dc27876b-c38c-419c-9b7f-1c00af527bc8,eosinophil,test,EO
15151,a670358c-2c5b-4a7b-b99f-e7d6e561ec2e,eosinophil,test,EO
15156,a3cf134f-5e60-4394-a343-6e4e4f377d41,eosinophil,test,EO
15157,3603741b-ffbb-4203-9ce6-93000db054bb,monocyte,test,MO
15158,028e50b5-e7f5-47f4-972d-4fc114d5facf,eosinophil,test,EO
15161,ebb8b1a0-9f4d-4ffe-a909-e38cf7149b54,eosinophil,test,EO
15162,092364e3-3fff-4177-a334-00addedb4f08,basophil,test,BA
15167,632afc59-2bec-4e8f-aa70-2fc71f25fde1,monocyte,test,MO
15171,a67bcfd5-cd9b-48f2-be18-4f7691c2f48b,eosinophil,test,EO
15172,aac843bc-6ea0-42aa-bf2d-14baa78af454,basophil,test,BA
15175,e97d583c-2850-4f63-8c14-aa163c6c8c43,basophil,test,BA
15180,3f05e377-24db-409c-84e0-f7410efb6e09,basophil,test,BA
15181,c3d46ec6-8e49-4b02-bb93-5ad9c571b48d,eosinophil,test,EO
15182,19c489f2-bbd4-4df8-99b7-7cbbb18b77cf,monocyte,test,MO
15183,de9ab797-fc0e-4754-8ec4-74700d8bdc9d,eosinophil,test,EO
15193,edb8076e-6651-4055-8962-70cbfe124d9e,eosinophil,test,EO
15195,231ad4d1-5907-43d8-bca9-05dd68514e4b,basophil,test,BA
15200,2ee3544d-acfe-40ba-9209-fb23d323d4f5,monocyte,test,MO
15202,f2c49fc9-1c7b-4e6a-a1c5-f89075c6927d,basophil,test,BA
15210,aa1d7cef-6c5b-4397-927d-044986e72343,eosinophil,test,EO
15211,9a4924d0-8159-4246-b566-d0e030c6088e,eosinophil,test,EO
15214,ab50c5b9-6726-433e-b01c-e48d74fd29d5,monocyte,test,MO
15223,75dee5d1-43d4-4f0f-9c7c-28dd35342b32,eosinophil,test,EO
15226,4c4bb38d-2988-425d-9aa7-2192ff3fd2bd,basophil,test,BA
15231,30fdac4b-93a8-4953-8ae3-50a603a0d91d,eosinophil,test,EO
15234,95646336-c7d9-4bf4-bbba-7b24ab3cc4a1,eosinophil,test,EO
15236,40e7520d-7381-4a64-a8da-321e415250e7,monocyte,test,MO
15241,5a3c5dc2-546b-47a5-ae77-dc379bece84b,eosinophil,test,EO
15243,b069a872-d495-4907-afd6-685170ca0cd4,eosinophil,test,EO
15245,58efc4eb-481d-47fe-a6f2-d3a4e3d46084,monocyte,test,MO
15246,b46b4bc5-fe8e-4c05-bbe6-e754275122ea,monocyte,test,MO
15249,16687060-e95f-462f-9fdf-27944d1ac83e,eosinophil,test,EO
15253,9f94711b-ce2d-4a2a-8540-51638c1c63d0,eosinophil,test,EO
15255,bc526436-5a92-4d0d-bec1-4064f556e6c9,eosinophil,test,EO
15256,7936f96d-4091-42da-af75-9f9d3e7575b2,eosinophil,test,EO
15257,c7d5cef6-e850-4e49-a687-15691b9c6edf,basophil,test,BA
15260,ddd9e11a-bb55-40bf-8fc8-fc9053b4c98a,monocyte,test,MO
15261,d56df624-f108-49e6-abee-8d2778392757,eosinophil,test,EO
15262,fdc775b0-0820-4cd0-8635-1a3afffced41,eosinophil,test,EO
15263,1e7bc332-e01a-4987-85fd-6d78bcc9dc44,basophil,test,BA
15265,1e9761a9-934e-4b76-9b27-951d27a610c7,basophil,test,BA
15269,fe3ed3f8-e273-4ed9-873e-0735ad11991d,eosinophil,test,EO
15271,8e245041-ff94-49bd-ab7d-3b78bbabcdca,monocyte,test,MO
15276,3439ccf6-6225-4866-b4f7-f0ec3aabfac5,eosinophil,test,EO
15280,99dc7e7b-8da4-4be6-b23d-4f7bfe9dc22e,eosinophil,test,EO
15281,0f7539d0-fce1-4068-b20e-0e28800746b8,eosinophil,test,EO
15285,15f05c24-25e8-4459-b0f9-442979ebcee0,eosinophil,test,EO
15286,eef66468-220d-4eca-a60d-150727a9830b,eosinophil,test,EO
15288,46f8dc76-1ccb-47f9-9356-b1a23bc6e009,eosinophil,test,EO
15290,8eecd2a4-bff1-4634-a5ca-b2b03716b733,monocyte,test,MO
15293,bbbbf66f-9dd1-4b42-879a-1658dd67428f,monocyte,test,MO
15294,9d391106-3173-4129-b374-0793a0ce4920,eosinophil,test,EO
15295,83396760-d4dd-44dc-9c43-e7e3e9b1748b,eosinophil,test,EO
15299,b466d611-b22c-41ce-a275-a5602c21f547,monocyte,test,MO
15303,bc87ec39-c2c9-45b5-8186-5f44507cefec,eosinophil,test,EO
15309,ddbf1cbc-a9b7-4276-877e-8c72463c581b,monocyte,test,MO
15311,fc5ea116-6980-403a-9b97-3e9ea7779821,monocyte,test,MO
15313,2a9ee8b9-a109-4e60-8fdf-7905cc41667b,eosinophil,test,EO
15318,6ed1dbe5-9c3e-4675-ac81-6c9448adb9db,monocyte,test,MO
15319,d482dda9-f719-49ed-a161-0d58c07a3f2e,eosinophil,test,EO
15320,6f71c9fa-d16f-4393-a146-0860838c0266,eosinophil,test,EO
15321,ce43345e-bf57-44bb-82d3-7a88d78ea92f,monocyte,test,MO
15322,0f952b71-6f8e-48d5-ac0e-fa0c6397ad9b,basophil,test,BA
15327,69a3c3d0-d00d-4b3a-a805-f00071551a24,eosinophil,test,EO
15328,ddc9da14-7331-476c-b786-796e02cedd0c,eosinophil,test,EO
15329,c1d81226-6caa-402a-93e4-c722cc0cfcc7,eosinophil,test,EO
15333,467f81b5-856e-42fc-936a-4923e040acc2,basophil,test,BA
15340,5624f597-3958-488d-8dd1-faa1ef5548e2,eosinophil,test,EO
15342,013b04a8-2a22-4e7b-8b6d-dd76da4dd611,eosinophil,test,EO
15353,d77aaaa0-8a03-43bc-919b-dc4c0d30b375,eosinophil,test,EO
15354,902ae644-3f94-4f74-9a79-2bc3d07e6bb6,basophil,test,BA
15355,bd3db3f8-8d39-47b2-bd25-ce258a56a4b1,basophil,test,BA
15356,93755d4f-b390-4fe4-88a3-2c9edc153095,monocyte,test,MO
15357,e21c7680-5404-44a7-bd20-b63c28aa5751,basophil,test,BA
15359,eb77bb25-7c69-4c1d-960d-a90221692af7,eosinophil,test,EO
15360,eb2208bd-d1a5-4895-9440-2c133f05adb8,basophil,test,BA
15364,e803f241-ed9d-49ae-9be6-0526449a051e,monocyte,test,MO
15368,b7f8854d-7a5c-43ce-8cdb-4638dbfef74e,eosinophil,test,EO
15374,51a3806a-9be5-48e7-a007-57e3faee8a34,eosinophil,test,EO
15379,a681e5ec-6d4e-46db-ab13-e99b45b25762,eosinophil,test,EO
15380,1c0ca92d-dadb-4168-b5d4-28ecaddc72c5,eosinophil,test,EO
15381,a2b9d70c-628a-4d64-8432-594ea3ef77e2,eosinophil,test,EO
15391,8ef0a259-9b34-47bf-b6b0-ebcc0c10dea5,monocyte,validation,MO
15392,0907d99b-b41d-401a-b03b-22ecb0145ece,basophil,validation,BA
15400,096a2c21-0d9f-404a-9bf4-1d67eb64d47a,eosinophil,validation,EO
15401,10a0c06a-e238-4573-b85e-c8175df92b49,eosinophil,validation,EO
15402,0abe7fd9-fd4a-47e8-9822-f28322c226fb,eosinophil,validation,EO
15403,573106fe-3949-466a-8d39-30d9ae68f091,eosinophil,validation,EO
15404,58f27bdd-88a0-47fa-8d7b-d58bdac20e2e,eosinophil,validation,EO
15405,2c79ea44-9157-45f6-94ca-f6d6b12b8275,basophil,validation,BA
15406,f23a0097-e266-46d2-8c08-56c98f218e36,monocyte,validation,MO
15410,dc83de28-af5b-4656-81ed-667bb5dde884,eosinophil,validation,EO
15416,e01c7541-ea81-4614-b857-abf7c968a901,eosinophil,validation,EO
15419,6b58b6fe-eaf8-44d7-ae8b-4a96f453097f,eosinophil,validation,EO
15421,576d36a8-4098-4abd-ab1f-04cc85c8c972,eosinophil,validation,EO
15423,2f8cf059-ccaa-4c47-96c9-078c1876e713,monocyte,validation,MO
15426,c052011a-c97c-4b7c-a30c-d55e6a0ddbb6,basophil,validation,BA
15428,dc24a496-c60f-4ba7-9557-893dca306741,eosinophil,validation,EO
15434,9e5c4cd1-feb9-418a-a5af-8ade76000cc8,basophil,validation,BA
15435,0a915269-a52a-4469-8306-8a68bdb04994,eosinophil,validation,EO
15440,801de4f1-6f1a-44c5-8880-62fd1b480570,eosinophil,validation,EO
15442,aeb663a6-f6f8-4990-9576-4aea49532c52,eosinophil,validation,EO
15445,2d498d4f-9820-4b9d-804c-dd36bd63290c,eosinophil,validation,EO
15447,931e9e09-6e66-4481-b5a4-99e52d1b1a24,eosinophil,validation,EO
15448,b6ec7637-2afe-4e62-a2cb-bc55255aab74,eosinophil,validation,EO
15451,8fd4fc26-df13-488f-9b1a-fc0293ceef77,monocyte,validation,MO
15454,2e0fba37-74d3-4bb9-9c1a-e15fa46fab12,eosinophil,validation,EO
15457,4bfdef83-20e2-4a6b-87bb-7700d7f6d7f5,eosinophil,validation,EO
15461,cd5947de-54f5-4bc7-a742-8fcdc5a60007,eosinophil,validation,EO
15462,9ace3ac9-bd20-45c3-9f5f-6f63f92c308a,eosinophil,validation,EO
15464,b07358c2-c5e0-422d-81d2-7ced9168fabf,monocyte,validation,MO
15465,6e27da08-f039-49f5-9aa2-f9ff29e52289,monocyte,validation,MO
15470,230d1e17-c86f-4d1b-86ef-1cbd5bf1e492,eosinophil,validation,EO
15476,57fa5b47-c555-4f16-931f-fdf394c8a369,eosinophil,validation,EO
15477,09c4ea47-eea4-4932-bca2-4a93d98f0cb2,eosinophil,validation,EO
15478,05c25b42-5903-459c-b1b9-0b9fa62d6943,eosinophil,validation,EO
15483,0c52c5d9-077b-40c5-ad52-987b98537932,basophil,validation,BA
15486,ef15734f-e500-4513-9186-10015b58ad39,eosinophil,validation,EO
15489,6b749c23-7b4f-424a-99d6-66118869f445,eosinophil,validation,EO
15492,1e7cb771-1c85-4622-ac92-c2906efcff35,eosinophil,validation,EO
15493,8aca7462-55a6-4471-8b49-a6aec6b36f21,eosinophil,validation,EO
15494,ab78b171-83a9-48c0-8236-c551ee0c35e8,eosinophil,validation,EO
15496,f29ad1d8-2259-46ee-947d-8417d3e79601,monocyte,validation,MO
15497,4eb79b81-af1b-4e43-a746-996d6da8a0c4,eosinophil,validation,EO
15498,0ee4688d-7977-4591-a5e5-060b7f285bb2,eosinophil,validation,EO
15508,003ac5d9-371a-4a55-8f3d-7cce9fd64b01,eosinophil,validation,EO
15509,53fe16ce-7f18-47ab-9e47-63cd9a71a6b1,eosinophil,validation,EO
15510,74417745-6ce5-4199-89d5-45728da654c1,eosinophil,validation,EO
15511,44348dae-9d0d-4e27-887b-eb2983b6c816,monocyte,validation,MO
15513,eb1e7850-c91f-4b70-9084-323ebcebf199,monocyte,validation,MO
15517,2d89924d-7d18-4199-99da-403b6fafd821,eosinophil,validation,EO
15518,3ffb4df1-14c6-407b-beaa-2aa142bd2075,eosinophil,validation,EO
15519,788185a1-e2b7-49d5-bfae-2106338e6cd4,basophil,validation,BA
15527,e500866f-50f7-41c6-afe2-a55a62614195,monocyte,validation,MO
15528,5da44f48-dde3-4456-8637-396ca6122bc6,eosinophil,validation,EO
15529,b12434b9-b723-44b2-a4c4-c130f314aecc,eosinophil,validation,EO
15530,c6c8e8a8-b3fb-4eb7-9909-fc705be4e779,eosinophil,validation,EO
15531,f9d5c654-20cf-423c-a4c9-e0f6a5285135,eosinophil,validation,EO
15532,bcf6fa58-516b-46fc-97ab-85a88393b97b,eosinophil,validation,EO
15534,45dfd232-4b9e-43c8-a002-0ad026d7a3ff,eosinophil,validation,EO
15535,8386a656-722d-4c72-a8e0-fc6034b1b1da,eosinophil,validation,EO
15542,4ffeb7fd-2c08-4264-8254-42be1b190b7c,basophil,validation,BA
15546,9ac1b389-3d7f-47d2-9b71-ef97a2cdae86,monocyte,validation,MO
15547,34110cf6-04dd-45ab-b5eb-13134245dd9c,monocyte,validation,MO
15551,5b3376b4-c196-4fa5-9a2f-9cff34737e9e,eosinophil,validation,EO
15552,934a9d98-bb53-4b82-9a4e-ee403e403dc6,monocyte,validation,MO
15553,6fa3b5dc-773a-44f6-be19-317cd671c764,monocyte,validation,MO
15557,12b85806-894f-427b-adbc-710cd498960c,eosinophil,validation,EO
15562,dbbf6d61-c12f-413f-8b68-bb377b05811d,basophil,validation,BA
15563,adfd7f46-0004-4297-a1fc-1c08f1fc71d9,basophil,validation,BA
15568,97f6e1d0-8af8-40e1-a475-febc5a459e33,basophil,validation,BA
15572,5b42d4f9-88f3-4179-8953-72bc5e16eaae,eosinophil,validation,EO
15573,21b4ea23-c92f-44e5-9c12-a1ba2757d754,eosinophil,validation,EO
15575,fb5edc0c-1494-40c2-8078-3443698870b7,eosinophil,validation,EO
15580,f30de264-841b-43a0-9bf1-388550ad1f05,monocyte,validation,MO
15581,ee527655-fb54-4761-a359-5fb18bb58073,eosinophil,validation,EO
15586,584f5060-937b-44fa-ab8d-669d727ed9b6,basophil,validation,BA
15588,11891e6b-8bfa-414e-9ecf-28f716f75e58,eosinophil,validation,EO
15592,7c4bd489-8455-4f58-b318-fabdb78b1ad9,eosinophil,validation,EO
15594,d05a7d76-774f-42f5-88cd-af9d74f194ea,eosinophil,validation,EO
15599,05dd0e18-1ffc-4277-aac2-0389d1ce9984,basophil,validation,BA
15601,223a83e3-2a69-4f21-a079-7a27728e44d0,basophil,validation,BA
15604,020511d7-397a-41ba-bf7a-d1e2ac358a70,eosinophil,validation,EO
15607,a5d42116-bccb-40a0-8f82-c0902187bac5,monocyte,validation,MO
15612,28085d3f-86ee-4ab3-89d3-59086c9c32b3,eosinophil,validation,EO
15613,b9ab9f3d-cedc-4ca2-a380-0cc5bf6bfa36,basophil,validation,BA
15615,ddf6a40d-b86e-46fc-bd6f-8f6a3ee2a4c1,monocyte,validation,MO
15616,8cbeb1cb-6464-4ba7-ae99-a181a8bb3b46,monocyte,validation,MO
15617,c14dfff3-76e5-45fb-bdc5-e12b5fe93f55,monocyte,validation,MO
15626,2e20504a-36fd-4927-9835-c03afa483072,eosinophil,validation,EO
15627,048c717f-5fe0-442b-b7ca-787a300c75ed,basophil,validation,BA
15641,6da195b4-a0c0-4674-a996-5ec89d13d26c,eosinophil,validation,EO
15642,99bafdc6-d557-436b-add9-0660bf484824,basophil,validation,BA
15644,543e50d5-32c5-4838-9bf5-d1f41680fe09,eosinophil,validation,EO
15645,077f01d7-2cbf-42f4-b8ca-2be8fe29d34a,monocyte,validation,MO
15647,bda9d28c-f12a-40bb-9777-29501cb9f7d7,monocyte,validation,MO
15648,3c38e5a5-4c14-4279-955d-f4ff0aa01950,basophil,validation,BA
15652,5a560b1c-4b3e-446e-a187-5b0c72c71592,eosinophil,validation,EO
15655,56d73e64-66b3-447f-8a44-65bd67a61e28,monocyte,validation,MO
15663,51ffd133-9b4e-4fc9-9854-467553916f4e,eosinophil,validation,EO
15664,e7c4205a-657a-4537-bc33-b2be85133bff,monocyte,validation,MO
15666,ada592b1-71b7-4759-bc9a-dc3e4ed9231f,monocyte,validation,MO
15667,0382f4df-1713-44ec-82b3-2f5aef02f801,eosinophil,validation,EO
15676,bf299142-8e0f-493a-897f-caa724e9a1b0,basophil,validation,BA
15679,a3d8d4cb-9c71-4987-a03f-72f3eca5c5eb,eosinophil,validation,EO
15680,21b6f1ac-3bea-4f3e-981d-e10d03ebaab1,eosinophil,validation,EO
15688,0bce60ef-f81a-4950-9d14-350cc07d015e,eosinophil,validation,EO
15689,7868e88d-4105-4847-ba6b-4f423a696e8b,eosinophil,validation,EO
15690,732c8fef-1980-4269-9ac9-fcc8a0596934,eosinophil,validation,EO
15693,a9396cd6-92cc-4d14-98a1-1c54b0e544b6,eosinophil,validation,EO
15694,96a034cd-42e7-44ba-9ffc-ff0293d583c8,eosinophil,validation,EO
15696,90217e7e-619f-44be-a76a-1f3df8729345,monocyte,validation,MO
15698,015734f4-877e-4da1-a5d5-13af75132868,eosinophil,validation,EO
15699,2c22d56d-6ee6-4e51-9ed2-68396a49a3cc,eosinophil,validation,EO
15701,dfe7974b-6be1-4233-9b5d-af3c616bd3bc,eosinophil,validation,EO
15704,869d1d78-0178-4810-bf2d-d56c225f8d99,monocyte,validation,MO
15706,eb3dc387-7619-4087-9db1-db2de5da7f92,monocyte,validation,MO
15709,68f66cef-3cc6-47ed-a25b-d9fe7b824ee7,eosinophil,validation,EO
15714,bdce41d7-6e45-45e8-b052-6008ff4e3a42,eosinophil,validation,EO
15715,891fe6ad-3c5f-442a-8fcf-e233128f948d,basophil,validation,BA
15723,bc0c3ecc-18f0-4851-b0a4-152331fd3afc,monocyte,validation,MO
15725,f8e04acf-0653-4e10-9318-cd66a0f6fc6c,monocyte,validation,MO
15726,1b2b2b43-4ddb-4675-a1d2-f535c96f95d3,eosinophil,validation,EO
15727,a6701784-63ca-4533-a224-b2638e081956,monocyte,validation,MO
15728,80fe146f-e751-4df1-947e-bdb463e65265,monocyte,validation,MO
15730,332a60b4-2382-41ae-a73e-620a8b7cb02d,eosinophil,validation,EO
15731,87dbecbc-ceb2-4e88-a524-ad3248b1dbe3,basophil,validation,BA
15737,b275ee11-830c-43df-a570-c84165a06fff,monocyte,validation,MO
15740,9d520d3c-ec6c-44d3-b148-e0c4bb28f65c,eosinophil,validation,EO
15742,3acc847d-5b22-4cdc-9532-9e16ceec0a6c,monocyte,validation,MO
15745,f58b54aa-acf4-4d23-8116-449e61a9e10a,eosinophil,validation,EO
15753,ae1fb2a5-28ee-4c2b-9712-39de635aaffc,eosinophil,validation,EO
15756,4e714667-0d49-4334-9959-8e89ad6f1837,monocyte,validation,MO
15757,905a451f-92e6-4986-a9d4-966d9fe9b61a,eosinophil,validation,EO
15758,86e3ce3b-a164-4c2c-a4dc-0a330da54520,eosinophil,validation,EO
15760,d6b8d402-871d-4969-bb2e-dbf796c07be5,eosinophil,validation,EO
15762,3844f019-023a-49a2-bbcd-86f1be78ac89,eosinophil,validation,EO
15765,8fec7299-bc87-4599-acda-0e4d5b32e61e,monocyte,validation,MO
15771,dc378b49-52cd-4714-ab9f-607b7c749f3a,monocyte,validation,MO
15773,80f12615-48a9-4a4f-955b-6c1c8c7da243,eosinophil,validation,EO
15775,3eb20594-659e-4106-b096-a4773a884712,eosinophil,validation,EO
15780,4a634184-e2e1-4510-b65d-ed58ae48cb81,eosinophil,validation,EO
15781,b0ef75a7-202b-4e76-ab2c-3c755fe325f7,eosinophil,validation,EO
15785,bc9ab2dc-6828-483d-aa9f-50be5143de7c,eosinophil,validation,EO
15786,f71e0240-5c35-4b00-b715-b489805326c5,basophil,validation,BA
15787,2148aa42-f6a5-46b8-bef0-73a7cc887974,basophil,validation,BA
15788,5d33590a-58da-45b2-b2e7-cc14da21adbe,eosinophil,validation,EO
15792,3086b6d3-0dc4-4173-af45-2d8e8c5b2e35,eosinophil,validation,EO
15794,6a132c03-8bf1-4146-be15-9dac9fe8955b,eosinophil,validation,EO
15798,49212664-a3f6-4b28-8a1a-d3bffba9aa7b,basophil,validation,BA
15804,848dee8e-a882-49d4-a94c-61c533ba9434,eosinophil,validation,EO
15805,12617a34-8f4f-4a89-8e90-91a31be4a144,monocyte,validation,MO
15807,9d8dffa9-3cfa-4cbe-82d0-582a08ad2499,basophil,validation,BA
15809,546839fd-f9fc-473c-a459-001cad3ace0e,monocyte,validation,MO
15810,c45747c9-9475-42b0-9690-4f33c71bd066,basophil,validation,BA
15812,0e534a6d-2017-4fbb-874b-4871f450c928,monocyte,validation,MO
15818,9a4040d1-0655-4513-b3cf-e4a712325211,eosinophil,validation,EO
15820,552abef7-e296-4adf-9bd6-61d9cecf9e7a,eosinophil,validation,EO
15823,53ec728e-81d1-4854-a464-41a6dcb2f42d,eosinophil,validation,EO
15825,72e7a016-4089-45c7-b4bc-ee0fd719d7ce,eosinophil,validation,EO
15835,dbe72ab9-4b0e-4f1f-abfe-02b70d27f109,basophil,validation,BA
15837,b3ebf9fa-ff48-44f3-9233-9e86a3796b68,eosinophil,validation,EO
15838,9ae1818d-7a66-42d5-add4-1d33fb3812d1,monocyte,validation,MO
15843,b8885d3a-69a4-4376-a8cd-f33b7d0cb397,eosinophil,validation,EO
15845,7340a0c2-a01a-422b-9b54-d965a435096e,monocyte,validation,MO
15847,09bc2513-a617-40b0-85cd-78a4ae7c4020,basophil,validation,BA
15848,f1afc4a3-1db5-4914-92f0-c8563c447042,monocyte,validation,MO
15850,01337471-3288-4b84-9b9a-d396d7ff3b24,eosinophil,validation,EO
15852,d3d6c0f6-0da9-4afa-9724-81c3c331b58a,basophil,validation,BA
15856,7ffbd445-cbbe-4516-99a9-b987d9aa9ff8,monocyte,validation,MO
15857,9b5218b7-e6c4-4861-9cb8-a99aa1ef2118,basophil,validation,BA
15860,4bb0644d-fdc1-47e6-b4c1-a52287605733,eosinophil,validation,EO
15866,00237c96-9d91-4df3-a883-3481aeb2745f,eosinophil,validation,EO
15874,5992e9eb-8a0b-4571-b77a-0559bf65b3ae,monocyte,validation,MO
15876,a8ebaeb6-588b-42fe-95bb-5c7fe2aa9e5d,eosinophil,validation,EO
15880,488c51e8-4630-4740-b07e-1083699266b9,eosinophil,validation,EO
15883,fbd1e94a-958b-4427-852a-39bade55c430,basophil,validation,BA
15884,4c0e52e3-9569-4e3f-a820-5d64fe5f0d51,monocyte,validation,MO
15886,15fe9784-545c-4226-a640-5bb0f1e61b52,eosinophil,validation,EO
15888,edcc9b82-47b7-4362-a413-cc61d645d513,monocyte,validation,MO
15892,3820e2bc-cf95-4622-be68-3cecc683b433,eosinophil,validation,EO
15896,46570844-f3a1-490b-8e4f-1c7145bd8b40,basophil,validation,BA
15897,0be6086b-6597-4def-9fb1-8bdadaf75b54,monocyte,validation,MO
15905,c2df1cac-03d1-464a-b0a3-175bd3a6a311,basophil,validation,BA
15906,6bd40bc5-b625-41cf-be17-f2d9b01e19e5,basophil,validation,BA
15907,81d00e99-0384-4997-824e-41e23123206a,eosinophil,validation,EO
15913,afc29622-2e41-41b3-9095-c571d026ed23,eosinophil,validation,EO
15917,0be0f8f6-4eb5-4cc2-8dc9-4e4c246030c8,basophil,validation,BA
15922,54434311-e14f-4b67-9e11-f7fa711a22fd,basophil,validation,BA
15923,dc137f99-0646-4c74-925a-8e8f470eaa55,eosinophil,validation,EO
15924,03486310-f2e4-4d77-93a1-34f47dcb67ef,eosinophil,validation,EO
15925,a199f5d5-93b0-433c-9b33-1a61d086dd0e,basophil,validation,BA
15934,7d0cc23f-b29b-4a51-9daf-8db0b2828780,eosinophil,validation,EO
15936,156b9743-c53a-4a8b-93ec-f9cae7615e98,eosinophil,validation,EO
15939,18237735-dbd1-4367-bded-1a7a4bf166f2,basophil,validation,BA
15942,04c84c0c-03c7-427d-bda3-d30654286107,monocyte,validation,MO
15944,26f5e575-d977-4518-bb13-366eed3c2b3f,monocyte,validation,MO
15947,15f5ad4e-dd00-4f4a-8993-7e53f443446c,eosinophil,validation,EO
15948,24b90689-93a9-49bc-90b5-2daacc4c3e9a,eosinophil,validation,EO
15966,8593081e-87e2-46f9-a41d-e28aa1535bcd,basophil,validation,BA
15967,9bed5d4c-cdfe-458d-af94-91f47b3c2a77,basophil,validation,BA
15971,a03c8288-dda3-4543-b202-2ab31dbf086f,monocyte,validation,MO
15972,c20e73c5-c573-4a85-9a43-64373cf42d4b,eosinophil,validation,EO
15980,69c1e71a-0c9d-4645-89db-95fde8919e55,monocyte,validation,MO
15983,87cc0a4b-2ced-4f95-a56f-1288ca807ac0,eosinophil,validation,EO
15984,8f98e89d-ab57-4ee5-a8d9-81e672524517,eosinophil,validation,EO
15987,15305b0a-44ee-4a26-827c-2015be2b66ee,eosinophil,validation,EO
15989,6b833d12-40eb-4fe4-a824-7d9374197027,eosinophil,validation,EO
15990,e3c456ee-846f-4521-bf90-81b38c3a000b,eosinophil,validation,EO
15994,0655025e-b9c4-4290-a683-4363b6a79399,eosinophil,validation,EO
15999,2d471470-99b4-4f38-a7e5-5ce7309d0125,eosinophil,validation,EO
16002,84cabd04-d5a8-4bb8-9822-2869ed4f519a,monocyte,validation,MO
16005,42217111-650b-408e-82ef-8b49ac56a173,monocyte,validation,MO
16006,fe5b3ca8-2a90-4441-ab77-1b5b7d3ce981,eosinophil,validation,EO
16007,4400c0d4-5838-47e1-933b-cc520e0934e0,monocyte,validation,MO
16008,fa7fce95-7378-4738-8ebb-202167faa22d,basophil,validation,BA
16009,1e8ede68-8d28-44d8-a2bc-ee50eb0e543c,basophil,validation,BA
16019,ae1bed51-4d04-498f-adfd-955b43ad5ca2,monocyte,validation,MO
16022,80bcaac4-959e-42bb-aa81-9df075b5a648,eosinophil,validation,EO
16025,fb612f83-baf1-4871-81aa-69a1dd27805c,eosinophil,validation,EO
16026,96c1f3e4-9527-4a47-be4f-6628c414523d,basophil,validation,BA
16027,557ff44d-38ca-4e7b-8142-a7b872b50865,basophil,validation,BA
16030,17acab9c-c38b-46ca-a1c4-1086c36b62c4,monocyte,validation,MO
16031,8b399970-27cc-497d-9a13-bd430bbca5d2,eosinophil,validation,EO
16032,982fc8df-9361-405c-95be-f89c4e018de0,eosinophil,validation,EO
16037,2c40cf53-e782-48bd-a925-39f21765ef28,monocyte,validation,MO
16038,14097900-dc8a-42ad-b759-7884a1c7d7d8,monocyte,validation,MO
16040,efe61e15-d8dd-46e7-aa73-b6a743a5717d,eosinophil,validation,EO
16042,09860753-fdf1-4b9b-9e72-1cc6fc9bea6d,eosinophil,validation,EO
16043,3016215b-1ad8-4cb9-9117-b73aa8cc4782,eosinophil,validation,EO
16044,74f7fd27-ef8d-4daa-8945-63f166539f1d,eosinophil,validation,EO
16046,326465c7-5bf1-453b-8cea-0d73243b8904,eosinophil,validation,EO
16048,9082d060-b72c-4732-955e-3a76e20a2471,monocyte,validation,MO
16053,d88ce856-5d39-4d61-b17f-c743d5fe8897,basophil,validation,BA
16054,3f89783c-8dc6-4f88-88a7-df486b083506,eosinophil,validation,EO
16055,58a04d37-7f6c-4e40-887c-c354424b30d4,monocyte,validation,MO
16066,cd136354-263d-41b1-abe8-b091bd42f47d,eosinophil,validation,EO
16067,4a77afba-ba71-4ace-ade9-686f3cd3d4e6,monocyte,validation,MO
16068,076f2eb3-d5a5-44ad-a356-2f9eaecaf1a1,eosinophil,validation,EO
16070,3ce85add-ef7a-41b3-b5da-f59767e23aa5,eosinophil,validation,EO
16072,42e559ff-8e0c-4fc5-91a2-9091c3d33b54,basophil,validation,BA
16083,1357d25e-4153-4a1f-a667-8065e08ac725,eosinophil,validation,EO
16084,1bd5551d-a053-4b2a-a558-ff4f1b227a7f,eosinophil,validation,EO
16086,9bf864cf-4e4f-4d45-91bd-20fefbf3238e,monocyte,validation,MO
16089,f611e9c8-f4b9-4c9b-8752-debf46e33d8b,eosinophil,validation,EO
16090,4dab6747-a88e-484c-8369-b26eae75e943,monocyte,validation,MO
16091,5ef5d005-ba35-4730-bbdf-08a755623d02,eosinophil,validation,EO
16094,16a7460a-042c-4746-b034-eaca3efa4f25,eosinophil,validation,EO
16098,36bdc7e7-456d-4ee6-9a21-a74d0986d8f8,eosinophil,validation,EO
16101,fdabf52d-856f-4462-8bee-b7c4defd8239,monocyte,validation,MO
16102,9c66eec1-e522-4e57-8448-28df791eb14e,monocyte,validation,MO
16103,c78ee1dc-e2d8-4f80-a2bb-c801dd3feeed,eosinophil,validation,EO
16105,c7fb7315-9bfc-48c5-9bb0-c82d6e0aee71,eosinophil,validation,EO
16106,c7ff272f-5cf2-409f-91c9-fca2fd33eb5f,eosinophil,validation,EO
16107,0ec1617b-a620-4057-a573-d14dc3b591ab,basophil,validation,BA
16110,d337f2a0-38c0-447f-a38b-be032598da06,basophil,validation,BA
16111,5bde0936-0acf-4267-8292-03038138340c,basophil,validation,BA
16116,47f2908e-719c-4876-b1b7-e88532449c32,monocyte,validation,MO
16127,e56c3ef8-0379-4b32-bdc6-41fb08cdd8f0,monocyte,validation,MO
16128,85326ef0-6e86-4265-92d3-9935b65868e1,eosinophil,validation,EO
16130,73b86071-a1fb-4490-b192-a17e0776e054,eosinophil,validation,EO
16135,51ba2c07-43e6-4a2d-aa06-8a7c32444c62,eosinophil,validation,EO
16137,361dd3f7-d7aa-4454-aa06-6de637213ce3,monocyte,validation,MO
16138,40dd9ef0-f9b5-4bf0-a01a-ef1220beb6bd,monocyte,validation,MO
16140,b6f15e39-646d-4c3f-8cc9-ea8766cb7849,basophil,validation,BA
16143,493d2a4f-7345-485a-8fc5-dece4dc267c2,monocyte,validation,MO
16144,20ac4b3d-60f4-482c-a06e-eff716bcfe6e,basophil,validation,BA
16148,645ae81f-c7f7-482a-8f8b-8aa6f85dc375,monocyte,validation,MO
16151,b9883f0b-fddd-457a-93f7-034b2e44e099,eosinophil,validation,EO
16153,8e84852c-450e-48ec-aeb6-754052a09b73,eosinophil,validation,EO
16154,bad954f1-97c2-407b-90a3-e228dbd4a556,monocyte,validation,MO
16156,ada77d7d-8486-4f00-81e3-7d9033c3d132,monocyte,validation,MO
16163,9967ce55-ce21-49d6-8bbd-5c65061b1da6,basophil,validation,BA
16166,bcc488e0-b5e8-4b71-a04d-901b25e52942,basophil,validation,BA
16167,76b13d1a-5902-47dc-8efa-cf611f401806,eosinophil,validation,EO
16169,79b3c753-6a15-4dd5-9373-30dbe12b6172,eosinophil,validation,EO
16173,f8abd13d-533d-40d9-a774-6df86003b538,eosinophil,validation,EO
16174,74719d73-e17e-4fd1-8b6a-bbba1eb457de,monocyte,validation,MO
16175,54baca68-aab1-4f90-b179-74888c2e58c4,monocyte,validation,MO
16177,20a33de9-8d39-4132-9e35-e3f617c11abb,eosinophil,validation,EO
16182,a45794d0-a1a3-4843-ae19-59fe05be9bcc,eosinophil,validation,EO
16183,75843a8d-e7e5-42d1-8a0d-af533202e6f7,monocyte,validation,MO
16185,09675f96-015e-4322-8e4a-a081bf9db156,basophil,validation,BA
16187,aafd65a6-79fc-4e54-b6e0-1d7aa693442b,monocyte,validation,MO
16189,4c3e634b-558e-45bf-86e7-f33e7cc4655b,basophil,validation,BA
16190,b133a1c1-66a7-42c5-8947-ab2b747a8675,basophil,validation,BA
16192,97178594-094f-4905-a82d-f6f4365f3876,eosinophil,validation,EO
16193,abf736fd-7aa5-488e-b64f-463e9d543f54,eosinophil,validation,EO
16203,eaa8228b-4f0b-4727-947e-b73a704a4a92,basophil,validation,BA
16204,3307d25e-ffcf-407a-be32-029cfa4cbffb,eosinophil,validation,EO
16216,a1148413-a5e6-4372-902a-78c7601ad452,eosinophil,validation,EO
16220,36d82125-85e1-4c29-8d93-10314e58b420,eosinophil,validation,EO
16222,67d65203-3000-4980-82b8-67d59570be6d,eosinophil,validation,EO
16224,83978444-22c5-4e7b-9b12-284cdc0bdd0d,monocyte,validation,MO
16225,9db2d9e1-7d90-4da4-9be1-07f14b7e721a,monocyte,validation,MO
16226,04c7e070-df85-41c5-84fe-a66b3a4ce5a9,monocyte,validation,MO
16229,1208baf7-2250-4e1e-b350-d358a9ce5072,basophil,validation,BA
16233,921b19f1-6669-421a-ae1e-73c90f5688de,eosinophil,validation,EO
16234,29c34f9a-45a7-4b97-b4d7-c37fa92320b6,monocyte,validation,MO
16237,eef43ad2-7d90-468e-92cb-8be0a6cfe3d7,monocyte,validation,MO
16241,462e3271-a11e-4a44-86ce-3d66c13a84b9,eosinophil,validation,EO
16243,fdfa35b3-7751-40ee-ad53-a58e7cb2d8e8,eosinophil,validation,EO
16250,c96ace82-76b7-4e74-9f21-9e415c886a7d,eosinophil,validation,EO
16253,b2f44773-7ea4-40c6-9715-107ec4d5f8bb,basophil,validation,BA
16257,ed3890a9-f367-47a0-bd73-9edc0fbb562b,basophil,validation,BA
16259,de1dd710-ac02-459f-9a9c-b03f3c98f352,monocyte,validation,MO
16263,d12019b9-3bcb-4e1a-8bfd-d0d4b7c35305,eosinophil,validation,EO
16264,a80d9878-a146-4c3f-ab7b-5d315a9a8bfb,eosinophil,validation,EO
16265,83c7f9ef-0dc2-4c07-9d25-3c061ab47c32,basophil,validation,BA
16273,0bfe21ce-5a91-4381-953a-02345316d03a,eosinophil,validation,EO
16276,4c3c26b5-9823-438c-bb19-c4a55058fda2,eosinophil,validation,EO
16278,16a2d28f-48cf-4f72-b773-b644ba5c69fe,eosinophil,validation,EO
16279,4e59f5fb-eb59-4c93-90f2-3f1267148233,basophil,validation,BA
16282,db761c78-71f1-4cb9-9b47-7d37e0c5e813,eosinophil,validation,EO
16284,1283b01c-794e-4011-ad3f-4caed7b20133,monocyte,validation,MO
16286,f12e2d71-330a-4665-aa10-2171b34040ce,basophil,validation,BA
16288,6236ec26-d959-48d8-a769-9cc0f8dd002c,eosinophil,validation,EO
16289,5de89845-59fe-405d-84a8-c6daa617b318,monocyte,validation,MO
16291,46f8ffa4-14b2-49c9-a195-584df445e853,eosinophil,validation,EO
16295,b9fcb150-d243-4e0a-8434-915951357d59,monocyte,validation,MO
16296,8ee8c1a9-094a-4516-a350-da21e81775ec,eosinophil,validation,EO
16297,4c8a7ac4-b096-49f6-a121-672ef7a93e4d,basophil,validation,BA
16300,a6ddeb16-08b5-413e-a0e0-66dde538d87c,basophil,validation,BA
16302,f99b1b85-dc32-403f-a9a0-f40c2531108b,basophil,validation,BA
16308,1c54e97e-cca0-4ab5-92d8-7736d1765687,eosinophil,validation,EO
16312,d5fc8324-9f89-43e5-b63e-b615419dc280,monocyte,validation,MO
16316,4330b4a9-32cc-4a68-b7d7-ae0e0e44d954,eosinophil,validation,EO
16317,eb559290-b941-4d75-b266-dbd0f31a78c2,eosinophil,validation,EO
16318,8bde00b4-d68c-4d71-b437-b83e31a80a3f,monocyte,validation,MO
16319,dc73b16b-368d-41f8-98e3-98802c4337bb,monocyte,validation,MO
16322,75653662-02a4-4f42-b45e-b386b8cbe416,eosinophil,validation,EO
16324,51d9bf6a-f8cd-4813-a0b3-106175f70f39,basophil,validation,BA
16325,697b4bbf-1a2d-4c7d-9934-bb1b1e468477,eosinophil,validation,EO
16326,818a62bb-6966-41e0-892f-a5518f54695a,monocyte,validation,MO
16331,1b3310c5-43d9-4352-950f-8b70ea1eec12,monocyte,validation,MO
16334,700ea7ec-51a1-402a-bc0c-5e0c2ebb9c0e,eosinophil,validation,EO
16336,50e93988-4f77-4030-a571-26f38fdbe036,eosinophil,validation,EO
16338,1d711a78-34ed-4baa-8003-df59edc0ecd3,eosinophil,validation,EO
16341,f6d5fd1f-8c77-4c4c-83b1-bc5487274058,basophil,validation,BA
16347,65da4e7a-50f7-4f1d-b551-e00d16b67f75,eosinophil,validation,EO
16351,8bf60ab5-3344-4a70-8099-d485526e3c2f,eosinophil,validation,EO
16356,a750b9bb-fa9e-4d73-9a50-0c5fa38f7161,eosinophil,validation,EO
16360,e01f38d9-7624-4b26-8795-a1670cb25ed3,eosinophil,validation,EO
16369,cfaaa2d1-7ea6-4f22-b4a4-b1283c2d224e,eosinophil,validation,EO
16372,ff4cb00f-754b-463e-8c4b-6edb0c666364,eosinophil,validation,EO
16374,89a6e0bf-ba58-4c6d-a633-fde732b5480f,eosinophil,validation,EO
16379,2ad53d7a-ea4a-4af8-84f9-bb68ac9d1153,eosinophil,validation,EO
16381,e311e45a-e560-4deb-87fe-8fb497fe3bf6,monocyte,validation,MO
16385,c7ad4080-ff07-4728-9314-0687449464df,monocyte,validation,MO
16387,ac66d3fa-057e-4b9f-84e9-7f6b943b0ec1,eosinophil,validation,EO
16389,8fcf95c3-8621-4f47-b2ec-5678953b037c,monocyte,validation,MO
16392,b797f9af-5eda-4774-938b-71cd2c451222,eosinophil,validation,EO
16393,d8c7045f-1798-4e1a-908d-44189042a4ec,basophil,validation,BA
16397,0ccd51c4-38c9-47d8-bd73-6361241fe03d,eosinophil,validation,EO
16398,86d13600-88b2-4ec0-bc84-f42627614768,eosinophil,validation,EO
16399,b10ec94d-b507-489b-bdcd-71ba7dccd0d6,eosinophil,validation,EO
16400,de6d67dd-58d6-4ec5-a821-46c04c63b6b4,eosinophil,validation,EO
16401,a5f49b04-1003-4c33-b43c-549266323c74,monocyte,validation,MO
16407,7408915c-fe45-446b-a34b-f73ce980026e,monocyte,validation,MO
16409,497cab0f-eb8b-4e4d-afba-e575b1af494c,eosinophil,validation,EO
16415,840e2630-1c3e-4cc7-9030-4e0117bbb014,eosinophil,validation,EO
16425,4186966d-2089-4829-b103-a6f3850c0c86,eosinophil,validation,EO
16436,5c1acc30-7cb3-44cb-94d4-682db32eb21c,eosinophil,validation,EO
16438,78481756-c2c1-4196-97b9-7258d302a5a6,monocyte,validation,MO
16439,5daecb8d-d525-4fbb-ae39-276040c64a59,eosinophil,validation,EO
16441,978a8b04-4afd-450e-b6ad-1cdb2658ae77,basophil,validation,BA
16444,007ddd41-a7ba-45ab-88c9-604175a0cb33,monocyte,validation,MO
16447,467a8d8d-1471-44c4-94b3-d33a74a07b49,basophil,validation,BA
16450,2f469cd5-371c-4af0-a341-312648061abe,basophil,validation,BA
16451,9ac07ea2-e9f0-4884-8fc3-b959de3474ea,eosinophil,validation,EO
16460,8c7013c5-430e-4f05-8fbe-372d986d5d34,monocyte,validation,MO
16461,ad06cb88-97f8-417c-8a93-4a81d8437663,monocyte,validation,MO
16464,c1c8dc1e-53f6-4346-98f5-aa5fd34c83ae,eosinophil,validation,EO
16470,395515b2-e020-4a09-8897-0d4495233317,monocyte,validation,MO
16479,688f1b54-f6bc-4fce-a58b-a0cd82f1767c,eosinophil,validation,EO
16480,87def811-285c-4284-9cb5-79bfa60175c7,eosinophil,validation,EO
16482,1ec0e254-2a72-4988-8cc6-78817b59394c,eosinophil,validation,EO
16487,74a18d60-ca5b-411c-a4d3-fed57bb0c000,eosinophil,validation,EO
16491,9e9cac92-e9bb-4109-9759-ec1efdbf1c71,eosinophil,validation,EO
16495,124c2da3-ac69-43ff-af9a-fe31cf39ef43,eosinophil,validation,EO
16496,650516e9-7623-42b9-aa52-e6116654fe43,eosinophil,validation,EO
16498,1a9959fb-5454-4365-807e-1909a9cb1a6c,eosinophil,validation,EO
16499,f98f9680-1ba6-44e7-a942-d5458c33a663,basophil,validation,BA
16501,af55b60c-2e8a-48c6-965d-c5180c396277,eosinophil,validation,EO
16502,fe8c17a9-5cfa-4f92-904c-dd0c58bb484c,basophil,validation,BA
16503,9085c775-69c3-4e56-a6f0-48f1bdbb7d9a,basophil,validation,BA
16504,163f9d1d-5741-4e51-9f40-a15da89e643b,eosinophil,validation,EO
16505,28120f88-55b1-43cf-a18c-9c5d603d4365,eosinophil,validation,EO
16508,913de27d-d09b-477e-8fe6-de4596fa4b1a,monocyte,validation,MO
16513,dd66a439-2e7a-4d5e-afb0-5b95160cc001,eosinophil,validation,EO
16516,37a73c6f-cf45-494c-84c9-88b914e45f47,eosinophil,validation,EO
16517,073db161-6e42-49ea-ba65-fff7332e62f1,basophil,validation,BA
16518,5661e9c8-2832-4836-b1a6-af51ed897afd,eosinophil,validation,EO
16522,03525f0f-c8bf-4207-b90a-3ca68e4c2665,monocyte,validation,MO
16526,38eda817-11c6-4f6a-8b52-6e017922cde1,eosinophil,validation,EO
16531,ef1317a5-cb97-41aa-88b7-97b6eebce807,eosinophil,validation,EO
16538,ab92aa00-94c3-4cef-8d10-6710a2049dfe,basophil,validation,BA
16539,0c45537b-ed26-4b8b-901b-04f4815a11ce,basophil,validation,BA
16540,df6e9eb7-0ccc-4051-a492-00fb21fd4cf4,eosinophil,validation,EO
16541,55c7bc34-8079-4a8a-b11e-fec8480c813c,eosinophil,validation,EO
16550,6c1d2476-e9a1-4b9c-9f2f-1877cb0dcb4d,eosinophil,validation,EO
16552,22e8e662-9702-42d0-b171-dd77cbbfed1d,eosinophil,validation,EO
16553,d2491efb-2a08-4c4c-8d47-913a1a8cc900,monocyte,validation,MO
16554,32386186-d0a2-4bcc-aa06-2419e38de78c,eosinophil,validation,EO
16555,2b613185-05bd-4f8d-b2bc-72d224a231bb,basophil,validation,BA
16556,2f0cc279-7678-4ec2-98b8-853006f66dbe,eosinophil,validation,EO
16561,90adaa3b-5089-493a-aaaa-789b5d9c9823,eosinophil,validation,EO
16570,b25342d2-72bc-4bd1-a3d2-9ebbbae3ec5c,monocyte,validation,MO
16571,33115787-4152-4415-b867-2cc911ac9b58,eosinophil,validation,EO
16572,a637ce4f-5127-47e7-8828-c4e64f9c4d3b,basophil,validation,BA
16577,d9173bee-41c4-4e79-b96c-eef723f9563c,eosinophil,validation,EO
16579,de4b1831-a2bc-4740-8020-99ace0e03608,eosinophil,validation,EO
16581,3e8882bf-76ca-4c9b-9d89-d6fb9753af47,monocyte,validation,MO
16583,a6cc5c11-6d90-4dd0-a040-3cda85da19ea,basophil,validation,BA
16584,dc65a90b-e2df-4d25-be41-0d4dbad07603,eosinophil,validation,EO
16588,9b28df1c-6a96-456f-949f-d4cafd02c0da,eosinophil,validation,EO
16590,0fbbbbe9-a78a-41da-b2c6-25997049963e,basophil,validation,BA
16591,aa7e2afe-c856-465e-bc51-107b81f98856,eosinophil,validation,EO
16592,1131e98a-24fb-400c-a068-4ad08d80d81a,eosinophil,validation,EO
16597,ed64491e-bc62-4afe-bb21-1ed59247b30a,eosinophil,validation,EO
16599,6ed16a55-6208-46fd-b226-d89d64e45eeb,eosinophil,validation,EO
16602,b2ee020f-78e4-4821-8d8f-3db213582d2f,eosinophil,validation,EO
16603,18f655e7-0c03-4a7c-b2d7-a57317a17210,basophil,validation,BA
16605,35db6ccf-3280-4f2f-9f9e-01eb8e93df8d,eosinophil,validation,EO
16606,fe6549b0-f363-4d41-8cec-1c0d353db27e,monocyte,validation,MO
16613,f6c61096-f303-4ed0-9963-4d4381995928,eosinophil,validation,EO
16615,bfa818a4-058f-4256-bd7f-a9ac239b00dc,basophil,validation,BA
16621,65ed7b87-236c-4396-8894-2fb41b5f92de,eosinophil,validation,EO
16622,0c862d46-8299-4205-9b74-52710dbc5fd0,eosinophil,validation,EO
16625,1005b61e-2af1-4c43-80af-eba19bb12bfd,basophil,validation,BA
16627,47a8b672-a399-48a5-bc9a-5ae5095fa7b5,eosinophil,validation,EO
16628,6676f1db-eac8-42af-b464-18a46e8d6a4e,eosinophil,validation,EO
16629,070b2e55-82cb-48cb-bf7f-0186ed8678be,basophil,validation,BA
16636,ef423650-2e82-45f7-8089-6b3af05d694b,eosinophil,validation,EO
16642,e49d9248-8007-4c19-8867-2016dc2d69d9,eosinophil,validation,EO
16643,245fac8e-e600-4622-949b-81f4335f0733,monocyte,validation,MO
16645,2de317c6-6828-4c03-9a99-27d619f93ee2,basophil,validation,BA
16651,2f0e6a1f-443d-4987-a1b6-71dcec6f4b99,basophil,validation,BA
16653,eff0d8d5-70ac-4ece-9f45-fbc37afa09ed,monocyte,validation,MO
16655,4fcb7111-3c82-450a-ac8a-bc81aa053ade,eosinophil,validation,EO
16658,b91176b1-784a-459b-96ce-bcd2de967c13,basophil,validation,BA
16659,184d33b7-ab97-42d6-a970-4027542dbd64,eosinophil,validation,EO
16662,4ff89535-dec5-474d-8e91-758b02178c4b,eosinophil,validation,EO
16666,223cb301-ec76-48e6-8efb-001c41aa5006,eosinophil,validation,EO
16667,0d1b5f95-2501-4703-8120-5b740c9f167c,basophil,validation,BA
16672,e3e0dc13-c013-48a3-bbd2-136ed8ac8490,monocyte,validation,MO
16678,410a808d-81d9-4742-ac73-7e69647539d9,eosinophil,validation,EO
16681,b18245ea-c776-42f9-90d0-05b46f82f0ca,monocyte,validation,MO
16682,feb3df80-130a-45d9-8cc5-e9b9ace9a397,monocyte,validation,MO
16686,29fd3531-a6c5-499a-8b0c-7fb9204c4968,monocyte,validation,MO
16687,49066b3a-98d8-4141-9a58-55d58074b128,eosinophil,validation,EO
16689,50f056f3-40e9-4773-9e58-9a0efd9163a2,monocyte,validation,MO
16691,4552a633-64b1-4975-a557-cb3b238329e0,eosinophil,validation,EO
16692,8e59bf36-7b0f-49ea-880e-5200b8d32977,eosinophil,validation,EO
16693,b6c7382a-6294-413a-abfe-2ebe7c479e43,eosinophil,validation,EO
16694,e59d5cb8-91cd-4bf5-8851-2f5dfa595704,eosinophil,validation,EO
16702,e01ccda4-d7cb-4cb3-affc-acadf0b64265,monocyte,validation,MO
16709,57bbfdbf-af5a-4046-a6ee-467a602de735,basophil,validation,BA
16716,051cd7c3-3607-4a25-9fe1-bff657e792f0,eosinophil,validation,EO
16719,abfc688b-3ed2-4b9a-9cfd-0fc51008e20d,basophil,validation,BA
16722,5d8fe4f4-583a-4f9e-bcea-b9a07c61233b,monocyte,validation,MO
16724,5be05bae-cd83-454e-b93d-bd4ba51a1b2d,monocyte,validation,MO
16726,7da131c6-f61b-47c3-a1c1-e40aca80dae7,eosinophil,validation,EO
16732,5e7bf115-2ab5-45d6-8cfd-8cac3d5a7154,basophil,validation,BA
16733,e7ca99a7-1f25-40ed-960e-bd7b02341218,monocyte,validation,MO
16734,93bc97d2-2478-4d5e-911a-981c12bbbb97,eosinophil,validation,EO
16736,7df28b41-b6c3-49aa-819b-6047b6d3e85b,eosinophil,validation,EO
16739,f1ca6d7a-15ef-4dd7-83d8-7e73e9ff5cfd,basophil,validation,BA
16741,f077c3bd-4a50-4741-b51b-1b1a6573bfe9,basophil,validation,BA
16743,7394ca21-add6-4c90-9462-5e4dedd6f746,basophil,validation,BA
16744,b53b838b-ac4f-4be3-8a6c-a1a2e1273d96,monocyte,validation,MO
16746,364d1f45-d81f-47e6-8b05-0f364b1ae1f2,eosinophil,validation,EO
16750,027a452b-46f3-4169-8fd7-dad38878c40c,eosinophil,validation,EO
16753,6750906d-7931-413f-b2c1-831acc7f406d,monocyte,validation,MO
16757,d1044da7-0443-4b58-81ba-128d104a530f,eosinophil,validation,EO
16759,70a692ce-e3bc-458e-9bf0-828ab9aff504,monocyte,validation,MO
16760,58599dc5-4e8a-4690-a20e-5f37e5f3a333,basophil,validation,BA
16763,0990b45b-554c-4676-ac72-6cc152bd394c,monocyte,validation,MO
16764,48ee83c4-eb2e-4874-b3ea-7e5ce9d4f6c3,eosinophil,validation,EO
16772,9d84b3eb-6a1a-42a7-bf15-c0466ed324d9,eosinophil,validation,EO
16780,65793369-2133-4609-aca1-8d8764d4772d,eosinophil,validation,EO
16781,1607ad54-b0e1-41ff-8f70-ef5d7fd748b6,eosinophil,validation,EO
16782,9dbd99d5-f420-4fc6-94bc-33675874c0ea,eosinophil,validation,EO
16783,4036eab7-cc95-4e6c-86cf-bf7a8374abb5,eosinophil,validation,EO
16789,6c116c6c-2cea-4689-87fe-b7572a531f61,monocyte,validation,MO
16790,f2e26f20-0a7f-4b75-931d-74042ba52e7c,eosinophil,validation,EO
16791,9f22f71c-8ea9-48b0-a92a-c566dbdcee74,eosinophil,validation,EO
16792,9f37e20c-00e8-453f-956c-bd136a05417c,eosinophil,validation,EO
16799,a4dfcfe1-2d09-48eb-9f41-cf86de952d6a,eosinophil,validation,EO
16801,8c153d2f-db10-40db-b004-24a9cf4729bd,monocyte,validation,MO
16806,d9b243db-925e-4673-9c76-92e15f9be045,eosinophil,validation,EO
16807,f21e995b-24fa-41fa-898a-209cd1b874b5,basophil,validation,BA
16809,a70c7497-9d4e-4900-84e9-9aad9d20b4df,eosinophil,validation,EO
16812,bb2bb2d8-0e88-4cc5-a6cd-35fdb108e786,basophil,validation,BA
16813,59119731-753f-462e-b490-6f6a808d3d63,eosinophil,validation,EO
16816,5f35d2a4-5d04-497b-be85-27b08c247364,eosinophil,validation,EO
16818,94425e59-7693-4d53-bb8b-b79d0b0cdbe2,eosinophil,validation,EO
16821,2a593707-afa5-4a58-a9aa-0c2ea2cafeb2,monocyte,validation,MO
16823,31e5856b-b21e-4c1f-bc8a-7fda44f2feb7,eosinophil,validation,EO
16825,652a3fb7-ef98-4d7e-bb6f-88d12e0534c8,monocyte,validation,MO
16832,c33e59ff-a20e-4889-b5c1-d686595938be,eosinophil,validation,EO
16834,f368d621-d61a-4798-8ba1-9e6ee02688ef,eosinophil,validation,EO
16835,2e254abc-165f-4d6c-8755-b90669061f69,eosinophil,validation,EO
16836,9d89494d-51a4-4046-98f5-9822eb3ee313,monocyte,validation,MO
16839,ea01dbf2-a00c-4217-a4f3-0e87f2be8122,monocyte,validation,MO
16842,9b3be5e1-1684-4de3-9a30-1af3f6c860f3,monocyte,validation,MO
16844,a2bd235c-b46b-4147-a48e-1a15753a0a82,monocyte,validation,MO
16853,19ef650e-bb7e-4c5c-ac27-b9d9adc4a291,monocyte,validation,MO
16854,336e79f4-38bb-4524-bde9-1762f39986e9,basophil,validation,BA
16857,ae2149ce-7e55-4d41-ae0d-4311faf8e995,basophil,validation,BA
16858,5d0fb95e-f70a-4860-aec5-cfa659859964,eosinophil,validation,EO
16861,bfc5385d-e6a1-4980-8fe8-ae8d4b4d68eb,monocyte,validation,MO
16863,a23c158c-dac9-4b9e-9218-e171877cde6d,eosinophil,validation,EO
16865,4b66f424-eae6-4a2a-b9a0-aef958f47485,eosinophil,validation,EO
16867,4096fcd3-d3b4-4186-a69d-7107039736a5,basophil,validation,BA
16870,e616c67a-6260-448c-871b-50690c1e7938,monocyte,validation,MO
16872,99e54b44-f64d-4789-8441-ca0ed48ae48f,basophil,validation,BA
16873,220f7fa8-918b-44d0-a7d5-03c9b9a12946,basophil,validation,BA
16876,6aa4ec07-3497-414e-826e-04a59b403d78,eosinophil,validation,EO
16877,c6ffa28b-5e5c-49be-bc67-94c8fd16bb87,eosinophil,validation,EO
16880,aa24ea7d-5c06-4ede-873d-3b28dcbeb970,monocyte,validation,MO
16887,f2fb22ce-e2c2-4e7e-b44a-74028cb6b10a,monocyte,validation,MO
16889,b932c567-4603-495c-8c5c-871b71e36f9b,monocyte,validation,MO
16894,4fa46f42-9cee-4edc-8b86-46ebc31c450e,basophil,validation,BA
16905,0b5ed87d-8255-4813-a303-1dff67cacb7c,basophil,validation,BA
16910,6ed346e6-938a-41a8-96ff-e684e698d705,eosinophil,validation,EO
16914,e5b48926-52f7-457a-9a38-8f7ce1d26251,basophil,validation,BA
16917,d98152c9-7e0c-4ac2-9f50-6ba0ec600e4f,eosinophil,validation,EO
16918,6863e6d9-ce9f-48c4-8953-934872c5e93d,eosinophil,validation,EO
16921,b9cfb543-f36a-4ab3-a089-51e077bee5a6,monocyte,validation,MO
16922,720f17a4-cc3d-45be-b4d0-df7a63dde36d,eosinophil,validation,EO
16923,4309eb7e-9abb-4173-9793-f3e3d98ca4d8,monocyte,validation,MO
16925,f0649b8a-0847-42a0-8cd8-854067c7b7f8,basophil,validation,BA
16929,dd855323-a17c-4504-bf4e-611ee4e54749,eosinophil,validation,EO
16931,6f044dd8-e850-41ba-be44-cf2316e67fd4,monocyte,validation,MO
16937,28156812-1677-4615-b22b-d5fdbbeb74b2,eosinophil,validation,EO
16943,1f4890af-b89d-47a3-8ae3-c71d05bf3d8e,eosinophil,validation,EO
16947,771171bc-7750-46be-88e8-1a69411091f6,eosinophil,validation,EO
16952,d39bfb78-51b2-47ee-a07f-bc0777e71953,basophil,validation,BA
16953,81aacc90-98fc-449c-9b82-f2d9ce546b1d,monocyte,validation,MO
16954,5470f30b-3df7-4141-8d9e-4c2434b08a74,monocyte,validation,MO
16969,e76c7f30-8f05-4fc2-9225-efe822ab02c6,eosinophil,validation,EO
16971,a70c6e54-a63d-4f1c-889b-0e5ccb296066,eosinophil,validation,EO
16979,ba6fe626-5c07-419c-980e-09950b75c832,eosinophil,validation,EO
16980,199921ed-eaa4-4484-82bc-53bd34726d35,basophil,validation,BA
16984,c0d4cc5f-0787-42e1-bd5f-b1ff10709465,eosinophil,validation,EO
16985,4fecc23b-cf05-4bda-b1ae-f1a5de8e6213,eosinophil,validation,EO
16989,db71ff2b-e14d-444d-8945-6ad537ff4282,monocyte,validation,MO
16991,4ef868e3-722b-4f84-b8d5-16613cdf160b,eosinophil,validation,EO
16993,c3d0f81c-5d1b-4bc1-a966-f6ac648f1cb1,eosinophil,validation,EO
16997,394eea6d-f065-446a-9ac6-d1d0ccb94815,monocyte,validation,MO
17000,a9e55816-c0b6-4c5f-982a-eb20de3893a7,eosinophil,validation,EO
17002,c353f15e-3525-4cd0-ac44-94585aa68203,eosinophil,validation,EO
17003,1dfc6fcb-ab99-428e-a742-977658c2324d,eosinophil,validation,EO
17004,5ad45dc7-a0b0-4d2e-b9c9-04c3ffe99c48,eosinophil,validation,EO
17008,3cb8f194-fc22-4038-a8df-2cb34a58c7a5,monocyte,validation,MO
17010,d650b513-3019-4cac-bc80-9102dde895eb,eosinophil,validation,EO
17011,9c07c086-62f4-4247-861a-7f9ee01adc5c,eosinophil,validation,EO
17012,90cd2c45-f0cb-4d58-a740-bb3643e36fcd,eosinophil,validation,EO
17013,1706bac9-402c-460f-ae97-b820d22d1a9e,basophil,validation,BA
17015,a842d8c6-5eeb-481d-aecc-d3611a11feae,eosinophil,validation,EO
17016,12dcef35-4248-4f42-86d4-4c1a996efa11,eosinophil,validation,EO
17018,23b44ec7-0d61-47aa-89d2-292a85c0013d,basophil,validation,BA
17019,05be4a5b-93b7-409e-b773-a64a44946445,eosinophil,validation,EO
17021,056a3418-b04c-48fc-b778-be6657b6644f,eosinophil,validation,EO
17026,7becdad3-e05e-4639-8aa1-7712b9853ba8,monocyte,validation,MO
17028,751a2d2e-1bbf-451f-b75b-0dcd7a95f053,eosinophil,validation,EO
17030,873dbbdc-f5bb-457d-95cd-3cb1c3cc1665,monocyte,validation,MO
17032,925472ce-930e-4eb4-8cf3-c50d0d86c44e,eosinophil,validation,EO
17043,d3e4cddd-56ea-463e-9322-dfca8215f080,eosinophil,validation,EO
17044,7d3a2424-0edf-47da-83f2-52b1c39cd7d6,eosinophil,validation,EO
17048,2a6fe852-d90e-420b-bbef-35882bda5039,monocyte,validation,MO
17051,a8c36c86-55e5-4142-8b14-79c570440d04,eosinophil,validation,EO
17053,0ffe52ef-9911-4231-8b29-d467b0197ae8,eosinophil,validation,EO
17055,3e119715-cfd8-4ed3-9582-d7f33ec814a4,basophil,validation,BA
17063,1f1f11f3-d1fa-4fb3-9b3e-3c83c450782c,eosinophil,validation,EO
17066,854914de-4b35-49ea-8305-d7654d947682,eosinophil,validation,EO
17073,59b920bd-1e6e-4222-9565-1980b76c1a97,basophil,validation,BA
17076,0464e757-8a2a-4638-9f64-f0b6c7069350,basophil,validation,BA
17080,0bd8e379-9cb4-4552-867d-8a324cdeb791,monocyte,validation,MO
17082,ce377d13-1c93-49c9-b8f4-d694fbcc76d3,monocyte,validation,MO
17085,9b2c30e9-db79-4ed9-b02e-e6545ec3921c,eosinophil,validation,EO
17086,6279ce4d-ad42-4dfe-8574-57f6c4d4675c,eosinophil,validation,EO
