d,m,rho,rho_is_protocol,r,k_exact,coupling,feature_map,n_seeds,mse,mse_se,rel_mse,bias,bias_se,fp32_bad_frac
16,64,0.5,False,0.125,0.9922179382602435,rff,cos,500,0.007913964817507689,0.00023627900690990133,0.008038591629219083,-0.005043088492681011,0.002661473965777943,0.0
16,64,0.5,False,0.125,0.9922179382602435,rff,positive,500,0.025256806989542305,0.0007372826976821515,0.025654543825843784,0.00014876564350783318,0.0026751836506346397,0.0
16,64,0.5,False,0.125,0.9922179382602435,rff,hyperbolic,500,0.0077580032052987895,0.00023155415328883388,0.007880173978990409,0.0015431808186170237,0.0016366306370188114,0.0
16,64,0.5,False,0.25,0.9692332344763441,rff,cos,500,0.007487711833612341,0.00022647865004228742,0.007970627756854021,-0.002860258855394493,0.0026332788183882363,0.0
16,64,0.5,False,0.25,0.9692332344763441,rff,positive,500,0.024495114156762546,0.000896239850940753,0.02607491329043414,0.0031088364062932046,0.0025329871858902663,0.0
16,64,0.5,False,0.25,0.9692332344763441,rff,hyperbolic,500,0.007416748402391869,0.00036679725075184835,0.00789508757753403,0.0030238591600838306,0.0014798136228476202,0.0
16,64,0.5,False,0.375,0.9321024923595276,rff,cos,500,0.008050553056407946,0.0002567590365550742,0.009266129768787533,-0.0032433412884662286,0.0028963878056607775,0.0
16,64,0.5,False,0.375,0.9321024923595276,rff,positive,500,0.019595829926720782,0.0006815649924773916,0.022554661991023833,-0.0009069435618174426,0.002630540830754113,0.0
16,64,0.5,False,0.375,0.9321024923595276,rff,hyperbolic,500,0.005612159803495292,0.00019063629857991727,0.006459556338302501,0.0018431698081105312,0.001497084426918166,0.0
16,64,0.5,False,0.5,0.8824969025845955,rff,cos,500,0.008146127378147582,0.0002566378885642359,0.010459834601117367,-0.003463581648692759,0.002863462978376987,0.0
16,64,0.5,False,0.5,0.8824969025845955,rff,positive,500,0.013447973703568816,0.0003895793220977527,0.017267540038330736,-0.0009460040636876163,0.0018113044119602347,0.0
16,64,0.5,False,0.5,0.8824969025845955,rff,hyperbolic,500,0.0035487760190270955,9.667630759403447e-05,0.00455671860656273,-8.376564269020337e-05,0.0011007644652298394,0.0
16,64,0.5,False,0.625,0.8225775623986646,rff,cos,500,0.008850694131897078,0.0003308010126734194,0.013080477989836742,-0.0020422343003968675,0.003217249371300668,0.0
16,64,0.5,False,0.625,0.8225775623986646,rff,positive,500,0.008638993239226312,0.0002323472994222262,0.012767604352386207,-0.001826375662033926,0.0017731331756902675,0.0
16,64,0.5,False,0.625,0.8225775623986646,rff,hyperbolic,500,0.0021007073013833396,5.6701088611391504e-05,0.0031046441340465084,0.001868247708292342,0.0008706804661754451,0.0
16,64,0.5,False,0.75,0.7548396019890073,rff,cos,500,0.008712688997454214,0.0003301457428120633,0.015291245399628773,-0.005523055482046466,0.0032984492532706386,0.0
16,64,0.5,False,0.75,0.7548396019890073,rff,positive,500,0.004975340933216565,0.0001409548215589792,0.00873199527480693,-0.0003417885964355325,0.001445622390458574,0.0
16,64,0.5,False,0.75,0.7548396019890073,rff,hyperbolic,500,0.0008723390741422392,2.525760260894999e-05,0.0015310027545217722,9.810498369129172e-05,0.0005362048718093192,0.0
16,64,0.5,False,0.875,0.6819407511903481,rff,cos,500,0.009759514508187002,0.00041275098664162103,0.020986254088241073,-0.004687204129756631,0.003625558291311538,0.0
16,64,0.5,False,0.875,0.6819407511903481,rff,positive,500,0.0019040684552371642,4.727217301844274e-05,0.004094390593865199,-0.0006023736146326824,0.0007519356037928361,0.0
16,64,0.5,False,0.875,0.6819407511903481,rff,hyperbolic,500,0.00020445372127250977,5.021163774574443e-06,0.0004396445889098211,0.00036145253146319714,0.00024672666582747227,0.0
16,64,0.5,False,1.0,0.6065306597126334,rff,cos,500,0.010430140897674528,0.000474612337365413,0.028352062470416182,-0.0076893168135728236,0.003932183754291489,0.0
16,64,0.5,False,1.0,0.6065306597126334,rff,positive,500,0.0,0.0,0.0,0.0,0.0,0.0
16,64,0.5,False,1.0,0.6065306597126334,rff,hyperbolic,500,0.0,0.0,0.0,0.0,0.0,0.0
16,64,1.0,False,0.25,0.9692332344763441,rff,cos,500,0.007911820408260013,0.00018364666811621669,0.008422088984546019,0.0006576666531974628,0.0016115075480472444,0.0
16,64,1.0,False,0.25,0.9692332344763441,rff,positive,500,0.604606489024057,0.105835749278641,0.6436002573918902,0.009339100508093562,0.012941235587080453,0.0
16,64,1.0,False,0.25,0.9692332344763441,rff,hyperbolic,500,0.36592980058058716,0.05182195318404239,0.3895302450709523,0.02116503118138013,0.010100755437764692,0.0
16,64,1.0,False,0.5,0.8824969025845955,rff,cos,500,0.008315039349718691,0.00019535281124257787,0.010676721865797508,-0.0024305622782592076,0.0016537241336344504,0.0
16,64,1.0,False,0.5,0.8824969025845955,rff,positive,500,0.3374445313332384,0.03827339723093992,0.433287354954161,0.0043666390613758665,0.010705192364034152,0.0
16,64,1.0,False,0.5,0.8824969025845955,rff,hyperbolic,500,0.16697979134198615,0.013977362920045991,0.21440629615632587,0.003837526393774096,0.007375930110876619,0.0
16,64,1.0,False,0.75,0.7548396019890073,rff,cos,500,0.009210985109119059,0.00021075205554667344,0.01616578231095137,-0.0009188052993604388,0.0017118564432710116,0.0
16,64,1.0,False,0.75,0.7548396019890073,rff,positive,500,0.22565428151085526,0.034004433623719715,0.3960355976286567,-0.0035351759457010134,0.007170647017115084,0.0
16,64,1.0,False,0.75,0.7548396019890073,rff,hyperbolic,500,0.2106310163471466,0.08737694981578563,0.3696689461403404,0.008696739947119357,0.0075441697707939815,0.0
16,64,1.0,False,1.0,0.6065306597126334,rff,cos,500,0.011009472037153432,0.00024920219144202447,0.02992684777952216,-0.0032618274860283848,0.0018735260807062426,0.0
16,64,1.0,False,1.0,0.6065306597126334,rff,positive,500,0.09886445189176396,0.00994274469135145,0.26874144305794545,-0.003448831174708938,0.004952119389842124,0.0
16,64,1.0,False,1.0,0.6065306597126334,rff,hyperbolic,500,0.048039585545960106,0.003660564565789501,0.13058513243628717,0.0009873890518010324,0.0038880430159783158,0.0
16,64,1.0,False,1.25,0.45783336177161427,rff,cos,500,0.012777465022393046,0.000284354322394532,0.06095787636376092,0.0004577242212517255,0.0022249461226886715,0.0
16,64,1.0,False,1.25,0.45783336177161427,rff,positive,500,0.031845298858772256,0.002616730254588835,0.15192542395521982,-0.002614076698594217,0.002984782627254899,0.0
16,64,1.0,False,1.25,0.45783336177161427,rff,hyperbolic,500,0.014338314062735792,0.0009075207021890215,0.06840427067256634,-0.0011487770174485252,0.0020185855472745853,0.0
16,64,1.0,False,1.5,0.32465246735834974,rff,cos,500,0.01394375515842561,0.0003402729176176532,0.1322946655100037,-0.0038877152689815076,0.0024701810401430943,0.0
16,64,1.0,False,1.5,0.32465246735834974,rff,positive,500,0.008081028167844199,0.00043445151121274686,0.07667066054267808,1.3221268184471224e-05,0.0015985456267468487,0.0
16,64,1.0,False,1.5,0.32465246735834974,rff,hyperbolic,500,0.0031695586028032434,0.00013291120750461477,0.03007193474125479,-0.0005286528333236741,0.0009960239776204889,0.0
16,64,1.0,False,1.75,0.2162651668298873,rff,cos,500,0.01483644945468484,0.0003802394943721565,0.31721727653924325,-0.0035445614212048556,0.00301580079512176,0.0
16,64,1.0,False,1.75,0.2162651668298873,rff,positive,500,0.001190813700977386,3.7857223177007874e-05,0.02546071957737731,0.0003886655065688011,0.0005368131055424508,0.0
16,64,1.0,False,1.75,0.2162651668298873,rff,hyperbolic,500,0.0003529739879852245,1.1339582334939675e-05,0.007546916632571576,0.00026806479345093596,0.0003906266167499485,0.0
16,64,1.0,False,2.0,0.1353352832366127,rff,cos,500,0.014715648222877954,0.0005012254515955871,0.8034471695076628,-0.005828777482009331,0.003997968452515868,0.0
16,64,1.0,False,2.0,0.1353352832366127,rff,positive,500,0.0,0.0,0.0,0.0,0.0,0.0
16,64,1.0,False,2.0,0.1353352832366127,rff,hyperbolic,500,0.0,0.0,0.0,0.0,0.0,0.0
16,64,2.0,False,0.5,0.8824969025845955,rff,cos,500,0.008242534214986084,0.0001850076293841791,0.01058362342996047,0.0011784369575996443,0.0015122080983951923,0.0
16,64,2.0,False,0.5,0.8824969025845955,rff,positive,500,949.6890197797651,905.2237237337696,1219.4248393464854,0.19572989078830128,0.4867006002649207,0.0
16,64,2.0,False,0.5,0.8824969025845955,rff,hyperbolic,500,240.5925547821537,226.0976657367938,308.92695540612317,-0.052778586495282026,0.24514693295135448,0.0
16,64,2.0,False,1.0,0.6065306597126334,rff,cos,500,0.01099612783444842,0.0002448044903660385,0.029890574475793852,0.0007570144552809016,0.001677876044757916,0.0
16,64,2.0,False,1.0,0.6065306597126334,rff,positive,500,85.6754525891035,77.89910973636474,232.8900259179645,-0.022953813175243396,0.14563993971223285,0.0
16,64,2.0,False,1.0,0.6065306597126334,rff,hyperbolic,500,22.12238484324977,19.446693753975623,60.13487672158365,-0.13356058663947404,0.07565228187400563,0.0
16,64,2.0,False,1.5,0.32465246735834974,rff,cos,500,0.014405611971935774,0.0003214448839674785,0.13667664095081045,-0.002128914918253758,0.0019817839774395364,0.0
16,64,2.0,False,1.5,0.32465246735834974,rff,positive,500,1.484418000926495,0.9382198756052355,14.083765863525988,-0.10121265614920559,0.01904800026185659,0.0
16,64,2.0,False,1.5,0.32465246735834974,rff,hyperbolic,500,0.6340965704835587,0.24470719807428776,6.016140755488899,-0.09979078438614208,0.0126573788349737,0.0
16,64,2.0,False,2.0,0.1353352832366127,rff,cos,500,0.01530569050410475,0.000363154927191487,0.8356623865039821,-0.0005056380103785668,0.0020709728249693592,0.0
16,64,2.0,False,2.0,0.1353352832366127,rff,positive,500,1.4713474505487287,1.148005696650899,80.33284885594375,0.0034172563932954175,0.01908906292802899,0.0
16,64,2.0,False,2.0,0.1353352832366127,rff,hyperbolic,500,0.5804838284835738,0.30873655698453956,31.69334315936013,0.002188154367705035,0.012810809678071335,0.0
16,64,2.0,False,2.5,0.04393693362340742,rff,cos,500,0.015961305903300606,0.0003599889861205505,8.26816115636423,0.0024764238730664583,0.0019525348700301112,0.0
16,64,2.0,False,2.5,0.04393693362340742,rff,positive,500,0.029244915992371213,0.010401553820337379,15.149241540396579,-0.0012164842117093166,0.0027425431399356235,0.0
16,64,2.0,False,2.5,0.04393693362340742,rff,hyperbolic,500,0.02191860770205551,0.006449113849789833,11.354119888539051,0.00140966666199757,0.002335148870514201,0.0
16,64,2.0,False,3.0,0.011108996538242306,rff,cos,500,0.01634132196170956,0.0003769088350832854,132.4151033432634,-0.0017175580415431538,0.002103881927159285,0.0
16,64,2.0,False,3.0,0.011108996538242306,rff,positive,500,0.0006777554554844889,0.0002196696343229149,5.4919093381628965,5.002720666421626e-05,0.00041961971204497895,0.0
16,64,2.0,False,3.0,0.011108996538242306,rff,hyperbolic,500,0.0003249722624543551,7.408693349349662e-05,2.6332775168016944,0.0003529701121282331,0.0002940198268646356,0.0
16,64,2.0,False,3.5,0.002187491118182885,rff,cos,500,0.015344028171344106,0.00035521231494481734,3206.6147837006765,-0.0002171881968663079,0.002017353989018023,0.0
16,64,2.0,False,3.5,0.002187491118182885,rff,positive,500,3.5931130158920115e-06,7.951068445006297e-07,0.7508933891156541,7.365004557954501e-05,3.158027053323281e-05,0.0
16,64,2.0,False,3.5,0.002187491118182885,rff,hyperbolic,500,1.5995536844731063e-06,2.2968834220708977e-07,0.33427679059748794,2.6162641472022305e-05,2.2156133964696276e-05,0.0
16,64,2.0,False,4.0,0.00033546262790251185,rff,cos,500,0.015437503893867825,0.0005306235454739528,137179.36576168012,-0.006998140951119363,0.004157498073074526,0.0
16,64,2.0,False,4.0,0.00033546262790251185,rff,positive,500,0.0,0.0,0.0,0.0,0.0,0.0
16,64,2.0,False,4.0,0.00033546262790251185,rff,hyperbolic,500,0.0,0.0,0.0,0.0,0.0,0.0
16,64,2.8284270763397217,False,0.5,0.8824969025845955,rff,cos,500,0.00824697083303853,0.00019113160983279134,0.010589320160303946,-0.0007932382461250728,0.0014309160944302787,0.0
16,64,2.8284270763397217,False,0.5,0.8824969025845955,rff,positive,500,25.331821234153857,22.93083279409774,32.52670231564378,-0.7436103156984504,0.07866896930523737,0.0
16,64,2.8284270763397217,False,0.5,0.8824969025845955,rff,hyperbolic,500,14.909818996596826,9.533552495831271,19.14458654984404,-0.7245322134987031,0.05975055135426151,0.0
16,64,2.8284270763397217,False,1.0,0.6065306597126334,rff,cos,500,0.010774761634311352,0.00022076893402677984,0.02928883875652623,0.0018146536784085859,0.0017421297904300593,0.0
16,64,2.8284270763397217,False,1.0,0.6065306597126334,rff,positive,500,1.8582100266118327,0.6936630646425176,5.051138548799344,-0.5228777280540466,0.019804868761236785,0.0
16,64,2.8284270763397217,False,1.0,0.6065306597126334,rff,hyperbolic,500,1135.06651524995,1113.983975311207,3085.430682496271,0.11702595279967215,0.5324531721184602,0.0
16,64,2.8284270763397217,False,1.5,0.32465246735834974,rff,cos,500,0.014244100355728624,0.0003078583257006608,0.1351442614017337,-0.0018912842225052753,0.0019892566476139364,0.0
16,64,2.8284270763397217,False,1.5,0.32465246735834974,rff,positive,500,12.128600565961905,11.91342498665616,115.07295823455506,-0.23600782348033458,0.05496003697861724,0.0
16,64,2.8284270763397217,False,1.5,0.32465246735834974,rff,hyperbolic,500,12.284776020355979,8.139852218402936,116.55470968996929,-0.17593582607994954,0.055232912773291225,0.0
16,64,2.8284270763397217,False,2.0,0.1353352832366127,rff,cos,500,0.015238430910250855,0.0003573556885856394,0.8319901371075789,-0.0014614704273384156,0.0021125172485392516,0.0
16,64,2.8284270763397217,False,2.0,0.1353352832366127,rff,positive,500,134.78293186779845,130.87779489805632,7358.898736025117,0.13750964019910833,0.1833952057332272,0.0
16,64,2.8284270763397217,False,2.0,0.1353352832366127,rff,hyperbolic,500,33.7091934318897,32.707208085509,1840.459600490594,0.013679752898980123,0.09169647977781976,0.0
16,64,2.8284270763397217,False,2.5,0.04393693362340742,rff,cos,500,0.015936656579607137,0.00034380629389150233,8.25539249057161,0.002082313193978672,0.002030023197902282,0.0
16,64,2.8284270763397217,False,2.5,0.04393693362340742,rff,positive,500,20.532563142768133,20.40108174564621,10636.131031266408,0.047036838076003326,0.07162367479774837,0.0
16,64,2.8284270763397217,False,2.5,0.04393693362340742,rff,hyperbolic,500,5.143587861861101,5.098687512490023,2664.444477252466,0.008200622664868127,0.03584000365731655,0.0
16,64,2.8284270763397217,False,3.0,0.011108996538242306,rff,cos,500,0.01546170201161137,0.0003350047645875228,125.2874690632481,0.0006953541244690243,0.002028843702533373,0.0
16,64,2.8284270763397217,False,3.0,0.011108996538242306,rff,positive,500,0.012806037867629707,0.00893960321979416,103.76839962111204,-0.005224586618422895,0.0017769404463684885,0.0
16,64,2.8284270763397217,False,3.0,0.011108996538242306,rff,hyperbolic,500,0.0415273586823789,0.03807957476930446,336.49967269384257,-0.0034190375502558125,0.0032132654940310247,0.0
16,64,2.8284270763397217,False,3.5,0.002187491118182885,rff,cos,500,0.01578676387716411,0.0003428189288417579,3299.138262131583,0.00028497138043080743,0.0020566329329471016,0.0
16,64,2.8284270763397217,False,3.5,0.002187491118182885,rff,positive,500,0.00014955884715976207,5.5492115804525654e-05,31.255000641315487,-0.000799031874522677,0.00019769413133714414,0.0
16,64,2.8284270763397217,False,3.5,0.002187491118182885,rff,hyperbolic,500,5.7030054880719734e-05,1.5115007005709757e-05,11.918214373283275,-0.0009596079063376606,0.00011961505820822451,0.0
16,64,2.8284270763397217,False,4.0,0.00033546262790251185,rff,cos,500,0.01664778715321067,0.00035001738045037156,147934.07656532113,-0.0007056292536586723,0.002055847759389118,0.0
16,64,2.8284270763397217,False,4.0,0.00033546262790251185,rff,positive,500,8.565412929648442e-06,6.854385956202132e-06,76.11320594664316,-8.944869531567087e-05,4.6088888764745965e-05,0.0
16,64,2.8284270763397217,False,4.0,0.00033546262790251185,rff,hyperbolic,500,0.000307846174305145,0.000304806944364551,2735.555128191049,0.00018895813606278078,0.00027713996783251745,0.0
16,64,4.0,False,0.5,0.8824969025845955,rff,cos,500,0.007987071003910391,0.00018797932498060353,0.010255602173910616,0.0009193842539908134,0.0014211109094118316,0.0
16,64,4.0,False,0.5,0.8824969025845955,rff,positive,500,0.7920558445230459,0.01343561949878652,1.0170198358036648,-0.8794210871652206,0.002159056661901607,0.0
16,64,4.0,False,0.5,0.8824969025845955,rff,hyperbolic,500,0.7803467072749436,0.002465826983121757,1.0019850059696163,-0.8806394837229286,0.0010962846195855937,0.0
16,64,4.0,False,1.0,0.6065306597126334,rff,cos,500,0.01090498930049497,0.00023777980267094355,0.02964283425507579,0.0003046775380012456,0.0016533452845961915,0.0
16,64,4.0,False,1.0,0.6065306597126334,rff,positive,500,0.367676235079112,6.652761513623849e-05,0.9994476285717863,-0.6058066727545249,0.000409940996507894,0.0
16,64,4.0,False,1.0,0.6065306597126334,rff,hyperbolic,500,0.36736751188503425,0.00018314058087098013,0.9986084319233008,-0.6058620518684621,0.0002722289343393837,0.0
16,64,4.0,False,1.5,0.32465246735834974,rff,cos,500,0.013627384461288252,0.00031337838581988196,0.12929302390919986,-0.0007454882112363359,0.001967090060388721,0.0
16,64,4.0,False,1.5,0.32465246735834974,rff,positive,500,0.10542056417032944,9.582446266869681e-05,1.0002024645679681,-0.324268166647902,0.00025991806121444724,0.0
16,64,4.0,False,1.5,0.32465246735834974,rff,hyperbolic,500,0.10529441805750857,3.5994107127930165e-05,0.9990056235727403,-0.3243671092322265,0.00014142066890611367,0.0
16,64,4.0,False,2.0,0.1353352832366127,rff,cos,500,0.015744189538787902,0.00033540511314603507,0.8596036225890018,-0.0008147082616642858,0.0019475018270466704,0.0
16,64,4.0,False,2.0,0.1353352832366127,rff,positive,500,0.018304425682034428,3.701855326500091e-06,0.9993877796582542,-0.13528998674847595,1.6089661455933854e-05,0.0
16,64,4.0,False,2.0,0.1353352832366127,rff,hyperbolic,500,0.018303442921084566,3.3500364692264366e-06,0.9993341227284669,-0.13528738390926967,1.3747926984268258e-05,0.0
16,64,4.0,False,2.5,0.04393693362340742,rff,cos,500,0.01563355120189484,0.0003564806271584685,8.0983800176907,-0.004707395928391908,0.0019934338570986422,0.0
16,64,4.0,False,2.5,0.04393693362340742,rff,positive,500,0.0019285376670168939,1.3333642779068525e-06,0.9990072443707155,-0.04383935867775287,4.0724397234626945e-05,0.0
16,64,4.0,False,2.5,0.04393693362340742,rff,hyperbolic,500,0.0019311296112453382,5.499468912625522e-06,1.0003499047218747,-0.04375927497178938,6.350006475341915e-05,0.0
16,64,4.0,False,3.0,0.011108996538242306,rff,cos,500,0.015701135603946738,0.00035140344280974576,127.22761955702245,-0.0014338212102239449,0.0020430537750238073,0.0
16,64,4.0,False,3.0,0.011108996538242306,rff,positive,500,0.00013050074638098949,5.1541065901079525e-06,1.0574585005363875,-0.01103207597619272,4.6828627021991586e-05,0.0
16,64,4.0,False,3.0,0.011108996538242306,rff,hyperbolic,500,0.00012476099595310695,1.0405564585470038e-06,1.0109488210959185,-0.011051092722226066,2.5586639531186016e-05,0.0
16,64,4.0,False,3.5,0.002187491118182885,rff,cos,500,0.015660172334337977,0.000349214752325719,3272.6829983517723,-0.0016517436329086753,0.0019498070808239688,0.0
16,64,4.0,False,3.5,0.002187491118182885,rff,positive,500,5.193478963277889e-06,4.2045955085403675e-07,1.085339927463554,-0.0021701071847848494,1.1001037219212738e-05,0.0
16,64,4.0,False,3.5,0.002187491118182885,rff,hyperbolic,500,7.1650507676626585e-06,2.302965425192626e-06,1.4973615442430688,-0.0021494631619087975,2.5201784103602368e-05,0.0
16,64,4.0,False,4.0,0.00033546262790251185,rff,cos,500,0.016246356962212813,0.00036780707077839605,144366.92352184557,-0.003997979510177846,0.001949302789991025,0.0
16,64,4.0,False,4.0,0.00033546262790251185,rff,positive,500,1.1416655793881093e-07,1.5386057288072847e-09,1.0144966515902392,-0.00033343377603850776,8.627371511378831e-07,0.0
16,64,4.0,False,4.0,0.00033546262790251185,rff,hyperbolic,500,2.372107106013548e-06,2.2587138422794964e-06,21.078805910518472,-0.0003087253100832912,2.4435962402101174e-05,0.0
16,64,0.5,False,0.125,0.9922179382602435,orf,cos,500,0.00784673242893024,0.00024424848872163903,0.007970300484578731,0.006886366176094171,0.002654396835956823,0.0
16,64,0.5,False,0.125,0.9922179382602435,orf,positive,500,0.021360017385052374,0.0006798368940342596,0.021696388714238717,0.0012165679297192796,0.0023714617465879755,0.0
16,64,0.5,False,0.125,0.9922179382602435,orf,hyperbolic,500,0.0025822134706826663,0.00013698265627429588,0.0026228774159275914,0.0007707551196884474,0.0012232600601037146,0.0
16,64,0.5,False,0.25,0.9692332344763441,orf,cos,500,0.00769869963175374,0.00023157854051221962,0.00819522309887482,0.006897747866236818,0.0026255393830327497,0.0
16,64,0.5,False,0.25,0.9692332344763441,orf,positive,500,0.01721435424718117,0.0004917423903841791,0.01832458470997347,0.0019747789354042015,0.0022246927976704695,0.0
16,64,0.5,False,0.25,0.9692332344763441,orf,hyperbolic,500,0.00206980304836668,8.150939128404374e-05,0.0022032938760376247,0.00030246482226196236,0.0010975157898712904,0.0
16,64,0.5,False,0.375,0.9321024923595276,orf,cos,500,0.007763170664518753,0.0002625655754477722,0.008935354663294598,0.007441909407181635,0.0028261986657260097,0.0
16,64,0.5,False,0.375,0.9321024923595276,orf,positive,500,0.015229962541025025,0.000524243509567649,0.017529579432630706,0.0008193177587867192,0.0023407465678921425,0.0
16,64,0.5,False,0.375,0.9321024923595276,orf,hyperbolic,500,0.0016071471009687268,8.424049397610375e-05,0.0018498149742958824,0.00015597319266089115,0.0010411027088370374,0.0
16,64,0.5,False,0.5,0.8824969025845955,orf,cos,500,0.0077075319540877135,0.00027868545552164046,0.009896666928981557,0.00701939728655249,0.002835601951339326,0.0
16,64,0.5,False,0.5,0.8824969025845955,orf,positive,500,0.010986573805547597,0.000358809012243252,0.014107040008638877,0.0008847419084568121,0.0016926365401922483,0.0
16,64,0.5,False,0.5,0.8824969025845955,orf,hyperbolic,500,0.0009681638255940587,6.527525280149343e-05,0.001243146959580409,-0.0001403400482948091,0.000806013199966483,0.0
16,64,0.5,False,0.625,0.8225775623986646,orf,cos,500,0.0077256889711771505,0.00031170942914987256,0.011417828142948906,0.004606428712336637,0.003114160038682315,0.0
16,64,0.5,False,0.625,0.8225775623986646,orf,positive,500,0.007474209660939545,0.00022550672889463756,0.0110461658152895,-0.0015573698678488506,0.0017625168040921494,0.0
16,64,0.5,False,0.625,0.8225775623986646,orf,hyperbolic,500,0.0005216730045112593,2.2933223675947463e-05,0.0007709827220002366,0.00021038677951322222,0.0005918671762762332,0.0
16,64,0.5,False,0.75,0.7548396019890073,orf,cos,500,0.008106734052112834,0.00036729853919781563,0.014227761350899261,0.009000493541576456,0.003376000826170771,0.0
16,64,0.5,False,0.75,0.7548396019890073,orf,positive,500,0.004148136094645684,0.00011227913979594847,0.007280205570613013,-0.0011841003693483154,0.0014055869057345025,0.0
16,64,0.5,False,0.75,0.7548396019890073,orf,hyperbolic,500,0.00019502029348875724,7.636726886350938e-06,0.00034227127428920756,0.00015659028034403498,0.0003928612298824266,0.0
16,64,0.5,False,0.875,0.6819407511903481,orf,cos,500,0.008320303289553915,0.00042761457739214716,0.01789146363575043,0.010125060810370883,0.003640412394203669,0.0
16,64,0.5,False,0.875,0.6819407511903481,orf,positive,500,0.0017746540337511547,4.512426413612036e-05,0.0038161058564728004,0.0007069568909349077,0.0007008566331474745,0.0
16,64,0.5,False,0.875,0.6819407511903481,orf,hyperbolic,500,4.109715519855732e-05,1.3907017129749529e-06,8.837277106123397e-05,0.00012418301005298146,0.00018340550968694465,0.0
16,64,0.5,False,1.0,0.6065306597126334,orf,cos,500,0.008251650872652918,0.0005061299421844994,0.022430312621920648,0.010644195808264374,0.0039712717251611076,0.0
16,64,0.5,False,1.0,0.6065306597126334,orf,positive,500,0.0,0.0,0.0,0.0,0.0,0.0
16,64,0.5,False,1.0,0.6065306597126334,orf,hyperbolic,500,0.0,0.0,0.0,0.0,0.0,0.0
16,64,1.0,False,0.25,0.9692332344763441,orf,cos,500,0.00786177844626952,0.00017705757924016549,0.008368819593293761,-0.0003387681224113692,0.0015741390524162998,0.0
16,64,1.0,False,0.25,0.9692332344763441,orf,positive,500,0.4659603727297195,0.07771030683982655,0.4960122348460868,0.0053881436597776194,0.011478099556877083,0.0
16,64,1.0,False,0.25,0.9692332344763441,orf,hyperbolic,500,0.2719748337913777,0.07141842155993604,0.28951570353602735,-0.00015419554175874684,0.008777761231653736,0.0
16,64,1.0,False,0.5,0.8824969025845955,orf,cos,500,0.008146213260916841,0.0001728802186179041,0.010459944876775951,0.003810034935447952,0.0016458115826169953,0.0
16,64,1.0,False,0.5,0.8824969025845955,orf,positive,500,0.29586580793160155,0.04329335654890131,0.3798992173130299,-0.010417172032033994,0.01052387569178689,0.0
16,64,1.0,False,0.5,0.8824969025845955,orf,hyperbolic,500,0.18392547147078336,0.05318523867958724,0.2361649801447619,-0.000986386705182495,0.00781881378884947,0.0
16,64,1.0,False,0.75,0.7548396019890073,orf,cos,500,0.007875213470934448,0.00016499595105136725,0.01382143007671998,-0.0008260997669549346,0.001609541689356972,0.0
16,64,1.0,False,0.75,0.7548396019890073,orf,positive,500,0.3452169137535632,0.16200492743034278,0.6058745521446529,0.008454066700482555,0.009559273617716904,0.0
16,64,1.0,False,0.75,0.7548396019890073,orf,hyperbolic,500,0.13236028301458175,0.04423022621963336,0.2322995311013248,0.00587214841949505,0.00653868249429631,0.0
16,64,1.0,False,1.0,0.6065306597126334,orf,cos,500,0.008144273736387594,0.00018042112722165335,0.022138431303618648,-0.0011292669999682292,0.0018166771352069791,0.0
16,64,1.0,False,1.0,0.6065306597126334,orf,positive,500,0.10250795978252307,0.024748181891492655,0.27864552434924306,-0.006631106747897652,0.005050750661449812,0.0
16,64,1.0,False,1.0,0.6065306597126334,orf,hyperbolic,500,0.039346802224576476,0.006902128863720824,0.10695569749503817,0.001872670959286226,0.0036042278064952332,0.0
16,64,1.0,False,1.25,0.45783336177161427,orf,cos,500,0.008896065445097946,0.00020571748628418047,0.04244075460788416,0.001672809505534664,0.0020629618520930735,0.0
16,64,1.0,False,1.25,0.45783336177161427,orf,positive,500,0.026473858722426215,0.0025468182141550133,0.12629971626180117,-0.0003112149601266698,0.0028801845528753454,0.0
16,64,1.0,False,1.25,0.45783336177161427,orf,hyperbolic,500,0.00902780201704901,0.0011113741212788236,0.04306923464296976,-1.473309173528281e-06,0.0018232155303986011,0.0
16,64,1.0,False,1.5,0.32465246735834974,orf,cos,500,0.009703869943909562,0.0002512076281533525,0.09206775461819314,0.0026957371628663776,0.002358953504071959,0.0
16,64,1.0,False,1.5,0.32465246735834974,orf,positive,500,0.006556695597602374,0.0005210338305658946,0.06220819578946622,0.0006416740262596589,0.001448387169936195,0.0
16,64,1.0,False,1.5,0.32465246735834974,orf,hyperbolic,500,0.0016379241073153496,0.00015590347888082322,0.015540191250211388,0.00015996371411814054,0.0008144623349870423,0.0
16,64,1.0,False,1.75,0.2162651668298873,orf,cos,500,0.011054325443213213,0.00029484128471875,0.23635189954206248,0.00721924029367959,0.0028143647524253392,0.0
16,64,1.0,False,1.75,0.2162651668298873,orf,positive,500,0.0008939494756306052,2.8559440339157778e-05,0.019113482568006296,0.000624718774357205,0.00042119067489535184,0.0
16,64,1.0,False,1.75,0.2162651668298873,orf,hyperbolic,500,0.00010294497923810458,4.728316097991995e-06,0.002201060708429055,0.00020436887599094072,0.00026290799442059263,0.0
16,64,1.0,False,2.0,0.1353352832366127,orf,cos,500,0.012919715480036039,0.0005518170851051894,0.7053925641645438,0.010162276016159247,0.004130489927578324,0.0
16,64,1.0,False,2.0,0.1353352832366127,orf,positive,500,0.0,0.0,0.0,0.0,0.0,0.0
16,64,1.0,False,2.0,0.1353352832366127,orf,hyperbolic,500,0.0,0.0,0.0,0.0,0.0,0.0
16,64,2.0,False,0.5,0.8824969025845955,orf,cos,500,0.0075450458118398135,0.00015662082851084636,0.009688030592475715,-0.00025368610502184765,0.0014121434338633552,0.0
16,64,2.0,False,0.5,0.8824969025845955,orf,positive,500,50.07692506443621,19.26366846933203,64.3000445723035,-0.10157861074873852,0.11156995642478912,0.0
16,64,2.0,False,0.5,0.8824969025845955,orf,hyperbolic,500,32.46325322416364,11.822978081473357,41.68364224819638,-0.09028736089046363,0.09555939691843768,0.0
16,64,2.0,False,1.0,0.6065306597126334,orf,cos,500,0.00829829378063436,0.00018383259275734672,0.02255710119111309,-1.691569943003307e-05,0.0015434040190765797,0.0
16,64,2.0,False,1.0,0.6065306597126334,orf,positive,500,9.050688111948045,2.886391125992007,24.602321029758674,-0.13407491505199853,0.046662533250477936,0.0
16,64,2.0,False,1.0,0.6065306597126334,orf,hyperbolic,500,5.784081642476118,1.9839732358989641,15.722764023066379,-0.13375402896086347,0.03821956861590295,0.0
16,64,2.0,False,1.5,0.32465246735834974,orf,cos,500,0.010098909868527605,0.00023908499449591417,0.09581578906778412,0.0007775055208275761,0.0018738261494329325,0.0
16,64,2.0,False,1.5,0.32465246735834974,orf,positive,500,14.387663002238407,10.341780167040314,136.50634586778702,-0.022927016734859956,0.059699323933536844,0.0
16,64,2.0,False,1.5,0.32465246735834974,orf,hyperbolic,500,4.61024254798042,2.6152164841329566,43.740763436778664,-0.021109444387829062,0.03526839833322257,0.0
16,64,2.0,False,2.0,0.1353352832366127,orf,cos,500,0.013013835814638575,0.0002932595215170643,0.7105313603143427,0.0021118501546442694,0.001963904592103535,0.0
16,64,2.0,False,2.0,0.1353352832366127,orf,positive,500,0.16816228900502445,0.05132515153191871,9.181349885013285,-0.034780776566713044,0.006682654532811066,0.0
16,64,2.0,False,2.0,0.1353352832366127,orf,hyperbolic,500,0.32466965764723094,0.11781291851880807,17.726362679433088,-0.016964114138990995,0.009049848563776976,0.0
16,64,2.0,False,2.5,0.04393693362340742,orf,cos,500,0.014934519793385828,0.0003289931155774119,7.736272783237055,-0.0008403978268961976,0.0018884177823235246,0.0
16,64,2.0,False,2.5,0.04393693362340742,orf,positive,500,0.0472348243819678,0.022686886583404585,24.46824480081621,-0.0017139219091790107,0.003628866966303633,0.0
16,64,2.0,False,2.5,0.04393693362340742,orf,hyperbolic,500,0.06856656846224539,0.0422886227231791,35.518361806942984,0.004375811383926531,0.004275561161793692,0.0
16,64,2.0,False,3.0,0.011108996538242306,orf,cos,500,0.015249846288027209,0.00033060008965777904,123.57078435450842,0.00032418073721327646,0.001909800351637441,0.0
16,64,2.0,False,3.0,0.011108996538242306,orf,positive,500,0.001272001899445347,0.0005226437921570866,10.307138147240952,0.0003281359316662257,0.0005888434525017313,0.0
16,64,2.0,False,3.0,0.011108996538242306,orf,hyperbolic,500,0.005242680186345664,0.004793740720672851,42.48187755539548,0.0012395003099958293,0.0011693299336241797,0.0
16,64,2.0,False,3.5,0.002187491118182885,orf,cos,500,0.015620342447034112,0.0003550807530308084,3264.359297167475,0.0013677227156282197,0.0020523111304317204,0.0
16,64,2.0,False,3.5,0.002187491118182885,orf,positive,500,2.183675424030337e-06,4.710791324435993e-07,0.45634730458697687,-2.9033870285852303e-05,2.483703246130405e-05,0.0
16,64,2.0,False,3.5,0.002187491118182885,orf,hyperbolic,500,1.392426802220972e-06,3.588020601901582e-07,0.2909911477848717,-8.10278138984579e-06,2.135866945117442e-05,0.0
16,64,2.0,False,4.0,0.00033546262790251185,orf,cos,500,0.015531732278610015,0.0005696602921223966,138016.68960266814,0.010611693835509708,0.004140833304378307,0.0
16,64,2.0,False,4.0,0.00033546262790251185,orf,positive,500,0.0,0.0,0.0,0.0,0.0,0.0
16,64,2.0,False,4.0,0.00033546262790251185,orf,hyperbolic,500,0.0,0.0,0.0,0.0,0.0,0.0
16,64,2.8284270763397217,False,0.5,0.8824969025845955,orf,cos,500,0.008269344392674686,0.0001794158605568259,0.01061804837953855,2.0036978414548378e-05,0.0014733969044847636,0.0
16,64,2.8284270763397217,False,0.5,0.8824969025845955,orf,positive,500,6.276470359374735,4.078217971669585,8.059147468524401,-0.7488306806177489,0.038134232133009024,0.0
16,64,2.8284270763397217,False,0.5,0.8824969025845955,orf,hyperbolic,500,79.52904090539806,61.75238889403205,102.11730988733017,-0.547270062392097,0.14034136616706805,0.0
16,64,2.8284270763397217,False,1.0,0.6065306597126334,orf,cos,500,0.008333450110904648,0.00018711854840085663,0.022652666004842118,-0.00013720223376092943,0.0015677719286200295,0.0
16,64,2.8284270763397217,False,1.0,0.6065306597126334,orf,positive,500,95.68463229751573,84.71347650993121,260.09779723712245,-0.3440762108661692,0.1543969263329648,0.0
16,64,2.8284270763397217,False,1.0,0.6065306597126334,orf,hyperbolic,500,48.445504642691354,30.23090130338207,131.68853494075623,-0.34640533819039887,0.10960013557589683,0.0
16,64,2.8284270763397217,False,1.5,0.32465246735834974,orf,cos,500,0.010229837740408169,0.00022506616090966697,0.09705799812980351,-0.001274006234370807,0.0017575708005183738,0.0
16,64,2.8284270763397217,False,1.5,0.32465246735834974,orf,positive,500,11.7813458104588,5.844120818233826,111.77829684642234,-0.152035893188755,0.054005044408577875,0.0
16,64,2.8284270763397217,False,1.5,0.32465246735834974,orf,hyperbolic,500,80.92790803865172,75.70838543708906,767.8226132598431,-0.044771612327088935,0.14194543961021783,0.0
16,64,2.8284270763397217,False,2.0,0.1353352832366127,orf,cos,500,0.01277361388786149,0.0002840882402694213,0.6974156875149164,-4.777344735885619e-05,0.0019113437538587472,0.0
16,64,2.8284270763397217,False,2.0,0.1353352832366127,orf,positive,500,0.5290459591919082,0.43251278910481394,28.88493065438851,-0.09911107671039712,0.011367229885318911,0.0
16,64,2.8284270763397217,False,2.0,0.1353352832366127,orf,hyperbolic,500,3.889483116095688,3.587727714367362,212.3585827239737,-0.0651101962934331,0.03118756987636504,0.0
16,64,2.8284270763397217,False,2.5,0.04393693362340742,orf,cos,500,0.015118183385683917,0.00033895737111597993,7.831412879472124,-0.00012102200529847185,0.001975508879546464,0.0
16,64,2.8284270763397217,False,2.5,0.04393693362340742,orf,positive,500,0.060995162480133557,0.03785607178486058,31.596276407438452,-0.029960042724246565,0.003880483114448375,0.0
16,64,2.8284270763397217,False,2.5,0.04393693362340742,orf,hyperbolic,500,0.6701151266974531,0.6282996854110986,347.12822963353153,-0.018305520265997795,0.01294435701335019,0.0
16,64,2.8284270763397217,False,3.0,0.011108996538242306,orf,cos,500,0.015901094071680947,0.00033640428875334014,128.8478998031021,0.001157777970830822,0.0019955986307648717,0.0
16,64,2.8284270763397217,False,3.0,0.011108996538242306,orf,positive,500,0.12092857003660328,0.07750252128166385,979.8943522482742,0.001449096048368669,0.005486575854610421,0.0
16,64,2.8284270763397217,False,3.0,0.011108996538242306,orf,hyperbolic,500,0.03201258094986909,0.019377586753163735,259.4006301750902,-0.0024469786122357467,0.0028204979032097318,0.0
16,64,2.8284270763397217,False,3.5,0.002187491118182885,orf,cos,500,0.0158932700711172,0.0003452296764580957,3321.396063816507,0.0006705597241591858,0.001981682354807266,0.0
16,64,2.8284270763397217,False,3.5,0.002187491118182885,orf,positive,500,0.0042277483065791075,0.0033676495065544784,883.5202901256483,0.00014746052933999683,0.0010315591875644733,0.0
16,64,2.8284270763397217,False,3.5,0.002187491118182885,orf,hyperbolic,500,0.0011743525984346307,0.0008459480240359822,245.4177196083656,-0.0003218584373896666,0.00054487066305806,0.0
16,64,2.8284270763397217,False,4.0,0.00033546262790251185,orf,cos,500,0.015952886546999084,0.0003525105725430572,141759.11297775706,0.00095067661138923,0.002054695259908927,0.0
16,64,2.8284270763397217,False,4.0,0.00033546262790251185,orf,positive,500,3.030159350881675e-05,2.630647652242282e-05,269.26330886684957,-3.1027569383715936e-05,8.674052099724884e-05,0.0
16,64,2.8284270763397217,False,4.0,0.00033546262790251185,orf,hyperbolic,500,0.0001634286511583814,0.00015356739830837168,1452.2450564109038,0.00015678155563370424,0.00020284790512162978,0.0
16,64,4.0,False,0.5,0.8824969025845955,orf,cos,500,0.007501502024709429,0.00016650218771101704,0.00963211926306146,0.00034744541416317255,0.0014176940117680721,0.0
16,64,4.0,False,0.5,0.8824969025845955,orf,positive,500,0.7784219400515371,0.00013071306697360818,0.9995135559335548,-0.882266222961948,8.35967285056237e-05,0.0
16,64,4.0,False,0.5,0.8824969025845955,orf,hyperbolic,500,0.778248933971372,0.00020684616375425102,0.9992914117293813,-0.8819865419215247,0.0002947833502133987,0.0
16,64,4.0,False,1.0,0.6065306597126334,orf,cos,500,0.008288377311360048,0.00018067179359460125,0.022530145432882256,-0.0007663918873848317,0.0015686571423644364,0.0
16,64,4.0,False,1.0,0.6065306597126334,orf,positive,500,0.36773912399880715,4.892795900524276e-05,0.999618578379405,-0.6064086865605209,4.36268295716573e-05,0.0
16,64,4.0,False,1.0,0.6065306597126334,orf,hyperbolic,500,416.2016335413778,415.83407679767583,1131.353337430498,-0.28360271201114823,0.32257699656276084,0.0
16,64,4.0,False,1.5,0.32465246735834974,orf,cos,500,0.009697084733200084,0.00021611093033187668,0.09200337833138758,-0.00039285554638408485,0.0017007832085503796,0.0
16,64,4.0,False,1.5,0.32465246735834974,orf,positive,500,0.1065691207066539,0.0012719683781837023,1.0110996655777376,-0.32371271181473144,0.0006664419433115362,0.0
16,64,4.0,False,1.5,0.32465246735834974,orf,hyperbolic,500,0.10545803091193133,0.0002184625871613828,1.000557939114936,-0.3239501003990072,0.00035868480579948205,0.0
16,64,4.0,False,2.0,0.1353352832366127,orf,cos,500,0.012990519232973768,0.0002918803335372042,0.7092583180903476,0.001950740729543645,0.0019137093974768652,0.0
16,64,4.0,False,2.0,0.1353352832366127,orf,positive,500,0.018293007387931326,8.67365118735485e-06,0.9987643619236904,-0.1351807336792554,7.069005547955072e-05,0.0
16,64,4.0,False,2.0,0.1353352832366127,orf,hyperbolic,500,0.018292369875363222,7.600551962450979e-06,0.9987295549168491,-0.1352273709658146,3.908626828808903e-05,0.0
16,64,4.0,False,2.5,0.04393693362340742,orf,cos,500,0.015497482184025321,0.00033629712535329035,8.027894521394261,-0.0021105417359992256,0.002088041637504087,0.0
16,64,4.0,False,2.5,0.04393693362340742,orf,positive,500,0.050850069541714164,0.0475715509984872,26.340988157884976,-0.03986319117644679,0.0035091525936176197,0.0
16,64,4.0,False,2.5,0.04393693362340742,orf,hyperbolic,500,0.014069682991216654,0.011816587097046553,7.288276228468265,-0.04188349408310362,0.0017545575180844266,0.0
16,64,4.0,False,3.0,0.011108996538242306,orf,cos,500,0.015413302879671738,0.00036405026282492105,124.89528683511946,0.0008802315063179447,0.0018697261611391976,0.0
16,64,4.0,False,3.0,0.011108996538242306,orf,positive,500,0.00012728285571460214,4.014918522313177e-06,1.0313836623968893,-0.01104875438409975,3.603311785079197e-05,0.0
16,64,4.0,False,3.0,0.011108996538242306,orf,hyperbolic,500,0.00012395115195326938,8.140630087772945e-07,1.0043865871969915,-0.011074252136369218,1.807589413503312e-05,0.0
16,64,4.0,False,3.5,0.002187491118182885,orf,cos,500,0.015639287681421407,0.0003812678820072613,3268.318496667671,-3.219232461128985e-05,0.0019834916416239085,0.0
16,64,4.0,False,3.5,0.002187491118182885,orf,positive,500,4.837245471923155e-06,4.609745841925105e-08,1.010893793301684,-0.002174953196008653,5.147925055549568e-06,0.0
16,64,4.0,False,3.5,0.002187491118182885,orf,hyperbolic,500,5.721410986429893e-06,9.41348079839776e-07,1.195667842097455,-0.002162262182815664,1.6179912981484534e-05,0.0
16,64,4.0,False,4.0,0.00033546262790251185,orf,cos,500,0.016030397349544232,0.0003490621387510977,142447.8825357065,0.003040248861040857,0.0020040569237684777,0.0
16,64,4.0,False,4.0,0.00033546262790251185,orf,positive,500,1.1511064832955589e-07,3.0634860836199116e-09,1.0228859431437485,-0.0003335165005249385,9.828124796782538e-07,0.0
16,64,4.0,False,4.0,0.00033546262790251185,orf,hyperbolic,500,1.4337052329043668e-07,3.0773792956846886e-08,1.2740063153418681,-0.0003309292262580622,2.9064242770187907e-06,0.0
16,64,0.5,False,0.125,0.9922179382602435,simrf,cos,500,0.00783473837547801,0.000248968613873339,0.007958117552267961,0.007119550915271247,0.0026490223181486364,0.0
16,64,0.5,False,0.125,0.9922179382602435,simrf,positive,500,0.007029402204328039,0.00032302783706130415,0.007140099181780404,0.0010501228941293896,0.0016184294382978815,0.0
16,64,0.5,False,0.125,0.9922179382602435,simrf,hyperbolic,500,0.0030035039900192136,0.00015360535812114493,0.0030508022955929837,0.0004012322872885764,0.0012785441202803928,0.0
16,64,0.5,False,0.25,0.9692332344763441,simrf,cos,500,0.007661295606713846,0.00022796129543491017,0.008155406721478627,0.006798930612201498,0.0026225584404160826,0.0
16,64,0.5,False,0.25,0.9692332344763441,simrf,positive,500,0.005865568520008377,0.0002423388301890593,0.006243865187951946,0.0023189664256499914,0.0014232012553371262,0.0
16,64,0.5,False,0.25,0.9692332344763441,simrf,hyperbolic,500,0.002375785506358673,8.877503583572083e-05,0.002529010507096168,0.00021378747247726137,0.001117004523053071,0.0
16,64,0.5,False,0.375,0.9321024923595276,simrf,cos,500,0.007702091629519115,0.00025922175053511536,0.008865053124941468,0.0069234753184453665,0.0028199299994504552,0.0
16,64,0.5,False,0.375,0.9321024923595276,simrf,positive,500,0.004473253131823946,0.00025024627011144556,0.00514868279454707,-0.00019682056375731855,0.0014040477625969511,0.0
16,64,0.5,False,0.375,0.9321024923595276,simrf,hyperbolic,500,0.0018693706961373947,9.06078999320757e-05,0.0021516324822665744,0.0003690474174217252,0.0010923702489663574,0.0
16,64,0.5,False,0.5,0.8824969025845955,simrf,cos,500,0.007642587835624695,0.00027181288538885166,0.00981327703021066,0.007338230881543727,0.002812101360583259,0.0
16,64,0.5,False,0.5,0.8824969025845955,simrf,positive,500,0.002837368133301567,0.00014971058769633336,0.0036432527996590634,0.00038209539574897314,0.0010514968376674533,0.0
16,64,0.5,False,0.5,0.8824969025845955,simrf,hyperbolic,500,0.001163627077280248,5.1179451757399026e-05,0.001494126742773909,-0.00032786623399555834,0.0008433788893392892,0.0
16,64,0.5,False,0.625,0.8225775623986646,simrf,cos,500,0.007726917996038857,0.00030957255605422104,0.011419644523948287,0.004888176095252416,0.0031060816777092794,0.0
16,64,0.5,False,0.625,0.8225775623986646,simrf,positive,500,0.0014236694063043196,4.7101662037131105e-05,0.0021040469884564925,-0.00022672645415937768,0.0007976948946752831,0.0
16,64,0.5,False,0.625,0.8225775623986646,simrf,hyperbolic,500,0.0006026671392259773,1.989412649215624e-05,0.0008906842934988619,1.660262448766772e-05,0.0006270855255090272,0.0
16,64,0.5,False,0.75,0.7548396019890073,simrf,cos,500,0.008237707927946874,0.0003749360775669126,0.014457627661621933,0.009300434448617076,0.0033782476823649454,0.0
16,64,0.5,False,0.75,0.7548396019890073,simrf,positive,500,0.0006006301915239065,2.0184552022990712e-05,0.0010541388147449883,-3.160879022624996e-05,0.0005260791380799444,0.0
16,64,0.5,False,0.75,0.7548396019890073,simrf,hyperbolic,500,0.0002500305485362474,7.91243809958962e-06,0.000438817278590879,9.696264933425067e-05,0.00041116501498701555,0.0
16,64,0.5,False,0.875,0.6819407511903481,simrf,cos,500,0.008439233996272172,0.00043336576384456264,0.0181472048437777,0.010041953864051961,0.003637839015549521,0.0
16,64,0.5,False,0.875,0.6819407511903481,simrf,positive,500,0.00014402906002284092,4.097803027467463e-06,0.00030971114876608447,3.6272881706100655e-05,0.0002422132675752337,0.0
16,64,0.5,False,0.875,0.6819407511903481,simrf,hyperbolic,500,5.234764700232912e-05,1.641220262939364e-06,0.00011256513015999506,2.767854828794608e-05,0.00019123116208501393,0.0
16,64,0.5,False,1.0,0.6065306597126334,simrf,cos,500,0.008414656503186364,0.0005100250889634523,0.022873407865336225,0.010460963521187921,0.003971309409715781,0.0
16,64,0.5,False,1.0,0.6065306597126334,simrf,positive,500,0.0,0.0,0.0,0.0,0.0,0.0
16,64,0.5,False,1.0,0.6065306597126334,simrf,hyperbolic,500,0.0,0.0,0.0,0.0,0.0,0.0
16,64,1.0,False,0.25,0.9692332344763441,simrf,cos,500,0.007837360705911194,0.00017084611821733446,0.008342827043983028,-0.0004246813680873833,0.0015889251163108764,0.0
16,64,1.0,False,0.25,0.9692332344763441,simrf,positive,500,0.6466900982223244,0.23467995055101845,0.6883980261947105,0.009175567816160524,0.013390317988337116,0.0
16,64,1.0,False,0.25,0.9692332344763441,simrf,hyperbolic,500,0.3559759880992247,0.09612894410638372,0.3789344668394345,0.004775913184692291,0.010095080211208344,0.0
16,64,1.0,False,0.5,0.8824969025845955,simrf,cos,500,0.008154347239103481,0.00017898892169373402,0.01047038911150638,0.0026135499243240975,0.0016411592185977453,0.0
16,64,1.0,False,0.5,0.8824969025845955,simrf,positive,500,0.2743735422849885,0.04192430390509243,0.35230260196057395,-0.009290579548148424,0.009801352568127253,0.0
16,64,1.0,False,0.5,0.8824969025845955,simrf,hyperbolic,500,0.18671581814551963,0.04258218022825163,0.23974785619649336,0.002266754979377124,0.007977493232395284,0.0
16,64,1.0,False,0.75,0.7548396019890073,simrf,cos,500,0.008049458102250023,0.00017392570875279103,0.01412723892836071,0.0003728880334437482,0.001640196639576934,0.0
16,64,1.0,False,0.75,0.7548396019890073,simrf,positive,500,0.19109336734355944,0.036326426468754086,0.335379304270539,0.004283030964453626,0.007236987256136863,0.0
16,64,1.0,False,0.75,0.7548396019890073,simrf,hyperbolic,500,0.08780917887206871,0.011305531361383174,0.15410990830328405,0.0049124294867601845,0.005470154222906988,0.0
16,64,1.0,False,1.0,0.6065306597126334,simrf,cos,500,0.008542171863853972,0.00018684592782978833,0.023220030553088387,-0.0009290402616475537,0.0018473583424629975,0.0
16,64,1.0,False,1.0,0.6065306597126334,simrf,positive,500,0.07096805247037453,0.00902684666843096,0.19291116743134715,-0.0054172221127497654,0.004395298657967754,0.0
16,64,1.0,False,1.0,0.6065306597126334,simrf,hyperbolic,500,0.038993426042535397,0.005138045789361065,0.10599512144078567,0.0016569611182780043,0.0036290549898949855,0.0
16,64,1.0,False,1.25,0.45783336177161427,simrf,cos,500,0.009178833102717941,0.00021427182213760366,0.043789763654879126,0.0021393985551436895,0.002066115026188832,0.0
16,64,1.0,False,1.25,0.45783336177161427,simrf,positive,500,0.02225248634668342,0.0026950946376291577,0.10616067499540362,0.00018492253659936354,0.00260979723970598,0.0
16,64,1.0,False,1.25,0.45783336177161427,simrf,hyperbolic,500,0.01143941416288309,0.0022085235410323287,0.054574392729136494,0.0017273568166374079,0.001995226681401423,0.0
16,64,1.0,False,1.5,0.32465246735834974,simrf,cos,500,0.010005067445859838,0.0002546628394094163,0.09492543695126844,0.002732378460931001,0.002414084687983349,0.0
16,64,1.0,False,1.5,0.32465246735834974,simrf,positive,500,0.004101649135844111,0.0003534290195426091,0.038915363494317144,-0.0002343676034710085,0.001146457379793037,0.0
16,64,1.0,False,1.5,0.32465246735834974,simrf,hyperbolic,500,0.001609903689503696,0.0001180231499849976,0.015274340927990024,-0.0004746816788529563,0.0008023480180397333,0.0
16,64,1.0,False,1.75,0.2162651668298873,simrf,cos,500,0.011149513589048757,0.0003018105981838297,0.23838711183951933,0.0070860518219456586,0.002785737204472897,0.0
16,64,1.0,False,1.75,0.2162651668298873,simrf,positive,500,0.00029914109841980486,1.4203963144210114e-05,0.006395918702215129,0.0003042016739112646,0.00032221984231488765,0.0
16,64,1.0,False,1.75,0.2162651668298873,simrf,hyperbolic,500,0.00011947013044503512,4.85507684580366e-06,0.002554384020470295,0.00018241430715857052,0.00026799476349174316,0.0
16,64,1.0,False,2.0,0.1353352832366127,simrf,cos,500,0.013139017020800567,0.0005560359370846658,0.7173660225897052,0.011386283809174245,0.00414712803111306,0.0
16,64,1.0,False,2.0,0.1353352832366127,simrf,positive,500,0.0,0.0,0.0,0.0,0.0,0.0
16,64,1.0,False,2.0,0.1353352832366127,simrf,hyperbolic,500,0.0,0.0,0.0,0.0,0.0,0.0
16,64,2.0,False,0.5,0.8824969025845955,simrf,cos,500,0.007811425974899952,0.00016797674722040428,0.010030069492346357,-0.00043445220516684054,0.0014161325939815222,0.0
16,64,2.0,False,0.5,0.8824969025845955,simrf,positive,500,390.60155223388387,281.303979175752,501.54232086599126,0.2167386650246067,0.313497446447498,0.0
16,64,2.0,False,0.5,0.8824969025845955,simrf,hyperbolic,500,114.77246344695315,70.94141797440318,147.37076020175257,0.06290082795896242,0.17914774447542026,0.0
16,64,2.0,False,1.0,0.6065306597126334,simrf,cos,500,0.008474644886688587,0.00017530392777772593,0.02303647319812895,-0.0007621852444055091,0.0015256947822031598,0.0
16,64,2.0,False,1.0,0.6065306597126334,simrf,positive,500,17.729214084669447,8.797329890999078,48.19300047921712,-0.10168186626176452,0.0659577032016733,0.0
16,64,2.0,False,1.0,0.6065306597126334,simrf,hyperbolic,500,5.719076348319612,2.234226572003587,15.546061313207113,-0.1518057450421178,0.03795847787538024,0.0
16,64,2.0,False,1.5,0.32465246735834974,simrf,cos,500,0.00977633643667578,0.00022575445194278365,0.0927552975585464,0.002037783173390935,0.0016884742258572384,0.0
16,64,2.0,False,1.5,0.32465246735834974,simrf,positive,500,40.27910371138967,36.97426735020779,382.15749573895346,0.047786486638793695,0.10025936229305177,0.0
16,64,2.0,False,1.5,0.32465246735834974,simrf,hyperbolic,500,14.321436603355474,10.08506151992477,135.87800728979244,0.04809773570965609,0.06674560414367622,0.0
16,64,2.0,False,2.0,0.1353352832366127,simrf,cos,500,0.013355553323456738,0.00028978133279093996,0.7291885041297491,0.0012701905339722133,0.0019704613282459822,0.0
16,64,2.0,False,2.0,0.1353352832366127,simrf,positive,500,0.11547189599944102,0.027228758317841047,6.304551902389108,-0.039016296968272184,0.0056537192569225195,0.0
16,64,2.0,False,2.0,0.1353352832366127,simrf,hyperbolic,500,0.08746658263188326,0.017949223866530837,4.775513601421969,-0.03355596390314359,0.004673605028208806,0.0
16,64,2.0,False,2.5,0.04393693362340742,simrf,cos,500,0.015366519669544894,0.0003459769813496117,7.960054259342587,0.001124705283002078,0.0018798212985875085,0.0
16,64,2.0,False,2.5,0.04393693362340742,simrf,positive,500,0.02877300749728835,0.011909727782117211,14.904786887873717,-0.003150092662989594,0.002791323000437553,0.0
16,64,2.0,False,2.5,0.04393693362340742,simrf,hyperbolic,500,0.018122109603027927,0.004575753430351633,9.387485184413782,0.00017143983870841317,0.002239676749818208,0.0
16,64,2.0,False,3.0,0.011108996538242306,simrf,cos,500,0.015349862903571427,0.00034168174123447813,124.38122738441525,-0.0025410042984363138,0.0019367168134472315,0.0
16,64,2.0,False,3.0,0.011108996538242306,simrf,positive,500,0.0015836423706088202,0.0009278651252095279,12.832387040307713,0.0006049006139363316,0.0006456286482968287,0.0
16,64,2.0,False,3.0,0.011108996538242306,simrf,hyperbolic,500,0.00617845901114317,0.005622506030506539,50.06457191037752,0.0014146455953529904,0.0012680728639502805,0.0
16,64,2.0,False,3.5,0.002187491118182885,simrf,cos,500,0.01511796834391805,0.0003533960826559487,3159.372509603514,-0.00023744673862365962,0.0019739682662243724,0.0
16,64,2.0,False,3.5,0.002187491118182885,simrf,positive,500,1.9507030435585542e-06,3.5639848539679396e-07,0.40766043624493853,-2.266663486617068e-05,2.3701537840100197e-05,0.0
16,64,2.0,False,3.5,0.002187491118182885,simrf,hyperbolic,500,1.1427183538331493e-06,1.9693274258653164e-07,0.23880675439912827,-9.244896914785284e-06,1.9872868125615193e-05,0.0
16,64,2.0,False,4.0,0.00033546262790251185,simrf,cos,500,0.015477969738920254,0.0005556242848277214,137538.94973312176,0.011606829500836656,0.004090895166190384,0.0
16,64,2.0,False,4.0,0.00033546262790251185,simrf,positive,500,0.0,0.0,0.0,0.0,0.0,0.0
16,64,2.0,False,4.0,0.00033546262790251185,simrf,hyperbolic,500,0.0,0.0,0.0,0.0,0.0,0.0
16,64,2.8284270763397217,False,0.5,0.8824969025845955,simrf,cos,500,0.007970265538977166,0.0001726986192990083,0.0102340235297971,0.002480113997749154,0.0014325691613737343,0.0
16,64,2.8284270763397217,False,0.5,0.8824969025845955,simrf,positive,500,68.31654814547001,67.12615473569386,87.72018419915527,-0.6845728015923438,0.13016121759681612,0.0
16,64,2.8284270763397217,False,0.5,0.8824969025845955,simrf,hyperbolic,500,50.595272584913694,29.83575264828462,64.96561596327366,-0.6016313279774377,0.11161987080050473,0.0
16,64,2.8284270763397217,False,1.0,0.6065306597126334,simrf,cos,500,0.008735166719833473,0.00019777106981754607,0.023744644963083532,-0.0019434276156921695,0.0015965351633178487,0.0
16,64,2.8284270763397217,False,1.0,0.6065306597126334,simrf,positive,500,3.4665719381687055,1.850759446843406,9.423119506570044,-0.5073169037247299,0.028371924301718768,0.0
16,64,2.8284270763397217,False,1.0,0.6065306597126334,simrf,hyperbolic,500,112.6732412132969,78.73774748639742,306.2776241436878,-0.28567112215059653,0.16757826734435766,0.0
16,64,2.8284270763397217,False,1.5,0.32465246735834974,simrf,cos,500,0.010048182703059507,0.000220091593644115,0.09533450312209556,-0.002383148180830093,0.0017516846458314945,0.0
16,64,2.8284270763397217,False,1.5,0.32465246735834974,simrf,positive,500,97.4722354206348,57.18944982449885,924.7908210503316,0.04678394959567579,0.15564576221947635,0.0
16,64,2.8284270763397217,False,1.5,0.32465246735834974,simrf,hyperbolic,500,55.766750290721,29.572613602345832,529.1001952105308,0.011074309894242433,0.1174393126282838,0.0
16,64,2.8284270763397217,False,2.0,0.1353352832366127,simrf,cos,500,0.013039339316643217,0.00029607664769121895,0.7119238043431628,-0.0002871630689583445,0.0018941023242452896,0.0
16,64,2.8284270763397217,False,2.0,0.1353352832366127,simrf,positive,500,0.8458148527026752,0.6641633954894137,46.179926228122454,-0.0918963592434637,0.014400904838829089,0.0
16,64,2.8284270763397217,False,2.0,0.1353352832366127,simrf,hyperbolic,500,32.26682894175005,31.73971999135676,1761.7091676554699,0.000719225868771133,0.0897505290531527,0.0
16,64,2.8284270763397217,False,2.5,0.04393693362340742,simrf,cos,500,0.014990093188016683,0.00033416349202227617,7.765060514366193,0.0005304554525436023,0.0019635385577434633,0.0
16,64,2.8284270763397217,False,2.5,0.04393693362340742,simrf,positive,500,0.13515702753449937,0.08046999139688926,70.01307360692289,-0.024087514394515466,0.005819613109011574,0.0
16,64,2.8284270763397217,False,2.5,0.04393693362340742,simrf,hyperbolic,500,0.8873313700152534,0.6976419519971279,459.64902939843114,-0.01103845040693925,0.014878717672210136,0.0
16,64,2.8284270763397217,False,3.0,0.011108996538242306,simrf,cos,500,0.015983179940688715,0.00034002861536931456,129.51304848894003,-0.0018266549433750185,0.0019997570991227495,0.0
16,64,2.8284270763397217,False,3.0,0.011108996538242306,simrf,positive,500,0.062462107855095636,0.035855963030884556,506.13570224310564,-0.00015238698147435214,0.003935908399864224,0.0
16,64,2.8284270763397217,False,3.0,0.011108996538242306,simrf,hyperbolic,500,0.02906069529179344,0.013842487731439508,235.4812529430971,-0.0013479558777223747,0.002683292044968032,0.0
16,64,2.8284270763397217,False,3.5,0.002187491118182885,simrf,cos,500,0.015800700400650326,0.00036190608905179144,3302.0507347720954,0.00048751165893226453,0.0020593363007435734,0.0
16,64,2.8284270763397217,False,3.5,0.002187491118182885,simrf,positive,500,0.004951525834040556,0.004758011287811395,1034.776250669476,7.417114845891221e-06,0.0011132868079821094,0.0
16,64,2.8284270763397217,False,3.5,0.002187491118182885,simrf,hyperbolic,500,0.001626074649494335,0.001240601202760371,339.8191760496929,-0.00023276119339612304,0.0006379557154898625,0.0
16,64,2.8284270763397217,False,4.0,0.00033546262790251185,simrf,cos,500,0.015556862377692961,0.000348403631831054,138239.99844051054,-0.000663908684776254,0.002022605371462196,0.0
16,64,2.8284270763397217,False,4.0,0.00033546262790251185,simrf,positive,500,1.8538271338278646e-05,1.3536989478984142e-05,164.73312797110742,-4.274059472340899e-05,6.779370824268579e-05,0.0
16,64,2.8284270763397217,False,4.0,0.00033546262790251185,simrf,hyperbolic,500,0.00024193423042011318,0.00023504472979146487,2149.854310207143,0.0001995794819940092,0.0002477996749935458,0.0
16,64,4.0,False,0.5,0.8824969025845955,simrf,cos,500,0.007666388015775978,0.00017688048493119055,0.009843837066446657,-2.4611088592801534e-05,0.0013937871504329001,0.0
16,64,4.0,False,0.5,0.8824969025845955,simrf,positive,500,0.7783042832005518,0.0001943026647765159,0.9993624815464422,-0.8821732377691981,0.0001361058060868248,0.0
16,64,4.0,False,0.5,0.8824969025845955,simrf,hyperbolic,500,0.7782004773083628,0.00020655696199214826,0.9992291921424697,-0.8819003684773538,0.0003357689692002773,0.0
16,64,4.0,False,1.0,0.6065306597126334,simrf,cos,500,0.008674159761477299,0.00019401218838869085,0.023578810856774386,-0.0018672014895858345,0.0016047186560719416,0.0
16,64,4.0,False,1.0,0.6065306597126334,simrf,positive,500,0.36766063890599326,9.799336823958418e-05,0.9994052337778041,-0.6061996279378346,0.00021345617049847105,0.0
16,64,4.0,False,1.0,0.6065306597126334,simrf,hyperbolic,500,15.617829759429178,15.250293767810797,42.45366283502324,-0.5442907655587893,0.061897316631298306,0.0
16,64,4.0,False,1.5,0.32465246735834974,simrf,cos,500,0.01014452186768471,0.0002156981655925405,0.09624854366675495,-0.000437402922556968,0.0018160672578890994,0.0
16,64,4.0,False,1.5,0.32465246735834974,simrf,positive,500,0.10831087380007588,0.0024599556353326257,1.0276249588202855,-0.3231133570924344,0.0009874056187408771,0.0
16,64,4.0,False,1.5,0.32465246735834974,simrf,hyperbolic,500,0.105774260128912,0.0004653145025014213,1.003558238389387,-0.32361961447498266,0.0005100097139565935,0.0
16,64,4.0,False,2.0,0.1353352832366127,simrf,cos,500,0.012809160131362084,0.0002711238293837803,0.6993564466506765,0.003011300015289628,0.001898579990985178,0.0
16,64,4.0,False,2.0,0.1353352832366127,simrf,positive,500,0.018302460294392052,5.178938325522044e-06,0.9992804731288825,-0.1352261009404324,6.407741632652975e-05,0.0
16,64,4.0,False,2.0,0.1353352832366127,simrf,hyperbolic,500,0.018292994446336232,7.501228324497159e-06,0.9987636553365398,-0.13521843272777614,4.7261869841414894e-05,0.0
16,64,4.0,False,2.5,0.04393693362340742,simrf,cos,500,0.015067149577769319,0.0003327652093502279,7.8049767124807,-0.00151034014462863,0.001967826476180031,0.0
16,64,4.0,False,2.5,0.04393693362340742,simrf,positive,500,0.6199292320727035,0.6160701412495858,321.1312926004572,-0.03075080979233532,0.012439994610515002,0.0
16,64,4.0,False,2.5,0.04393693362340742,simrf,hyperbolic,500,0.15613913927236242,0.1537446456949716,80.8820765757601,-0.03731517388806267,0.006219960570595769,0.0
16,64,4.0,False,3.0,0.011108996538242306,simrf,cos,500,0.015637111999030187,0.00033526726735583895,126.70883091303772,-0.0005855667566433514,0.0020288513155157554,0.0
16,64,4.0,False,3.0,0.011108996538242306,simrf,positive,500,0.0001328882204310985,9.74799912041841e-06,1.0768044031393293,-0.011035453181251525,5.266183893368005e-05,0.0
16,64,4.0,False,3.0,0.011108996538242306,simrf,hyperbolic,500,0.0001251810901268975,2.1490412465938146e-06,1.0143528794436287,-0.011058227369262794,2.6860683489037052e-05,0.0
16,64,4.0,False,3.5,0.002187491118182885,simrf,cos,500,0.015378432863089148,0.0003342040884065805,3213.8047205247203,0.00039395877997619114,0.001964029642320121,0.0
16,64,4.0,False,3.5,0.002187491118182885,simrf,positive,500,4.862673947479651e-06,9.202254179723251e-08,1.0162078688974725,-0.0021778425117931466,5.466083585764956e-06,0.0
16,64,4.0,False,3.5,0.002187491118182885,simrf,hyperbolic,500,6.3800600838618106e-06,1.5895453200142715e-06,1.3333131793916502,-0.0021586862715325386,2.0754949765561514e-05,0.0
16,64,4.0,False,4.0,0.00033546262790251185,simrf,cos,500,0.015574958401582921,0.0003439214770127777,138400.80170877845,0.0011896909627712095,0.001894627691153012,0.0
16,64,4.0,False,4.0,0.00033546262790251185,simrf,positive,500,1.1227799361529598e-07,1.2303894121831284e-10,0.9977146602863972,-0.0003340385952471997,4.165524177748653e-07,0.0
16,64,4.0,False,4.0,0.00033546262790251185,simrf,hyperbolic,500,9.783967934623965e-07,8.661220170470287e-07,8.694142039617368,-0.0003190155684248018,1.4803271223436661e-05,0.0
16,256,0.5,False,0.125,0.9922179382602435,rff,cos,500,0.0019347401548245485,6.081256213495045e-05,0.0019652078789736847,-0.000757607329702086,0.001314723862466998,0.0
16,256,0.5,False,0.125,0.9922179382602435,rff,positive,500,0.006534971442332632,0.00016406509316535162,0.0066378822682288,-0.0005595255874296048,0.0012637368143060671,0.0
16,256,0.5,False,0.125,0.9922179382602435,rff,hyperbolic,500,0.0020419982264585947,5.0985558082146455e-05,0.002074155019463394,0.0007451872082812941,0.0008473928268359457,0.0
16,256,0.5,False,0.25,0.9692332344763441,rff,cos,500,0.0019073625814263703,6.178046992161862e-05,0.0020303768990756355,-0.0004840569261628922,0.001334558049048639,0.0
16,256,0.5,False,0.25,0.9692332344763441,rff,positive,500,0.0056452452789642355,0.00014191526179462252,0.006009332318689634,0.0003538615137933146,0.0011945115673589284,0.0
16,256,0.5,False,0.25,0.9692332344763441,rff,hyperbolic,500,0.0017737124348969195,4.6321809875069635e-05,0.001888107058661475,0.0007948098354024113,0.0007272077240439562,0.0
16,256,0.5,False,0.375,0.9321024923595276,rff,cos,500,0.0018281910529379948,6.58151348561982e-05,0.002104235003479165,-0.0007328297864432589,0.0013630655832757535,0.0
16,256,0.5,False,0.375,0.9321024923595276,rff,positive,500,0.004573331837381653,0.00012579141167550962,0.005263872678557817,0.0020704692214865094,0.0012214445981347593,0.0
16,256,0.5,False,0.375,0.9321024923595276,rff,hyperbolic,500,0.0013390507036985324,3.616971646374064e-05,0.0015412379125407658,4.250097498572933e-05,0.0007160830851514048,0.0
16,256,0.5,False,0.5,0.8824969025845955,rff,cos,500,0.0019820919442246556,6.735789113060689e-05,0.0025450564345964786,-0.0005624381562220517,0.0014000983943093994,0.0
16,256,0.5,False,0.5,0.8824969025845955,rff,positive,500,0.003444462478094027,8.087033433269664e-05,0.0044227773686999735,-0.0010847906729907035,0.0009183667762210539,0.0
16,256,0.5,False,0.5,0.8824969025845955,rff,hyperbolic,500,0.0008843547929130792,2.0045007388442538e-05,0.0011355340314700177,0.0006429120213489872,0.0005518609322329685,0.0
16,256,0.5,False,0.625,0.8225775623986646,rff,cos,500,0.0019792108506220644,7.236782679261582e-05,0.002925084019738784,-0.00042358564988142887,0.0014901802880131823,0.0
16,256,0.5,False,0.625,0.8225775623986646,rff,positive,500,0.0022484585877669432,6.116946116067037e-05,0.003323006380070317,-0.0016792475235656067,0.0009083830494204474,0.0
16,256,0.5,False,0.625,0.8225775623986646,rff,hyperbolic,500,0.0005109953577023455,1.2952780416060066e-05,0.0007552021829842182,-0.00017353212930638624,0.00044777529035623713,0.0
16,256,0.5,False,0.75,0.7548396019890073,rff,cos,500,0.0021834690992936076,8.364780034707013e-05,0.0038321076110441545,-0.000527592461630333,0.0016391308304033127,0.0
16,256,0.5,False,0.75,0.7548396019890073,rff,positive,500,0.001215866235293136,3.100646906845354e-05,0.0021339116984920043,0.0015146183191426512,0.0006917980990028155,0.0
16,256,0.5,False,0.75,0.7548396019890073,rff,hyperbolic,500,0.00021762198406571204,4.882026742473493e-06,0.0003819384765914678,0.0006692036195796819,0.00027733206859940364,0.0
16,256,0.5,False,0.875,0.6819407511903481,rff,cos,500,0.002321344799835063,8.689319183777655e-05,0.004991675739084039,-0.000924022403300441,0.0017219913145219922,0.0
16,256,0.5,False,0.875,0.6819407511903481,rff,positive,500,0.0004895188738746225,1.198659226698243e-05,0.0010526309950668726,0.0005694309799730861,0.0003580759935650685,0.0
16,256,0.5,False,0.875,0.6819407511903481,rff,hyperbolic,500,5.127540768684322e-05,1.2090750350264126e-06,0.00011025945330493099,0.00012035687202361106,0.00012735063839249545,0.0
16,256,0.5,False,1.0,0.6065306597126334,rff,cos,500,0.002529699306335931,0.00011387699031130082,0.0068764356558784125,-0.0005214273278843627,0.0019278900673494828,0.0
16,256,0.5,False,1.0,0.6065306597126334,rff,positive,500,1.5407439555097887e-33,0.0,4.18817629657037e-33,1.3877787807814457e-17,0.0,0.0
16,256,0.5,False,1.0,0.6065306597126334,rff,hyperbolic,500,1.5407439555097887e-33,0.0,4.18817629657037e-33,1.3877787807814457e-17,0.0,0.0
16,256,1.0,False,0.25,0.9692332344763441,rff,cos,500,0.00198644807423556,4.5007087795312725e-05,0.002114562967951806,-0.0010343896954868354,0.0007333582369800286,0.0
16,256,1.0,False,0.25,0.9692332344763441,rff,positive,500,0.1579762753247746,0.02195220542402948,0.1681648697237047,-0.00022617245564070354,0.006606003683151129,0.0
16,256,1.0,False,0.25,0.9692332344763441,rff,hyperbolic,500,0.07432604887321671,0.006883181172912851,0.07911966717879719,0.00011862804334667831,0.004608046664560477,0.0
16,256,1.0,False,0.5,0.8824969025845955,rff,cos,500,0.002063864802623659,4.72294358617723e-05,0.0026500548631760066,-0.0003306611276223741,0.00080303106758346,0.0
16,256,1.0,False,0.5,0.8824969025845955,rff,positive,500,0.2800387952715779,0.1713164739714834,0.35957693078732084,0.007197521379227444,0.009232172138220552,0.0
16,256,1.0,False,0.5,0.8824969025845955,rff,hyperbolic,500,0.09262945275747539,0.04282115819138074,0.11893857167447479,0.004587722901284406,0.00521631307134911,0.0
16,256,1.0,False,0.75,0.7548396019890073,rff,cos,500,0.002287935976956682,5.216988871759738e-05,0.004015452691184835,0.000273222050629381,0.0008558627574104111,0.0
16,256,1.0,False,0.75,0.7548396019890073,rff,positive,500,0.05860424271167907,0.008543756168675923,0.10285364908876399,-0.002352557937106166,0.003892948739804401,0.0
16,256,1.0,False,0.75,0.7548396019890073,rff,hyperbolic,500,0.030659360324346973,0.0027727627872709136,0.05380885311666896,0.0009592389251601948,0.003039704737619603,0.0
16,256,1.0,False,1.0,0.6065306597126334,rff,cos,500,0.0027312071679572256,6.301129429507285e-05,0.007424190814415217,-0.00030879684349568526,0.0009471030129723809,0.0
16,256,1.0,False,1.0,0.6065306597126334,rff,positive,500,0.03262719198105014,0.004684566744948143,0.08868990307573327,0.0043075778128409395,0.002835938402366852,0.0
16,256,1.0,False,1.0,0.6065306597126334,rff,hyperbolic,500,0.013358402291421908,0.0011915612569270574,0.03631190220601784,0.0030149887001748965,0.0019379215264443991,0.0
16,256,1.0,False,1.25,0.45783336177161427,rff,cos,500,0.0031127948642122156,6.760314910680448e-05,0.014850313747355555,0.0008054176455068357,0.0011470188202551,0.0
16,256,1.0,False,1.25,0.45783336177161427,rff,positive,500,0.007822005800903644,0.0003640334632319204,0.03731670262391409,-0.0002810316269380545,0.001539962444443414,0.0
16,256,1.0,False,1.25,0.45783336177161427,rff,hyperbolic,500,0.0036618031407751584,0.00016959605764026075,0.01746948574952923,-0.0003883151997779896,0.001074049412441591,0.0
16,256,1.0,False,1.5,0.32465246735834974,rff,cos,500,0.0034573821036174433,8.102513761442111e-05,0.03280272808447584,-8.980737038383202e-08,0.0012570427001092083,0.0
16,256,1.0,False,1.5,0.32465246735834974,rff,positive,500,0.0019355521078976178,8.65018547950997e-05,0.01836400709723951,0.0006962662531749937,0.0007672834387658834,0.0
16,256,1.0,False,1.5,0.32465246735834974,rff,hyperbolic,500,0.0007860698788086458,2.70415413053284e-05,0.007458023359054791,0.0002855104627891474,0.0004889073262262165,0.0
16,256,1.0,False,1.75,0.2162651668298873,rff,cos,500,0.003609940664187188,9.08019201247858e-05,0.07718393470481796,-0.0006544777925847383,0.0014794934925574533,0.0
16,256,1.0,False,1.75,0.2162651668298873,rff,positive,500,0.0002922320644399132,7.621580915588717e-06,0.006248197042170229,0.00012527057249365892,0.0002620786289738168,0.0
16,256,1.0,False,1.75,0.2162651668298873,rff,hyperbolic,500,8.770947434079091e-05,2.3966994047286303e-06,0.001875311250313248,0.00031763973569003844,0.00019696779665583273,0.0
16,256,1.0,False,2.0,0.1353352832366127,rff,cos,500,0.00365972834290353,0.00013539643842695026,0.19981439714639726,-0.0013666048401901386,0.0020308928563865236,0.0
16,256,1.0,False,2.0,0.1353352832366127,rff,positive,500,1.829633447167874e-33,0.0,9.989460145413046e-32,3.8163916471489756e-17,0.0,0.0
16,256,1.0,False,2.0,0.1353352832366127,rff,hyperbolic,500,1.829633447167874e-33,0.0,9.989460145413046e-32,3.8163916471489756e-17,0.0,0.0
16,256,2.0,False,0.5,0.8824969025845955,rff,cos,500,0.0020676912333240016,4.741102583567371e-05,0.0026549680974504407,-0.0009661822239290779,0.0007133869113234226,0.0
16,256,2.0,False,0.5,0.8824969025845955,rff,positive,500,5.949758774703436,1.7387200840466468,7.639641489880124,-0.2820673055201811,0.037874352227113134,0.0
16,256,2.0,False,0.5,0.8824969025845955,rff,hyperbolic,500,112.45902497278344,101.37034245542324,144.40024640097536,-0.04804082808654867,0.16710417534809935,0.0
16,256,2.0,False,1.0,0.6065306597126334,rff,cos,500,0.0027604542364178327,6.18476014750803e-05,0.007503692589147384,5.631664959696669e-05,0.0008878998487132798,0.0
16,256,2.0,False,1.0,0.6065306597126334,rff,positive,500,47.45692715233133,31.926869920686833,129.0013027126869,0.02387897026039489,0.1093960870232086,0.0
16,256,2.0,False,1.0,0.6065306597126334,rff,hyperbolic,500,15.328132260885544,8.09671545018095,41.666183388982034,0.015443632361597596,0.06273182530350006,0.0
16,256,2.0,False,1.5,0.32465246735834974,rff,cos,500,0.003651465668904289,8.585996821009183e-05,0.03464414168209608,0.0002806789838349378,0.0010125134055073597,0.0
16,256,2.0,False,1.5,0.32465246735834974,rff,positive,500,8.526187339004675,4.065381767522937,80.89421316378099,0.04627193461668429,0.048083138249378085,0.0
16,256,2.0,False,1.5,0.32465246735834974,rff,hyperbolic,500,3.2308581324942556,1.2880021846648542,30.65352848585613,0.009205778255690696,0.028843036712849785,0.0
16,256,2.0,False,2.0,0.1353352832366127,rff,cos,500,0.0038368176777727405,9.18170457679693e-05,0.20948314722085612,-0.0006343143548210414,0.0010153668585070887,0.0
16,256,2.0,False,2.0,0.1353352832366127,rff,positive,500,0.35414973438027897,0.20716210432352586,19.33592033189265,-0.009288399724018575,0.009366888792777254,0.0
16,256,2.0,False,2.0,0.1353352832366127,rff,hyperbolic,500,0.5043121185702462,0.3410019796042464,27.534508713231123,0.0010855073385229016,0.01119403648680532,0.0
16,256,2.0,False,2.5,0.04393693362340742,rff,cos,500,0.0036621075449308656,7.814287038924715e-05,1.8970186735888848,0.00041337795978061207,0.0009629284381935497,0.0
16,256,2.0,False,2.5,0.04393693362340742,rff,positive,500,0.008467853176671373,0.002731221969098912,4.38645654292433,-0.003032695999191685,0.0015111110119798298,0.0
16,256,2.0,False,2.5,0.04393693362340742,rff,hyperbolic,500,0.0038106212848342505,0.0007624415439927266,1.9739506954982966,-0.0022587536800107344,0.0010092381335650381,0.0
16,256,2.0,False,3.0,0.011108996538242306,rff,cos,500,0.00391904017330233,8.5555420321806e-05,31.756311439808364,-0.0007869432927848761,0.0009870611606636681,0.0
16,256,2.0,False,3.0,0.011108996538242306,rff,positive,500,0.00016693164538521905,2.533106056221611e-05,1.3526611327246822,6.31137849126466e-05,0.0002114509665548916,0.0
16,256,2.0,False,3.0,0.011108996538242306,rff,hyperbolic,500,7.186646348925313e-05,8.217530643399834e-06,0.5823399852314503,-0.00010489396562380573,0.00013692358683284987,0.0
16,256,2.0,False,3.5,0.002187491118182885,rff,cos,500,0.003819553292065679,8.137357495168715e-05,798.2151698824409,0.00021853142685800752,0.001016242673247668,0.0
16,256,2.0,False,3.5,0.002187491118182885,rff,positive,500,7.760780622698036e-07,7.97966273913918e-08,0.16218579371665293,1.7720646274514163e-05,1.4974944287104816e-05,0.0
16,256,2.0,False,3.5,0.002187491118182885,rff,hyperbolic,500,3.926061259516264e-07,4.0506828326109734e-08,0.08204733421951575,1.4759989124942397e-05,1.1818229727558932e-05,0.0
16,256,2.0,False,4.0,0.00033546262790251185,rff,cos,500,0.003847937929243195,0.00013466987952692573,34193.20171530923,0.00027985182104398287,0.002054598903819866,0.0
16,256,2.0,False,4.0,0.00033546262790251185,rff,positive,500,8.448865646535191e-39,0.0,7.50775539080339e-32,4.743384504624082e-20,0.0,0.0
16,256,2.0,False,4.0,0.00033546262790251185,rff,hyperbolic,500,8.448865646535191e-39,0.0,7.50775539080339e-32,4.743384504624082e-20,0.0,0.0
16,256,2.8284270763397217,False,0.5,0.8824969025845955,rff,cos,500,0.0020596170085252045,4.725844457409071e-05,0.002644600587588735,0.00016020319382411223,0.0007377153960724961,0.0
16,256,2.8284270763397217,False,0.5,0.8824969025845955,rff,positive,500,16.234945220923606,12.594618467619153,20.846082302199086,-0.6732844045504147,0.06272750211446924,0.0
16,256,2.8284270763397217,False,0.5,0.8824969025845955,rff,hyperbolic,500,171.83352660767875,159.8320221438874,220.6386156033488,-0.454820768556552,0.20673354770030736,0.0
16,256,2.8284270763397217,False,1.0,0.6065306597126334,rff,cos,500,0.0026853651539776257,6.166207197258041e-05,0.007299579300834505,0.0003204580631756407,0.0008923353384296433,0.0
16,256,2.8284270763397217,False,1.0,0.6065306597126334,rff,positive,500,11.461322473664627,9.836237298195199,31.155104610271827,-0.4614206022182384,0.05289790726316645,0.0
16,256,2.8284270763397217,False,1.0,0.6065306597126334,rff,hyperbolic,500,3.845115523395098,2.47340096577206,10.452107655570686,-0.4617412995334625,0.029840208662995676,0.0
16,256,2.8284270763397217,False,1.5,0.32465246735834974,rff,cos,500,0.003453629281942066,7.14594502698384e-05,0.0327671223037789,0.0004465545549078973,0.0009829707694832019,0.0
16,256,2.8284270763397217,False,1.5,0.32465246735834974,rff,positive,500,5.346670686384256,3.734313728503361,50.727799076415536,-0.21363052157114717,0.036331101863044314,0.0
16,256,2.8284270763397217,False,1.5,0.32465246735834974,rff,hyperbolic,500,5.413029087473678,3.2320805030457413,51.3573900564751,-0.19128755908304002,0.0364194162426024,0.0
16,256,2.8284270763397217,False,2.0,0.1353352832366127,rff,cos,500,0.003750288807303879,8.442869734725099e-05,0.20475883096879874,-0.00108825998295618,0.0010259111718959354,0.0
16,256,2.8284270763397217,False,2.0,0.1353352832366127,rff,positive,500,0.1417054776102913,0.06521004641665538,7.7368569270850465,-0.09965876305312307,0.005720235749483979,0.0
16,256,2.8284270763397217,False,2.0,0.1353352832366127,rff,hyperbolic,500,1.1842299446839886,0.7549792355137249,64.6567641935985,-0.07327495171057631,0.017448724915929293,0.0
16,256,2.8284270763397217,False,2.5,0.04393693362340742,rff,cos,500,0.003865705892365741,8.179719529759585e-05,2.0024852286414307,-0.0008980871746725916,0.001027784721317469,0.0
16,256,2.8284270763397217,False,2.5,0.04393693362340742,rff,positive,500,0.03573917895197808,0.01756462810614996,18.51335304024152,-0.027883357926182725,0.002932332181663286,0.0
16,256,2.8284270763397217,False,2.5,0.04393693362340742,rff,hyperbolic,500,0.036721553233063975,0.020887308967729657,19.022235516468353,-0.025885171794061097,0.002985375493667277,0.0
16,256,2.8284270763397217,False,3.0,0.011108996538242306,rff,cos,500,0.0038857905050980637,8.770306199653246e-05,31.486886587785158,-0.00010721392399982593,0.0009552059986730776,0.0
16,256,2.8284270763397217,False,3.0,0.011108996538242306,rff,positive,500,0.0017029989066534377,0.0008051081537078291,13.799543069181924,-0.006545841338285753,0.0007574687438585087,0.0
16,256,2.8284270763397217,False,3.0,0.011108996538242306,rff,hyperbolic,500,0.039410239084094786,0.03740272930908259,319.34447490423173,-0.0017924279477034514,0.0031353345634795166,0.0
16,256,2.8284270763397217,False,3.5,0.002187491118182885,rff,cos,500,0.003948220529070029,8.82193210714502e-05,825.1042149069146,0.00038076831913617037,0.0010362513410994627,0.0
16,256,2.8284270763397217,False,3.5,0.002187491118182885,rff,positive,500,7.688620639352005e-05,2.8384419330343985e-05,16.067778508420588,-0.0009203433228362796,0.00013663943121850898,0.0
16,256,2.8284270763397217,False,3.5,0.002187491118182885,rff,hyperbolic,500,5.9599966524078914e-05,1.646462355115345e-05,12.455277820793759,-0.0007522462503442338,0.00012312703223639625,0.0
16,256,2.8284270763397217,False,4.0,0.00033546262790251185,rff,cos,500,0.0039211411680145,9.326849406909399e-05,34843.69378549018,-0.0003785434603728323,0.0009813064528334946,0.0
16,256,2.8284270763397217,False,4.0,0.00033546262790251185,rff,positive,500,8.563224472729757e-05,6.160811688251723e-05,760.9375907659437,0.0001893964000085953,0.00015539815453712773,0.0
16,256,2.8284270763397217,False,4.0,0.00033546262790251185,rff,hyperbolic,500,2.3214830891578737e-05,1.5439440892928932e-05,206.28955301746896,6.286819949653817e-05,8.030229431829645e-05,0.0
16,256,4.0,False,0.5,0.8824969025845955,rff,cos,500,0.0020200485546053373,4.38365248674132e-05,0.002593793687056588,0.000750446485654299,0.0007208690021652253,0.0
16,256,4.0,False,0.5,0.8824969025845955,rff,positive,500,0.778179289737896,0.000223986112179187,0.9992019867634724,-0.8817157210835069,0.00043423544844578945,0.0
16,256,4.0,False,0.5,0.8824969025845955,rff,hyperbolic,500,0.7779090665357631,0.00028812035413930333,0.998855013303755,-0.8815412476229422,0.00044431869700392547,0.0
16,256,4.0,False,1.0,0.6065306597126334,rff,cos,500,0.0028251188726451507,5.877646678842833e-05,0.007679469294748016,-0.001277019079155735,0.0008792693873850222,0.0
16,256,4.0,False,1.0,0.6065306597126334,rff,positive,500,0.36757311616899424,0.00010359446129586484,0.9991673223122427,-0.6062179730054144,0.00013456070763124832,0.0
16,256,4.0,False,1.0,0.6065306597126334,rff,hyperbolic,500,0.4020175392783984,0.03454735974372519,1.0927969717422907,-0.6025781723024679,0.003118542582518712,0.0
16,256,4.0,False,1.5,0.32465246735834974,rff,cos,500,0.0035398563071019863,7.93278475996762e-05,0.033585221540451266,-0.0018766689501609215,0.0010140271578830135,0.0
16,256,4.0,False,1.5,0.32465246735834974,rff,positive,500,0.10525136954920948,4.792385189776277e-05,0.9985971906978491,-0.3241475117125866,0.00021122658307783497,0.0
16,256,4.0,False,1.5,0.32465246735834974,rff,hyperbolic,500,0.10522008098134847,4.33138440459139e-05,0.998300333031286,-0.3242986410064228,0.00011157433853732405,0.0
16,256,4.0,False,2.0,0.1353352832366127,rff,cos,500,0.003815887616490951,8.181838185553993e-05,0.20834040459479009,0.0008421773560313029,0.0010284279915572906,0.0
16,256,4.0,False,2.0,0.1353352832366127,rff,positive,500,0.024794253046287358,0.0060354298277056915,1.3537203477809405,-0.13354016176640335,0.001318395704679557,0.0
16,256,4.0,False,2.0,0.1353352832366127,rff,hyperbolic,500,0.019788646857081767,0.0014220063629555605,1.0804235100558583,-0.13430758632699685,0.0006607291733459203,0.0
16,256,4.0,False,2.5,0.04393693362340742,rff,cos,500,0.0038730095556919687,8.269281743844293e-05,2.0062686199114768,0.0017028316661431187,0.0009666109589604447,0.0
16,256,4.0,False,2.5,0.04393693362340742,rff,positive,500,0.0036685004384271647,0.001206285934176789,1.9003302744067065,-0.04276838527568862,0.0006770728645798228,0.0
16,256,4.0,False,2.5,0.04393693362340742,rff,hyperbolic,500,0.0023385955733325504,0.0002873271548445399,1.211422498698875,-0.04314749525283175,0.0003441407947970045,0.0
16,256,4.0,False,3.0,0.011108996538242306,rff,cos,500,0.003910362828429469,8.805234538477524e-05,31.68599818603505,-0.00022034219542816898,0.0009717035177155704,0.0
16,256,4.0,False,3.0,0.011108996538242306,rff,positive,500,0.00015743849431121333,3.4462501620461846e-05,1.2757373328348613,-0.010973971426212181,9.612921623493641e-05,0.0
16,256,4.0,False,3.0,0.011108996538242306,rff,hyperbolic,500,0.00013199696178803298,8.107550775038643e-06,1.0695824595533923,-0.010993242730837781,5.2641168345678035e-05,0.0
16,256,4.0,False,3.5,0.002187491118182885,rff,cos,500,0.003999586438061139,8.48790506565778e-05,835.8387287718413,0.000785061273981714,0.0010095901338695566,0.0
16,256,4.0,False,3.5,0.002187491118182885,rff,positive,500,0.00014807740755939564,0.00014331133968176443,30.945407484248282,-0.0019895122950138737,0.00018982468699179841,0.0
16,256,4.0,False,3.5,0.002187491118182885,rff,hyperbolic,500,4.053664259492961e-05,3.562033404695644e-05,8.471399815939296,-0.002074911611849747,9.515193951049502e-05,0.0
16,256,4.0,False,4.0,0.00033546262790251185,rff,cos,500,0.0037388451182895272,8.319769071077744e-05,33223.790940182065,0.0015570209142031937,0.000999303037884843,0.0
16,256,4.0,False,4.0,0.00033546262790251185,rff,positive,500,2.995682134196533e-06,2.878195580597079e-06,26.619962528781286,-0.0003045826536371697,2.693547350226209e-05,0.0
16,256,4.0,False,4.0,0.00033546262790251185,rff,hyperbolic,500,8.374664336876469e-07,7.150378057772032e-07,7.441819286964007,-0.00031490568937634006,1.3576206566963148e-05,0.0
16,256,0.5,False,0.125,0.9922179382602435,orf,cos,500,0.001993682301314843,6.511158979986408e-05,0.002025078229210382,-0.0012649219563350095,0.0013631808308176472,0.0
16,256,0.5,False,0.125,0.9922179382602435,orf,positive,500,0.004706973995400645,0.0001165821431429175,0.004781098050205323,-0.0016557492058901,0.0011091986516995236,0.0
16,256,0.5,False,0.125,0.9922179382602435,orf,hyperbolic,500,0.0006168396603392209,2.016113106516215e-05,0.0006265534715549531,-0.0002791456875099432,0.0005764868187591411,0.0
16,256,0.5,False,0.25,0.9692332344763441,orf,cos,500,0.001887348819197713,5.714735514242908e-05,0.00200907236008113,-0.0020075788966016665,0.0013306917615681032,0.0
16,256,0.5,False,0.25,0.9692332344763441,orf,positive,500,0.004401245132799364,0.00011135075041468873,0.004685101056204121,-0.000945149122096781,0.001120817434303008,0.0
16,256,0.5,False,0.25,0.9692332344763441,orf,hyperbolic,500,0.0005083034242396392,1.6724677258375064e-05,0.0005410861785520698,-0.00038134989986803573,0.0005345518167985983,0.0
16,256,0.5,False,0.375,0.9321024923595276,orf,cos,500,0.0019388460585042287,6.332307394320959e-05,0.002231598134180663,-0.0024647552286677053,0.0014109754780067037,0.0
16,256,0.5,False,0.375,0.9321024923595276,orf,positive,500,0.0036208427365721353,9.187988182114122e-05,0.00416756444363082,-0.0006979747976854644,0.0010395963955733487,0.0
16,256,0.5,False,0.375,0.9321024923595276,orf,hyperbolic,500,0.0003543732833797626,1.034716433832432e-05,0.00040788114895715365,-0.000517643384852889,0.0004578467432344722,0.0
16,256,0.5,False,0.5,0.8824969025845955,orf,cos,500,0.002075476823839118,7.238044593031395e-05,0.0026649649935557734,-0.0016661717580956866,0.0014891367979279978,0.0
16,256,0.5,False,0.5,0.8824969025845955,orf,positive,500,0.0027066136305932253,6.974875260934e-05,0.003475360694835186,-0.0006404203909617527,0.0008465862900358343,0.0
16,256,0.5,False,0.5,0.8824969025845955,orf,hyperbolic,500,0.0002330847920343777,6.943320584423193e-06,0.00029928679721551735,-0.00014143567207176052,0.0003684539217891828,0.0
16,256,0.5,False,0.625,0.8225775623986646,orf,cos,500,0.0019888959691272577,7.52945614322639e-05,0.002939397697010669,-0.002425066841340558,0.0015817571536106882,0.0
16,256,0.5,False,0.625,0.8225775623986646,orf,positive,500,0.0018582072749726661,4.855047255373651e-05,0.002746252327626717,-0.0007787023353273488,0.0008633566339677617,0.0
16,256,0.5,False,0.625,0.8225775623986646,orf,hyperbolic,500,0.00012104265033670458,3.669361532818574e-06,0.00017888944075637175,-0.0003764838618012278,0.00028652557311820593,0.0
16,256,0.5,False,0.75,0.7548396019890073,orf,cos,500,0.0019859891214208105,8.33217125271086e-05,0.0034855194562220856,-0.002095225850381213,0.0016718406058243006,0.0
16,256,0.5,False,0.75,0.7548396019890073,orf,positive,500,0.001019835556606706,2.640557944681161e-05,0.0017898671429562975,-0.00027172004628304546,0.0006665531672710669,0.0
16,256,0.5,False,0.75,0.7548396019890073,orf,hyperbolic,500,4.570918931532708e-05,1.305278725911907e-06,8.022212557374471e-05,-5.5375331177591e-05,0.0001761273656310794,0.0
16,256,0.5,False,0.875,0.6819407511903481,orf,cos,500,0.0020576922643465146,0.00010091936533186986,0.0044247336953860536,-0.002040691483010412,0.001819883836125367,0.0
16,256,0.5,False,0.875,0.6819407511903481,orf,positive,500,0.0004235394897957006,1.0486976972867117e-05,0.0009107530238107873,-0.000466798332784644,0.0003388522041635183,0.0
16,256,0.5,False,0.875,0.6819407511903481,orf,hyperbolic,500,9.323256944593307e-06,2.7446847610586125e-07,2.004815290812458e-05,-7.795071851133888e-05,8.527778745404249e-05,0.0
16,256,0.5,False,1.0,0.6065306597126334,orf,cos,500,0.0021501609345015204,0.00012580314242343114,0.005844743396518002,-0.0025317224895945257,0.0020399616063935797,0.0
16,256,0.5,False,1.0,0.6065306597126334,orf,positive,500,1.5407439555097887e-33,0.0,4.18817629657037e-33,1.3877787807814457e-17,0.0,0.0
16,256,0.5,False,1.0,0.6065306597126334,orf,hyperbolic,500,1.5407439555097887e-33,0.0,4.18817629657037e-33,1.3877787807814457e-17,0.0,0.0
16,256,1.0,False,0.25,0.9692332344763441,orf,cos,500,0.0019608329730677414,4.5518999649676615e-05,0.002087295834694043,-0.0002531737137949237,0.000767575445583789,0.0
16,256,1.0,False,0.25,0.9692332344763441,orf,positive,500,0.18485294225507665,0.03770776098986491,0.1967749327451921,0.00404335131072372,0.0070066105749870666,0.0
16,256,1.0,False,0.25,0.9692332344763441,orf,hyperbolic,500,0.07880568086413416,0.010784762745869987,0.08388821061111998,0.004963957250001654,0.004798267426606227,0.0
16,256,1.0,False,0.5,0.8824969025845955,orf,cos,500,0.0019772687198914667,4.738908525004463e-05,0.0025388632919622774,8.522214011634582e-05,0.000786804603890375,0.0
16,256,1.0,False,0.5,0.8824969025845955,orf,positive,500,0.15053577068858887,0.049643798820912716,0.1932917556848256,-0.0005937514322799047,0.006579686765687992,0.0
16,256,1.0,False,0.5,0.8824969025845955,orf,hyperbolic,500,0.056483164514504254,0.012558289245796623,0.07252581885157856,0.0008709798706750334,0.003977713924911575,0.0
16,256,1.0,False,0.75,0.7548396019890073,orf,cos,500,0.00206028693964214,4.411168308591948e-05,0.003615916188093419,9.515859560383452e-05,0.0008356866097811463,0.0
16,256,1.0,False,0.75,0.7548396019890073,orf,positive,500,0.04771081624396984,0.003669985075569736,0.08373509023635634,-0.0012164694960718038,0.0033569528213102983,0.0
16,256,1.0,False,0.75,0.7548396019890073,orf,hyperbolic,500,0.018269706007964195,0.001301021219813821,0.03206433261057311,-0.002677236217558418,0.002388882121365669,0.0
16,256,1.0,False,1.0,0.6065306597126334,orf,cos,500,0.0019931000466152995,4.712307856939286e-05,0.0054178076390152445,-0.0020352480067701794,0.0008337274364242149,0.0
16,256,1.0,False,1.0,0.6065306597126334,orf,positive,500,0.01980872078331615,0.001317073882070556,0.053845685750307314,-0.005385206230256902,0.0021026945609234193,0.0
16,256,1.0,False,1.0,0.6065306597126334,orf,hyperbolic,500,0.008224063775009324,0.000614474478942822,0.022355323115696143,-0.002638432514419474,0.0016487694065530326,0.0
16,256,1.0,False,1.25,0.45783336177161427,orf,cos,500,0.002213619670680938,5.1831808124078695e-05,0.010560588815173747,-0.0021924156164065157,0.000989313616316021,0.0
16,256,1.0,False,1.25,0.45783336177161427,orf,positive,500,0.007214236812181007,0.0005642176684789703,0.034417198942444105,-0.0011919647371714868,0.001491382622004412,0.0
16,256,1.0,False,1.25,0.45783336177161427,orf,hyperbolic,500,0.0023882365126756803,0.00017877853405267872,0.011393639177408458,-0.0008613608381815068,0.0009384556083699129,0.0
16,256,1.0,False,1.5,0.32465246735834974,orf,cos,500,0.0024727622300463044,6.262462573793875e-05,0.023460914824804145,-0.0026271646999602603,0.0011812553374457016,0.0
16,256,1.0,False,1.5,0.32465246735834974,orf,positive,500,0.0015312403032408217,6.659530651211083e-05,0.014528003499134438,0.00011732166965505044,0.0006828390949214333,0.0
16,256,1.0,False,1.5,0.32465246735834974,orf,hyperbolic,500,0.0003815897380287144,1.8667345386006175e-05,0.003620422632281695,-4.8876672566246115e-05,0.000396996926485749,0.0
16,256,1.0,False,1.75,0.2162651668298873,orf,cos,500,0.002947245910306772,8.034792799156317e-05,0.06301489610532945,-0.000595884556246619,0.0014863255315223317,0.0
16,256,1.0,False,1.75,0.2162651668298873,orf,positive,500,0.0002247101757535322,6.991352401205735e-06,0.004804515405178818,-0.0002540451320554761,0.0002239053861604397,0.0
16,256,1.0,False,1.75,0.2162651668298873,orf,hyperbolic,500,2.5614358447427233e-05,8.957681172594354e-07,0.000547659131776109,-7.561761592545906e-05,0.00012680344584231447,0.0
16,256,1.0,False,2.0,0.1353352832366127,orf,cos,500,0.0032862201085078328,0.00013678173197630307,0.17942153852624618,-0.0018779129796303979,0.0021122469582331035,0.0
16,256,1.0,False,2.0,0.1353352832366127,orf,positive,500,1.829633447167874e-33,0.0,9.989460145413046e-32,3.8163916471489756e-17,0.0,0.0
16,256,1.0,False,2.0,0.1353352832366127,orf,hyperbolic,500,1.829633447167874e-33,0.0,9.989460145413046e-32,3.8163916471489756e-17,0.0,0.0
16,256,2.0,False,0.5,0.8824969025845955,orf,cos,500,0.001959532498813415,4.439860877434768e-05,0.002516089533302066,-7.674184113776083e-05,0.0006796618742765637,0.0
16,256,2.0,False,0.5,0.8824969025845955,orf,positive,500,10.61021714751908,4.616391354996354,13.623788493990604,-0.23238315527673264,0.05126105989934331,0.0
16,256,2.0,False,0.5,0.8824969025845955,orf,hyperbolic,500,10.242453525126066,4.029660541596008,13.151570655504822,-0.14893201996277936,0.05086272597674494,0.0
16,256,2.0,False,1.0,0.6065306597126334,orf,cos,500,0.002093409717686678,4.402342706113514e-05,0.005690477595107276,0.0015150036501893752,0.0007366368687450309,0.0
16,256,2.0,False,1.0,0.6065306597126334,orf,positive,500,41.132519970711414,36.62455363970245,111.8097815951136,-0.028635809008452653,0.10098881458671696,0.0
16,256,2.0,False,1.0,0.6065306597126334,orf,hyperbolic,500,13.69443996965413,9.356722444224694,37.22534732043406,-0.05042757996867969,0.05805320404103884,0.0
16,256,2.0,False,1.5,0.32465246735834974,orf,cos,500,0.002402315828536832,5.4539032134777506e-05,0.022792537976660223,0.0005421756603977046,0.0008310329079602588,0.0
16,256,2.0,False,1.5,0.32465246735834974,orf,positive,500,5.23463080228854,2.836656383015844,49.664794252979156,0.016690589123920414,0.03580572713211705,0.0
16,256,2.0,False,1.5,0.32465246735834974,orf,hyperbolic,500,2.299134998529029,0.8316827186413954,21.813585518169972,0.008978552872435624,0.02428889050069617,0.0
16,256,2.0,False,2.0,0.1353352832366127,orf,cos,500,0.0033185711518453373,7.457459142578373e-05,0.181187845644116,-0.0005679150930058061,0.0010233871756763133,0.0
16,256,2.0,False,2.0,0.1353352832366127,orf,positive,500,1.0049127279853223,0.9380676962827447,54.86637589275889,-0.012745133236649457,0.0160042796238546,0.0
16,256,2.0,False,2.0,0.1353352832366127,orf,hyperbolic,500,0.2813231404663166,0.2343188497496102,15.359723030975266,-0.014353299086492839,0.008386233543254983,0.0
16,256,2.0,False,2.5,0.04393693362340742,orf,cos,500,0.0037975713773567292,8.597705097091458e-05,1.9671906760642053,0.0023818690401686796,0.0009635976995410512,0.0
16,256,2.0,False,2.5,0.04393693362340742,orf,positive,500,0.01644944134935068,0.00676839727706409,8.521021577593368,-0.001845864662859582,0.0020083768946618456,0.0
16,256,2.0,False,2.5,0.04393693362340742,orf,hyperbolic,500,0.008741311141226744,0.002164519940782185,4.528111275571713,-3.0448429456781887e-05,0.0014625159663353175,0.0
16,256,2.0,False,3.0,0.011108996538242306,orf,cos,500,0.003886470567395679,8.569297696452908e-05,31.492397189658714,-0.0008145074781383419,0.0009741625948906442,0.0
16,256,2.0,False,3.0,0.011108996538242306,orf,positive,500,0.0002800804184464917,0.00016388272673611452,2.2695151371423554,3.4631653605458636e-05,0.000263958035661849,0.0
16,256,2.0,False,3.0,0.011108996538242306,orf,hyperbolic,500,0.00010529350388113905,4.0966999448701426e-05,0.8532020989773543,-0.00012680352692833873,0.00016337998240841157,0.0
16,256,2.0,False,3.5,0.002187491118182885,orf,cos,500,0.003926001397194083,8.636348635853512e-05,820.4608320899134,0.0012688115501647377,0.001030075843005765,0.0
16,256,2.0,False,3.5,0.002187491118182885,orf,positive,500,5.589112845671047e-07,9.100852648560738e-08,0.11680200061266045,-1.592394545444629e-05,1.2541044776627026e-05,0.0
16,256,2.0,False,3.5,0.002187491118182885,orf,hyperbolic,500,4.059446054084698e-07,1.2152389190432988e-07,0.08483482684796907,2.2885709311145867e-06,1.076561418056088e-05,0.0
16,256,2.0,False,4.0,0.00033546262790251185,orf,cos,500,0.004056732166804338,0.00015111294693239896,36048.570386322725,-0.003449684636142706,0.002152598781669099,0.0
16,256,2.0,False,4.0,0.00033546262790251185,orf,positive,500,8.448865646535191e-39,0.0,7.50775539080339e-32,4.743384504624082e-20,0.0,0.0
16,256,2.0,False,4.0,0.00033546262790251185,orf,hyperbolic,500,8.448865646535191e-39,0.0,7.50775539080339e-32,4.743384504624082e-20,0.0,0.0
16,256,2.8284270763397217,False,0.5,0.8824969025845955,orf,cos,500,0.0019215107702251707,4.206624161203019e-05,0.0024672686674083576,0.00015085390502552937,0.0006903096817261568,0.0
16,256,2.8284270763397217,False,0.5,0.8824969025845955,orf,positive,500,11.980941495924998,10.556950099709736,15.383833396616547,-0.7199482630157535,0.05444198171727907,0.0
16,256,2.8284270763397217,False,0.5,0.8824969025845955,orf,hyperbolic,500,4.155796943176423,2.628223935161567,5.336148901631748,-0.7175476786912474,0.03081688344258934,0.0
16,256,2.8284270763397217,False,1.0,0.6065306597126334,orf,cos,500,0.002066501778129411,4.774235508670133e-05,0.005617334231967483,0.0007277198063105557,0.0007641115147048103,0.0
16,256,2.8284270763397217,False,1.0,0.6065306597126334,orf,positive,500,269.67190438619593,267.1388299077537,733.0442373389415,-0.22620460284960767,0.2594804464260543,0.0
16,256,2.8284270763397217,False,1.0,0.6065306597126334,orf,hyperbolic,500,68.81451946840991,66.70850950493322,187.05725780511986,-0.3481745938600422,0.13085035448507062,0.0
16,256,2.8284270763397217,False,1.5,0.32465246735834974,orf,cos,500,0.0024768166186247323,5.748680862811351e-05,0.023499381792614217,0.000617391415855637,0.0008569826517383274,0.0
16,256,2.8284270763397217,False,1.5,0.32465246735834974,orf,positive,500,1.0779159073964726,0.8718731173176547,10.22698138318643,-0.2623535792403655,0.015839227637961542,0.0
16,256,2.8284270763397217,False,1.5,0.32465246735834974,orf,hyperbolic,500,2.294759680108712,1.8565206973936956,21.772073652798053,-0.23709254606414795,0.02367303507547322,0.0
16,256,2.8284270763397217,False,2.0,0.1353352832366127,orf,cos,500,0.003201627015878685,7.061593486539765e-05,0.1748029121631123,0.001101251214334599,0.0009673315104007979,0.0
16,256,2.8284270763397217,False,2.0,0.1353352832366127,orf,positive,500,0.1281568243098688,0.03992562835802722,6.997125521441523,-0.09970099957122894,0.005361964102890348,0.0
16,256,2.8284270763397217,False,2.0,0.1353352832366127,orf,hyperbolic,500,0.6326061702381734,0.559138320112549,34.53912659455658,-0.08951450854308007,0.012423525207057643,0.0
16,256,2.8284270763397217,False,2.5,0.04393693362340742,orf,cos,500,0.003729206919208058,7.78513078022278e-05,1.9317770099916913,0.00021052694018788132,0.0009964005650792097,0.0
16,256,2.8284270763397217,False,2.5,0.04393693362340742,orf,positive,500,0.9032763088985113,0.5075037038358544,467.9087122285116,3.4931161746262876e-05,0.01497119757492959,0.0
16,256,2.8284270763397217,False,2.5,0.04393693362340742,orf,hyperbolic,500,0.23954023675695862,0.12671078852730278,124.08491466419552,-0.01263351703625022,0.0077476564818917465,0.0
16,256,2.8284270763397217,False,3.0,0.011108996538242306,orf,cos,500,0.0037630374414352923,8.573317902072857e-05,30.492208210558715,0.0008873775773872893,0.0009741125205256248,0.0
16,256,2.8284270763397217,False,3.0,0.011108996538242306,orf,positive,500,0.13936048636137147,0.0959701438456576,1129.2497171739178,0.0028721960446079554,0.005906388688062964,0.0
16,256,2.8284270763397217,False,3.0,0.011108996538242306,orf,hyperbolic,500,0.05891737945005236,0.032883529635451055,477.4124704765796,0.0018717777570852413,0.003844634916195652,0.0
16,256,2.8284270763397217,False,3.5,0.002187491118182885,orf,cos,500,0.003820238703748,8.533463441332753e-05,798.3584080992187,0.00035078459023199195,0.0009963236853548578,0.0
16,256,2.8284270763397217,False,3.5,0.002187491118182885,orf,positive,500,0.0005664099189451781,0.0004505345338823769,118.36907488975298,-0.000527523958544966,0.0003758409673687191,0.0
16,256,2.8284270763397217,False,3.5,0.002187491118182885,orf,hyperbolic,500,0.00016711056091553664,0.00011267733159033756,34.92298040386953,-0.0006388730860427956,0.0002039450987962119,0.0
16,256,2.8284270763397217,False,4.0,0.00033546262790251185,orf,cos,500,0.00392879137016972,9.180256291116188e-05,34911.67432734568,0.0005140652130388176,0.0010001958015736308,0.0
16,256,2.8284270763397217,False,4.0,0.00033546262790251185,orf,positive,500,5.415062172670729e-06,3.4564580119843617e-06,48.11884094177357,-5.6276574462603444e-05,3.681695225126904e-05,0.0
16,256,2.8284270763397217,False,4.0,0.00033546262790251185,orf,hyperbolic,500,0.00031041434826311107,0.0003086494819497481,2758.3762058174257,0.00021222662651367323,0.00027841642971723366,0.0
16,256,4.0,False,0.5,0.8824969025845955,orf,cos,500,0.002022401586359042,4.308812049974482e-05,0.0025968150396346182,3.195006720180044e-05,0.0007206271417012763,0.0
16,256,4.0,False,0.5,0.8824969025845955,orf,positive,500,0.8222529522354981,0.03795075690332054,1.055793689616911,-0.8765183533166471,0.003668326244019056,0.0
16,256,4.0,False,0.5,0.8824969025845955,orf,hyperbolic,500,770859.7445734045,770858.7923289164,989803.5047336716,13.00986347066603,13.88237431968265,0.0
16,256,4.0,False,1.0,0.6065306597126334,orf,cos,500,0.0021017528207566373,4.6133319015844706e-05,0.005713156500575307,0.0018967599381812213,0.000714200962538568,0.0
16,256,4.0,False,1.0,0.6065306597126334,orf,positive,500,0.3801841722359383,0.010507168338276297,1.0334477268566948,-0.6033609905473083,0.002006392209538236,0.0
16,256,4.0,False,1.0,0.6065306597126334,orf,hyperbolic,500,0.36990480748328614,0.002064423026275647,1.0055055164414581,-0.6040049864896372,0.001124071998734887,0.0
16,256,4.0,False,1.5,0.32465246735834974,orf,cos,500,0.0024628966706205643,5.397752531988082e-05,0.023367313003094827,-0.00019056291684123273,0.0008436411224064386,0.0
16,256,4.0,False,1.5,0.32465246735834974,orf,positive,500,0.10647848849043441,0.001129132962382615,1.0102397710519833,-0.32395551799002725,0.0006186664081179579,0.0
16,256,4.0,False,1.5,0.32465246735834974,orf,hyperbolic,500,0.10543745106694977,0.0001858734651080241,1.0003626829821977,-0.32408326890195144,0.0003189394823112618,0.0
16,256,4.0,False,2.0,0.1353352832366127,orf,cos,500,0.0031755163201234583,7.056110037428799e-05,0.17337731647879864,-0.00016344786933258104,0.0009413615501150703,0.0
16,256,4.0,False,2.0,0.1353352832366127,orf,positive,500,0.13417538552421837,0.10898012698575753,7.325727829606244,-0.12798764445768865,0.00542339912671671,0.0
16,256,4.0,False,2.0,0.1353352832366127,orf,hyperbolic,500,0.046799368879235616,0.026886073685484214,2.5551589635249674,-0.13136943920690702,0.0027152656146634006,0.0
16,256,4.0,False,2.5,0.04393693362340742,orf,cos,500,0.0038397649150900357,8.14839533048415e-05,1.9890474697281857,-5.607840202363284e-05,0.0009728296588824211,0.0
16,256,4.0,False,2.5,0.04393693362340742,orf,positive,500,0.001928347437262126,1.45525922629662e-06,0.9989087029181122,-0.04379061829804344,5.16714572487958e-05,0.0
16,256,4.0,False,2.5,0.04393693362340742,orf,hyperbolic,500,0.0019287225220644211,5.460155855145778e-06,0.9991030016560393,-0.04368778150156918,7.159659236616573e-05,0.0
16,256,4.0,False,3.0,0.011108996538242306,orf,cos,500,0.003926192450691609,8.283858137224406e-05,31.81426694376699,0.00014207057144908974,0.0009448891156292999,0.0
16,256,4.0,False,3.0,0.011108996538242306,orf,positive,500,0.00012294179289613796,8.823108468521023e-08,0.9962076660439971,-0.011072791064079318,9.111678809532111e-06,0.0
16,256,4.0,False,3.0,0.011108996538242306,orf,hyperbolic,500,0.000122833904330037,8.980812763894006e-08,0.9953334359380552,-0.011074612375034168,6.773617255295615e-06,0.0
16,256,4.0,False,3.5,0.002187491118182885,orf,cos,500,0.0039002132117689926,9.168380683326213e-05,815.0715838621669,-0.0012345912413122943,0.0010344709762586243,0.0
16,256,4.0,False,3.5,0.002187491118182885,orf,positive,500,5.9754693527724335e-06,7.110966120019919e-07,1.2487612869438527,-0.0021362325510847838,1.881468101687871e-05,0.0
16,256,4.0,False,3.5,0.002187491118182885,orf,hyperbolic,500,5.815098025900549e-06,8.184386314462327e-07,1.2152466803564204,-0.002140996563378279,1.74986126413489e-05,0.0
16,256,4.0,False,4.0,0.00033546262790251185,orf,cos,500,0.004051754589898367,8.887370781604962e-05,36004.33908781194,0.0010354461850730359,0.0010259567765659229,0.0
16,256,4.0,False,4.0,0.00033546262790251185,orf,positive,500,2.35689437433323e-06,2.127862993317317e-06,20.943623895488333,-0.0003033139198865622,2.3784481011281805e-05,0.0
16,256,4.0,False,4.0,0.00033546262790251185,orf,hyperbolic,500,6.762088662091082e-07,5.280879822999507e-07,6.008866720081456,-0.0003154702448595402,1.199398730017248e-05,0.0
16,256,0.5,False,0.125,0.9922179382602435,simrf,cos,500,0.002000843788173948,6.48772978635709e-05,0.0020323524930775916,-0.0011178584787361627,0.0013647622928333683,0.0
16,256,0.5,False,0.125,0.9922179382602435,simrf,positive,500,0.0016673585542863862,5.492820265953259e-05,0.0016936156309088058,-0.0016032512398278102,0.000757640891255614,0.0
16,256,0.5,False,0.125,0.9922179382602435,simrf,hyperbolic,500,0.0007077895554600037,2.0878893313729574e-05,0.0007189356191200877,-0.00044662744396023403,0.000588120194532895,0.0
16,256,0.5,False,0.25,0.9692332344763441,simrf,cos,500,0.0018679866003728884,5.6564024971821136e-05,0.0019884613854297493,-0.001845247939666163,0.00132712748590663,0.0
16,256,0.5,False,0.25,0.9692332344763441,simrf,positive,500,0.0014581996891353218,4.7642173300224406e-05,0.001552245489080295,-0.001247819777318372,0.0006917204528529372,0.0
16,256,0.5,False,0.25,0.9692332344763441,simrf,hyperbolic,500,0.0006083581687810475,2.0226127894316827e-05,0.0006475938997048409,-0.0002970830135961858,0.0005583529857925235,0.0
16,256,0.5,False,0.375,0.9321024923595276,simrf,cos,500,0.0019369926774199415,6.287871867709737e-05,0.0022294649056288245,-0.0024050340120117496,0.0014146804034680961,0.0
16,256,0.5,False,0.375,0.9321024923595276,simrf,positive,500,0.0010566002199754857,3.816657970535335e-05,0.0012161393985509292,-0.000636546195493957,0.0006447513384193775,0.0
16,256,0.5,False,0.375,0.9321024923595276,simrf,hyperbolic,500,0.0004293870533794445,1.348723297024979e-05,0.0004942214689814742,-0.0002133758034631568,0.0004977100976917235,0.0
16,256,0.5,False,0.5,0.8824969025845955,simrf,cos,500,0.002086758596000692,7.107972099762525e-05,0.0026794510757565146,-0.001500387931421967,0.0014906276651170428,0.0
16,256,0.5,False,0.5,0.8824969025845955,simrf,positive,500,0.0006636457353165803,1.9288255658883846e-05,0.0008521379918229145,-0.0004655068847437847,0.00047513199266254873,0.0
16,256,0.5,False,0.5,0.8824969025845955,simrf,hyperbolic,500,0.0002828800548945529,7.946720736748882e-06,0.0003632251803586294,-0.0001917439091810456,0.00038741014705176213,0.0
16,256,0.5,False,0.625,0.8225775623986646,simrf,cos,500,0.001985896184154038,7.34098128197042e-05,0.0029349643022134144,-0.002065619632782568,0.0015740792138871694,0.0
16,256,0.5,False,0.625,0.8225775623986646,simrf,positive,500,0.0003586607514459098,9.117615341337401e-06,0.0005300662292914367,-0.0007410592463942357,0.0003808785766752191,0.0
16,256,0.5,False,0.625,0.8225775623986646,simrf,hyperbolic,500,0.00014914397049979936,4.257795641533553e-06,0.00022042049972201798,-0.0004643462242195781,0.0002982721947064805,0.0
16,256,0.5,False,0.75,0.7548396019890073,simrf,cos,500,0.002024852179968994,8.565145384099554e-05,0.003553726248110795,-0.002232687987346685,0.0016785276802716747,0.0
16,256,0.5,False,0.75,0.7548396019890073,simrf,positive,500,0.000146327247128559,3.808656542348977e-06,0.00025681231651315795,-0.00045292902914256155,0.00025372657773042634,0.0
16,256,0.5,False,0.75,0.7548396019890073,simrf,hyperbolic,500,5.804429832077377e-05,1.531322997090334e-06,0.00010187091607786684,-0.00014770048609157334,0.0001821817125166138,0.0
16,256,0.5,False,0.875,0.6819407511903481,simrf,cos,500,0.00208260027878963,0.00010206030129483505,0.0044782943432541715,-0.001905778208016172,0.0018186761033558356,0.0
16,256,0.5,False,0.875,0.6819407511903481,simrf,positive,500,3.458821253171344e-05,8.753643526791797e-07,7.43763448519599e-05,-9.279536382252848e-05,0.00011667679913207267,0.0
16,256,0.5,False,0.875,0.6819407511903481,simrf,hyperbolic,500,1.206590564543201e-05,3.1143149383446265e-07,2.594577439967536e-05,-0.00012829415854753907,8.586033360654134e-05,0.0
16,256,0.5,False,1.0,0.6065306597126334,simrf,cos,500,0.002194687049197507,0.00012589419357370566,0.005965777924987986,-0.0026748139244701834,0.002041434375414854,0.0
16,256,0.5,False,1.0,0.6065306597126334,simrf,positive,500,1.5407439555097887e-33,0.0,4.18817629657037e-33,1.3877787807814457e-17,0.0,0.0
16,256,0.5,False,1.0,0.6065306597126334,simrf,hyperbolic,500,1.5407439555097887e-33,0.0,4.18817629657037e-33,1.3877787807814457e-17,0.0,0.0
16,256,1.0,False,0.25,0.9692332344763441,simrf,cos,500,0.001968755424035109,4.465442775353916e-05,0.002095729239849854,-0.0007660118990260429,0.0007615247972378301,0.0
16,256,1.0,False,0.25,0.9692332344763441,simrf,positive,500,0.14716748248217384,0.022338433726965097,0.15665896963516518,0.0003201232546629313,0.006272418659824721,0.0
16,256,1.0,False,0.25,0.9692332344763441,simrf,hyperbolic,500,0.07305282064357578,0.007757572257047031,0.07776432278340661,0.002251422179731583,0.004590889428230902,0.0
16,256,1.0,False,0.5,0.8824969025845955,simrf,cos,500,0.0019773456737763183,4.654042532596391e-05,0.0025389621027063396,-0.0002070682405383507,0.0007748986483987868,0.0
16,256,1.0,False,0.5,0.8824969025845955,simrf,positive,500,0.10984268740105844,0.022533163394516064,0.1410408024602454,-0.0019151038187889614,0.005512235968153364,0.0
16,256,1.0,False,0.5,0.8824969025845955,simrf,hyperbolic,500,0.05027134807242379,0.005989209666989289,0.06454968865614844,0.001337496926901284,0.0036861286296640925,0.0
16,256,1.0,False,0.75,0.7548396019890073,simrf,cos,500,0.002071635803777421,4.70475103083466e-05,0.003635834064945254,-0.00014068573290358725,0.000825445096487021,0.0
16,256,1.0,False,0.75,0.7548396019890073,simrf,positive,500,0.0423698926295622,0.0035151300136279343,0.07436147737442098,-0.0025603132678520026,0.0033498576393470683,0.0
16,256,1.0,False,0.75,0.7548396019890073,simrf,hyperbolic,500,0.019425550131635414,0.0014039067691034451,0.03409290222254247,-0.003456089368370126,0.0024895155118378263,0.0
16,256,1.0,False,1.0,0.6065306597126334,simrf,cos,500,0.00209189657165495,5.0585797873791556e-05,0.005686364437745426,-0.001654197001598862,0.0008435651990832933,0.0
16,256,1.0,False,1.0,0.6065306597126334,simrf,positive,500,0.01687568110559045,0.0014173604194139113,0.045872857292196166,-0.004735876001835486,0.002105860353567831,0.0
16,256,1.0,False,1.0,0.6065306597126334,simrf,hyperbolic,500,0.008587318407344677,0.0008751267043201917,0.023342751581876903,-0.0029488995899776926,0.0016807296547227556,0.0
16,256,1.0,False,1.25,0.45783336177161427,simrf,cos,500,0.0023000263105784104,5.2762243205238555e-05,0.010972811839274945,-0.0018601735923632961,0.0009859082862737332,0.0
16,256,1.0,False,1.25,0.45783336177161427,simrf,positive,500,0.005611391073784118,0.0006815623410000033,0.026770449592698708,-0.0016621822759350531,0.00126715417121155,0.0
16,256,1.0,False,1.25,0.45783336177161427,simrf,hyperbolic,500,0.0024196382974946626,0.00019626973293931663,0.011543448714217384,-0.001132998146065869,0.0009542141912899201,0.0
16,256,1.0,False,1.5,0.32465246735834974,simrf,cos,500,0.0025631643580779832,6.504213312724598e-05,0.024318626334613375,-0.002274966361396682,0.0011812834395972139,0.0
16,256,1.0,False,1.5,0.32465246735834974,simrf,positive,500,0.0009765264101939212,4.1320543229193064e-05,0.00926502461714741,-0.00025853644333118016,0.0005589714875039344,0.0
16,256,1.0,False,1.5,0.32465246735834974,simrf,hyperbolic,500,0.00040531505040186644,2.1533332385706183e-05,0.00384552212871325,-0.0002302488634427921,0.0004040534320509481,0.0
16,256,1.0,False,1.75,0.2162651668298873,simrf,cos,500,0.0029806088028581246,8.022789498595815e-05,0.06372822620124871,-0.0009194834138074402,0.0014880022688628757,0.0
16,256,1.0,False,1.75,0.2162651668298873,simrf,positive,500,6.942784520493806e-05,2.404678453790904e-06,0.0014844327842160566,-0.00017166382850786226,0.00015976772365679852,0.0
16,256,1.0,False,1.75,0.2162651668298873,simrf,hyperbolic,500,2.9492247939280186e-05,8.994412237103939e-07,0.000630572065027623,-5.70763601637189e-05,0.0001323703205543068,0.0
16,256,1.0,False,2.0,0.1353352832366127,simrf,cos,500,0.003256734144766782,0.00013129040997501536,0.17781165945404045,-0.001741039181179895,0.0020932525440711166,0.0
16,256,1.0,False,2.0,0.1353352832366127,simrf,positive,500,1.829633447167874e-33,0.0,9.989460145413046e-32,3.8163916471489756e-17,0.0,0.0
16,256,1.0,False,2.0,0.1353352832366127,simrf,hyperbolic,500,1.829633447167874e-33,0.0,9.989460145413046e-32,3.8163916471489756e-17,0.0,0.0
16,256,2.0,False,0.5,0.8824969025845955,simrf,cos,500,0.0019762909857847285,4.569900966349082e-05,0.002537607856518463,0.000652104025487187,0.0007182124718211663,0.0
16,256,2.0,False,0.5,0.8824969025845955,simrf,positive,500,28.154779180127683,16.262478874991114,36.15145206851479,-0.16735469844491593,0.08748168779108519,0.0
16,256,2.0,False,0.5,0.8824969025845955,simrf,hyperbolic,500,10.844560383160045,4.241292996984052,13.924691164782448,-0.16598395807285116,0.05395901480929406,0.0
16,256,2.0,False,1.0,0.6065306597126334,simrf,cos,500,0.002059230579738517,4.615973887498767e-05,0.005597569065510396,0.0006061263848106987,0.000750883933578588,0.0
16,256,2.0,False,1.0,0.6065306597126334,simrf,positive,500,31.10070803946871,20.203631632311314,84.54048951589793,-0.021085140078430435,0.08812370894081537,0.0
16,256,2.0,False,1.0,0.6065306597126334,simrf,hyperbolic,500,9.500445605293567,5.065269506314793,25.824888651133097,-0.05842313974111741,0.04862635137502483,0.0
16,256,2.0,False,1.5,0.32465246735834974,simrf,cos,500,0.002400475991908124,5.158468784418879e-05,0.022775082092744984,0.0008106224594916025,0.0008263379651388165,0.0
16,256,2.0,False,1.5,0.32465246735834974,simrf,positive,500,3.650454160203865,1.472062171787808,34.63454475475027,0.009321664671270827,0.029883021071264178,0.0
16,256,2.0,False,1.5,0.32465246735834974,simrf,hyperbolic,500,1.3182339879937284,0.39793822515717525,12.507055848593911,-0.011224159926558093,0.018299484911374998,0.0
16,256,2.0,False,2.0,0.1353352832366127,simrf,cos,500,0.003349222734139114,7.722512751609968e-05,0.1828613653329449,0.00033696021339590986,0.001021882989172174,0.0
16,256,2.0,False,2.0,0.1353352832366127,simrf,positive,500,0.26583457584255904,0.16071537638797717,14.514076055849298,-0.019324028623774695,0.008230416382582234,0.0
16,256,2.0,False,2.0,0.1353352832366127,simrf,hyperbolic,500,0.11207326623880882,0.04313846625235065,6.118993004811003,-0.014672832335187586,0.005448050593521943,0.0
16,256,2.0,False,2.5,0.04393693362340742,simrf,cos,500,0.0038075386969155423,8.361287154048657e-05,1.972353875423238,0.0020012765580461407,0.0009886584842825686,0.0
16,256,2.0,False,2.5,0.04393693362340742,simrf,positive,500,0.07037137626258946,0.05956870816231546,36.45327539358268,0.0023864277293037086,0.004158551349423235,0.0
16,256,2.0,False,2.5,0.04393693362340742,simrf,hyperbolic,500,0.044894959754013794,0.027534713547876812,23.256164915548215,0.004138725477370585,0.00331073760891147,0.0
16,256,2.0,False,3.0,0.011108996538242306,simrf,cos,500,0.003885483067573169,8.720284747206327e-05,31.48439539571845,-0.0023183488830546,0.000980792272594499,0.0
16,256,2.0,False,3.0,0.011108996538242306,simrf,positive,500,0.0001601377073392161,3.096831967079331e-05,1.2976092825391727,5.7041225562170855e-05,0.00020168139620393435,0.0
16,256,2.0,False,3.0,0.011108996538242306,simrf,hyperbolic,500,7.17581965917185e-05,1.1118422382732366e-05,0.581462689474149,-0.00013646519033138363,0.00013795145437896247,0.0
16,256,2.0,False,3.5,0.002187491118182885,simrf,cos,500,0.003914607777433781,8.651154069048095e-05,818.0797787475141,-0.00019638158622290093,0.0010596219792705698,0.0
16,256,2.0,False,3.5,0.002187491118182885,simrf,positive,500,5.484966417393027e-07,1.2274077195436347e-07,0.11462553513138868,-1.1904016595843853e-05,1.251572497468532e-05,0.0
16,256,2.0,False,3.5,0.002187491118182885,simrf,hyperbolic,500,3.234061555201986e-07,5.762125587794318e-08,0.06758583520900995,6.132872641978299e-07,9.993101710913244e-06,0.0
16,256,2.0,False,4.0,0.00033546262790251185,simrf,cos,500,0.003923527488970046,0.0001401620873924402,34864.89889723856,-0.0030809160630134087,0.0021165923582399317,0.0
16,256,2.0,False,4.0,0.00033546262790251185,simrf,positive,500,8.448865646535191e-39,0.0,7.50775539080339e-32,4.743384504624082e-20,0.0,0.0
16,256,2.0,False,4.0,0.00033546262790251185,simrf,hyperbolic,500,8.448865646535191e-39,0.0,7.50775539080339e-32,4.743384504624082e-20,0.0,0.0
16,256,2.8284270763397217,False,0.5,0.8824969025845955,simrf,cos,500,0.0020113211959758895,4.390866443028071e-05,0.0025825875367558276,-0.0002491518634311797,0.0006810813568566242,0.0
16,256,2.8284270763397217,False,0.5,0.8824969025845955,simrf,positive,500,103.53899102290492,85.14527768710195,132.9466960916138,-0.5531824109437432,0.1614492530645253,0.0
16,256,2.8284270763397217,False,0.5,0.8824969025845955,simrf,hyperbolic,500,28.734581049931855,21.314653368336486,36.89593240598642,-0.6279073569389666,0.0843376626642466,0.0
16,256,2.8284270763397217,False,1.0,0.6065306597126334,simrf,cos,500,0.0021567218130816926,4.990064982441709e-05,0.00586257771354121,-0.00044157194626591825,0.0007786235775096625,0.0
16,256,2.8284270763397217,False,1.0,0.6065306597126334,simrf,positive,500,131.61569002479783,120.26882820774816,357.7685385345064,-0.2488575309164266,0.18102142309519487,0.0
16,256,2.8284270763397217,False,1.0,0.6065306597126334,simrf,hyperbolic,500,33.9302672319464,30.02088250591275,92.23202885135929,-0.377000186717892,0.09170045897127774,0.0
16,256,2.8284270763397217,False,1.5,0.32465246735834974,simrf,cos,500,0.0025743486254269756,5.476207567087027e-05,0.024424739708743825,0.0006960880733563273,0.0008693774516519645,0.0
16,256,2.8284270763397217,False,1.5,0.32465246735834974,simrf,positive,500,0.3233091773680139,0.10989171455540053,3.0674720683381,-0.2740959392069097,0.007831647783455407,0.0
16,256,2.8284270763397217,False,1.5,0.32465246735834974,simrf,hyperbolic,500,0.28612386423721464,0.0631282874297539,2.7146676403608025,-0.2636531979925102,0.00720028879831254,0.0
16,256,2.8284270763397217,False,2.0,0.1353352832366127,simrf,cos,500,0.0032282161694923506,6.800372926225851e-05,0.17625463076136552,0.001296161066342421,0.0009681080344141846,0.0
16,256,2.8284270763397217,False,2.0,0.1353352832366127,simrf,positive,500,0.061453900890043454,0.01934199498230263,3.3552693009165684,-0.1085140857515216,0.0037366551503668815,0.0
16,256,2.8284270763397217,False,2.0,0.1353352832366127,simrf,hyperbolic,500,0.05711560189169766,0.01419840948408717,3.1184062013162457,-0.10445649253869661,0.00337580915545049,0.0
16,256,2.8284270763397217,False,2.5,0.04393693362340742,simrf,cos,500,0.003752167959097774,8.348429345127758e-05,1.9436711231222856,0.00012693843503210067,0.000990465325069926,0.0
16,256,2.8284270763397217,False,2.5,0.04393693362340742,simrf,positive,500,1.3048658451245658,1.1534547743801573,675.9372422462195,-0.002796408273261899,0.018014315647407336,0.0
16,256,2.8284270763397217,False,2.5,0.04393693362340742,simrf,hyperbolic,500,0.33471375341967297,0.28801127634662393,173.3860168642677,-0.015196050467475648,0.009174602256128333,0.0
16,256,2.8284270763397217,False,3.0,0.011108996538242306,simrf,cos,500,0.0037356546560982683,8.354813601117752e-05,30.27032320280203,0.000824794552012502,0.0010111778855946556,0.0
16,256,2.8284270763397217,False,3.0,0.011108996538242306,simrf,positive,500,0.0029716603634287655,0.001509590941841709,24.07961332911246,-0.005801127474457257,0.0008518372963501753,0.0
16,256,2.8284270763397217,False,3.0,0.011108996538242306,simrf,hyperbolic,500,0.003974223726852939,0.0017133903776173532,32.203468405650796,-0.0039473959876350955,0.0009918301146801842,0.0
16,256,2.8284270763397217,False,3.5,0.002187491118182885,simrf,cos,500,0.0038331118912430452,8.54537994455274e-05,801.0486634137947,0.0004345616610858384,0.0009979269773912481,0.0
16,256,2.8284270763397217,False,3.5,0.002187491118182885,simrf,positive,500,0.00010209776881439643,3.5964717703996456e-05,21.336523317554555,-0.0008465610883089341,0.00016405984777936668,0.0
16,256,2.8284270763397217,False,3.5,0.002187491118182885,simrf,hyperbolic,500,5.575567533663224e-05,1.544030694795896e-05,11.651892893650674,-0.0008005806187119708,0.00012048071465827613,0.0
16,256,2.8284270763397217,False,4.0,0.00033546262790251185,simrf,cos,500,0.003975181571607559,8.821891329072527e-05,35323.90278439095,-0.000190911692599799,0.0009850596172343623,0.0
16,256,2.8284270763397217,False,4.0,0.00033546262790251185,simrf,positive,500,6.064212565366555e-06,4.206309493596493e-06,53.88726307569978,-6.519782622711631e-05,3.9150939616242305e-05,0.0
16,256,2.8284270763397217,False,4.0,0.00033546262790251185,simrf,hyperbolic,500,0.00022135935403759334,0.00021944767469799604,1967.0236847262847,0.00016461706636533493,0.00023510901974351222,0.0
16,256,4.0,False,0.5,0.8824969025845955,simrf,cos,500,0.001898033025444053,4.212311493712876e-05,0.0024371226463828946,0.0005538369306824965,0.0007351776544686393,0.0
16,256,4.0,False,0.5,0.8824969025845955,simrf,positive,500,0.7807736909917967,0.0017198298072800492,1.0025332639145674,-0.8796983815122703,0.001309991342759308,0.0
16,256,4.0,False,0.5,0.8824969025845955,simrf,hyperbolic,500,471.4314642365744,470.6540528945678,605.3299823060795,-0.5371502022436198,0.34323848368545284,0.0
16,256,4.0,False,1.0,0.6065306597126334,simrf,cos,500,0.0021497107994434177,4.8207465557784125e-05,0.005843519802569209,0.0005342540450257066,0.0008013944031028126,0.0
16,256,4.0,False,1.0,0.6065306597126334,simrf,positive,500,0.36812338498286684,0.0003988452748354392,1.0006631080297603,-0.6052240110597459,0.0006744100742937763,0.0
16,256,4.0,False,1.0,0.6065306597126334,simrf,hyperbolic,500,0.43308940178286215,0.0657734476336559,1.1772590509645526,-0.6014534402172456,0.00422227102982109,0.0
16,256,4.0,False,1.5,0.32465246735834974,simrf,cos,500,0.0025565093798503996,5.299268304348553e-05,0.024255485659193346,0.00043907033463168397,0.0008477685544934455,0.0
16,256,4.0,False,1.5,0.32465246735834974,simrf,positive,500,0.10531233647287651,3.181007782799616e-05,0.9991756287643574,-0.3244862809616407,7.21914808964851e-05,0.0
16,256,4.0,False,1.5,0.32465246735834974,simrf,hyperbolic,500,0.10543534810289686,0.0001795010336604357,1.0003427306147903,-0.3240936734474101,0.0003152563060083998,0.0
16,256,4.0,False,2.0,0.1353352832366127,simrf,cos,500,0.003339919176281919,7.399768186470072e-05,0.1823534082852157,-0.00011449507058136089,0.0009521845556840572,0.0
16,256,4.0,False,2.0,0.1353352832366127,simrf,positive,500,0.024575642379063116,0.004925737374215004,1.3417846097729857,-0.13328121596319398,0.0013035122239952453,0.0
16,256,4.0,False,2.0,0.1353352832366127,simrf,hyperbolic,500,0.019717081296934537,0.0011459035571083952,1.076516162865734,-0.1341655495614087,0.0006539787588920656,0.0
16,256,4.0,False,2.5,0.04393693362340742,simrf,cos,500,0.003698824903802296,8.53731508798807e-05,1.9160387363722355,-0.0003738717919436913,0.000966369806001116,0.0
16,256,4.0,False,2.5,0.04393693362340742,simrf,positive,500,0.0019389385602183817,1.2044114950034897e-05,1.004395040437092,-0.043730732120948815,8.113503249715867e-05,0.0
16,256,4.0,False,2.5,0.04393693362340742,simrf,hyperbolic,500,0.0019253752458608885,2.451936113968331e-06,0.9973690696549022,-0.04373595722832202,5.5966668955123736e-05,0.0
16,256,4.0,False,3.0,0.011108996538242306,simrf,cos,500,0.003893568155930162,8.814074083263555e-05,31.549909545237025,0.0010115444939841644,0.0010098238479216896,0.0
16,256,4.0,False,3.0,0.011108996538242306,simrf,positive,500,0.00012600029796428115,2.1598734511635043e-06,1.020990989304076,-0.011032417412600675,3.262989803871914e-05,0.0
16,256,4.0,False,3.0,0.011108996538242306,simrf,hyperbolic,500,0.00012404642950544087,7.919476255632735e-07,1.005158629198651,-0.011037031558357516,2.3472746350219696e-05,0.0
16,256,4.0,False,3.5,0.002187491118182885,simrf,cos,500,0.004054835462244641,8.874319265867948e-05,847.3847410545034,-0.0007327943431707669,0.0010211236725883785,0.0
16,256,4.0,False,3.5,0.002187491118182885,simrf,positive,500,6.177718302361316e-06,1.3892339824854875e-06,1.291027533101483,-0.00214844489481002,1.9767611903028632e-05,0.0
16,256,4.0,False,3.5,0.002187491118182885,simrf,hyperbolic,500,6.53217004719375e-06,1.4246154242950054e-06,1.3651013155786837,-0.002141284434466384,2.2018211479361043e-05,0.0
16,256,4.0,False,4.0,0.00033546262790251185,simrf,cos,500,0.004059069953098822,9.207395985615524e-05,36069.344213708835,-0.0008879584601172881,0.0010756538215693234,0.0
16,256,4.0,False,4.0,0.00033546262790251185,simrf,positive,500,4.987620525500526e-07,3.763078501565744e-07,4.432054722395122,-0.0003211712226124523,9.939611607469167e-06,0.0
16,256,4.0,False,4.0,0.00033546262790251185,simrf,hyperbolic,500,3.042454126334189e-07,1.282906075151571e-07,2.703558362018082,-0.0003196556590503359,7.102597488653596e-06,0.0
16,1024,0.5,False,0.125,0.9922179382602435,rff,cos,500,0.0004962234322828638,1.6646590647913492e-05,0.0005040378142883393,0.0005333960674329971,0.0006863563273314366,0.0
16,1024,0.5,False,0.125,0.9922179382602435,rff,positive,500,0.0016520878199829403,4.2131273983277615e-05,0.0016781044175316444,-0.0002669361588862347,0.0006891083450488741,0.0
16,1024,0.5,False,0.125,0.9922179382602435,rff,hyperbolic,500,0.0004734313205129146,1.1225410480445548e-05,0.00048088677898416177,0.00027020188586537777,0.000397796765265066,0.0
16,1024,0.5,False,0.25,0.9692332344763441,rff,cos,500,0.0004995807683361858,1.5193684766173391e-05,0.0005318009596757965,0.0006338738767911667,0.00067901625593608,0.0
16,1024,0.5,False,0.25,0.9692332344763441,rff,positive,500,0.0014155328677357111,3.35602448236336e-05,0.0015068268941207715,-0.0002499778947637639,0.0005860668954857623,0.0
16,1024,0.5,False,0.25,0.9692332344763441,rff,hyperbolic,500,0.000430661358226428,9.641013698042205e-06,0.00045843662950207183,-7.43893202362878e-05,0.00035780010208996774,0.0
16,1024,0.5,False,0.375,0.9321024923595276,rff,cos,500,0.0004843722248286918,1.7869896761513644e-05,0.0005575090133821926,0.00037531360301406154,0.0007045357108936769,0.0
16,1024,0.5,False,0.375,0.9321024923595276,rff,positive,500,0.00118603971258498,3.100876128338156e-05,0.0013651233413088627,-0.0004629538914008864,0.0006170290535854096,0.0
16,1024,0.5,False,0.375,0.9321024923595276,rff,hyperbolic,500,0.00033081038928522473,7.81842789936521e-06,0.0003807604240978352,-0.00027603593494987896,0.0003555846044047933,0.0
16,1024,0.5,False,0.5,0.8824969025845955,rff,cos,500,0.0005178946351664958,1.7565410509567174e-05,0.0006649898747200055,0.0006542335173621228,0.000740008721832399,0.0
16,1024,0.5,False,0.5,0.8824969025845955,rff,positive,500,0.0008396266920590442,2.168298256305882e-05,0.001078102013133264,-0.00026647198922149075,0.0004278331664352541,0.0
16,1024,0.5,False,0.5,0.8824969025845955,rff,hyperbolic,500,0.00021865866178654328,5.01530502014565e-06,0.00028076327931285015,-7.961859444939681e-05,0.00026576015838473553,0.0
16,1024,0.5,False,0.625,0.8225775623986646,rff,cos,500,0.0005317917027862012,1.999555293942757e-05,0.0007859371886328789,0.0008489556686577168,0.0007973082848828088,0.0
16,1024,0.5,False,0.625,0.8225775623986646,rff,positive,500,0.0005654941594068391,1.4940696159326259e-05,0.0008357461906682018,-0.0002425983014150897,0.0004463404572508502,0.0
16,1024,0.5,False,0.625,0.8225775623986646,rff,hyperbolic,500,0.00012603404833712995,2.9797196832685717e-06,0.00018626624880217015,-2.886335860488684e-05,0.00021043703399944842,0.0
16,1024,0.5,False,0.75,0.7548396019890073,rff,cos,500,0.000600877378876586,2.5941696299016886e-05,0.00105457264205945,0.0009026836026511177,0.0008790951163717413,0.0
16,1024,0.5,False,0.75,0.7548396019890073,rff,positive,500,0.0003118372736154698,8.414839006237537e-06,0.000547291459272633,1.1169441860922752e-05,0.0003708630468385291,0.0
16,1024,0.5,False,0.75,0.7548396019890073,rff,hyperbolic,500,5.1067703204208944e-05,1.1241180760089232e-06,8.962661032881327e-05,-2.2613591410130336e-05,0.00013333796526025703,0.0
16,1024,0.5,False,0.875,0.6819407511903481,rff,cos,500,0.0006580599153445615,2.9222387192146576e-05,0.0014150511869337715,0.0007410294479370024,0.0009532464252019798,0.0
16,1024,0.5,False,0.875,0.6819407511903481,rff,positive,500,0.00011813618362717066,3.0704090132206896e-06,0.0002540327148994084,0.00019110063849813933,0.00018204270657444656,0.0
16,1024,0.5,False,0.875,0.6819407511903481,rff,hyperbolic,500,1.2577000580047317e-05,2.711163079830835e-07,2.7044801216229814e-05,-2.502985063471519e-06,6.35523790641613e-05,0.0
16,1024,0.5,False,1.0,0.6065306597126334,rff,cos,500,0.0007038434963858179,3.435480024449116e-05,0.0019132449863046483,0.0012079509150058185,0.0010425518503784004,0.0
16,1024,0.5,False,1.0,0.6065306597126334,rff,positive,500,1.5407439555097887e-33,0.0,4.18817629657037e-33,1.3877787807814457e-17,0.0,0.0
16,1024,0.5,False,1.0,0.6065306597126334,rff,hyperbolic,500,1.5407439555097887e-33,0.0,4.18817629657037e-33,1.3877787807814457e-17,0.0,0.0
16,1024,1.0,False,0.25,0.9692332344763441,rff,cos,500,0.00048417822412045764,1.0515081789104381e-05,0.0005154050367049166,0.0006488675818908096,0.00036439242668932054,0.0
16,1024,1.0,False,0.25,0.9692332344763441,rff,positive,500,0.05047784787137985,0.009419916927069547,0.053733389357182505,-0.002537238629055423,0.003754268856877988,0.0
16,1024,1.0,False,0.25,0.9692332344763441,rff,hyperbolic,500,0.02505301958265298,0.0031576852507543746,0.026668800524894717,-0.0003195601720615382,0.0026305891116494744,0.0
16,1024,1.0,False,0.5,0.8824969025845955,rff,cos,500,0.0005088929618480586,1.1443378408513726e-05,0.0006534314973864123,-3.275492951820508e-05,0.0004184442107438762,0.0
16,1024,1.0,False,0.5,0.8824969025845955,rff,positive,500,0.03748442913360387,0.006662706090637945,0.04813095973757782,0.00219466522957264,0.0032799386094394447,0.0
16,1024,1.0,False,0.5,0.8824969025845955,rff,hyperbolic,500,0.016076665267226637,0.0016581103777847323,0.02064284681870002,0.0019616721995727687,0.002178359872216982,0.0
16,1024,1.0,False,0.75,0.7548396019890073,rff,cos,500,0.0005456929296742097,1.1615288884826594e-05,0.0009577209174950304,-0.0001474798141776813,0.0004039749950132257,0.0
16,1024,1.0,False,0.75,0.7548396019890073,rff,positive,500,0.013535221911613153,0.000552004603103389,0.02375505424896774,-0.004434261039598644,0.0018343813695576834,0.0
16,1024,1.0,False,0.75,0.7548396019890073,rff,hyperbolic,500,0.00759940538413543,0.0003911629169358368,0.013337371809556053,-0.0007489962248749996,0.0014894548911039548,0.0
16,1024,1.0,False,1.0,0.6065306597126334,rff,cos,500,0.0006950157194369729,1.5990599999965254e-05,0.0018892486006389134,0.00019164865744527437,0.00047867715828464483,0.0
16,1024,1.0,False,1.0,0.6065306597126334,rff,positive,500,0.00653290944751016,0.00030053368517598855,0.017758289038135287,-0.0022946253405960013,0.0012309179893353808,0.0
16,1024,1.0,False,1.0,0.6065306597126334,rff,hyperbolic,500,0.002956168074822739,0.00010221126103547229,0.00803569795966141,-0.0015068253020242366,0.0009169065705070271,0.0
16,1024,1.0,False,1.25,0.45783336177161427,rff,cos,500,0.0008112476856877967,1.769357798748572e-05,0.0038702462529051954,0.0006181058470524928,0.0005692192628813366,0.0
16,1024,1.0,False,1.25,0.45783336177161427,rff,positive,500,0.0021166579810693743,0.00010898936150120444,0.010098010465164217,-0.00022862216382321353,0.0007608230516097535,0.0
16,1024,1.0,False,1.25,0.45783336177161427,rff,hyperbolic,500,0.0009617280681177431,3.654439227019787e-05,0.004588148006598916,-0.0008155326781347083,0.0005370196608134215,0.0
16,1024,1.0,False,1.5,0.32465246735834974,rff,cos,500,0.0008674661646271776,1.9652777764138596e-05,0.008230289816961757,0.0006676170194568347,0.0006270248605023476,0.0
16,1024,1.0,False,1.5,0.32465246735834974,rff,positive,500,0.0004935319262286347,1.542681170061971e-05,0.004682500542866469,0.0005077804673752238,0.0004096575800516187,0.0
16,1024,1.0,False,1.5,0.32465246735834974,rff,hyperbolic,500,0.00020246372700862653,5.260927251732909e-06,0.0019209223583024552,0.00036068299741641907,0.0002570201385018242,0.0
16,1024,1.0,False,1.75,0.2162651668298873,rff,cos,500,0.000950268583619752,2.618305054558667e-05,0.020317638192167132,0.0007268301107075447,0.000791046181891547,0.0
16,1024,1.0,False,1.75,0.2162651668298873,rff,positive,500,7.001062034949298e-05,1.7754616232412515e-06,0.0014968930662232253,0.00021556768564805938,0.0001299626440670883,0.0
16,1024,1.0,False,1.75,0.2162651668298873,rff,hyperbolic,500,2.1474101767332416e-05,5.64322132826865e-07,0.0004591365406909238,5.142739231024313e-05,9.820417193481735e-05,0.0
16,1024,1.0,False,2.0,0.1353352832366127,rff,cos,500,0.0009852583265118156,4.1741469798719884e-05,0.05379328193229672,0.0012007010296252397,0.0010863410820727813,0.0
16,1024,1.0,False,2.0,0.1353352832366127,rff,positive,500,1.829633447167874e-33,0.0,9.989460145413046e-32,3.8163916471489756e-17,0.0,0.0
16,1024,1.0,False,2.0,0.1353352832366127,rff,hyperbolic,500,1.829633447167874e-33,0.0,9.989460145413046e-32,3.8163916471489756e-17,0.0,0.0
16,1024,2.0,False,0.5,0.8824969025845955,rff,cos,500,0.0005084580013802278,1.0982277360621044e-05,0.0006528729970904631,0.0003202636880735674,0.0003518433278187748,0.0
16,1024,2.0,False,0.5,0.8824969025845955,rff,positive,500,64.02252679935668,47.9350665923377,82.20655165094605,0.05631309029997075,0.12544553414181728,0.0
16,1024,2.0,False,0.5,0.8824969025845955,rff,hyperbolic,500,21.7948326020165,12.290826229775021,27.985119013443803,-0.01194842389226412,0.07306465376577582,0.0
16,1024,2.0,False,1.0,0.6065306597126334,rff,cos,500,0.000668889948953408,1.5685441568139e-05,0.0018182313934789474,-0.00014601205472494175,0.0004331776060591271,0.0
16,1024,2.0,False,1.0,0.6065306597126334,rff,positive,500,2.3109063487142283,0.828556631150061,6.281694734980528,-0.12263132920355947,0.023716055129376547,0.0
16,1024,2.0,False,1.0,0.6065306597126334,rff,hyperbolic,500,3.0912453523305468,1.3798361181824699,8.402876068548604,-0.06526650579127422,0.028112747166481263,0.0
16,1024,2.0,False,1.5,0.32465246735834974,rff,cos,500,0.0008794357563480339,1.8111329690430016e-05,0.008343854141278306,0.0001801531383447821,0.0004916718502277175,0.0
16,1024,2.0,False,1.5,0.32465246735834974,rff,positive,500,4.613229618052775,2.2835383034495993,43.769103968549864,0.019126700211415503,0.03369313068018115,0.0
16,1024,2.0,False,1.5,0.32465246735834974,rff,hyperbolic,500,1.4740961597563875,0.5926731913468217,13.98583496115916,-0.005434519290954879,0.019179525189557574,0.0
16,1024,2.0,False,2.0,0.1353352832366127,rff,cos,500,0.000969949231455504,2.2541026193584536e-05,0.05295743366354055,0.0008982395067591047,0.0005138594091859178,0.0
16,1024,2.0,False,2.0,0.1353352832366127,rff,positive,500,0.14588878436112393,0.06708003706748446,7.965257736701671,-0.0009440900028081911,0.005928760354039029,0.0
16,1024,2.0,False,2.0,0.1353352832366127,rff,hyperbolic,500,0.1303309730925353,0.05742377118747496,7.1158300228719265,0.0016810485291679487,0.005603768763145518,0.0
16,1024,2.0,False,2.5,0.04393693362340742,rff,cos,500,0.00099481536074969,2.317590157736586e-05,0.5153271150454025,0.0007018090142250173,0.0005126045337276214,0.0
16,1024,2.0,False,2.5,0.04393693362340742,rff,positive,500,0.010075892490036322,0.00787414324647416,5.219441529818249,-0.0005854992974561477,0.001609754650721879,0.0
16,1024,2.0,False,2.5,0.04393693362340742,rff,hyperbolic,500,0.0038832218952276087,0.0021322626385649485,2.0115587427608057,-0.0011588644747022854,0.0009954039463083088,0.0
16,1024,2.0,False,3.0,0.011108996538242306,rff,cos,500,0.0009541612893095467,1.984899527550365e-05,7.731649007718795,0.0005321222998027572,0.0005002234657694318,0.0
16,1024,2.0,False,3.0,0.011108996538242306,rff,positive,500,5.1007384365252565e-05,7.2764221394006985e-06,0.41331711643773805,-5.440922073111862e-05,0.00011341785112797728,0.0
16,1024,2.0,False,3.0,0.011108996538242306,rff,hyperbolic,500,2.7650364878267498e-05,3.7613250654169868e-06,0.22405322723668428,-0.00012424939578702367,8.448624570246928e-05,0.0
16,1024,2.0,False,3.5,0.002187491118182885,rff,cos,500,0.0010265752046737333,2.301115158406189e-05,214.5350093944062,-0.0002716040563168293,0.0005611640532327286,0.0
16,1024,2.0,False,3.5,0.002187491118182885,rff,positive,500,1.6903271099273888e-07,1.651891852188664e-08,0.03532467380440427,-6.931114571526188e-06,6.803659595462431e-06,0.0
16,1024,2.0,False,3.5,0.002187491118182885,rff,hyperbolic,500,8.882658285839351e-08,7.549266460020676e-09,0.01856309377163943,-5.848327432346869e-06,5.172184750342417e-06,0.0
16,1024,2.0,False,4.0,0.00033546262790251185,rff,cos,500,0.0009966388549857226,3.82235232830912e-05,8856.24301443555,0.0010315206927362648,0.001065012486445657,0.0
16,1024,2.0,False,4.0,0.00033546262790251185,rff,positive,500,8.448865646535191e-39,0.0,7.50775539080339e-32,4.743384504624082e-20,0.0,0.0
16,1024,2.0,False,4.0,0.00033546262790251185,rff,hyperbolic,500,8.448865646535191e-39,0.0,7.50775539080339e-32,4.743384504624082e-20,0.0,0.0
16,1024,2.8284270763397217,False,0.5,0.8824969025845955,rff,cos,500,0.0005001193396425627,1.1040791615688178e-05,0.0006421659434781396,0.00015206673488745104,0.0003525866350060081,0.0
16,1024,2.8284270763397217,False,0.5,0.8824969025845955,rff,positive,500,89.73605309075208,78.59439218613774,115.22337296176622,-0.4800343617842921,0.14939407241024144,0.0
16,1024,2.8284270763397217,False,0.5,0.8824969025845955,rff,hyperbolic,500,27.72161284356621,19.807488871378474,35.59525548271634,-0.5295997825700374,0.08276755520172327,0.0
16,1024,2.8284270763397217,False,1.0,0.6065306597126334,rff,cos,500,0.0006626082039849026,1.5319591966011366e-05,0.001801155840280045,0.0002022116094880755,0.0004322475335025139,0.0
16,1024,2.8284270763397217,False,1.0,0.6065306597126334,rff,positive,500,42.382488782485204,28.691304067944113,115.20754910229886,-0.30124974172503327,0.10272800982478712,0.0
16,1024,2.8284270763397217,False,1.0,0.6065306597126334,rff,hyperbolic,500,18.767548922018992,9.448495195422696,51.015487199440365,-0.29331601198691676,0.07925221588264512,0.0
16,1024,2.8284270763397217,False,1.5,0.32465246735834974,rff,cos,500,0.0008722329695151714,2.0216113610935954e-05,0.008275516002522505,2.7883253226189756e-05,0.00048016875571772185,0.0
16,1024,2.8284270763397217,False,1.5,0.32465246735834974,rff,positive,500,0.6009541196177733,0.20891981281701136,5.701693936704836,-0.23995628229490376,0.01154712414004887,0.0
16,1024,2.8284270763397217,False,1.5,0.32465246735834974,rff,hyperbolic,500,7.214361344470814,6.106744622731644,68.44795466437542,-0.1755032982642744,0.04235277619376721,0.0
16,1024,2.8284270763397217,False,2.0,0.1353352832366127,rff,cos,500,0.0009699829535730714,2.262398560834599e-05,0.05295927482877493,0.00021378136743401078,0.0005391613035402591,0.0
16,1024,2.8284270763397217,False,2.0,0.1353352832366127,rff,positive,500,53.72816517492829,53.46544962974595,2933.45842322629,0.031386723523939654,0.1160925499504115,0.0
16,1024,2.8284270763397217,False,2.0,0.1353352832366127,rff,hyperbolic,500,2058.2075900221475,2044.7299503210247,112374.32679938542,0.6897390240702655,0.7171583857096282,0.0
16,1024,2.8284270763397217,False,2.5,0.04393693362340742,rff,cos,500,0.0009840981279745948,2.006113197022412e-05,0.5097754510229473,9.354673097069385e-05,0.0005037171476967769,0.0
16,1024,2.8284270763397217,False,2.5,0.04393693362340742,rff,positive,500,0.023755502727054626,0.00990366735288743,12.305655069058067,-0.02293798198107749,0.002405643028834727,0.0
16,1024,2.8284270763397217,False,2.5,0.04393693362340742,rff,hyperbolic,500,0.012880840758546128,0.0033289784695290374,6.672440705437588,-0.023601681638719042,0.001758384437433492,0.0
16,1024,2.8284270763397217,False,3.0,0.011108996538242306,rff,cos,500,0.0009668859214800389,2.2666672612905635e-05,7.834757770143819,-0.00032074371267021127,0.0004941904831105567,0.0
16,1024,2.8284270763397217,False,3.0,0.011108996538242306,rff,positive,500,0.004154301207419237,0.0020560692594497167,33.662651344145836,-0.004780305161670988,0.0010039795744135026,0.0
16,1024,2.8284270763397217,False,3.0,0.011108996538242306,rff,hyperbolic,500,0.0033604814377160867,0.002144707666579677,27.230263126872643,-0.004537575959815512,0.0009151962969873812,0.0
16,1024,2.8284270763397217,False,3.5,0.002187491118182885,rff,cos,500,0.0010093662139336987,2.318116141924838e-05,210.9386523294068,0.0001253773138067133,0.000503302261757758,0.0
16,1024,2.8284270763397217,False,3.5,0.002187491118182885,rff,positive,500,0.0005335768209059492,0.0002732422902998882,111.50757174392929,-1.6921036192460852e-05,0.00036244323295502165,0.0
16,1024,2.8284270763397217,False,3.5,0.002187491118182885,rff,hyperbolic,500,0.00018348466352711306,7.442913097524164e-05,38.34486147172171,-0.0002565089086644404,0.00021468703306827406,0.0
16,1024,2.8284270763397217,False,4.0,0.00033546262790251185,rff,cos,500,0.0010326569992647873,2.3329418292962262e-05,9176.304225242915,9.430114555418981e-05,0.0005140105473234451,0.0
16,1024,2.8284270763397217,False,4.0,0.00033546262790251185,rff,positive,500,3.2954050107314794e-06,1.8432615586482412e-06,29.283333135195356,-1.2740579331955013e-05,2.8133490840356065e-05,0.0
16,1024,2.8284270763397217,False,4.0,0.00033546262790251185,rff,hyperbolic,500,1.7132699149939623e-06,7.99239918520634e-07,15.224305816097475,-2.31317041083747e-05,2.0400511555794674e-05,0.0
16,1024,4.0,False,0.5,0.8824969025845955,rff,cos,500,0.0005202354917733193,1.1621302670540545e-05,0.0006679955940999883,-0.0002471127979446726,0.000358067814638664,0.0
16,1024,4.0,False,0.5,0.8824969025845955,rff,positive,500,0.779888018638145,0.001962053486804805,1.0013960381016211,-0.8799849232953295,0.0011706872802872156,0.0
16,1024,4.0,False,0.5,0.8824969025845955,rff,hyperbolic,500,0.8446011341140632,0.04832364801361362,1.0844893231657489,-0.8739105380174742,0.0044870880240008,0.0
16,1024,4.0,False,1.0,0.6065306597126334,rff,cos,500,0.0007156221738334883,1.621353377474915e-05,0.0019452627511739311,0.00010807421666658415,0.00041781687429598793,0.0
16,1024,4.0,False,1.0,0.6065306597126334,rff,positive,500,0.36741097450683946,0.00011805094646034302,0.9987265755783712,-0.6060899266781481,0.00012746330214065185,0.0
16,1024,4.0,False,1.0,0.6065306597126334,rff,hyperbolic,500,0.3713757530431634,0.003509405926346215,1.009503961027525,-0.6039963093124688,0.0012804295159245802,0.0
16,1024,4.0,False,1.5,0.32465246735834974,rff,cos,500,0.0008789475530147809,1.8779066223548425e-05,0.008339222197017972,-0.0005427480465929619,0.0004983303416061298,0.0
16,1024,4.0,False,1.5,0.32465246735834974,rff,positive,500,0.10573551579379402,0.0005452590486904506,1.0031906423726322,-0.32348331648061013,0.0005225465774702986,0.0
16,1024,4.0,False,1.5,0.32465246735834974,rff,hyperbolic,500,0.19345308475926645,0.08823311253638591,1.8354317649245955,-0.3191675354874137,0.004787420915600609,0.0
16,1024,4.0,False,2.0,0.1353352832366127,rff,cos,500,0.0009356203540358916,2.1973891292478354e-05,0.051083140463715135,0.00041535615457633846,0.0005106058786969251,0.0
16,1024,4.0,False,2.0,0.1353352832366127,rff,positive,500,0.019141260337788752,0.0006424737500566729,1.0450774037460633,-0.13429069958282722,0.000525502866244796,0.0
16,1024,4.0,False,2.0,0.1353352832366127,rff,hyperbolic,500,0.018819364260854947,0.0004159850910488002,1.0275024734425509,-0.13426437202094657,0.0004435262791746113,0.0
16,1024,4.0,False,2.5,0.04393693362340742,rff,cos,500,0.0009711138110193059,2.341923020368809e-05,0.503049408320549,0.0004665013138308953,0.0005099306973066152,0.0
16,1024,4.0,False,2.5,0.04393693362340742,rff,positive,500,0.00241213284242596,0.0003730786498073059,1.2495157471803482,-0.043088426655720796,0.0003717089691904477,0.0
16,1024,4.0,False,2.5,0.04393693362340742,rff,hyperbolic,500,0.0020413157377533043,8.618622851959934e-05,1.0574277313535296,-0.0433233833439796,0.00020219275380172955,0.0
16,1024,4.0,False,3.0,0.011108996538242306,rff,cos,500,0.0009662476996096117,2.1283238801344204e-05,7.829586204763333,-0.00043504721538197434,0.00046654804874321596,0.0
16,1024,4.0,False,3.0,0.011108996538242306,rff,positive,500,0.08416379237825344,0.08316124651872249,681.9862733040171,-0.005754221028498606,0.004585416760108121,0.0
16,1024,4.0,False,3.0,0.011108996538242306,rff,hyperbolic,500,0.021306442998554564,0.02076552716888571,172.64789581538858,-0.008111166230877103,0.002303358981788158,0.0
16,1024,4.0,False,3.5,0.002187491118182885,rff,cos,500,0.0009609469683867629,2.338534800332891e-05,200.81993598890904,-0.00018327302362094628,0.0004931818396365519,0.0
16,1024,4.0,False,3.5,0.002187491118182885,rff,positive,500,9.388419965830973e-05,7.978481893130181e-05,19.620041049095033,-0.0019470796327074114,0.00014995029650769897,0.0
16,1024,4.0,False,3.5,0.002187491118182885,rff,hyperbolic,500,2.678993588396102e-05,1.9788948246673817e-05,5.598595329767147,-0.002055047156308391,7.502425096669281e-05,0.0
16,1024,4.0,False,4.0,0.00033546262790251185,rff,cos,500,0.000996098265437918,2.275477970541977e-05,8851.439275967525,0.00013681616566795852,0.0004861318293750052,0.0
16,1024,4.0,False,4.0,0.00033546262790251185,rff,positive,500,1.334118312311124e-07,1.5534796742428647e-08,1.1855122770630087,-0.0003255633603050534,2.598351561681622e-06,0.0
16,1024,4.0,False,4.0,0.00033546262790251185,rff,hyperbolic,500,5.553105952844575e-07,3.340288782892408e-07,4.934551322906707,-0.00031116014356853683,1.0693600302888725e-05,0.0
16,1024,0.5,False,0.125,0.9922179382602435,orf,cos,500,0.0004727910626726245,1.4737828631807537e-05,0.00048023643854998245,-0.0017477212972852852,0.0006282783296967982,0.0
16,1024,0.5,False,0.125,0.9922179382602435,orf,positive,500,0.0012047695469295182,3.150461672244086e-05,0.0012237419066686776,0.0003066964401257902,0.0005469504364955703,0.0
16,1024,0.5,False,0.125,0.9922179382602435,orf,hyperbolic,500,0.00015299593966579684,3.963818263451005e-06,0.00015540527513859995,0.00010516267723759568,0.0002962155691568203,0.0
16,1024,0.5,False,0.25,0.9692332344763441,orf,cos,500,0.00047051093569645765,1.4699767128386782e-05,0.0005008562839091364,-0.0017366732716932072,0.0006615621547527061,0.0
16,1024,0.5,False,0.25,0.9692332344763441,orf,positive,500,0.0010908143337501422,2.5462056770923792e-05,0.0011611658139852028,0.0005192310902988901,0.0005592596864856598,0.0
16,1024,0.5,False,0.25,0.9692332344763441,orf,hyperbolic,500,0.00013615874857303455,3.5903033628543296e-06,0.00014494023338918526,0.00048381495772398443,0.0002685998735484785,0.0
16,1024,0.5,False,0.375,0.9321024923595276,orf,cos,500,0.0004703899897380268,1.5688254143367985e-05,0.0005414155594418238,-0.0016620893184995538,0.0006741839317014183,0.0
16,1024,0.5,False,0.375,0.9321024923595276,orf,positive,500,0.0008920860100098024,2.3675615532904956e-05,0.0010267847035789848,7.159112620015506e-05,0.0005517645743384791,0.0
16,1024,0.5,False,0.375,0.9321024923595276,orf,hyperbolic,500,8.99332805968028e-05,2.5100513897804706e-06,0.0001035125714598519,2.2537647748333305e-05,0.00023922981816250103,0.0
16,1024,0.5,False,0.5,0.8824969025845955,orf,cos,500,0.00048744333231686684,1.7191990891465053e-05,0.0006258896278898261,-0.0016611026652069056,0.0007135088430208096,0.0
16,1024,0.5,False,0.5,0.8824969025845955,orf,positive,500,0.0006595880853464357,1.7100127298728567e-05,0.0008469278661292265,8.009938361204325e-05,0.00040229429764877697,0.0
16,1024,0.5,False,0.5,0.8824969025845955,orf,hyperbolic,500,5.9517866143395626e-05,1.4840708644188899e-06,7.642245287513878e-05,3.3579697468860856e-05,0.00019383135395646025,0.0
16,1024,0.5,False,0.625,0.8225775623986646,orf,cos,500,0.00048251054231889266,1.9157334916366734e-05,0.0007131043548234845,-0.001865572139162427,0.0007607363107996698,0.0
16,1024,0.5,False,0.625,0.8225775623986646,orf,positive,500,0.0004579648248807602,1.2525365621726255e-05,0.0006768281360422775,-3.179734648664087e-05,0.00042864036742956707,0.0
16,1024,0.5,False,0.625,0.8225775623986646,orf,hyperbolic,500,2.9977493725527212e-05,8.340783411936122e-07,4.430386374488573e-05,-6.810670964776202e-05,0.0001465140840409368,0.0
16,1024,0.5,False,0.75,0.7548396019890073,orf,cos,500,0.0004676514614331348,2.176159391620547e-05,0.0008207538752225126,-0.001996944949844587,0.0008001293488404088,0.0
16,1024,0.5,False,0.75,0.7548396019890073,orf,positive,500,0.00025342164408949716,6.456934164574794e-06,0.0004447688366338073,0.00048733211247192786,0.00032739312546582863,0.0
16,1024,0.5,False,0.75,0.7548396019890073,orf,hyperbolic,500,1.1536005607722495e-05,3.344673672563079e-07,2.0246320364553485e-05,9.978128166143324e-06,9.314309084984883e-05,0.0
16,1024,0.5,False,0.875,0.6819407511903481,orf,cos,500,0.00047373734773398956,2.3535882155958153e-05,0.0010186953810350772,-0.002780574033863914,0.0008536504186090754,0.0
16,1024,0.5,False,0.875,0.6819407511903481,orf,positive,500,0.0001043708021824948,2.5393003481576794e-06,0.00022443249325137564,4.547590284463868e-05,0.00017197426484142335,0.0
16,1024,0.5,False,0.875,0.6819407511903481,orf,hyperbolic,500,2.381471934100248e-06,6.72030545077094e-08,5.1209693956720205e-06,3.365856352412211e-05,4.362317638069336e-05,0.0
16,1024,0.5,False,1.0,0.6065306597126334,orf,cos,500,0.0004752800396948321,2.920157700599682e-05,0.0012919450953317556,-0.0029329858448423726,0.0009485393205391876,0.0
16,1024,0.5,False,1.0,0.6065306597126334,orf,positive,500,1.5407439555097887e-33,0.0,4.18817629657037e-33,1.3877787807814457e-17,0.0,0.0
16,1024,0.5,False,1.0,0.6065306597126334,orf,hyperbolic,500,1.5407439555097887e-33,0.0,4.18817629657037e-33,1.3877787807814457e-17,0.0,0.0
16,1024,1.0,False,0.25,0.9692332344763441,orf,cos,500,0.0004964398635703381,1.1642197055524382e-05,0.000528457483956563,-0.0005235294543561865,0.0003722801930602541,0.0
16,1024,1.0,False,0.25,0.9692332344763441,orf,positive,500,0.04249874372787157,0.006660700227014658,0.04523967720928941,0.0025393057186783056,0.003250226274924555,0.0
16,1024,1.0,False,0.25,0.9692332344763441,orf,hyperbolic,500,0.019732897390297977,0.0028179834560341233,0.021005559930366884,0.002493612750939406,0.00229251105045598,0.0
16,1024,1.0,False,0.5,0.8824969025845955,orf,cos,500,0.0004990888665197773,1.065441465052433e-05,0.0006408427897972696,-0.00048745004663106365,0.0004043015915969442,0.0
16,1024,1.0,False,0.5,0.8824969025845955,orf,positive,500,0.040975262292462844,0.012271046791844141,0.052613278238969094,0.003973023495033,0.0034263775439829416,0.0
16,1024,1.0,False,0.5,0.8824969025845955,orf,hyperbolic,500,0.014484455156441537,0.0030074828259107926,0.018598408567744747,0.00013851495651212998,0.0020795140678952495,0.0
16,1024,1.0,False,0.75,0.7548396019890073,orf,cos,500,0.0005290094033610737,1.1663001387090556e-05,0.0009284404169446415,9.988689898373676e-06,0.00041927788242133334,0.0
16,1024,1.0,False,0.75,0.7548396019890073,orf,positive,500,0.015327527506760941,0.0010636339371346362,0.026900648530427864,0.0028977626902352356,0.002042964431762348,0.0
16,1024,1.0,False,0.75,0.7548396019890073,orf,hyperbolic,500,0.0059206007219615485,0.0003420605665966084,0.010390977869081122,0.002301430977176066,0.0013819522181794926,0.0
16,1024,1.0,False,1.0,0.6065306597126334,orf,cos,500,0.0005339820568797516,1.2281935844105782e-05,0.001451513721939413,-0.0005642008162381789,0.0004260959074473008,0.0
16,1024,1.0,False,1.0,0.6065306597126334,orf,positive,500,0.005489865592432693,0.00025677160044787397,0.01492300188059234,-0.0016157465587664835,0.0012253136303510723,0.0
16,1024,1.0,False,1.0,0.6065306597126334,orf,hyperbolic,500,0.0021512211124903448,0.00011747460986818248,0.005847625259079956,-0.0006828447363160063,0.0008656470558669072,0.0
16,1024,1.0,False,1.25,0.45783336177161427,orf,cos,500,0.0005473345284121635,1.2861925788526406e-05,0.002611186996332498,-0.00045949289570946866,0.0004858480849167053,0.0
16,1024,1.0,False,1.25,0.45783336177161427,orf,positive,500,0.0018610447337983678,8.318646443407289e-05,0.008878547864657938,0.0002466022220641079,0.0007187550059611957,0.0
16,1024,1.0,False,1.25,0.45783336177161427,orf,hyperbolic,500,0.0005807244858157638,2.239232359113617e-05,0.002770481574062339,-7.2820638940961355e-06,0.00047025148233398296,0.0
16,1024,1.0,False,1.5,0.32465246735834974,orf,cos,500,0.000616205683508956,1.5853610650414886e-05,0.005846396745995721,-0.0012430061392546092,0.000586344962611073,0.0
16,1024,1.0,False,1.5,0.32465246735834974,orf,positive,500,0.00037534453430324824,1.2246167347808038e-05,0.00356116978909023,0.0005112004514151206,0.0003544021859014567,0.0
16,1024,1.0,False,1.5,0.32465246735834974,orf,hyperbolic,500,8.958052669745295e-05,2.7721132983215564e-06,0.000849916373387296,0.00018765171868869322,0.00019354660768987103,0.0
16,1024,1.0,False,1.75,0.2162651668298873,orf,cos,500,0.0006812042905265512,1.9665861484499323e-05,0.014564789943017417,-0.0016335377559844302,0.0006934005966637731,0.0
16,1024,1.0,False,1.75,0.2162651668298873,orf,positive,500,5.412774033318553e-05,1.4182009035615687e-06,0.0011573021177445316,-0.00011802661539795705,0.00011232529698997715,0.0
16,1024,1.0,False,1.75,0.2162651668298873,orf,hyperbolic,500,6.425020977722994e-06,1.78311895734613e-07,0.000137373005750862,-3.153652563394861e-05,6.280706177475378e-05,0.0
16,1024,1.0,False,2.0,0.1353352832366127,orf,cos,500,0.0007543832706147034,3.188756902263736e-05,0.041187930991515624,-0.003176802633662326,0.000975256101166084,0.0
16,1024,1.0,False,2.0,0.1353352832366127,orf,positive,500,1.829633447167874e-33,0.0,9.989460145413046e-32,3.8163916471489756e-17,0.0,0.0
16,1024,1.0,False,2.0,0.1353352832366127,orf,hyperbolic,500,1.829633447167874e-33,0.0,9.989460145413046e-32,3.8163916471489756e-17,0.0,0.0
16,1024,2.0,False,0.5,0.8824969025845955,orf,cos,500,0.0004897458267468935,1.0955304733362905e-05,0.0006288460892597622,-0.00014563618576501292,0.000334416973305675,0.0
16,1024,2.0,False,0.5,0.8824969025845955,orf,positive,500,8.833793573523991,2.8179570722889102,11.342815474177634,-0.12748534140444015,0.04580245081921945,0.0
16,1024,2.0,False,0.5,0.8824969025845955,orf,hyperbolic,500,113.7894420686211,109.68828416660531,146.1085357668268,0.03993609222034871,0.16923590518189846,0.0
16,1024,2.0,False,1.0,0.6065306597126334,orf,cos,500,0.0005263176084799737,1.158228622633033e-05,0.0014306795911291346,0.00033903797736033187,0.0004073345113457256,0.0
16,1024,2.0,False,1.0,0.6065306597126334,orf,positive,500,6.70427262081485,2.6987000716381044,18.224102438196503,-0.029233588854054166,0.040295080192927615,0.0
16,1024,2.0,False,1.0,0.6065306597126334,orf,hyperbolic,500,2.897763213875283,0.9332670643316616,7.876937087454264,-0.05820130989211118,0.027178993577585183,0.0
16,1024,2.0,False,1.5,0.32465246735834974,orf,cos,500,0.0006139533397562643,1.4149564040697242e-05,0.00582502710345751,-0.0006746580824885094,0.00041121854976063955,0.0
16,1024,2.0,False,1.5,0.32465246735834974,orf,positive,500,48.023076302531706,44.910393110015654,455.6302620077099,0.10265999812329342,0.10955790895862061,0.0
16,1024,2.0,False,1.5,0.32465246735834974,orf,hyperbolic,500,12.364069662750355,11.270052017993217,117.3070268225098,0.03870656278610508,0.055423222093305274,0.0
16,1024,2.0,False,2.0,0.1353352832366127,orf,cos,500,0.000792043051928935,1.73180151785288e-05,0.043244085381925444,0.00028242089459074195,0.0004780910402284532,0.0
16,1024,2.0,False,2.0,0.1353352832366127,orf,positive,500,0.46912638019542896,0.3901735821208674,25.613432490415892,-0.0006372458765646894,0.011014266048402053,0.0
16,1024,2.0,False,2.0,0.1353352832366127,orf,hyperbolic,500,0.15020916890186017,0.09837895211800271,8.201142740057664,-0.0021436838345513655,0.006144901031530058,0.0
16,1024,2.0,False,2.5,0.04393693362340742,orf,cos,500,0.0008971480779995085,2.009401811589304e-05,0.46473421003029936,-0.0002807512236258799,0.0004866038588973282,0.0
16,1024,2.0,False,2.5,0.04393693362340742,orf,positive,500,0.05812500494601295,0.055300750348472816,30.109497995945514,0.001076497273791697,0.0038648478081494335,0.0
16,1024,2.0,False,2.5,0.04393693362340742,orf,hyperbolic,500,0.016504205940479338,0.013822526307982357,8.549390338135732,0.001323308540529225,0.0020488558863575785,0.0
16,1024,2.0,False,3.0,0.011108996538242306,orf,cos,500,0.000991593400363353,2.1250439196256615e-05,8.034964545174109,8.88848061338518e-06,0.0005164585665759987,0.0
16,1024,2.0,False,3.0,0.011108996538242306,orf,positive,500,6.953342841655374e-05,1.6490336579934554e-05,0.5634352062313901,-6.211902895547992e-05,0.00013989928783224024,0.0
16,1024,2.0,False,3.0,0.011108996538242306,orf,hyperbolic,500,0.00018163937500815014,0.00014996111287289777,1.4718391002433795,0.00017049383268827393,0.00021548368892724664,0.0
16,1024,2.0,False,3.5,0.002187491118182885,orf,cos,500,0.0009886399099238309,2.223704863291823e-05,206.6072426039191,4.6654808048605665e-05,0.0005245187008552491,0.0
16,1024,2.0,False,3.5,0.002187491118182885,orf,positive,500,1.8074721438554097e-07,1.9134758262871842e-08,0.03777278582190068,-5.034107342251962e-06,7.068637416166398e-06,0.0
16,1024,2.0,False,3.5,0.002187491118182885,orf,hyperbolic,500,8.253430744784083e-08,1.0723210938125552e-08,0.01724812594641893,1.7684535773467488e-06,5.13907116657238e-06,0.0
16,1024,2.0,False,4.0,0.00033546262790251185,orf,cos,500,0.0009458039156858823,3.363500057662498e-05,8404.518125513858,-0.003723528149081711,0.001005548634720533,0.0
16,1024,2.0,False,4.0,0.00033546262790251185,orf,positive,500,8.448865646535191e-39,0.0,7.50775539080339e-32,4.743384504624082e-20,0.0,0.0
16,1024,2.0,False,4.0,0.00033546262790251185,orf,hyperbolic,500,8.448865646535191e-39,0.0,7.50775539080339e-32,4.743384504624082e-20,0.0,0.0
16,1024,2.8284270763397217,False,0.5,0.8824969025845955,orf,cos,500,0.0004897289970526494,1.1182235608281417e-05,0.0006288244795045978,0.0006030220609550274,0.0003687400668356717,0.0
16,1024,2.8284270763397217,False,0.5,0.8824969025845955,orf,positive,500,31647.792969820042,31637.18934843334,40636.57055532055,2.1552664003893414,2.81257237624648,0.0
16,1024,2.8284270763397217,False,0.5,0.8824969025845955,orf,hyperbolic,500,7917.765597023556,7908.052714159095,10166.612269954036,0.82482583371376,1.4065146691910506,0.0
16,1024,2.8284270763397217,False,1.0,0.6065306597126334,orf,cos,500,0.0005247313480094949,1.123237860808225e-05,0.0014263676881170293,-0.00020965354038167768,0.00037186708802997595,0.0
16,1024,2.8284270763397217,False,1.0,0.6065306597126334,orf,positive,500,12.841729335748514,10.277736667814379,34.90743949935463,-0.40853507211274437,0.05626664762395904,0.0
16,1024,2.8284270763397217,False,1.0,0.6065306597126334,orf,hyperbolic,500,4.445033729574558,2.6047971127857417,12.082854413990058,-0.41109314877620695,0.03239684529822145,0.0
16,1024,2.8284270763397217,False,1.5,0.32465246735834974,orf,cos,500,0.0006240916136634223,1.5072181954879568e-05,0.0059212163681252716,6.212864218714181e-05,0.00043115948442333377,0.0
16,1024,2.8284270763397217,False,1.5,0.32465246735834974,orf,positive,500,18.006645286450883,15.793601407459072,170.84229377685637,-0.13834387142512872,0.06696503000514654,0.0
16,1024,2.8284270763397217,False,1.5,0.32465246735834974,orf,hyperbolic,500,9.791888445075685,4.95660717002376,92.90285090596953,-0.12493689754218491,0.05071549673786393,0.0
16,1024,2.8284270763397217,False,2.0,0.1353352832366127,orf,cos,500,0.0007863918486729521,1.7479440859307783e-05,0.04293554013868749,2.4387605727947152e-05,0.0004784518474854821,0.0
16,1024,2.8284270763397217,False,2.0,0.1353352832366127,orf,positive,500,0.8382793166337794,0.6516139488804367,45.76849989925271,-0.07935961035925893,0.014454282295127118,0.0
16,1024,2.8284270763397217,False,2.0,0.1353352832366127,orf,hyperbolic,500,1.1895870069725882,0.8340264975619398,64.94924988416837,-0.06681037448579559,0.017122476946854766,0.0
16,1024,2.8284270763397217,False,2.5,0.04393693362340742,orf,cos,500,0.0009390182445036378,1.9705843699489462e-05,0.4864234932504372,-0.0005141124548684928,0.0005009643654917732,0.0
16,1024,2.8284270763397217,False,2.5,0.04393693362340742,orf,positive,500,0.059456815609662886,0.027194441632599035,30.79939299974624,-0.019807510869219228,0.0038787967541891464,0.0
16,1024,2.8284270763397217,False,2.5,0.04393693362340742,orf,hyperbolic,500,0.746781611916359,0.6654777470967913,386.8424521991706,-0.0016072762943297194,0.013681796953725334,0.0
16,1024,2.8284270763397217,False,3.0,0.011108996538242306,orf,cos,500,0.000973162115028165,2.3246480626072423e-05,7.885614293209992,-0.00020001030162411076,0.0005088996835179024,0.0
16,1024,2.8284270763397217,False,3.0,0.011108996538242306,orf,positive,500,0.01210860848588564,0.010629111035093744,98.11707080728286,-0.0033310449567417392,0.0017446281983500048,0.0
16,1024,2.8284270763397217,False,3.0,0.011108996538242306,orf,hyperbolic,500,0.016610106847928265,0.013085006200121742,134.59308983475736,-0.0020370527722920863,0.0020494598242868367,0.0
16,1024,2.8284270763397217,False,3.5,0.002187491118182885,orf,cos,500,0.0009484793698546191,2.1024190714592333e-05,198.21444117855148,0.0003301651452763614,0.0004971851677999146,0.0
16,1024,2.8284270763397217,False,3.5,0.002187491118182885,orf,positive,500,0.0027162251531753527,0.002303057363942604,567.6402333709187,0.00041615545915879104,0.0008217598226833237,0.0
16,1024,2.8284270763397217,False,3.5,0.002187491118182885,orf,hyperbolic,500,0.0006929446552660026,0.000575007381067611,144.81246717286817,-0.0001276596923810715,0.00041496085683068233,0.0
16,1024,2.8284270763397217,False,4.0,0.00033546262790251185,orf,cos,500,0.0009876042132940712,2.1989976684918555e-05,8775.960189850346,-0.0008376649996121075,0.000501801088706072,0.0
16,1024,2.8284270763397217,False,4.0,0.00033546262790251185,orf,positive,500,2.6501252857931214e-06,1.0379113436611338e-06,23.549306182750186,-3.7346523911041107e-07,2.556370557772642e-05,0.0
16,1024,2.8284270763397217,False,4.0,0.00033546262790251185,orf,hyperbolic,500,4.0505181094925906e-05,3.966460201486031e-05,359.9335158626976,6.066511246554539e-05,0.00010028438908262569,0.0
16,1024,4.0,False,0.5,0.8824969025845955,orf,cos,500,0.000476470578571556,1.093556266246465e-05,0.0006118003331897914,-0.00047936525562518605,0.00034765439706220525,0.0
16,1024,4.0,False,0.5,0.8824969025845955,orf,positive,500,78.32841479222061,67.28226465700642,100.57567544207132,-0.6998719261926583,0.13942800540961872,0.0
16,1024,4.0,False,0.5,0.8824969025845955,orf,hyperbolic,500,20.08445285099378,16.76059186283481,25.788947940942585,-0.7898679965558636,0.06971261874788118,0.0
16,1024,4.0,False,1.0,0.6065306597126334,orf,cos,500,0.0004958204476523466,1.0767123013631691e-05,0.001347779713031803,0.00025328530164955534,0.0003649007333186356,0.0
16,1024,4.0,False,1.0,0.6065306597126334,orf,positive,500,0.36683066253822405,0.0002108415438228917,0.9971491240992466,-0.605361341746528,0.0003005929199085358,0.0
16,1024,4.0,False,1.0,0.6065306597126334,orf,hyperbolic,500,0.3668438410369268,0.0001992047006806398,0.9971849469727967,-0.6054837812023088,0.00023825981635904487,0.0
16,1024,4.0,False,1.5,0.32465246735834974,orf,cos,500,0.0005979165101220814,1.3540523158799609e-05,0.005672873900235696,-2.889082885651162e-05,0.00040135022309692513,0.0
16,1024,4.0,False,1.5,0.32465246735834974,orf,positive,500,0.10662890495930717,0.0012648057759461473,1.0116668827740858,-0.32305718355018465,0.000750219398713915,0.0
16,1024,4.0,False,1.5,0.32465246735834974,orf,hyperbolic,500,0.10527019010971926,0.00021689545481081338,0.9987757552042582,-0.32353243813622035,0.0003846156115018471,0.0
16,1024,4.0,False,2.0,0.1353352832366127,orf,cos,500,0.0008216001339769772,1.803639199468101e-05,0.044857847382126406,-0.00017844838800768888,0.0004811039269151875,0.0
16,1024,4.0,False,2.0,0.1353352832366127,orf,positive,500,0.018244571441928523,1.2689076135002564e-05,0.9961198488768321,-0.13500204909191085,6.79211121848111e-05,0.0
16,1024,4.0,False,2.0,0.1353352832366127,orf,hyperbolic,500,0.018273851614593377,2.7919889624758014e-05,0.9977184921369842,-0.13468855906482305,0.00018115943101764867,0.0
16,1024,4.0,False,2.5,0.04393693362340742,orf,cos,500,0.0009589319522394999,2.0844776243841827e-05,0.49673904924431095,-0.00019815846857800169,0.0005313946139173319,0.0
16,1024,4.0,False,2.5,0.04393693362340742,orf,positive,500,0.0021451212068157657,0.00016049889528541066,1.1112002955985973,-0.0434595166092674,0.00025286665119900127,0.0
16,1024,4.0,False,2.5,0.04393693362340742,orf,hyperbolic,500,0.001970310361526583,3.472410334155071e-05,1.0206460358476872,-0.04360619554971311,0.00013077454338707246,0.0
16,1024,4.0,False,3.0,0.011108996538242306,orf,cos,500,0.000967215398584026,2.133934262543275e-05,7.837427550769641,-0.0008191132919865053,0.0004697623769400052,0.0
16,1024,4.0,False,3.0,0.011108996538242306,orf,positive,500,0.24457947158205068,0.2444562065270427,1981.8479851913955,-0.00323520180499357,0.007820258830158092,0.0
16,1024,4.0,False,3.0,0.011108996538242306,orf,hyperbolic,500,0.06120039686910061,0.061070601331460486,495.9119522312441,-0.007062200191896001,0.003910207468290603,0.0
16,1024,4.0,False,3.5,0.002187491118182885,orf,cos,500,0.0009527446852298907,2.2431637323108014e-05,199.10581228311153,0.00012155497887066917,0.0004970647331450167,0.0
16,1024,4.0,False,3.5,0.002187491118182885,orf,positive,500,5.010414586603468e-06,1.5319785254552383e-07,1.0470828980800029,-0.0021525582907567257,9.638461388823472e-06,0.0
16,1024,4.0,False,3.5,0.002187491118182885,orf,hyperbolic,500,4.875302912503569e-06,9.814165028467734e-08,1.0188470862852612,-0.0021558173427308792,7.5303623719220715e-06,0.0
16,1024,4.0,False,4.0,0.00033546262790251185,orf,cos,500,0.0009475915837239058,2.122168772730644e-05,8420.403541273716,0.0004494299402309886,0.0004721693797266086,0.0
16,1024,4.0,False,4.0,0.00033546262790251185,orf,positive,500,8.367377620678151e-07,5.453848090342101e-07,7.435344230417024,-0.00030365309270256625,1.3610919287979892e-05,0.0
16,1024,4.0,False,4.0,0.00033546262790251185,orf,hyperbolic,500,1.1022231773315504e-06,6.204222356209351e-07,9.794476972033504,-0.0002922464678841844,1.5868151269771253e-05,0.0
16,1024,0.5,False,0.125,0.9922179382602435,simrf,cos,500,0.00046858452887062473,1.4268544479672331e-05,0.00047596366147950874,-0.0017324488280352855,0.0006214636414969187,0.0
16,1024,0.5,False,0.125,0.9922179382602435,simrf,positive,500,0.0004205177145989726,1.0066269770357845e-05,0.0004271399050240163,0.00012394034830944868,0.00038087799794258247,0.0
16,1024,0.5,False,0.125,0.9922179382602435,simrf,hyperbolic,500,0.00017308992167845016,4.030043869715687e-06,0.00017581569132433465,0.00015532162176867126,0.00029916594708488193,0.0
16,1024,0.5,False,0.25,0.9692332344763441,simrf,cos,500,0.0004719120388020337,1.4864330359120387e-05,0.0005023477504013947,-0.0016674912419907964,0.0006622266432055399,0.0
16,1024,0.5,False,0.25,0.9692332344763441,simrf,positive,500,0.00038436488493073627,9.687402050724323e-06,0.0004091542902113694,0.0003652590835207805,0.0003709917306988859,0.0
16,1024,0.5,False,0.25,0.9692332344763441,simrf,hyperbolic,500,0.00015482173112185097,3.7761949737168794e-06,0.00016480687489928104,0.000362511947338684,0.0002713175143704369,0.0
16,1024,0.5,False,0.375,0.9321024923595276,simrf,cos,500,0.0004721400291379528,1.564520921591908e-05,0.0005434298424440701,-0.0017225444133718566,0.0006765336186223142,0.0
16,1024,0.5,False,0.375,0.9321024923595276,simrf,positive,500,0.0002597094529788612,6.510557160745029e-06,0.0002989237480482741,-0.0002736383915296549,0.0003292729483593049,0.0
16,1024,0.5,False,0.375,0.9321024923595276,simrf,hyperbolic,500,0.00010820953338946471,3.074137952752843e-06,0.00012454840947959817,-1.1993118082243709e-05,0.0002590710379960008,0.0
16,1024,0.5,False,0.5,0.8824969025845955,simrf,cos,500,0.0004869253911775239,1.6986306905635135e-05,0.0006252245783025615,-0.0016190232794399777,0.0007114246118874576,0.0
16,1024,0.5,False,0.5,0.8824969025845955,simrf,positive,500,0.00016248535734067916,4.060421319864504e-06,0.0002086353286650221,-2.65146742766334e-06,0.00024721714524231507,0.0
16,1024,0.5,False,0.5,0.8824969025845955,simrf,hyperbolic,500,6.897460038386119e-05,1.6315731850098584e-06,8.85651399987578e-05,5.260125347058112e-05,0.0001958888841213177,0.0
16,1024,0.5,False,0.625,0.8225775623986646,simrf,cos,500,0.00048075435753495847,1.965895730991669e-05,0.0007105088819633899,-0.001846754070156373,0.000759467874838165,0.0
16,1024,0.5,False,0.625,0.8225775623986646,simrf,positive,500,8.850463923907825e-05,2.3150197204810277e-06,0.00013080137764483608,-0.00014447847215800182,0.0002000422515417755,0.0
16,1024,0.5,False,0.625,0.8225775623986646,simrf,hyperbolic,500,3.666701652186735e-05,9.485447468827551e-07,5.4190337550899275e-05,-0.00011887346985811032,0.00015171620892851808,0.0
16,1024,0.5,False,0.75,0.7548396019890073,simrf,cos,500,0.00047331063748623124,2.1968774708732394e-05,0.0008306860385090578,-0.0020714003623969867,0.0008036145181658919,0.0
16,1024,0.5,False,0.75,0.7548396019890073,simrf,positive,500,3.707825103859216e-05,1.0042107813432225e-06,6.50743571572242e-05,-2.9194826415277514e-05,0.00013048163136836829,0.0
16,1024,0.5,False,0.75,0.7548396019890073,simrf,hyperbolic,500,1.4699608281466135e-05,4.1714731577648633e-07,2.5798615969879313e-05,-4.85515250514576e-06,9.693761957645729e-05,0.0
16,1024,0.5,False,0.875,0.6819407511903481,simrf,cos,500,0.00047930302613175034,2.342339043366355e-05,0.0010306634703217787,-0.002731111684857609,0.0008523729104989643,0.0
16,1024,0.5,False,0.875,0.6819407511903481,simrf,positive,500,8.595650122535533e-06,2.110269819629473e-07,1.848355237074819e-05,5.77110783130744e-05,5.838470740096268e-05,0.0
16,1024,0.5,False,0.875,0.6819407511903481,simrf,hyperbolic,500,3.067685422051776e-06,7.597132201154144e-08,6.596560277252067e-06,2.4524699130238803e-05,4.407377623369537e-05,0.0
16,1024,0.5,False,1.0,0.6065306597126334,simrf,cos,500,0.0004882893965981259,2.940448868923658e-05,0.0013273081938019176,-0.003048607977448605,0.0009507269740529868,0.0
16,1024,0.5,False,1.0,0.6065306597126334,simrf,positive,500,1.5407439555097887e-33,0.0,4.18817629657037e-33,1.3877787807814457e-17,0.0,0.0
16,1024,0.5,False,1.0,0.6065306597126334,simrf,hyperbolic,500,1.5407439555097887e-33,0.0,4.18817629657037e-33,1.3877787807814457e-17,0.0,0.0
16,1024,1.0,False,0.25,0.9692332344763441,simrf,cos,500,0.0004854240238764695,1.1620633980104463e-05,0.0005167311836421125,-0.0006197375895342518,0.0003755485044483011,0.0
16,1024,1.0,False,0.25,0.9692332344763441,simrf,positive,500,0.03756668424959969,0.003915735969730746,0.03998952722361569,0.0009860676472580852,0.0030156120769421267,0.0
16,1024,1.0,False,0.25,0.9692332344763441,simrf,hyperbolic,500,0.017555207421992305,0.0017686488775211784,0.018687421025864487,0.0008263948120575476,0.0022017488034275865,0.0
16,1024,1.0,False,0.5,0.8824969025845955,simrf,cos,500,0.0004810645197807967,1.1032212398631024e-05,0.0006176990704652257,-0.0004380537095769789,0.00039586401259296736,0.0
16,1024,1.0,False,0.5,0.8824969025845955,simrf,positive,500,0.032387990597791884,0.006801954511592561,0.04158700312300837,0.004109526306623724,0.0029490870085492715,0.0
16,1024,1.0,False,0.5,0.8824969025845955,simrf,hyperbolic,500,0.013347779473477192,0.0018042414307873765,0.01713888810028763,0.0005351163591337613,0.0019729399249108536,0.0
16,1024,1.0,False,0.75,0.7548396019890073,simrf,cos,500,0.0005312260192081485,1.1497424921669645e-05,0.000932330698909742,-0.00016162798807497144,0.00041540526878144164,0.0
16,1024,1.0,False,0.75,0.7548396019890073,simrf,positive,500,0.01257052948077241,0.0007696393245728314,0.022061966305686343,-0.0004017313278882015,0.0018566565482279458,0.0
16,1024,1.0,False,0.75,0.7548396019890073,simrf,hyperbolic,500,0.005716421784979182,0.0003039156093286103,0.010032632674877015,0.00075913292967706,0.0013490437208768943,0.0
16,1024,1.0,False,1.0,0.6065306597126334,simrf,cos,500,0.0005435413452641829,1.212031163857854e-05,0.0014774985618478125,-0.0006672428432078558,0.00043915275154362535,0.0
16,1024,1.0,False,1.0,0.6065306597126334,simrf,positive,500,0.005027745245719074,0.0003211808998139591,0.013666828539559514,-0.000760592421188145,0.0012198622451757267,0.0
16,1024,1.0,False,1.0,0.6065306597126334,simrf,hyperbolic,500,0.002210792163626927,0.00010460305649675058,0.006009556164886732,-0.0001811034828752328,0.0009040487778226147,0.0
16,1024,1.0,False,1.25,0.45783336177161427,simrf,cos,500,0.0005581469425408281,1.243804059862124e-05,0.0026627701391932932,-0.00047707371380717543,0.0004873682814002543,0.0
16,1024,1.0,False,1.25,0.45783336177161427,simrf,positive,500,0.0014429097665982985,8.634524290711668e-05,0.006883737502095632,0.0003153139719559846,0.0006280641054328548,0.0
16,1024,1.0,False,1.25,0.45783336177161427,simrf,hyperbolic,500,0.0006065537433579761,2.502250221936161e-05,0.0028937060700845577,5.167412096378189e-05,0.00048090486449658986,0.0
16,1024,1.0,False,1.5,0.32465246735834974,simrf,cos,500,0.000627970935499002,1.5864051149770518e-05,0.005958022348925469,-0.001467770019611858,0.000589657703748733,0.0
16,1024,1.0,False,1.5,0.32465246735834974,simrf,positive,500,0.00023273138615206173,8.915680224898705e-06,0.00220809391264031,0.0002500567395996975,0.0002706511989608647,0.0
16,1024,1.0,False,1.5,0.32465246735834974,simrf,hyperbolic,500,9.778303684678598e-05,3.126634379459653e-06,0.0009277396228792174,0.00018495708573819402,0.00019498976322175724,0.0
16,1024,1.0,False,1.75,0.2162651668298873,simrf,cos,500,0.0006906688296661513,1.9633359530407463e-05,0.01476715071260269,-0.0016044360045438524,0.0006888000164724398,0.0
16,1024,1.0,False,1.75,0.2162651668298873,simrf,positive,500,1.8315599382593197e-05,4.756415227761518e-07,0.00039160478199825997,-1.5423287582964213e-06,8.22664605899087e-05,0.0
16,1024,1.0,False,1.75,0.2162651668298873,simrf,hyperbolic,500,7.560262244412357e-06,2.074419898597963e-07,0.00016164553429174195,-4.752750192469235e-06,6.68115989709299e-05,0.0
16,1024,1.0,False,2.0,0.1353352832366127,simrf,cos,500,0.0007773927378453378,3.22156329576492e-05,0.04244420533555652,-0.0032137434019934965,0.000986009372307971,0.0
16,1024,1.0,False,2.0,0.1353352832366127,simrf,positive,500,1.829633447167874e-33,0.0,9.989460145413046e-32,3.8163916471489756e-17,0.0,0.0
16,1024,1.0,False,2.0,0.1353352832366127,simrf,hyperbolic,500,1.829633447167874e-33,0.0,9.989460145413046e-32,3.8163916471489756e-17,0.0,0.0
16,1024,2.0,False,0.5,0.8824969025845955,simrf,cos,500,0.0004815329389512991,1.0974577470633932e-05,0.0006183005325858145,0.0003723514599792198,0.0003355081899921703,0.0
16,1024,2.0,False,0.5,0.8824969025845955,simrf,positive,500,5.5688819689547495,1.5658212377392742,7.1505859906719715,-0.16967279370441127,0.03653272104761041,0.0
16,1024,2.0,False,0.5,0.8824969025845955,simrf,hyperbolic,500,154.9184290948173,150.93734027658058,198.9192004710831,0.06588558302336589,0.198712940082693,0.0
16,1024,2.0,False,1.0,0.6065306597126334,simrf,cos,500,0.0005400611185065978,1.2107262831804346e-05,0.0014680383246937516,-8.301207506982877e-05,0.0003989185418931533,0.0
16,1024,2.0,False,1.0,0.6065306597126334,simrf,positive,500,1.9774555981194677,0.39568851630547247,5.375281618952761,-0.08881015958838297,0.02167706486457539,0.0
16,1024,2.0,False,1.0,0.6065306597126334,simrf,hyperbolic,500,6.760274198887391,5.629010419404063,18.376330510236123,-0.05521031504890107,0.041036601606401005,0.0
16,1024,2.0,False,1.5,0.32465246735834974,simrf,cos,500,0.0006244125332336809,1.4212144800466562e-05,0.0059242611682326024,-0.0009889786269957786,0.0004250276761691577,0.0
16,1024,2.0,False,1.5,0.32465246735834974,simrf,positive,500,113.46537823720857,112.12632864183584,1076.5295352871385,0.14543813499487987,0.1681337926078825,0.0
16,1024,2.0,False,1.5,0.32465246735834974,simrf,hyperbolic,500,28.771783828771188,28.14479280802869,272.97908450819307,0.06407288445176013,0.08452975800052227,0.0
16,1024,2.0,False,2.0,0.1353352832366127,simrf,cos,500,0.0008003826960976029,1.8261433247405725e-05,0.04369941452546941,-6.3896183187411025e-06,0.00048018300596527967,0.0
16,1024,2.0,False,2.0,0.1353352832366127,simrf,positive,500,0.39164906360819585,0.20975910115971083,21.383314335220724,0.00422467909902726,0.010061174153270404,0.0
16,1024,2.0,False,2.0,0.1353352832366127,simrf,hyperbolic,500,0.13295302015339508,0.05634351550550894,7.258988941694714,0.000435739432591175,0.005875489112640553,0.0
16,1024,2.0,False,2.5,0.04393693362340742,simrf,cos,500,0.0009344505664681409,2.041528761058782e-05,0.4840573774490939,-0.00014084675718319266,0.0004885505074623978,0.0
16,1024,2.0,False,2.5,0.04393693362340742,simrf,positive,500,0.020118698056501495,0.016580315347464777,10.42174360889782,0.00036553282997033856,0.002282562224539977,0.0
16,1024,2.0,False,2.5,0.04393693362340742,simrf,hyperbolic,500,0.007129406756290733,0.004222979004105449,3.6931241320357238,0.0006998219946512792,0.001346869323904594,0.0
16,1024,2.0,False,3.0,0.011108996538242306,simrf,cos,500,0.0009709062880008513,2.1143283315651732e-05,7.867335137481576,-0.0004482189579452429,0.0004888195242687211,0.0
16,1024,2.0,False,3.0,0.011108996538242306,simrf,positive,500,5.398491200789647e-05,1.1836200166760293e-05,0.43744427282275733,-0.00017120900232938922,0.00011986316244836018,0.0
16,1024,2.0,False,3.0,0.011108996538242306,simrf,hyperbolic,500,9.807659130935905e-05,6.967189841804915e-05,0.794722850710247,1.8095068948421776e-05,0.00015713900236738964,0.0
16,1024,2.0,False,3.5,0.002187491118182885,simrf,cos,500,0.0009944277201872564,2.2508513012675593e-05,207.81678665250314,-6.779735155966948e-05,0.0005478516290934073,0.0
16,1024,2.0,False,3.5,0.002187491118182885,simrf,positive,500,2.4138369067783346e-07,6.112368489123608e-08,0.050444674789981755,5.005635110541171e-06,8.036931239823648e-06,0.0
16,1024,2.0,False,3.5,0.002187491118182885,simrf,hyperbolic,500,9.43800754995843e-08,1.6009991784556647e-08,0.01972366982152395,5.241108758592338e-06,5.353535640134772e-06,0.0
16,1024,2.0,False,4.0,0.00033546262790251185,simrf,cos,500,0.0009543112532080934,3.4856685461284236e-05,8480.11526697149,-0.0036054338177206654,0.0010111869044867967,0.0
16,1024,2.0,False,4.0,0.00033546262790251185,simrf,positive,500,8.448865646535191e-39,0.0,7.50775539080339e-32,4.743384504624082e-20,0.0,0.0
16,1024,2.0,False,4.0,0.00033546262790251185,simrf,hyperbolic,500,8.448865646535191e-39,0.0,7.50775539080339e-32,4.743384504624082e-20,0.0,0.0
16,1024,2.8284270763397217,False,0.5,0.8824969025845955,simrf,cos,500,0.0004783220620701181,1.0772091417343696e-05,0.000614177685060523,0.00022485043554365945,0.00035329605726510646,0.0
16,1024,2.8284270763397217,False,0.5,0.8824969025845955,simrf,positive,500,1862765.6244800822,1862738.514635214,2391838.407164638,20.961333943707245,21.579582752795996,0.0
16,1024,2.8284270763397217,False,0.5,0.8824969025845955,simrf,hyperbolic,500,465699.71327314066,465675.12454743416,597970.2683869061,10.247732784673515,10.789622776531028,0.0
16,1024,2.8284270763397217,False,1.0,0.6065306597126334,simrf,cos,500,0.0005371433047408545,1.227128349368246e-05,0.0014601068845555042,9.250751931167358e-05,0.0003953492728569998,0.0
16,1024,2.8284270763397217,False,1.0,0.6065306597126334,simrf,positive,500,12.209175815386915,7.985040459177377,33.187980759427894,-0.4041552967461934,0.05475436539031237,0.0
16,1024,2.8284270763397217,False,1.0,0.6065306597126334,simrf,hyperbolic,500,25.01801858900921,20.24336937663177,68.00602531455434,-0.33849838798624166,0.07896970412517607,0.0
16,1024,2.8284270763397217,False,1.5,0.32465246735834974,simrf,cos,500,0.000651932439114522,1.4743951046027327e-05,0.0061853627654714725,-0.0004484633266908654,0.0004523407204900731,0.0
16,1024,2.8284270763397217,False,1.5,0.32465246735834974,simrf,positive,500,30.995461793091806,29.02933896894132,294.0767536187986,-0.11984826621982399,0.08788744975686152,0.0
16,1024,2.8284270763397217,False,1.5,0.32465246735834974,simrf,hyperbolic,500,11.650161426202478,7.73853750349314,110.533654062743,-0.13509520646352075,0.055095902527840454,0.0
16,1024,2.8284270763397217,False,2.0,0.1353352832366127,simrf,cos,500,0.0007922172195068374,1.6716956972834825e-05,0.043253594609474665,6.889002306244468e-05,0.0004671361699399415,0.0
16,1024,2.8284270763397217,False,2.0,0.1353352832366127,simrf,positive,500,0.9504380713247013,0.6646516248748608,51.89216041539828,-0.07267618536917551,0.015341199585607814,0.0
16,1024,2.8284270763397217,False,2.0,0.1353352832366127,simrf,hyperbolic,500,0.2949755976118564,0.16735423698867521,16.105121934528515,-0.07891404252738539,0.008500536581742723,0.0
16,1024,2.8284270763397217,False,2.5,0.04393693362340742,simrf,cos,500,0.0009393636928984179,2.110753310670342e-05,0.4866024399491944,-0.00034795530206833513,0.00048209587728489586,0.0
16,1024,2.8284270763397217,False,2.5,0.04393693362340742,simrf,positive,500,0.060400549228087616,0.02980380606953192,31.28825911716091,-0.020586519310532268,0.0039047348187316237,0.0
16,1024,2.8284270763397217,False,2.5,0.04393693362340742,simrf,hyperbolic,500,0.12700937956261796,0.06715993200526724,65.79248746660531,-0.014198634376087205,0.005724925572992717,0.0
16,1024,2.8284270763397217,False,3.0,0.011108996538242306,simrf,cos,500,0.0009585163777747365,2.080677531470948e-05,7.766938655064243,-2.6340784571065313e-05,0.0004720861414641063,0.0
16,1024,2.8284270763397217,False,3.0,0.011108996538242306,simrf,positive,500,0.03743277192952735,0.026476741769299945,303.3208925867481,-0.0009650786658183184,0.003063979674364413,0.0
16,1024,2.8284270763397217,False,3.0,0.011108996538242306,simrf,hyperbolic,500,0.025862305163463793,0.0173277119339679,209.56442930011335,-0.0011103762711448418,0.0026190369954255054,0.0
16,1024,2.8284270763397217,False,3.5,0.002187491118182885,simrf,cos,500,0.0009538329346691461,2.0306208394951406e-05,199.33323605353888,0.00033186907777464116,0.0004943525381429572,0.0
16,1024,2.8284270763397217,False,3.5,0.002187491118182885,simrf,positive,500,0.0003001986576015913,0.0002078427341107551,62.73590238253821,-0.0002959619989423225,0.0002755189610088861,0.0
16,1024,2.8284270763397217,False,3.5,0.002187491118182885,simrf,hyperbolic,500,0.00010297139871451147,5.265483345135779e-05,21.519095620075714,-0.0003905863508062975,0.0001610263991500767,0.0
16,1024,2.8284270763397217,False,4.0,0.00033546262790251185,simrf,cos,500,0.0009753705498227125,2.1779298804757273e-05,8667.250504173153,-0.0004336353905805728,0.0004780956289653489,0.0
16,1024,2.8284270763397217,False,4.0,0.00033546262790251185,simrf,positive,500,2.6124714463443608e-06,1.0973440430170904e-06,23.21471000388704,-4.38876906401953e-06,2.5664556855820936e-05,0.0
16,1024,2.8284270763397217,False,4.0,0.00033546262790251185,simrf,hyperbolic,500,1.6136244143618668e-05,1.5253209987806243e-05,143.38844884609338,1.86743666020273e-05,6.327522230172604e-05,0.0
16,1024,4.0,False,0.5,0.8824969025845955,simrf,cos,500,0.0004995061387245283,1.115576321549218e-05,0.0006413785779138472,0.0007284333373163091,0.0003572705795335874,0.0
16,1024,4.0,False,0.5,0.8824969025845955,simrf,positive,500,89.2045195283841,88.42670031909259,114.54087035786314,-0.7325528700746052,0.14890255945993108,0.0
16,1024,4.0,False,0.5,0.8824969025845955,simrf,hyperbolic,500,22.817975461082774,22.04097842562104,29.298860449387465,-0.8068315470011596,0.074450122649512,0.0
16,1024,4.0,False,1.0,0.6065306597126334,simrf,cos,500,0.000519916227614156,1.1772861752367227e-05,0.001413278833844537,-0.00011893715939464586,0.0003835231200725551,0.0
16,1024,4.0,False,1.0,0.6065306597126334,simrf,positive,500,0.37677202551043765,0.009499939686279326,1.0241725504167305,-0.6033462495929631,0.0017819515115222798,0.0
16,1024,4.0,False,1.0,0.6065306597126334,simrf,hyperbolic,500,0.36891763256932203,0.001867109486254467,1.0028220968113188,-0.6043164205049026,0.0009613450190424734,0.0
16,1024,4.0,False,1.5,0.32465246735834974,simrf,cos,500,0.0006323913217634532,1.4138783875120102e-05,0.0059999618060972496,0.0003144092115858554,0.0004267205209972005,0.0
16,1024,4.0,False,1.5,0.32465246735834974,simrf,positive,500,0.10524586087616268,3.783298359766755e-05,0.9985449258631722,-0.32429022414875625,0.0001429394876723297,0.0
16,1024,4.0,False,1.5,0.32465246735834974,simrf,hyperbolic,500,0.10511008913785323,8.402954266654148e-05,0.9972567594760491,-0.32372750157255586,0.00027665210207873935,0.0
16,1024,4.0,False,2.0,0.1353352832366127,simrf,cos,500,0.0008012224987665517,1.828335895880669e-05,0.04374526619758691,-0.0005357867204806771,0.00047007960040056703,0.0
16,1024,4.0,False,2.0,0.1353352832366127,simrf,positive,500,0.018521076822175093,0.00017813529744240534,1.0112165311125059,-0.13448788827570424,0.0003278938102144033,0.0
16,1024,4.0,False,2.0,0.1353352832366127,simrf,hyperbolic,500,0.01828294078022122,2.9807952309310813e-05,0.9982147437656091,-0.13457891048296336,0.0002062286829190174,0.0
16,1024,4.0,False,2.5,0.04393693362340742,simrf,cos,500,0.0009627603278778258,2.132794567689749e-05,0.4987221969226116,-0.00019274667513705123,0.0005127972347665883,0.0
16,1024,4.0,False,2.5,0.04393693362340742,simrf,positive,500,0.0022314968295381534,0.0003086239230054306,1.1559439759075083,-0.043481249290645986,0.00029193537280402675,0.0
16,1024,4.0,False,2.5,0.04393693362340742,simrf,hyperbolic,500,0.0019917339045149728,7.083332448296512e-05,1.0317437058655068,-0.043601804786978844,0.00015030017930606237,0.0
16,1024,4.0,False,3.0,0.011108996538242306,simrf,cos,500,0.0009708189456691736,2.1459337584330836e-05,7.866627395237562,-0.00044378695742891154,0.00047103624714478704,0.0
16,1024,4.0,False,3.0,0.011108996538242306,simrf,positive,500,2.324608969293328,2.3244851039430316,18836.501576978346,0.013080650398670365,0.024109092584653442,0.0
16,1024,4.0,False,3.0,0.011108996538242306,simrf,hyperbolic,500,0.5811236801601675,0.5809873364091689,4708.8939526393115,0.0010862912090720668,0.012054506749714634,0.0
16,1024,4.0,False,3.5,0.002187491118182885,simrf,cos,500,0.0010023840832955146,2.170220686829394e-05,209.47951766958238,-1.3214881154591129e-05,0.00047606370710392157,0.0
16,1024,4.0,False,3.5,0.002187491118182885,simrf,positive,500,4.865664571912946e-06,7.597696943347656e-08,1.0168328534460676,-0.0021589693526989037,7.0889433047369114e-06,0.0
16,1024,4.0,False,3.5,0.002187491118182885,simrf,hyperbolic,500,4.895781628681788e-06,1.3928008044458823e-07,1.0231267547865828,-0.002157611231947805,7.69541026391947e-06,0.0
16,1024,4.0,False,4.0,0.00033546262790251185,simrf,cos,500,0.0010265542567936662,2.2546247297216465e-05,9122.074581166336,0.00038795666901574814,0.0005319847819741726,0.0
16,1024,4.0,False,4.0,0.00033546262790251185,simrf,positive,500,1.8789236484516905e-07,4.40819774821369e-08,1.66963231997376,-0.00032136028186069166,4.5753296254828616e-06,0.0
16,1024,4.0,False,4.0,0.00033546262790251185,simrf,hyperbolic,500,1.8500197746090817e-06,1.004323210953074e-06,16.439480182301363,-0.0002875292760367146,2.09607945878083e-05,0.0
64,64,0.5,False,0.125,0.9922179382602435,rff,cos,500,0.007148445943609408,0.0002180230024464972,0.007261017587177045,0.0010345675778695588,0.0025174117959691996,0.0
64,64,0.5,False,0.125,0.9922179382602435,rff,positive,500,0.026265283656187136,0.0007910858263988584,0.02667890168915141,-0.0016987917701200375,0.0025636398063865005,0.0
64,64,0.5,False,0.125,0.9922179382602435,rff,hyperbolic,500,0.008168925124952433,0.00026338230071729286,0.008297566977286638,-0.0011096037749981037,0.0014512430432454698,0.0
64,64,0.5,False,0.25,0.9692332344763441,rff,cos,500,0.008001955913530751,0.00025841622955891303,0.008518037730458481,0.0012100494388354755,0.0027995116731952593,0.0
64,64,0.5,False,0.25,0.9692332344763441,rff,positive,500,0.022507117947495367,0.0005955601694353915,0.02395870234131952,-0.0016506634934309794,0.002365257765963332,0.0
64,64,0.5,False,0.25,0.9692332344763441,rff,hyperbolic,500,0.006586668410624033,0.0001780543497068902,0.007011472025838587,-0.0012579535514328217,0.0012995252113154076,0.0
64,64,0.5,False,0.375,0.9321024923595276,rff,cos,500,0.008038253044356791,0.0002689576179610857,0.009251972541697037,0.002668622026585715,0.0028417818040934457,0.0
64,64,0.5,False,0.375,0.9321024923595276,rff,positive,500,0.020554550539369613,0.0006530565609083467,0.023658142652112638,0.005739756933708354,0.0022763125546575694,0.0
64,64,0.5,False,0.375,0.9321024923595276,rff,hyperbolic,500,0.005612376189039227,0.00016993354661083102,0.006459805396536902,0.0024186705689539204,0.0012766177998149867,0.0
64,64,0.5,False,0.5,0.8824969025845955,rff,cos,500,0.008266695200059616,0.00029042225376130535,0.010614646748887098,0.0003905594833069643,0.002905171433106658,0.0
64,64,0.5,False,0.5,0.8824969025845955,rff,positive,500,0.013726111810235444,0.0003658754458145148,0.01762467643664009,-0.000977396393965613,0.0016581314292664158,0.0
64,64,0.5,False,0.5,0.8824969025845955,rff,hyperbolic,500,0.003584419935336774,9.930249365516543e-05,0.004602486301054648,0.0007722312917039083,0.0009389154860978485,0.0
64,64,0.5,False,0.625,0.8225775623986646,rff,cos,500,0.008422610452602368,0.0003136784981545463,0.012447811324219798,0.0011358568728692669,0.0030876398855330107,0.0
64,64,0.5,False,0.625,0.8225775623986646,rff,positive,500,0.008894389087113035,0.0002390947744048107,0.013145054947468733,0.00018405126131739314,0.001529594004483235,0.0
64,64,0.5,False,0.625,0.8225775623986646,rff,hyperbolic,500,0.0019863561077921835,5.299672384966479e-05,0.0029356440252877986,0.00044446504289616016,0.0007663644670336795,0.0
64,64,0.5,False,0.75,0.7548396019890073,rff,cos,500,0.009248997280338404,0.0003438570196387524,0.01623249574907105,0.0006970765239586983,0.0033207547211452676,0.0
64,64,0.5,False,0.75,0.7548396019890073,rff,positive,500,0.004832032509840019,0.0001197400768619735,0.008480481158978285,-9.178018673164629e-05,0.0009903144920911566,0.0
64,64,0.5,False,0.75,0.7548396019890073,rff,hyperbolic,500,0.0008147100177542508,1.9824520874077308e-05,0.0014298606107318054,0.00025667964457869896,0.0004503392914579927,0.0
64,64,0.5,False,0.875,0.6819407511903481,rff,cos,500,0.010099472885650477,0.00044787708031818137,0.021717279477146405,0.0016476512873043016,0.003687282875972186,0.0
64,64,0.5,False,0.875,0.6819407511903481,rff,positive,500,0.0019805951734807982,4.792606090311074e-05,0.0042589488976878835,0.0005259828446271065,0.0007166419818430802,0.0
64,64,0.5,False,0.875,0.6819407511903481,rff,hyperbolic,500,0.0002076633946184067,5.2563984632953886e-06,0.00044654647120332476,0.00023851110138098418,0.0002403012111286785,0.0
64,64,0.5,False,1.0,0.6065306597126334,rff,cos,500,0.011093331389209886,0.0005345597331407866,0.03015480113236357,0.0022737573719513555,0.0040881979953241495,0.0
64,64,0.5,False,1.0,0.6065306597126334,rff,positive,500,0.0,0.0,0.0,0.0,0.0,0.0
64,64,0.5,False,1.0,0.6065306597126334,rff,hyperbolic,500,0.0,0.0,0.0,0.0,0.0,0.0
64,64,1.0,False,0.25,0.9692332344763441,rff,cos,500,0.0078055478173365105,0.00017429780518864624,0.008308962400373106,0.0007361505160123192,0.00148329542850191,0.0
64,64,1.0,False,0.25,0.9692332344763441,rff,positive,500,0.5811139039436359,0.10147736179786852,0.6185925307481256,-0.021841715285001888,0.012496332998921491,0.0
64,64,1.0,False,0.25,0.9692332344763441,rff,hyperbolic,500,0.2965558833699228,0.037763288636935205,0.3156820946067737,-0.008540558594397061,0.008845157478097217,0.0
64,64,1.0,False,0.5,0.8824969025845955,rff,cos,500,0.008182919609791221,0.0001860020898783492,0.010507076761684463,1.9667161013959266e-05,0.0014972405104140315,0.0
64,64,1.0,False,0.5,0.8824969025845955,rff,positive,500,0.40560878586612914,0.04681196795324553,0.5208119902839653,0.0020718711766170685,0.009932935156338458,0.0
64,64,1.0,False,0.5,0.8824969025845955,rff,hyperbolic,500,0.20021193817001762,0.01774856021805245,0.2570772173346172,0.0027973102968358618,0.007324670781006158,0.0
64,64,1.0,False,0.75,0.7548396019890073,rff,cos,500,0.009411242002735255,0.00021184498841866816,0.016517244104680875,0.0019978876518248747,0.0017097547465840424,0.0
64,64,1.0,False,0.75,0.7548396019890073,rff,positive,500,0.2693823863809313,0.053278407247614755,0.472780811720932,0.0028072316626112353,0.008301247467426647,0.0
64,64,1.0,False,0.75,0.7548396019890073,rff,hyperbolic,500,0.18109224512008015,0.060060558768116716,0.31782678813739257,0.006035271979956772,0.006659036973059256,0.0
64,64,1.0,False,1.0,0.6065306597126334,rff,cos,500,0.010841324059288617,0.00024722412175398546,0.0294697741868001,-0.0007033408808557865,0.001825154064076139,0.0
64,64,1.0,False,1.0,0.6065306597126334,rff,positive,500,0.10940792814076923,0.017303483463358745,0.297401582954406,0.0038645991757544676,0.005090885522378192,0.0
64,64,1.0,False,1.0,0.6065306597126334,rff,hyperbolic,500,0.05194250908952548,0.005856390523019689,0.1411943785826259,0.0025250653940441666,0.0034995667236346383,0.0
64,64,1.0,False,1.25,0.45783336177161427,rff,cos,500,0.012261153755341087,0.00027791769506487174,0.0584946930698124,0.00011354461060018472,0.002214080809823595,0.0
64,64,1.0,False,1.25,0.45783336177161427,rff,positive,500,0.034316208583754226,0.0029595067734790145,0.16371347496983776,-0.0013047463490982562,0.003280751685367158,0.0
64,64,1.0,False,1.25,0.45783336177161427,rff,hyperbolic,500,0.017197469842590726,0.0024006209095381206,0.08204454002393474,-0.0017990448539842042,0.002265896566888495,0.0
64,64,1.0,False,1.5,0.32465246735834974,rff,cos,500,0.014076429477603288,0.000317853573729145,0.13355344440263023,0.002826949952841294,0.002509968906402309,0.0
64,64,1.0,False,1.5,0.32465246735834974,rff,positive,500,0.007545528295390336,0.00034410155620727515,0.07158997921243214,0.0009561375436638606,0.0013947750646156774,0.0
64,64,1.0,False,1.5,0.32465246735834974,rff,hyperbolic,500,0.003069913161086294,0.0001174441768313746,0.029126525112947114,-0.000543443219082351,0.0009362070072434891,0.0
64,64,1.0,False,1.75,0.2162651668298873,rff,cos,500,0.014942836245953259,0.0003626138079157301,0.31949192643368013,0.0032512654231291464,0.003023633944933262,0.0
64,64,1.0,False,1.75,0.2162651668298873,rff,positive,500,0.0011578674508962315,3.590063887951739e-05,0.024756297690264384,0.0014859377718364352,0.0005725095741724363,0.0
64,64,1.0,False,1.75,0.2162651668298873,rff,hyperbolic,500,0.00034013252787316493,9.33968724062812e-06,0.007272354108972064,0.0003860297987893251,0.0003019479445315951,0.0
64,64,1.0,False,2.0,0.1353352832366127,rff,cos,500,0.015547631214122755,0.0006032502275088411,0.8488719016886707,0.0038201669122410503,0.004231007953488467,0.0
64,64,1.0,False,2.0,0.1353352832366127,rff,positive,500,0.0,0.0,0.0,0.0,0.0,0.0
64,64,1.0,False,2.0,0.1353352832366127,rff,hyperbolic,500,0.0,0.0,0.0,0.0,0.0,0.0
64,64,2.0,False,0.5,0.8824969025845955,rff,cos,500,0.008350748047117395,0.00018957717067687472,0.010722572740854254,-0.0019971091615272195,0.0013619659739347498,0.0
64,64,2.0,False,0.5,0.8824969025845955,rff,positive,500,74.87597041283028,54.28741137896245,96.14264910923339,-0.13303448341530458,0.13593753203208844,0.0
64,64,2.0,False,0.5,0.8824969025845955,rff,hyperbolic,500,24.32524432439175,13.818564866387808,31.23423197965823,-0.18871335330737643,0.08067275500342727,0.0
64,64,2.0,False,1.0,0.6065306597126334,rff,cos,500,0.011020576164373708,0.0002421045432617811,0.029957031926765933,0.00015842874201832678,0.0016739845395358488,0.0
64,64,2.0,False,1.0,0.6065306597126334,rff,positive,500,14.496544264942658,7.947707256441913,39.40569285084581,-0.1942269299323602,0.05971110856073343,0.0
64,64,2.0,False,1.0,0.6065306597126334,rff,hyperbolic,500,5.388718659714828,2.0380787815230494,14.648056011381,-0.1732227079996976,0.03625078805858801,0.0
64,64,2.0,False,1.5,0.32465246735834974,rff,cos,500,0.014110332494303723,0.0003196840003888108,0.1338751072691396,-0.0031534916968317807,0.0018458512070840252,0.0
64,64,2.0,False,1.5,0.32465246735834974,rff,positive,500,5.421090587952186,3.7692058713400383,51.43387544345986,-0.061580541173988756,0.036603662839150536,0.0
64,64,2.0,False,1.5,0.32465246735834974,rff,hyperbolic,500,3.960342734313836,2.1574161644382626,37.574685684611495,-0.04454903913243589,0.031141181469852865,0.0
64,64,2.0,False,2.0,0.1353352832366127,rff,cos,500,0.015417153262145105,0.00034639130600367155,0.8417480468905775,0.0015933198382814988,0.0018990775021416044,0.0
64,64,2.0,False,2.0,0.1353352832366127,rff,positive,500,11.35157007521379,11.002733876933414,619.7747260782728,0.03593712273693717,0.054194585780080705,0.0
64,64,2.0,False,2.0,0.1353352832366127,rff,hyperbolic,500,3.7618401147255387,2.8883266013861406,205.38951098448547,0.015176173385993332,0.030975409973537246,0.0
64,64,2.0,False,2.5,0.04393693362340742,rff,cos,500,0.01640075041658924,0.0003561062234139981,8.49579904997788,-0.001592035984141361,0.0020277649498275296,0.0
64,64,2.0,False,2.5,0.04393693362340742,rff,positive,500,0.040553629385290224,0.02125875406287979,21.007300108427266,-0.0020189658580899417,0.0031699704380256342,0.0
64,64,2.0,False,2.5,0.04393693362340742,rff,hyperbolic,500,0.014692661957586924,0.0054415226345040455,7.610987322546693,-0.002776469722506266,0.0020045773440627267,0.0
64,64,2.0,False,3.0,0.011108996538242306,rff,cos,500,0.01580279047225635,0.00035058380260687724,128.05133748658184,0.00225948195762861,0.0020058825598130827,0.0
64,64,2.0,False,3.0,0.011108996538242306,rff,positive,500,0.0005050788996623398,0.00011321451219990145,4.092696714011367,-0.0003179489707810475,0.0003579910459901142,0.0
64,64,2.0,False,3.0,0.011108996538242306,rff,hyperbolic,500,0.00041759526915001623,0.00011944296940409271,3.3838095136810136,0.0004283594925214872,0.00034739464202404564,0.0
64,64,2.0,False,3.5,0.002187491118182885,rff,cos,500,0.015409265508652913,0.00034385868762239837,3220.248166533899,-0.0005950098390397762,0.0019164954648331445,0.0
64,64,2.0,False,3.5,0.002187491118182885,rff,positive,500,2.3539233128765045e-06,2.993486904828989e-07,0.49192592782539657,-3.6983463982851462e-06,2.4183751601020352e-05,0.0
64,64,2.0,False,3.5,0.002187491118182885,rff,hyperbolic,500,1.1412054620643257e-06,9.937285995983822e-08,0.23849058832735912,-5.895236376359643e-06,1.725721289749537e-05,0.0
64,64,2.0,False,4.0,0.00033546262790251185,rff,cos,500,0.015415585574490584,0.0005695503404982911,136984.59715327015,0.0020626748436371623,0.00415329967223145,0.0
64,64,2.0,False,4.0,0.00033546262790251185,rff,positive,500,0.0,0.0,0.0,0.0,0.0,0.0
64,64,2.0,False,4.0,0.00033546262790251185,rff,hyperbolic,500,0.0,0.0,0.0,0.0,0.0,0.0
64,64,4.0,False,0.5,0.8824969025845955,rff,cos,500,0.008557467834209529,0.0001844037985764338,0.010988006201612834,0.002036719865306957,0.0014386254805346958,0.0
64,64,4.0,False,0.5,0.8824969025845955,rff,positive,500,0.7881242944410152,0.009988969071960457,1.0119716255713567,-0.8801305212213909,0.0018377681929118166,0.0
64,64,4.0,False,0.5,0.8824969025845955,rff,hyperbolic,500,0.7798977091757788,0.0017091942701303368,1.0014084809982442,-0.8811966179386441,0.0009208897787643556,0.0
64,64,4.0,False,1.0,0.6065306597126334,rff,cos,500,0.010676536183224323,0.00024354809962180113,0.02902183429774417,-0.00043377298730389025,0.001626585607942117,0.0
64,64,4.0,False,1.0,0.6065306597126334,rff,positive,500,0.36779590223420183,2.826904117727025e-05,0.9997729176249304,-0.6064598538481724,2.4336246715702706e-05,0.0
64,64,4.0,False,1.0,0.6065306597126334,rff,hyperbolic,500,0.36768927034008525,6.84683937820853e-05,0.9994830620848191,-0.6063592358720011,6.635439841944135e-05,0.0
64,64,4.0,False,1.5,0.32465246735834974,rff,cos,500,0.01398549926430683,0.00032475054157160723,0.1326907225593297,-0.0023326615704247484,0.0018677150137402332,0.0
64,64,4.0,False,1.5,0.32465246735834974,rff,positive,500,0.1053162740942423,3.1270138338239054e-05,0.9992129878756996,-0.324414967281352,0.00013331452866792895,0.0
64,64,4.0,False,1.5,0.32465246735834974,rff,hyperbolic,500,118.21538114898482,118.11006716100702,1121.5963081360053,-0.15257394517990297,0.17191660034118467,0.0
64,64,4.0,False,2.0,0.1353352832366127,rff,cos,500,0.01548055591103547,0.00034392950646742256,0.8452097142271924,-0.0002586063948726487,0.002098760084213386,0.0
64,64,4.0,False,2.0,0.1353352832366127,rff,positive,500,0.018305232801948398,3.878993996139499e-06,0.9994318469124118,-0.13529226154552798,1.75184463242281e-05,0.0
64,64,4.0,False,2.0,0.1353352832366127,rff,hyperbolic,500,0.01830351379713266,4.394160774163388e-06,0.9993379924295744,-0.13528364168568452,2.145821194385358e-05,0.0
64,64,4.0,False,2.5,0.04393693362340742,rff,cos,500,0.015504537193376432,0.0003515651766751356,8.031549106716293,-0.0015596097571484277,0.0020466244628618464,0.0
64,64,4.0,False,2.5,0.04393693362340742,rff,positive,500,0.00192957194299985,2.8026194294784766e-07,0.9995430125941333,-0.04392629407878631,3.619448723776751e-06,0.0
64,64,4.0,False,2.5,0.04393693362340742,rff,hyperbolic,500,0.002562175963993266,0.0005536283095073063,1.3272400084054838,-0.04337145487512241,0.0004123808788119461,0.0
64,64,4.0,False,3.0,0.011108996538242306,rff,cos,500,0.016594526051528002,0.0003861299553119439,134.46683733386757,4.3599038817284884e-05,0.0020313554312175047,0.0
64,64,4.0,False,3.0,0.011108996538242306,rff,positive,500,0.0001243458408635511,9.3299360884335e-07,1.0075847845622874,-0.011066344751839083,2.1640678206234404e-05,0.0
64,64,4.0,False,3.0,0.011108996538242306,rff,hyperbolic,500,0.0001352270165909356,1.1931174349474321e-05,1.0957558647119803,-0.01101612792785335,5.882311842730344e-05,0.0
64,64,4.0,False,3.5,0.002187491118182885,rff,cos,500,0.015760384352090935,0.000348653868202736,3293.6254349820197,0.001103430606392725,0.0020416063041529754,0.0
64,64,4.0,False,3.5,0.002187491118182885,rff,positive,500,5.361865680705064e-06,3.991419096639624e-07,1.1205296007000252,-0.0021577783032630093,1.324182432849098e-05,0.0
64,64,4.0,False,3.5,0.002187491118182885,rff,hyperbolic,500,4.895890137900453e-06,8.63750519028223e-08,1.0231494311829534,-0.00216942121558553,6.85053302751616e-06,0.0
64,64,4.0,False,4.0,0.00033546262790251185,rff,cos,500,0.015682559625747612,0.0003460878385439119,139356.95807884785,-0.0036321791424893286,0.002009432209751266,0.0
64,64,4.0,False,4.0,0.00033546262790251185,rff,positive,500,1.3113144135903858e-07,1.5628461120599162e-08,1.1652484806299137,-0.000329841013526598,2.3540817383243527e-06,0.0
64,64,4.0,False,4.0,0.00033546262790251185,rff,hyperbolic,500,2.1812659902516464e-07,1.0226728679786924e-07,1.9382970664001176,-0.0003268852382905177,5.298922284823664e-06,0.0
64,64,5.656854152679443,False,0.5,0.8824969025845955,rff,cos,500,0.008006336327014722,0.00017322941114071038,0.010280339338437278,-0.00039079816342918634,0.0013650760665797148,0.0
64,64,5.656854152679443,False,0.5,0.8824969025845955,rff,positive,500,0.7788007830478905,1.7464250394871184e-11,0.9999999999698067,-0.8824969025712727,9.894794269247188e-12,0.0
64,64,5.656854152679443,False,0.5,0.8824969025845955,rff,hyperbolic,500,0.7788007762750899,6.780503340307624e-09,0.9999999912733587,-0.8824968987339449,3.841691883057658e-09,0.0
64,64,5.656854152679443,False,1.0,0.6065306597126334,rff,cos,500,0.011061246994178209,0.00026030447612030875,0.03006758670437186,0.0005193488281915767,0.0015854052299460525,0.0
64,64,5.656854152679443,False,1.0,0.6065306597126334,rff,positive,500,0.36787944115948795,7.855676455096182e-12,0.9999999999675047,-0.6065306597027789,6.475910547246143e-12,0.0
64,64,5.656854152679443,False,1.0,0.6065306597126334,rff,hyperbolic,500,0.3678794411642842,4.0233698821056054e-12,0.9999999999805422,-0.6065306597067327,3.316707802992771e-12,0.0
64,64,5.656854152679443,False,1.5,0.32465246735834974,rff,cos,500,0.014305262226346187,0.00031585777623929784,0.13572454907341067,-0.0015480662553909435,0.001957891220796056,0.0
64,64,5.656854152679443,False,1.5,0.32465246735834974,rff,positive,500,0.1053992245603681,1.3024981561166522e-12,0.999999999985804,-0.32465246735604536,2.0059884694498418e-12,0.0
64,64,5.656854152679443,False,1.5,0.32465246735834974,rff,hyperbolic,500,0.10539922455948667,1.5586384103438083e-12,0.9999999999774412,-0.32465246735468795,2.4004721744425903e-12,0.0
64,64,5.656854152679443,False,2.0,0.1353352832366127,rff,cos,500,0.01514488737861441,0.00033733988419912904,0.826882833332662,0.00015888074597486407,0.0019082085344364714,0.0
64,64,5.656854152679443,False,2.0,0.1353352832366127,rff,positive,500,0.018315638869108187,1.956648421877099e-11,0.9999999989284569,-0.13533528316410381,7.228900203680055e-11,0.0
64,64,5.656854152679443,False,2.0,0.1353352832366127,rff,hyperbolic,500,0.018315638878854092,9.783184516591938e-12,0.9999999994605654,-0.1353352832001104,3.614426887382201e-11,0.0
64,64,5.656854152679443,False,2.5,0.04393693362340742,rff,cos,500,0.015217059728914368,0.00035467511740425173,7.8826320933218055,-0.0016141906495313906,0.0018501406542882769,0.0
64,64,5.656854152679443,False,2.5,0.04393693362340742,rff,positive,500,0.0019304541360990494,8.329039910931965e-14,0.9999999999333524,-0.043936933621943265,9.478404143147276e-13,0.0
64,64,5.656854152679443,False,2.5,0.04393693362340742,rff,hyperbolic,500,0.0019304541360610438,7.17699385544604e-14,0.9999999999136651,-0.04393693362151078,8.167381517431354e-13,0.0
64,64,5.656854152679443,False,3.0,0.011108996538242306,rff,cos,500,0.01556795165931258,0.00035737646310128325,126.14841887584632,0.0013199374030751908,0.0019342179226016626,0.0
64,64,5.656854152679443,False,3.0,0.011108996538242306,rff,positive,500,0.00012340977556234245,2.850332405980808e-11,0.9999997688649026,-0.011108995254106368,1.28319017319778e-09,0.0
64,64,5.656854152679443,False,3.0,0.011108996538242306,rff,hyperbolic,500,0.00012340978974863988,1.4253350590632577e-11,0.9999998838176614,-0.011108995892833593,6.415969750593789e-10,0.0
64,64,5.656854152679443,False,3.5,0.002187491118182885,rff,cos,500,0.01542086671919643,0.00033526131186202216,3222.6726024657323,-0.0019804656249809826,0.0019687713574221676,0.0
64,64,5.656854152679443,False,3.5,0.002187491118182885,rff,positive,500,4.785017156756561e-06,1.00230645787306e-10,0.9999790526826756,-0.002187467706045969,2.341105653203592e-08,0.0
64,64,5.656854152679443,False,3.5,0.002187491118182885,rff,hyperbolic,500,4.785066724148072e-06,5.0663396143133555e-11,0.9999894113400394,-0.002187479411607672,1.1705527255841921e-08,0.0
64,64,5.656854152679443,False,4.0,0.00033546262790251185,rff,cos,500,0.016222814142152337,0.00035035012818209453,144157.71942082376,-0.0010974007209739527,0.0019274802170165055,0.0
64,64,5.656854152679443,False,4.0,0.00033546262790251185,rff,positive,500,1.1253517468516948e-07,1.6335001850794464e-17,0.9999999996970756,-0.0003354626278517019,2.4346979770968492e-14,0.0
64,64,5.656854152679443,False,4.0,0.00033546262790251185,rff,hyperbolic,500,1.1253517349724132e-07,1.1457479652646645e-15,0.9999999891410147,-0.00033546262608110256,1.70773063360059e-12,0.0
64,64,0.5,False,0.125,0.9922179382602435,orf,cos,500,0.007483963161758966,0.0002214435640658028,0.007601818432703837,-0.0032334530993820333,0.00252552679720157,0.0
64,64,0.5,False,0.125,0.9922179382602435,orf,positive,500,0.018494522926756712,0.0004429670602711166,0.018785769284257056,-0.0028532788490178785,0.002111745776575499,0.0
64,64,0.5,False,0.125,0.9922179382602435,orf,hyperbolic,500,0.0011412319404505847,5.553038618348531e-05,0.0011592037284786185,-0.00011876480632686443,0.0006891000276311722,0.0
64,64,0.5,False,0.25,0.9692332344763441,orf,cos,500,0.007592703660562545,0.0002477877291289906,0.008082390974874176,-0.00392932456400388,0.0026288306356857054,0.0
64,64,0.5,False,0.25,0.9692332344763441,orf,positive,500,0.017360475765471152,0.00040563108791833276,0.018480130256521822,0.0008260919804848826,0.0022471813927561314,0.0
64,64,0.5,False,0.25,0.9692332344763441,orf,hyperbolic,500,0.0008578431453135699,3.839738278709348e-05,0.0009131692748069631,-0.00030719906199637014,0.0005981716550592864,0.0
64,64,0.5,False,0.375,0.9321024923595276,orf,cos,500,0.00766496037723435,0.00022950462619654671,0.008822315315534155,-0.004880697748069203,0.002701941570739055,0.0
64,64,0.5,False,0.375,0.9321024923595276,orf,positive,500,0.01368613771486893,0.0003127445445791641,0.01575264794988596,0.0021543730186416176,0.0017999087513047897,0.0
64,64,0.5,False,0.375,0.9321024923595276,orf,hyperbolic,500,0.0006445703580677773,2.949735746888279e-05,0.000741895934493077,-0.000463888790622679,0.0005129200405706052,0.0
64,64,0.5,False,0.5,0.8824969025845955,orf,cos,500,0.007739432137234293,0.00026393413407853355,0.009937627574938759,-0.0008743723405755384,0.002803590773001982,0.0
64,64,0.5,False,0.5,0.8824969025845955,orf,positive,500,0.01016668427595558,0.00020619193235177523,0.01305428101376657,-0.0033010823046624874,0.0014035035868185778,0.0
64,64,0.5,False,0.5,0.8824969025845955,orf,hyperbolic,500,0.0003683399784387391,1.5169437787695125e-05,0.00047295789429755564,-0.0009691563370757395,0.0004274277421597534,0.0
64,64,0.5,False,0.625,0.8225775623986646,orf,cos,500,0.0076512562057137945,0.0002878310697565187,0.011307823646594514,-0.0020602415980244247,0.003027279151317858,0.0
64,64,0.5,False,0.625,0.8225775623986646,orf,positive,500,0.007053381635080275,0.000161034448877045,0.010424222310325243,0.002002084931440016,0.00129310980711811,0.0
64,64,0.5,False,0.625,0.8225775623986646,orf,hyperbolic,500,0.00021032323489762977,1.7799856335088743e-05,0.0003108375912477755,-0.00016008497013886904,0.00031874922517550374,0.0
64,64,0.5,False,0.75,0.7548396019890073,orf,cos,500,0.0075233114535458254,0.0002991651939626141,0.013203822802308354,-0.0021430863982337634,0.0031642419065722304,0.0
64,64,0.5,False,0.75,0.7548396019890073,orf,positive,500,0.004057194201742467,8.992275019966396e-05,0.007120597577960438,-0.0009225022197720553,0.0008532181039928856,0.0
64,64,0.5,False,0.75,0.7548396019890073,orf,hyperbolic,500,6.32928642437831e-05,2.0726543137058985e-06,0.00011108243614340749,-7.492733380830982e-05,0.00019249036350944766,0.0
64,64,0.5,False,0.875,0.6819407511903481,orf,cos,500,0.007633884566313559,0.0003726258837379037,0.016415431428947126,-0.003678334045243703,0.0034992139639930405,0.0
64,64,0.5,False,0.875,0.6819407511903481,orf,positive,500,0.0017463349377444888,3.8046536531412006e-05,0.0037552102305841734,0.0006227863141057086,0.0007239402293929758,0.0
64,64,0.5,False,0.875,0.6819407511903481,orf,hyperbolic,500,1.089909073038113e-05,3.494954198883324e-07,2.3436728046942788e-05,-0.00011421066020230716,8.684146707548326e-05,0.0
64,64,0.5,False,1.0,0.6065306597126334,orf,cos,500,0.007470123192285129,0.00042877532461318686,0.02030590012993914,-0.004588841928239359,0.0038048144535928925,0.0
64,64,0.5,False,1.0,0.6065306597126334,orf,positive,500,0.0,0.0,0.0,0.0,0.0,0.0
64,64,0.5,False,1.0,0.6065306597126334,orf,hyperbolic,500,0.0,0.0,0.0,0.0,0.0,0.0
64,64,1.0,False,0.25,0.9692332344763441,orf,cos,500,0.007826175452404369,0.00016360655256531412,0.00833092040360342,-0.0008938244981773658,0.0014474769563116662,0.0
64,64,1.0,False,0.25,0.9692332344763441,orf,positive,500,0.38710594892542916,0.042567251014047396,0.4120721376452592,-0.01570298978314004,0.009877568072230348,0.0
64,64,1.0,False,0.25,0.9692332344763441,orf,hyperbolic,500,0.15481146649863298,0.016012801093088544,0.16479594826474261,-0.0021811491926818803,0.0060795647844451885,0.0
64,64,1.0,False,0.5,0.8824969025845955,orf,cos,500,0.008040804074134503,0.0001706793948217203,0.010324596801795042,0.001096539878015423,0.001482346527159094,0.0
64,64,1.0,False,0.5,0.8824969025845955,orf,positive,500,0.27763366433136255,0.04072286248037169,0.3564886815296223,-0.008841294933471232,0.008104768037236839,0.0
64,64,1.0,False,0.5,0.8824969025845955,orf,hyperbolic,500,0.1365014066143392,0.025024782801520266,0.1752712755064397,-0.0078527168060436,0.006072549081674569,0.0
64,64,1.0,False,0.75,0.7548396019890073,orf,cos,500,0.0077629173148092735,0.00017746272067541786,0.013624344184953752,-7.369181296633376e-05,0.0014750444331404228,0.0
64,64,1.0,False,0.75,0.7548396019890073,orf,positive,500,0.17411541368200664,0.022629663855304412,0.3055820676311746,-0.0044664926112708905,0.006756040647952626,0.0
64,64,1.0,False,0.75,0.7548396019890073,orf,hyperbolic,500,0.0902076278497493,0.029670770420697348,0.15831931735104401,0.0018675345709001196,0.004916882826469297,0.0
64,64,1.0,False,1.0,0.6065306597126334,orf,cos,500,0.008272170604504567,0.00017959918590225926,0.02248609103613784,0.0007470577543781205,0.0016620520088622974,0.0
64,64,1.0,False,1.0,0.6065306597126334,orf,positive,500,0.16189917855118297,0.057624619418799386,0.44008759509812706,0.011346717747810577,0.006507046792425593,0.0
64,64,1.0,False,1.0,0.6065306597126334,orf,hyperbolic,500,0.0441143165267298,0.013768591550453266,0.11991514498950015,0.004760926264098358,0.0035615497171332957,0.0
64,64,1.0,False,1.25,0.45783336177161427,orf,cos,500,0.008746056812248564,0.00019881909978949314,0.04172510344556802,0.0012757618765233286,0.0018285816537193232,0.0
64,64,1.0,False,1.25,0.45783336177161427,orf,positive,500,0.028724577812110304,0.004573109428669971,0.137037296506245,0.0033649402898316885,0.002844316123915725,0.0
64,64,1.0,False,1.25,0.45783336177161427,orf,hyperbolic,500,0.007062494469833833,0.0011056194091273864,0.03369327671469896,8.102747071251138e-05,0.0014417719420451286,0.0
64,64,1.0,False,1.5,0.32465246735834974,orf,cos,500,0.010048111595353714,0.0002419615159981572,0.09533382847096707,-0.0006718007394345276,0.002272722778795441,0.0
64,64,1.0,False,1.5,0.32465246735834974,orf,positive,500,0.005939469600921253,0.0005820950853312748,0.05635211858162264,0.0005793544435507614,0.0012707739861159946,0.0
64,64,1.0,False,1.5,0.32465246735834974,orf,hyperbolic,500,0.0010998333919833088,0.00013763217677512966,0.010434928687143791,-3.722967624378176e-05,0.0005930156808098771,0.0
64,64,1.0,False,1.75,0.2162651668298873,orf,cos,500,0.010827697359711678,0.000289758628365099,0.23150637746110633,-0.006006545720468571,0.0027860405934378575,0.0
64,64,1.0,False,1.75,0.2162651668298873,orf,positive,500,0.0008246211013370413,1.983692775511267e-05,0.017631176565652527,0.0006520269382485673,0.00045731978843787865,0.0
64,64,1.0,False,1.75,0.2162651668298873,orf,hyperbolic,500,4.626884563395306e-05,2.907076683356925e-06,0.0009892715400302643,-1.2757961158253992e-05,0.00013954531346578944,0.0
64,64,1.0,False,2.0,0.1353352832366127,orf,cos,500,0.012484277662020293,0.0004969376062666648,0.6816184648464151,-0.003593264895596791,0.004019480986658038,0.0
64,64,1.0,False,2.0,0.1353352832366127,orf,positive,500,0.0,0.0,0.0,0.0,0.0,0.0
64,64,1.0,False,2.0,0.1353352832366127,orf,hyperbolic,500,0.0,0.0,0.0,0.0,0.0,0.0
64,64,2.0,False,0.5,0.8824969025845955,orf,cos,500,0.007812637617603153,0.0001762227696560285,0.010031625272373211,-0.0011015376166058403,0.0014553872016098517,0.0
64,64,2.0,False,0.5,0.8824969025845955,orf,positive,500,414.9365048935621,288.30987317442174,532.789018594911,0.21901853836999247,0.3209612494410577,0.0
64,64,2.0,False,0.5,0.8824969025845955,orf,hyperbolic,500,173.45203044235296,88.26186460803144,222.71681566407705,0.16203424619686665,0.20648511571125458,0.0
64,64,2.0,False,1.0,0.6065306597126334,orf,cos,500,0.007955939184581682,0.0001672417813516484,0.02162648491377366,-0.0016173272806976904,0.001431606266708961,0.0
64,64,2.0,False,1.0,0.6065306597126334,orf,positive,500,8.215534862000451,3.1973660432571323,22.332139126447615,-0.1731707793458539,0.04912654212530425,0.0
64,64,2.0,False,1.0,0.6065306597126334,orf,hyperbolic,500,11.429222547875707,6.598186050572684,31.067847965304924,-0.12941865062441757,0.055760397966907724,0.0
64,64,2.0,False,1.5,0.32465246735834974,orf,cos,500,0.009863230230521674,0.00023778988830401517,0.09357972292037524,-0.0016782977376269429,0.0015773314659250437,0.0
64,64,2.0,False,1.5,0.32465246735834974,orf,positive,500,1.9655693728539072,0.5343822779694184,18.648802977674766,-0.06279948851927931,0.02150922037400027,0.0
64,64,2.0,False,1.5,0.32465246735834974,orf,hyperbolic,500,12.698701723280136,11.547037720384084,120.4819274151927,-0.008298727814889226,0.055973383086022996,0.0
64,64,2.0,False,2.0,0.1353352832366127,orf,cos,500,0.012200653680364302,0.00026178232945078334,0.6661331201429636,0.0024877734180043477,0.0017315597744003899,0.0
64,64,2.0,False,2.0,0.1353352832366127,orf,positive,500,1.8218582840453732,1.3711628496788435,99.47009193143599,-0.0051560836668321595,0.02170476560203227,0.0
64,64,2.0,False,2.0,0.1353352832366127,orf,hyperbolic,500,1.7827814644030744,1.3003314459474549,97.33656986978764,0.0005303875278499212,0.021065396589946783,0.0
64,64,2.0,False,2.5,0.04393693362340742,orf,cos,500,0.014736843848393738,0.00031900651336694475,7.633874108602719,-0.0014264731719715925,0.0019251263873164073,0.0
64,64,2.0,False,2.5,0.04393693362340742,orf,positive,500,0.055188653364555265,0.037823080434537554,28.588430219015265,-0.0010090221510629732,0.0037150744478110366,0.0
64,64,2.0,False,2.5,0.04393693362340742,orf,hyperbolic,500,0.0173836950547419,0.009434495529806814,9.004976978479938,-0.0029209866132967315,0.0021166231242872396,0.0
64,64,2.0,False,3.0,0.011108996538242306,orf,cos,500,0.01632355352139645,0.00035837041749182464,132.27112418014417,0.0009939173743499377,0.0020377930641457143,0.0
64,64,2.0,False,3.0,0.011108996538242306,orf,positive,500,0.0004990367596701884,9.058858185425792e-05,4.043736746552804,1.0094003080997145e-05,0.00035135525809303184,0.0
64,64,2.0,False,3.0,0.011108996538242306,orf,hyperbolic,500,0.00036767584610863436,8.698408731792877e-05,2.979308239160556,0.00021376457855333165,0.0003067816156897064,0.0
64,64,2.0,False,3.5,0.002187491118182885,orf,cos,500,0.014922501849341817,0.00033345006427691224,3118.5236696361285,-0.002418267415335819,0.0020611621182311324,0.0
64,64,2.0,False,3.5,0.002187491118182885,orf,positive,500,1.552381114401328e-06,1.7123567222268058e-07,0.3244186061045909,-3.4106742560647074e-05,1.978463937047846e-05,0.0
64,64,2.0,False,3.5,0.002187491118182885,orf,hyperbolic,500,6.341922474077623e-07,7.655962730125472e-08,0.13253431325445406,-2.49380465785915e-05,1.3063018494578939e-05,0.0
64,64,2.0,False,4.0,0.00033546262790251185,orf,cos,500,0.01477501079085696,0.0004951275800410072,131292.37882925136,-0.004057747470299999,0.004040970018896281,0.0
64,64,2.0,False,4.0,0.00033546262790251185,orf,positive,500,0.0,0.0,0.0,0.0,0.0,0.0
64,64,2.0,False,4.0,0.00033546262790251185,orf,hyperbolic,500,0.0,0.0,0.0,0.0,0.0,0.0
64,64,4.0,False,0.5,0.8824969025845955,orf,cos,500,0.007799007379473561,0.00016219653494837835,0.010014123700179308,0.00011154782296726784,0.0014571222071428607,0.0
64,64,4.0,False,0.5,0.8824969025845955,orf,positive,500,0.793535873429138,0.015080700106494052,1.0189202305365197,-0.8799235677034365,0.0021944725706151635,0.0
64,64,4.0,False,0.5,0.8824969025845955,orf,hyperbolic,500,0.78203654250825,0.002988449874839358,1.0041547973591962,-0.8802429118784375,0.0013407690980829009,0.0
64,64,4.0,False,1.0,0.6065306597126334,orf,cos,500,0.008233911480267564,0.00018125504255550178,0.022382091953951636,0.0020158087255337824,0.0015108441901366578,0.0
64,64,4.0,False,1.0,0.6065306597126334,orf,positive,500,0.36868781866998496,0.0010159840802524062,1.0021973978648235,-0.6056396803347565,0.0006868013769001274,0.0
64,64,4.0,False,1.0,0.6065306597126334,orf,hyperbolic,500,0.3677352462136844,8.094407710550146e-05,0.9996080374665712,-0.6060209050624523,0.00034391196670050867,0.0
64,64,4.0,False,1.5,0.32465246735834974,orf,cos,500,0.01015629849408392,0.0002340503337831085,0.09636027718707413,0.0025031304681155182,0.0016792113375130343,0.0
64,64,4.0,False,1.5,0.32465246735834974,orf,positive,500,0.10534477951116868,2.102578113606326e-05,0.9994834397414023,-0.3245582394006119,4.09388293701814e-05,0.0
64,64,4.0,False,1.5,0.32465246735834974,orf,hyperbolic,500,0.10704003121946999,0.0017088778273159641,1.0155675401259008,-0.32353726000559707,0.0007681371824346331,0.0
64,64,4.0,False,2.0,0.1353352832366127,orf,cos,500,0.012970616787719512,0.00028056824733824876,0.7081716813983292,-0.0016800740208123982,0.0017897483479370649,0.0
64,64,4.0,False,2.0,0.1353352832366127,orf,positive,500,0.018457842208011607,0.0001566920352098834,1.00776403816112,-0.13503655698331873,0.0002360090618566785,0.0
64,64,4.0,False,2.0,0.1353352832366127,orf,hyperbolic,500,0.02097512892881089,0.002650701627759457,1.1452032362197608,-0.13431239325458294,0.0008564261742381275,0.0
64,64,4.0,False,2.5,0.04393693362340742,orf,cos,500,0.015255270705963652,0.0003606020439055872,7.902425869476442,0.0023282448594867775,0.001908592292593955,0.0
64,64,4.0,False,2.5,0.04393693362340742,orf,positive,500,0.0019340037113391665,5.230783281183377e-06,1.0018387254298582,-0.043864921835045735,4.963907903681141e-05,0.0
64,64,4.0,False,2.5,0.04393693362340742,orf,hyperbolic,500,0.0019290254420305654,6.96844835646096e-07,0.9992599180833501,-0.04386183062386163,3.583613677885122e-05,0.0
64,64,4.0,False,3.0,0.011108996538242306,orf,cos,500,0.01571613134875827,0.0003369692227721801,127.3491313357868,0.004316645047515325,0.0020066329674973023,0.0
64,64,4.0,False,3.0,0.011108996538242306,orf,positive,500,0.00012602970525392408,2.4662580010391914e-06,1.0212292790401352,-0.011046925612692724,3.153695283128938e-05,0.0
64,64,4.0,False,3.0,0.011108996538242306,orf,hyperbolic,500,0.0001258232971087893,1.9026654466934907e-06,1.0195567365167728,-0.011028875612875366,3.2225105469335106e-05,0.0
64,64,4.0,False,3.5,0.002187491118182885,orf,cos,500,0.01573379218886839,0.0003544227401629822,3288.0681704379385,-0.00011081740174815144,0.00201455295783017,0.0
64,64,4.0,False,3.5,0.002187491118182885,orf,positive,500,0.0035193765662883056,0.0035145998023121375,735.483850840795,-0.0012439249425750085,0.0009379019079460145,0.0
64,64,4.0,False,3.5,0.002187491118182885,orf,hyperbolic,500,0.0008823901154896138,0.0008776241484790678,184.40302362091438,-0.0017113170350924755,0.00046894450908321433,0.0
64,64,4.0,False,4.0,0.00033546262790251185,orf,cos,500,0.015256050643401426,0.0003555223323379317,135566.9521237303,0.000312351279260954,0.001977203450993002,0.0
64,64,4.0,False,4.0,0.00033546262790251185,orf,positive,500,1.1741475189739817e-06,1.026363136775634e-06,10.433604620982914,-0.00031385842074070576,1.6421954423872516e-05,0.0
64,64,4.0,False,4.0,0.00033546262790251185,orf,hyperbolic,500,3.918255809736937e-07,2.540574541490908e-07,3.4818054172944484,-0.0003195775069481108,8.50950737391576e-06,0.0
64,64,5.656854152679443,False,0.5,0.8824969025845955,orf,cos,500,0.008148942686252542,0.00017869489207800003,0.010463449528279942,0.00212002348548897,0.0014309097582909408,0.0
64,64,5.656854152679443,False,0.5,0.8824969025845955,orf,positive,500,0.7788006015816064,1.8148246753823164e-07,0.9999997669624857,-0.8824967997331812,1.0284726056792925e-07,0.0
64,64,5.656854152679443,False,0.5,0.8824969025845955,orf,hyperbolic,500,0.7788006923156181,9.075181070892643e-08,0.9999998834672629,-0.8824968511587126,5.1423629932134634e-08,0.0
64,64,5.656854152679443,False,1.0,0.6065306597126334,orf,cos,500,0.007995307249776982,0.00017658193158158714,0.021733498410015636,-0.00010002424818347317,0.0013902617932996,0.0
64,64,5.656854152679443,False,1.0,0.6065306597126334,orf,positive,500,0.36787944116648036,3.291267999009657e-12,0.9999999999865119,-0.606530659708543,2.7131917986879796e-12,0.0
64,64,5.656854152679443,False,1.0,0.6065306597126334,orf,hyperbolic,500,0.3678794411367904,2.9313014408054576e-11,0.9999999999058062,-0.6065306596840678,2.416449720871134e-11,0.0
64,64,5.656854152679443,False,1.5,0.32465246735834974,orf,cos,500,0.009825254244246458,0.0002321915393129772,0.09321941679447082,-0.0006511519746659187,0.001591434706678441,0.0
64,64,5.656854152679443,False,1.5,0.32465246735834974,orf,positive,500,0.10539922454767228,1.259111150126069e-11,0.9999999998653495,-0.32465246733649245,1.9391679160629628e-11,0.0
64,64,5.656854152679443,False,1.5,0.32465246735834974,orf,hyperbolic,500,0.10539922454043407,1.4731945620118457e-11,0.9999999997966752,-0.3246524673253448,2.2688796221611713e-11,0.0
64,64,5.656854152679443,False,2.0,0.1353352832366127,orf,cos,500,0.012599904928761745,0.0002748297264672033,0.6879314997038872,0.00040984100914764275,0.0017409132634638518,0.0
64,64,5.656854152679443,False,2.0,0.1353352832366127,orf,positive,500,0.018315638886498817,1.4329995052182844e-12,0.9999999998779532,-0.1353352832283541,5.294257218815666e-12,0.0
64,64,5.656854152679443,False,2.0,0.1353352832366127,orf,hyperbolic,500,0.018315638887570453,7.16532977606968e-13,0.9999999999364626,-0.13533528323231325,2.64725126972665e-12,0.0
64,64,5.656854152679443,False,2.5,0.04393693362340742,orf,cos,500,0.015458623876448413,0.0003443654670583027,8.007765419724517,0.0006641593170115553,0.0020183057062868512,0.0
64,64,5.656854152679443,False,2.5,0.04393693362340742,orf,positive,500,0.0019304541351549314,1.04187599582152e-12,0.9999999994442872,-0.04393693361119925,1.1856500586137916e-11,0.0
64,64,5.656854152679443,False,2.5,0.04393693362340742,orf,hyperbolic,500,0.001930454134896515,8.456863218782628e-13,0.9999999993104242,-0.04393693360825848,9.623868996819199e-12,0.0
64,64,5.656854152679443,False,3.0,0.011108996538242306,orf,cos,500,0.01538536973378753,0.0003194901537185044,124.66894220965851,-0.0001918652885740324,0.001939797757850708,0.0
64,64,5.656854152679443,False,3.0,0.011108996538242306,orf,positive,500,0.0001234098040359967,4.432807736306376e-14,0.9999999995893126,-0.011108996535961141,1.995143893589347e-12,0.0
64,64,5.656854152679443,False,3.0,0.011108996538242306,orf,hyperbolic,500,0.00012340979421189864,9.77120745371672e-12,0.9999999199838217,-0.011108996093757753,4.3982285740491145e-10,0.0
64,64,5.656854152679443,False,3.5,0.002187491118182885,orf,cos,500,0.015412052062522157,0.0003344796825968903,3220.8305041529984,0.001369217651690113,0.001957375894167687,0.0
64,64,5.656854152679443,False,3.5,0.002187491118182885,orf,positive,500,4.7851173776980915e-06,1.2195129816875313e-14,0.9999999969842083,-0.0021874911148843696,2.7874765844421073e-12,0.0
64,64,5.656854152679443,False,3.5,0.002187491118182885,orf,hyperbolic,500,4.785117371934158e-06,1.3271896393679299e-14,0.999999995779654,-0.002187491113566892,3.0335953073232748e-12,0.0
64,64,5.656854152679443,False,4.0,0.00033546262790251185,orf,cos,500,0.015708608751359224,0.0003596112454856097,139588.4334879952,0.0037379922983187086,0.0019509003518092263,0.0
64,64,5.656854152679443,False,4.0,0.00033546262790251185,orf,positive,500,1.1253517393550091e-07,7.294665459758699e-16,0.9999999930354379,-0.00033546262673432966,1.087261589729378e-12,0.0
64,64,5.656854152679443,False,4.0,0.00033546262790251185,orf,hyperbolic,500,1.1253486323320309e-07,2.8643037955082495e-13,0.9999972321004804,-0.0003354621625465698,4.2799866408210313e-10,0.0
64,64,0.5,False,0.125,0.9922179382602435,simrf,cos,500,0.007489024454604603,0.0002240996814507838,0.0076069594293142785,-0.0029747730547514083,0.00253694479273404,0.0
64,64,0.5,False,0.125,0.9922179382602435,simrf,positive,500,0.004124447162915057,0.00017843024135869533,0.004189397754917826,-0.0003695246364643785,0.0011513374727561388,0.0
64,64,0.5,False,0.125,0.9922179382602435,simrf,hyperbolic,500,0.0012554782166207552,5.691224179463357e-05,0.0012752491217130307,-0.00016088583056566132,0.0007109636778747971,0.0
64,64,0.5,False,0.25,0.9692332344763441,simrf,cos,500,0.0075752884014668636,0.00024562839567703607,0.008063852528066203,-0.003746455352302896,0.002633960775539396,0.0
64,64,0.5,False,0.25,0.9692332344763441,simrf,positive,500,0.0033425604072810098,0.00013785627411632047,0.0035581370321488576,-9.50797845413577e-05,0.0009987680469237586,0.0
64,64,0.5,False,0.25,0.9692332344763441,simrf,hyperbolic,500,0.0009624581361787064,4.2992846664160166e-05,0.0010245313529026433,-0.0007320847618575558,0.0006162480186945866,0.0
64,64,0.5,False,0.375,0.9321024923595276,simrf,cos,500,0.007664214369434846,0.0002281987668307932,0.008821456665820241,-0.005030689857619694,0.0026932050511652922,0.0
64,64,0.5,False,0.375,0.9321024923595276,simrf,positive,500,0.002559461079051907,0.00012623493933462514,0.0029459216442004102,0.0006254794348888641,0.0008689607738145388,0.0
64,64,0.5,False,0.375,0.9321024923595276,simrf,hyperbolic,500,0.00072260621186085,3.067386450804619e-05,0.0008317146516418559,-0.00046175550575168,0.0005288323742398967,0.0
64,64,0.5,False,0.5,0.8824969025845955,simrf,cos,500,0.007706993896171268,0.0002625518727960106,0.00989597604894119,-0.0007646603571636985,0.0028016338523171066,0.0
64,64,0.5,False,0.5,0.8824969025845955,simrf,positive,500,0.001430454104301318,5.825044286151849e-05,0.0018367394273281898,-0.0015123788434859497,0.0006801901895564772,0.0
64,64,0.5,False,0.5,0.8824969025845955,simrf,hyperbolic,500,0.0004279056845750552,1.7463023271963667e-05,0.0005494417749395384,-0.0009870435940405016,0.0004406872226559238,0.0
64,64,0.5,False,0.625,0.8225775623986646,simrf,cos,500,0.007620016757293127,0.0002854854704503123,0.01126165473471126,-0.0020061187704547945,0.0030173524249254785,0.0
64,64,0.5,False,0.625,0.8225775623986646,simrf,positive,500,0.000781767492688503,3.704852623426805e-05,0.001155377457280854,0.0002569962284500717,0.0005027286961470995,0.0
64,64,0.5,False,0.625,0.8225775623986646,simrf,hyperbolic,500,0.0002329475249264838,1.8331798155309204e-05,0.00034427412439963083,-0.00014633041407976287,0.00033002204630493186,0.0
64,64,0.5,False,0.75,0.7548396019890073,simrf,cos,500,0.007511474702929558,0.00030032409210888517,0.013183048658015997,-0.0019710721661176252,0.003165928745575928,0.0
64,64,0.5,False,0.75,0.7548396019890073,simrf,positive,500,0.0002715734856789012,9.371825996074368e-06,0.00047662631074769647,7.053371470268103e-05,0.00029946646244599564,0.0
64,64,0.5,False,0.75,0.7548396019890073,simrf,hyperbolic,500,7.652720539879333e-05,2.3236031853953307e-06,0.00013430942821930953,-5.662860808274764e-05,0.00019904575053104943,0.0
64,64,0.5,False,0.875,0.6819407511903481,simrf,cos,500,0.007660401298768807,0.0003716069001447651,0.016472451364152808,-0.0036511726247356177,0.0034966448059914924,0.0
64,64,0.5,False,0.875,0.6819407511903481,simrf,positive,500,4.833804232304745e-05,1.25695941089957e-06,0.00010394312519015592,-2.4869153962184143e-05,0.00012970666651242874,0.0
64,64,0.5,False,0.875,0.6819407511903481,simrf,hyperbolic,500,1.3891284589104269e-05,4.2086945601408194e-07,2.9870955953234774e-05,-0.00012446178169752073,9.02643157624639e-05,0.0
64,64,0.5,False,1.0,0.6065306597126334,simrf,cos,500,0.0075264989659481465,0.0004319097581349213,0.02045914537105264,-0.004644123407725571,0.0038097635072159965,0.0
64,64,0.5,False,1.0,0.6065306597126334,simrf,positive,500,0.0,0.0,0.0,0.0,0.0,0.0
64,64,0.5,False,1.0,0.6065306597126334,simrf,hyperbolic,500,0.0,0.0,0.0,0.0,0.0,0.0
64,64,1.0,False,0.25,0.9692332344763441,simrf,cos,500,0.00787119670203717,0.000167282992200511,0.008378845274371096,-0.0007579573317338597,0.0014487391103035069,0.0
64,64,1.0,False,0.25,0.9692332344763441,simrf,positive,500,0.3434111584035789,0.04283870453056949,0.365559275251173,-0.007991263202110363,0.009273095705094903,0.0
64,64,1.0,False,0.25,0.9692332344763441,simrf,hyperbolic,500,0.16860972575628871,0.02441454332839575,0.1794841187872292,-0.002188117098896376,0.006543489933579677,0.0
64,64,1.0,False,0.5,0.8824969025845955,simrf,cos,500,0.00801115308685255,0.00017198841348918759,0.01028652418049513,0.0011137076357135229,0.001491111004477551,0.0
64,64,1.0,False,0.5,0.8824969025845955,simrf,positive,500,0.24328659408212247,0.03917424872745754,0.31238617034083865,-0.00972297637211933,0.007828337282700708,0.0
64,64,1.0,False,0.5,0.8824969025845955,simrf,hyperbolic,500,0.13262925252641813,0.02242321584568433,0.1702993312402177,-0.006996963153709173,0.0059687770124788484,0.0
64,64,1.0,False,0.75,0.7548396019890073,simrf,cos,500,0.007745606260467072,0.0001724512376267447,0.013593962338413578,-0.0003047021607715765,0.0014744817906267704,0.0
64,64,1.0,False,0.75,0.7548396019890073,simrf,positive,500,0.14895269616274595,0.020336182796336352,0.2614201230672197,-0.005814103450655624,0.006226296966544732,0.0
64,64,1.0,False,0.75,0.7548396019890073,simrf,hyperbolic,500,0.08361192067579724,0.019883042133461946,0.14674349075945303,0.0004834302556791489,0.00476286485721052,0.0
64,64,1.0,False,1.0,0.6065306597126334,simrf,cos,500,0.00832796361169419,0.00017861016980815118,0.02263775215373648,0.0006377576550136648,0.0016839909496671676,0.0
64,64,1.0,False,1.0,0.6065306597126334,simrf,positive,500,0.1292397940710684,0.042675244498624726,0.35131018373717426,0.008506647527357867,0.0057411946775872014,0.0
64,64,1.0,False,1.0,0.6065306597126334,simrf,hyperbolic,500,0.04087436323111641,0.010279900127037837,0.11110803882097828,0.004318778255153071,0.0034173022442268194,0.0
64,64,1.0,False,1.25,0.45783336177161427,simrf,cos,500,0.00871349498403019,0.00019704406374129176,0.04156975965122109,0.0009988984556720416,0.0018186088419563816,0.0
64,64,1.0,False,1.25,0.45783336177161427,simrf,positive,500,0.023431683824322633,0.006754648558598995,0.11178631153006952,0.003296350701939317,0.0025604378894301463,0.0
64,64,1.0,False,1.25,0.45783336177161427,simrf,hyperbolic,500,0.007791847596012492,0.0016361066492897366,0.037172825875131286,0.0004722027722240324,0.0015100777344575686,0.0
64,64,1.0,False,1.5,0.32465246735834974,simrf,cos,500,0.010065952272362398,0.000239770254403963,0.09550309610156725,-0.000536221434356073,0.0022543717329618065,0.0
64,64,1.0,False,1.5,0.32465246735834974,simrf,positive,500,0.0033564721862760507,0.0006633636380179055,0.03184532144547193,-0.0005239863109068705,0.0009240036200491002,0.0
64,64,1.0,False,1.5,0.32465246735834974,simrf,hyperbolic,500,0.0011173620923432205,0.00015795035074132129,0.010601236365713317,-5.2027976575407226e-05,0.0006007490208852158,0.0
64,64,1.0,False,1.75,0.2162651668298873,simrf,cos,500,0.01087018817633305,0.00029412399024983843,0.23241487117907628,-0.005651842329330874,0.0027671603466661986,0.0
64,64,1.0,False,1.75,0.2162651668298873,simrf,positive,500,0.00017653556136298639,9.273141451955678e-06,0.003774496732451718,5.602761115140018e-05,0.0002329551504962489,0.0
64,64,1.0,False,1.75,0.2162651668298873,simrf,hyperbolic,500,5.107538629323087e-05,3.1798166044457584e-06,0.0010920399107356821,1.9918277122747253e-05,0.0001430333662659423,0.0
64,64,1.0,False,2.0,0.1353352832366127,simrf,cos,500,0.012492738686157141,0.0004922392671319648,0.6820804211116728,-0.0032386869902619013,0.00401780039822141,0.0
64,64,1.0,False,2.0,0.1353352832366127,simrf,positive,500,0.0,0.0,0.0,0.0,0.0,0.0
64,64,1.0,False,2.0,0.1353352832366127,simrf,hyperbolic,500,0.0,0.0,0.0,0.0,0.0,0.0
64,64,2.0,False,0.5,0.8824969025845955,simrf,cos,500,0.007799634357662082,0.0001758314911751797,0.010014928756109077,-0.0005365571658306647,0.0014754740215272557,0.0
64,64,2.0,False,0.5,0.8824969025845955,simrf,positive,500,510.2312260850183,352.98030240464743,655.1498626809127,0.2706620865705383,0.3564149806383105,0.0
64,64,2.0,False,0.5,0.8824969025845955,simrf,hyperbolic,500,175.14231600509547,93.41173823068857,224.88718528809878,0.163488850190152,0.20773821435272513,0.0
64,64,2.0,False,1.0,0.6065306597126334,simrf,cos,500,0.007885697276883886,0.00016599290238417076,0.021435547612482442,-0.00035011044056032324,0.0014541296717413856,0.0
64,64,2.0,False,1.0,0.6065306597126334,simrf,positive,500,6.353886114222674,1.9723262450957615,17.271653164389747,-0.1767918266157756,0.04174993652242079,0.0
64,64,2.0,False,1.0,0.6065306597126334,simrf,hyperbolic,500,8.189054673116757,3.770384429882221,22.26015851019091,-0.1438487957842604,0.047271112728165254,0.0
64,64,2.0,False,1.5,0.32465246735834974,simrf,cos,500,0.009843265521788965,0.0002240987225651346,0.09339030303786945,-0.0016369274701089505,0.0015733736935970115,0.0
64,64,2.0,False,1.5,0.32465246735834974,simrf,positive,500,2.065984746519736,0.7813189466080118,19.601517516925384,-0.0633973247594316,0.02218097201900428,0.0
64,64,2.0,False,1.5,0.32465246735834974,simrf,hyperbolic,500,13.633333211033356,12.841484922893848,129.349464075338,-0.021152868622959738,0.058165269539723986,0.0
64,64,2.0,False,2.0,0.1353352832366127,simrf,cos,500,0.012228821397623171,0.0002637469746911668,0.6676710253959545,0.00129304755879233,0.001748943513960838,0.0
64,64,2.0,False,2.0,0.1353352832366127,simrf,positive,500,1.697785487059131,1.278467819272787,92.69594674654928,-0.005252037676233618,0.020778569673996067,0.0
64,64,2.0,False,2.0,0.1353352832366127,simrf,hyperbolic,500,2.432745662249361,1.9463728049569144,132.82341265997144,0.0039030043504921148,0.024560612842258404,0.0
64,64,2.0,False,2.5,0.04393693362340742,simrf,cos,500,0.014776445053756214,0.0003279189373494204,7.654388040852806,-0.0019600800938763237,0.001920576281569148,0.0
64,64,2.0,False,2.5,0.04393693362340742,simrf,positive,500,0.02689490222900036,0.013286848619204945,13.931904272823362,-0.003139333239509293,0.0026141493401804876,0.0
64,64,2.0,False,2.5,0.04393693362340742,simrf,hyperbolic,500,0.012417146321921159,0.003750957625691235,6.432241040538492,-0.003085790814051215,0.001786979958585027,0.0
64,64,2.0,False,3.0,0.011108996538242306,simrf,cos,500,0.01651528599391068,0.00036325981053594283,133.8247484965685,0.000242603383656976,0.0020130488518941745,0.0
64,64,2.0,False,3.0,0.011108996538242306,simrf,positive,500,0.0006688060259695613,0.0001696598189405501,5.419391359699518,0.00023059326445041227,0.00041150582742637904,0.0
64,64,2.0,False,3.0,0.011108996538242306,simrf,hyperbolic,500,0.00039995055688257596,0.00011201805208874495,3.240832929300026,0.00019432196080950686,0.00032313851136384357,0.0
64,64,2.0,False,3.5,0.002187491118182885,simrf,cos,500,0.014851129704685977,0.00032273402414358663,3103.6082268565556,-0.002746782165797981,0.00209695339964561,0.0
64,64,2.0,False,3.5,0.002187491118182885,simrf,positive,500,1.3246516093617908e-06,1.391683085009442e-07,0.27682740062776656,-2.8519382882093278e-05,1.770215918422982e-05,0.0
64,64,2.0,False,3.5,0.002187491118182885,simrf,hyperbolic,500,6.753926265823742e-07,8.384179422975866e-08,0.14114442159628532,-2.2838759865396652e-05,1.2938384175455966e-05,0.0
64,64,2.0,False,4.0,0.00033546262790251185,simrf,cos,500,0.014925632906795876,0.00047806898183508514,132630.8235983173,-0.004372878466528072,0.0040459811489900206,0.0
64,64,2.0,False,4.0,0.00033546262790251185,simrf,positive,500,0.0,0.0,0.0,0.0,0.0,0.0
64,64,2.0,False,4.0,0.00033546262790251185,simrf,hyperbolic,500,0.0,0.0,0.0,0.0,0.0,0.0
64,64,4.0,False,0.5,0.8824969025845955,simrf,cos,500,0.007691140972301577,0.00016825240300237076,0.009875620491763692,-0.0006865025100950628,0.0014230108366790751,0.0
64,64,4.0,False,0.5,0.8824969025845955,simrf,positive,500,0.7785090123768248,0.00021797253974598508,0.9996253590123144,-0.8817256501460817,0.0005164527398456361,0.0
64,64,4.0,False,0.5,0.8824969025845955,simrf,hyperbolic,500,0.7783017795433471,0.0002622838561677102,0.9993592667869569,-0.8814853267021256,0.000566270651788452,0.0
64,64,4.0,False,1.0,0.6065306597126334,simrf,cos,500,0.008213288306040664,0.00018575666196265106,0.02232603235420551,0.0015009485451432868,0.0014750689462845403,0.0
64,64,4.0,False,1.0,0.6065306597126334,simrf,positive,500,0.3682814148569007,0.0006519494893878652,1.0010926777647002,-0.6056776755458161,0.0005987076679279021,0.0
64,64,4.0,False,1.0,0.6065306597126334,simrf,hyperbolic,500,0.36763930301915254,7.975829668989524e-05,0.9993472368243109,-0.6060348354327514,0.00030004939381602454,0.0
64,64,4.0,False,1.5,0.32465246735834974,simrf,cos,500,0.010210422983339592,0.00023361307112186963,0.09687379604340977,0.0009342390568769166,0.00162201900192585,0.0
64,64,4.0,False,1.5,0.32465246735834974,simrf,positive,500,0.10533195324502698,2.4292516441301078e-05,0.9993617475164831,-0.3245371835623655,4.350685225485695e-05,0.0
64,64,4.0,False,1.5,0.32465246735834974,simrf,hyperbolic,500,0.10607892213937462,0.0007454923327860384,1.0064487910640303,-0.32367206320537334,0.0005726862533936117,0.0
64,64,4.0,False,2.0,0.1353352832366127,simrf,cos,500,0.013230599838286691,0.00028614676657053283,0.7223662749992706,-0.00023040501657772684,0.0018561575258611066,0.0
64,64,4.0,False,2.0,0.1353352832366127,simrf,positive,500,0.018339621871269165,3.56099538759125e-05,1.0013094264786873,-0.1350357109612545,0.00016168469102326266,0.0
64,64,4.0,False,2.0,0.1353352832366127,simrf,hyperbolic,500,0.018287015941726652,8.852597434204072e-06,0.9984372400448921,-0.1350907663552415,9.63889870252636e-05,0.0
64,64,4.0,False,2.5,0.04393693362340742,simrf,cos,500,0.014776912182594961,0.00033740340265911775,7.65463001958205,0.0010163497943207174,0.001898267225918791,0.0
64,64,4.0,False,2.5,0.04393693362340742,simrf,positive,500,0.001934209254573318,5.3757852965160145e-06,1.0019451994611726,-0.04386297674085188,5.057477259310204e-05,0.0
64,64,4.0,False,2.5,0.04393693362340742,simrf,hyperbolic,500,0.0019282843382118443,8.223769915208953e-07,0.9988760168008419,-0.04387619421123138,2.8041020568205777e-05,0.0
64,64,4.0,False,3.0,0.011108996538242306,simrf,cos,500,0.015640314822411613,0.00034060538134757896,126.7347836597026,0.0016859976541082665,0.001995565403939563,0.0
64,64,4.0,False,3.0,0.011108996538242306,simrf,positive,500,0.0001285664262815462,5.334120641475786e-06,1.0417845424278027,-0.01104670545112819,4.039235482874557e-05,0.0
64,64,4.0,False,3.0,0.011108996538242306,simrf,hyperbolic,500,0.00012481875997472108,1.288092880119778e-06,1.011416887811052,-0.01105108851496213,2.5866111568719625e-05,0.0
64,64,4.0,False,3.5,0.002187491118182885,simrf,cos,500,0.015629506699015718,0.00034485883496929517,3266.274454358118,-0.0009145346604780263,0.002029989606506934,0.0
64,64,4.0,False,3.5,0.002187491118182885,simrf,positive,500,0.10519405183432552,0.10518927153208536,21983.58853376474,0.0029466004568552864,0.005128627912990884,0.0
64,64,4.0,False,3.5,0.002187491118182885,simrf,hyperbolic,500,0.026296485495478677,0.026291708471905227,5495.473431588846,0.00038398472701263843,0.0025643060649032895,0.0
64,64,4.0,False,4.0,0.00033546262790251185,simrf,cos,500,0.015576461275720124,0.00036836072481776324,138414.15641446004,-0.0005035588998385696,0.0019712753717174456,0.0
64,64,4.0,False,4.0,0.00033546262790251185,simrf,positive,500,5.507662623264062e-07,3.9524697337303e-07,4.894169877999476,-0.00031982167009138117,1.0637567171335859e-05,0.0
64,64,4.0,False,4.0,0.00033546262790251185,simrf,hyperbolic,500,2.2748948894528194e-07,9.717628561862833e-08,2.021496741021629,-0.00032326566557930124,5.556977629738042e-06,0.0
64,64,5.656854152679443,False,0.5,0.8824969025845955,simrf,cos,500,0.007845490984541303,0.00017370226444694326,0.010073809830545564,0.0009905175402744365,0.0014455982252642703,0.0
64,64,5.656854152679443,False,0.5,0.8824969025845955,simrf,positive,500,0.7788004026090218,3.804452118335938e-07,0.9999995114766299,-0.8824966869190152,2.15655851333361e-07,0.0
64,64,5.656854152679443,False,0.5,0.8824969025845955,simrf,hyperbolic,500,0.7788005927933133,1.9026911258503264e-07,0.999999755678094,-0.8824967947515829,1.078279252212537e-07,0.0
64,64,5.656854152679443,False,1.0,0.6065306597126334,simrf,cos,500,0.008016283683603253,0.00018416215926231243,0.02179051826891146,-0.001758603706796352,0.0014093302684699282,0.0
64,64,5.656854152679443,False,1.0,0.6065306597126334,simrf,positive,500,0.36787944115357746,1.2219674654664031e-11,0.9999999999514382,-0.6065306596979063,1.0073418992736857e-11,0.0
64,64,5.656854152679443,False,1.0,0.6065306597126334,simrf,hyperbolic,500,0.3678794411341584,2.5204056649820907e-11,0.9999999998986517,-0.606530659681898,2.0777233294581153e-11,0.0
64,64,5.656854152679443,False,1.5,0.32465246735834974,simrf,cos,500,0.010035858544006808,0.00023878573049148052,0.09521757475659828,-0.0019261562907225622,0.0015851652295382475,0.0
64,64,5.656854152679443,False,1.5,0.32465246735834974,simrf,positive,500,0.10539922455539542,4.332379025591708e-12,0.9999999999386245,-0.32465246734838693,6.672333598947053e-12,0.0
64,64,5.656854152679443,False,1.5,0.32465246735834974,simrf,hyperbolic,500,0.10539922454355323,1.4433045505650698e-11,0.999999999826269,-0.3246524673301487,2.2228457937866007e-11,0.0
64,64,5.656854152679443,False,2.0,0.1353352832366127,simrf,cos,500,0.012662462424336343,0.0002794229046543304,0.6913470232329669,0.0003486176515446201,0.0018381919679005523,0.0
64,64,5.656854152679443,False,2.0,0.1353352832366127,simrf,positive,500,0.018315638886439067,9.355079614987317e-13,0.9999999998746909,-0.13533528322813335,3.4562605274181066e-12,0.0
64,64,5.656854152679443,False,2.0,0.1353352832366127,simrf,hyperbolic,500,0.018315638887438788,4.710804099978298e-13,0.9999999999292739,-0.13533528323182684,1.7404197951372185e-12,0.0
64,64,5.656854152679443,False,2.5,0.04393693362340742,simrf,cos,500,0.015317338354831915,0.0003426969127808429,7.934577707587215,0.0002838186608070414,0.001965956993020011,0.0
64,64,5.656854152679443,False,2.5,0.04393693362340742,simrf,positive,500,0.001930454135672393,5.093808621270302e-13,0.999999999712339,-0.04393693361708795,5.796729018654433e-12,0.0
64,64,5.656854152679443,False,2.5,0.04393693362340742,simrf,hyperbolic,500,0.0019304541356433855,3.5063668947655773e-13,0.9999999996973127,-0.043936933616757844,3.990227635792141e-12,0.0
64,64,5.656854152679443,False,3.0,0.011108996538242306,simrf,cos,500,0.015070462728847293,0.00033778038545624015,122.11722431924638,-0.0001678506428707528,0.0018693748211874005,0.0
64,64,5.656854152679443,False,3.0,0.011108996538242306,simrf,positive,500,0.0001234098040571426,2.5776554521743885e-14,0.9999999997606597,-0.01110899653691289,1.160165991202596e-12,0.0
64,64,5.656854152679443,False,3.0,0.011108996538242306,simrf,hyperbolic,500,0.00012340980354871059,4.515842095187742e-13,0.9999999956407924,-0.011108996514029022,2.0325229909067294e-11,0.0
64,64,5.656854152679443,False,3.5,0.002187491118182885,simrf,cos,500,0.015642805752012004,0.00033220311247565606,3269.0537075940283,0.0003215502417525911,0.0019791908053389345,0.0
64,64,5.656854152679443,False,3.5,0.002187491118182885,simrf,positive,500,4.785117360053456e-06,2.1719918899335233e-14,0.9999999932968097,-0.002187491110851278,4.9645918667904685e-12,0.0
64,64,5.656854152679443,False,3.5,0.002187491118182885,simrf,hyperbolic,500,4.7851173726172135e-06,1.1226593004334535e-14,0.9999999959223999,-0.002187491113723022,2.5660934661766474e-12,0.0
64,64,5.656854152679443,False,4.0,0.00033546262790251185,simrf,cos,500,0.015197875190431639,0.0003347477117718087,135049.99861906015,0.0022553552326877785,0.0018664334875618499,0.0
64,64,5.656854152679443,False,4.0,0.00033546262790251185,simrf,positive,500,1.1253517431460345e-07,3.3352060790840836e-16,0.9999999964041849,-0.00033546262729937956,4.971068976858638e-13,0.0
64,64,5.656854152679443,False,4.0,0.00033546262790251185,simrf,hyperbolic,500,1.1253515203362057e-07,1.7716960131587093e-14,0.9999997984129085,-0.0003354625940858803,2.641048557327308e-11,0.0
64,256,0.5,False,0.125,0.9922179382602435,rff,cos,500,0.001938901374511191,5.796571822073452e-05,0.0019694346283353177,0.0035420115558576796,0.0012996091167054146,0.0
64,256,0.5,False,0.125,0.9922179382602435,rff,positive,500,0.006450289182730361,0.00015364060634600758,0.00655186645707985,0.0007719514408352793,0.0011768532533719027,0.0
64,256,0.5,False,0.125,0.9922179382602435,rff,hyperbolic,500,0.00195471169724848,4.459983622073042e-05,0.001985493927427735,-9.506499810760985e-05,0.000696807316727895,0.0
64,256,0.5,False,0.25,0.9692332344763441,rff,cos,500,0.0018986025589539076,6.593400633266797e-05,0.002021051903693703,0.003710709960262706,0.0013307528500603883,0.0
64,256,0.5,False,0.25,0.9692332344763441,rff,positive,500,0.0056798228889602615,0.00013769805025510773,0.006046139992933026,0.0006164205126438269,0.001274945434305007,0.0
64,256,0.5,False,0.25,0.9692332344763441,rff,hyperbolic,500,0.0017270989102000523,4.534113223346494e-05,0.001838487219911029,-0.0005101521832761992,0.0006820332749255236,0.0
64,256,0.5,False,0.375,0.9321024923595276,rff,cos,500,0.002003863841737295,6.750995572078267e-05,0.002306433143961383,0.0023061810873403277,0.0013710543432023006,0.0
64,256,0.5,False,0.375,0.9321024923595276,rff,positive,500,0.004789505787253766,0.00012740493728601997,0.005512687369686644,0.0008463965202557443,0.001074471612973119,0.0
64,256,0.5,False,0.375,0.9321024923595276,rff,hyperbolic,500,0.00133445605206921,3.433159867208651e-05,0.0015359495009321018,0.0005251423716464079,0.0006050989796000153,0.0
64,256,0.5,False,0.5,0.8824969025845955,rff,cos,500,0.0019889672512429894,7.045863921513581e-05,0.0025538845035555507,0.003583851423716868,0.0013838595337740222,0.0
64,256,0.5,False,0.5,0.8824969025845955,rff,positive,500,0.003370646083416509,7.786236728218717e-05,0.0043279952417657865,4.955529511419227e-05,0.000839258859070702,0.0
64,256,0.5,False,0.5,0.8824969025845955,rff,hyperbolic,500,0.000859651248489317,1.937129457142269e-05,0.0011038140525476323,4.319866860874127e-06,0.00045907938277742075,0.0
64,256,0.5,False,0.625,0.8225775623986646,rff,cos,500,0.0021385919598272967,8.433088929341401e-05,0.003160634029702573,0.003698356441208995,0.0015137900046296726,0.0
64,256,0.5,False,0.625,0.8225775623986646,rff,positive,500,0.0021912747506905375,5.0941848796267734e-05,0.003238494147345356,5.592453895487959e-05,0.0007705415145321088,0.0
64,256,0.5,False,0.625,0.8225775623986646,rff,hyperbolic,500,0.0005015350467693424,1.3157611169037287e-05,0.0007412207497664335,-0.00014177780870253438,0.0003754743938714097,0.0
64,256,0.5,False,0.75,0.7548396019890073,rff,cos,500,0.0024412564253609276,0.00010517704178885341,0.004284538458163948,0.00467783995204848,0.0017127953915337072,0.0
64,256,0.5,False,0.75,0.7548396019890073,rff,positive,500,0.0012433487608549609,3.105710899928796e-05,0.0021821450329643157,-0.0005564847444998522,0.000504526206593049,0.0
64,256,0.5,False,0.75,0.7548396019890073,rff,hyperbolic,500,0.0002110568239243782,4.72030736966008e-06,0.00037041626171172975,0.0002578808928574079,0.00024779072564522724,0.0
64,256,0.5,False,0.875,0.6819407511903481,rff,cos,500,0.0025122026915221675,0.00011990456079789713,0.005402084700137536,0.005226099402882328,0.0018319371552783558,0.0
64,256,0.5,False,0.875,0.6819407511903481,rff,positive,500,0.00048496368010780247,1.191246351105581e-05,0.0010428357891955698,-0.0005678488328385958,0.0003440192729589324,0.0
64,256,0.5,False,0.875,0.6819407511903481,rff,hyperbolic,500,4.984712755117038e-05,1.1556131766823928e-06,0.00010718816837459219,5.608550704024484e-05,0.00012266297063607282,0.0
64,256,0.5,False,1.0,0.6065306597126334,rff,cos,500,0.002655016261116097,0.00014053511679683838,0.007217082456855162,0.005007383012738545,0.001989078451641885,0.0
64,256,0.5,False,1.0,0.6065306597126334,rff,positive,500,4.622231866529366e-33,0.0,1.256452888971111e-32,4.163336342344337e-17,0.0,0.0
64,256,0.5,False,1.0,0.6065306597126334,rff,hyperbolic,500,4.622231866529366e-33,0.0,1.256452888971111e-32,4.163336342344337e-17,0.0,0.0
64,256,1.0,False,0.25,0.9692332344763441,rff,cos,500,0.001896105059871819,4.349824952734869e-05,0.0020183933297596673,0.0013709384820861765,0.0007483747739026155,0.0
64,256,1.0,False,0.25,0.9692332344763441,rff,positive,500,0.237527536392061,0.05084217495444645,0.2528467463297591,0.00863610334319147,0.007886147201773715,0.0
64,256,1.0,False,0.25,0.9692332344763441,rff,hyperbolic,500,0.09494178132872301,0.013458421570885079,0.10106500014421671,-1.833862688157595e-05,0.00491342293009416,0.0
64,256,1.0,False,0.5,0.8824969025845955,rff,cos,500,0.002009400499067967,4.47854234530648e-05,0.0025801213131083013,0.0008480074241095471,0.000752850155917262,0.0
64,256,1.0,False,0.5,0.8824969025845955,rff,positive,500,0.1305798913992772,0.021242970518026164,0.1676678994649969,0.0027691104748883873,0.005655160419969532,0.0
64,256,1.0,False,0.5,0.8824969025845955,rff,hyperbolic,500,0.05597988737741723,0.005434348702775195,0.07187959821592099,-0.001899321581700821,0.0036274670854878088,0.0
64,256,1.0,False,0.75,0.7548396019890073,rff,cos,500,0.002388596574045009,5.2486648342772615e-05,0.004192117540877107,0.0012432879824766424,0.0008921617340273094,0.0
64,256,1.0,False,0.75,0.7548396019890073,rff,positive,500,0.059959260411871475,0.0045044715900053305,0.1052317792137503,0.00047085102576115536,0.004066213142735141,0.0
64,256,1.0,False,0.75,0.7548396019890073,rff,hyperbolic,500,0.03425368520838304,0.0039021995185662775,0.060117089743024744,0.0016660438844978461,0.0031141512614732713,0.0
64,256,1.0,False,1.0,0.6065306597126334,rff,cos,500,0.002712197068149457,6.020313261829795e-05,0.007372516005550567,0.0014069509618089469,0.0010077440491702498,0.0
64,256,1.0,False,1.0,0.6065306597126334,rff,positive,500,0.025854329116598282,0.001722864216188925,0.0702793530246487,0.0033117953834028427,0.002627585643814413,0.0
64,256,1.0,False,1.0,0.6065306597126334,rff,hyperbolic,500,0.012618744852002116,0.0007888142775735863,0.034301304829158476,0.0008138543143442126,0.0018104897987026023,0.0
64,256,1.0,False,1.25,0.45783336177161427,rff,cos,500,0.003266115186027658,8.491848531108391e-05,0.015581764094110436,0.002351307951887398,0.001097944397650249,0.0
64,256,1.0,False,1.25,0.45783336177161427,rff,positive,500,0.008689532769408072,0.0005116134852905675,0.041455442318809925,0.0012647918444871186,0.0015308381903965545,0.0
64,256,1.0,False,1.25,0.45783336177161427,rff,hyperbolic,500,0.003846390382505282,0.00015807699835138452,0.01835010222861901,0.00026503283206032874,0.0010450400811279606,0.0
64,256,1.0,False,1.5,0.32465246735834974,rff,cos,500,0.003661658208467567,8.293873445432292e-05,0.03474084580497409,0.0015594821927022826,0.0012263025156997503,0.0
64,256,1.0,False,1.5,0.32465246735834974,rff,positive,500,0.001938443060310684,5.3401740371944124e-05,0.018391435690050164,-0.0009065113851014659,0.0007131953309308832,0.0
64,256,1.0,False,1.5,0.32465246735834974,rff,hyperbolic,500,0.000829207486515525,2.4081730311254066e-05,0.007867301585590125,-0.0006071122808331753,0.0004744504673390201,0.0
64,256,1.0,False,1.75,0.2162651668298873,rff,cos,500,0.003674549038224057,9.19498180806388e-05,0.0785653226518603,0.003753824821107819,0.001490381134166435,0.0
64,256,1.0,False,1.75,0.2162651668298873,rff,positive,500,0.0002789535865122091,7.405492863191061e-06,0.005964290665669704,-0.00033148301057156195,0.00025787462409812567,0.0
64,256,1.0,False,1.75,0.2162651668298873,rff,hyperbolic,500,8.673757951200995e-05,2.1961952599881055e-06,0.0018545312226111942,-0.00014404766949192938,0.00015619165329598377,0.0
64,256,1.0,False,2.0,0.1353352832366127,rff,cos,500,0.0038636622657264984,0.00015672013377418835,0.21094881206153335,0.00527949068112219,0.002086132456203074,0.0
64,256,1.0,False,2.0,0.1353352832366127,rff,positive,500,1.5407439555097887e-33,0.0,8.412176964558355e-32,3.469446951953614e-17,0.0,0.0
64,256,1.0,False,2.0,0.1353352832366127,rff,hyperbolic,500,1.5407439555097887e-33,0.0,8.412176964558355e-32,3.469446951953614e-17,0.0,0.0
64,256,2.0,False,0.5,0.8824969025845955,rff,cos,500,0.002072819820630588,5.055323327105585e-05,0.0026615533339037997,0.0005277249614999561,0.0007137689470917343,0.0
64,256,2.0,False,0.5,0.8824969025845955,rff,positive,500,216.42040927604688,202.08196381341625,277.8893062004076,0.05790631059086395,0.23296309477324398,0.0
64,256,2.0,False,0.5,0.8824969025845955,rff,hyperbolic,500,56.03712250779512,50.42918273821309,71.95308957805364,-0.0959780913774193,0.11840699772026857,0.0
64,256,2.0,False,1.0,0.6065306597126334,rff,cos,500,0.0026756271412035123,5.7182350290929695e-05,0.0072731086376653315,0.0002898005202370495,0.0008181965183375611,0.0
64,256,2.0,False,1.0,0.6065306597126334,rff,positive,500,58.06645473548189,44.99146109827939,157.8409887505001,0.013318295497982163,0.11966496444093125,0.0
64,256,2.0,False,1.0,0.6065306597126334,rff,hyperbolic,500,16.428917287568662,11.278510099988209,44.65842732405456,-0.05433236323152779,0.06347362474803121,0.0
64,256,2.0,False,1.5,0.32465246735834974,rff,cos,500,0.003297228277746349,7.038802616830535e-05,0.03128323089142874,0.0006761587502131721,0.0009594551194569439,0.0
64,256,2.0,False,1.5,0.32465246735834974,rff,positive,500,4.784524532567082,2.9039130904580426,45.394304867573226,-0.00032672456032093675,0.03511174486501023,0.0
64,256,2.0,False,1.5,0.32465246735834974,rff,hyperbolic,500,1.3640035926306229,0.7234295609670944,12.941305766723335,-0.037944881306861564,0.018906784952874598,0.0
64,256,2.0,False,2.0,0.1353352832366127,rff,cos,500,0.003826511175847312,8.194216105349778e-05,0.2089204312824147,-0.001467333926558934,0.000965297111973392,0.0
64,256,2.0,False,2.0,0.1353352832366127,rff,positive,500,0.13263531324612807,0.036422254855368735,7.241642732305183,-0.017732278596123804,0.005763832361409468,0.0
64,256,2.0,False,2.0,0.1353352832366127,rff,hyperbolic,500,0.16537898114081154,0.09529576428869559,9.02938642465456,-0.011002861913962974,0.0064706269926918004,0.0
64,256,2.0,False,2.5,0.04393693362340742,rff,cos,500,0.0040612138821989165,8.783149057281256e-05,2.1037608747001437,0.00014563811917030334,0.0010521781381229837,0.0
64,256,2.0,False,2.5,0.04393693362340742,rff,positive,500,0.00725148730359923,0.0023815690722830346,3.7563634211840555,-0.0024287049554725633,0.001400641555259117,0.0
64,256,2.0,False,2.5,0.04393693362340742,rff,hyperbolic,500,0.005154569339145714,0.0022387572639607943,2.6701330233197,-0.002141680002966977,0.0012205156399928737,0.0
64,256,2.0,False,3.0,0.011108996538242306,rff,cos,500,0.0038790127660883276,9.37754927736213e-05,31.431965999750062,-0.0003524206267597346,0.0009755575076401817,0.0
64,256,2.0,False,3.0,0.011108996538242306,rff,positive,500,0.00019529193394803674,8.401510964061544e-05,1.5824669311594501,-0.0003701507223484781,0.00021794898421633116,0.0
64,256,2.0,False,3.0,0.011108996538242306,rff,hyperbolic,500,8.970600296398925e-05,2.5584159865637283e-05,0.7268952708245312,-0.000344334364818652,0.00014990736207783732,0.0
64,256,2.0,False,3.5,0.002187491118182885,rff,cos,500,0.00411187516201443,9.10304687645642e-05,859.3049710291353,0.0008593448314391401,0.0011069668613085369,0.0
64,256,2.0,False,3.5,0.002187491118182885,rff,positive,500,9.371826397337315e-07,3.4050773804961847e-07,0.19585363595787508,-2.5454091838665996e-06,1.5530208580898557e-05,0.0
64,256,2.0,False,3.5,0.002187491118182885,rff,hyperbolic,500,3.764190719068197e-07,8.722931997433797e-08,0.07866454280222834,-6.9487689669888616e-06,9.857478213929104e-06,0.0
64,256,2.0,False,4.0,0.00033546262790251185,rff,cos,500,0.0038870324667978347,0.00015308033524970922,34540.6000967679,0.0045367108435607675,0.0020850815870474574,0.0
64,256,2.0,False,4.0,0.00033546262790251185,rff,positive,500,8.448865646535191e-39,0.0,7.50775539080339e-32,4.743384504624082e-20,0.0,0.0
64,256,2.0,False,4.0,0.00033546262790251185,rff,hyperbolic,500,8.448865646535191e-39,0.0,7.50775539080339e-32,4.743384504624082e-20,0.0,0.0
64,256,4.0,False,0.5,0.8824969025845955,rff,cos,500,0.002041396491351269,4.3898310504642816e-05,0.0026212049804322066,-0.0007602900944381495,0.0006815731962310097,0.0
64,256,4.0,False,0.5,0.8824969025845955,rff,positive,500,0.7784200425017521,8.830793906397036e-05,0.9995111194314016,-0.8822747643345609,5.260903976175172e-05,0.0
64,256,4.0,False,0.5,0.8824969025845955,rff,hyperbolic,500,0.7782461376188081,0.00017546763943521263,0.9992878211416153,-0.8821492143255485,0.00012088050210307801,0.0
64,256,4.0,False,1.0,0.6065306597126334,rff,cos,500,0.002833892716122391,6.69021043731059e-05,0.0077033190740379434,-0.0011701227911055415,0.000860133759156687,0.0
64,256,4.0,False,1.0,0.6065306597126334,rff,positive,500,0.36738850312277477,0.0001814865215516106,0.9986654920234078,-0.6057571069474058,0.00034900719294663044,0.0
64,256,4.0,False,1.0,0.6065306597126334,rff,hyperbolic,500,0.36730441470147085,0.0001610076673194332,0.9984369159957935,-0.6059545527185672,0.00018219740338315098,0.0
64,256,4.0,False,1.5,0.32465246735834974,rff,cos,500,0.0035011734411041434,7.262076690479803e-05,0.03321820872647047,0.0006319736150595513,0.0009775289181038313,0.0
64,256,4.0,False,1.5,0.32465246735834974,rff,positive,500,0.3403305030883967,0.2350522163822542,3.2289659103577066,-0.31658816303630727,0.007748026665765143,0.0
64,256,4.0,False,1.5,0.32465246735834974,rff,hyperbolic,500,0.1761318305019337,0.05899840846070054,1.671092280176622,-0.3181445151650014,0.004323488436861907,0.0
64,256,4.0,False,2.0,0.1353352832366127,rff,cos,500,0.00378134433452414,8.871532123362802e-05,0.20645440530332893,-0.0006907833473654373,0.0009957869367708421,0.0
64,256,4.0,False,2.0,0.1353352832366127,rff,positive,500,0.018311718647757196,7.250300702948681e-06,0.9997859620949724,-0.13513392870104418,0.00011299298574291452,0.0
64,256,4.0,False,2.0,0.1353352832366127,rff,hyperbolic,500,0.30672223095328727,0.28810172039061327,16.746466384088293,-0.1263096568274757,0.008526135226517953,0.0
64,256,4.0,False,2.5,0.04393693362340742,rff,cos,500,0.0038967345636720025,9.145536854052058e-05,2.018558478310493,-5.786288373145798e-05,0.0009505296956307743,0.0
64,256,4.0,False,2.5,0.04393693362340742,rff,positive,500,0.1584461239167865,0.15625228148370052,82.07712420788471,-0.037352643471442355,0.006266210970721112,0.0
64,256,4.0,False,2.5,0.04393693362340742,rff,hyperbolic,500,0.04098346311255008,0.03892545546535203,21.229959491622864,-0.04047451429745133,0.0031360951520168464,0.0
64,256,4.0,False,3.0,0.011108996538242306,rff,cos,500,0.0039359274191830326,8.894187799450294e-05,31.893150210485295,0.0001880168937919182,0.0009609721916082094,0.0
64,256,4.0,False,3.0,0.011108996538242306,rff,positive,500,0.0001391706151375221,1.2330462229804505e-05,1.1277111747116348,-0.010969280195383414,6.847723477854304e-05,0.0
64,256,4.0,False,3.0,0.011108996538242306,rff,hyperbolic,500,0.00025551936890562486,0.00012889283423573854,2.0704948913633743,-0.0108365220710734,0.00018564230135527436,0.0
64,256,4.0,False,3.5,0.002187491118182885,rff,cos,500,0.0037726406247726497,8.10621930693103e-05,788.4113002072276,-0.0010690077514495472,0.0009297477348226868,0.0
64,256,4.0,False,3.5,0.002187491118182885,rff,positive,500,4.796005535655814e-06,2.8816502734546865e-08,1.0022754182676301,-0.002174443603571179,4.1476863771477955e-06,0.0
64,256,4.0,False,3.5,0.002187491118182885,rff,hyperbolic,500,3.5508175313769245e-05,3.0739140204058824e-05,7.4205442424832215,-0.0020862110692683603,8.824964284950119e-05,0.0
64,256,4.0,False,4.0,0.00033546262790251185,rff,cos,500,0.0038654225559494205,8.746471439973935e-05,34348.57204063057,0.0002840505489895622,0.000951213085272237,0.0
64,256,4.0,False,4.0,0.00033546262790251185,rff,positive,500,1.1887890438513927e-07,5.503069265762858e-09,1.0563710829232353,-0.00033141925488717626,1.4998386909971356e-06,0.0
64,256,4.0,False,4.0,0.00033546262790251185,rff,hyperbolic,500,1.1451156608238724e-07,1.7708396938578706e-09,1.0175624320845336,-0.0003312683484631639,1.0879658402692152e-06,0.0
64,256,5.656854152679443,False,0.5,0.8824969025845955,rff,cos,500,0.0020353587447633948,4.4272716712485915e-05,0.002613452360353856,-0.0013298319082059899,0.0006896805950602278,0.0
64,256,5.656854152679443,False,0.5,0.8824969025845955,rff,positive,500,0.7788007818701213,8.337878505899058e-10,0.9999999984575212,-0.8824969019039786,4.724031113352806e-10,0.0
64,256,5.656854152679443,False,0.5,0.8824969025845955,rff,hyperbolic,500,0.7788007824183281,4.1858574205710026e-10,0.9999999991614327,-0.8824969022145788,2.3715999369105597e-10,0.0
64,256,5.656854152679443,False,1.0,0.6065306597126334,rff,cos,500,0.0027502988110762305,6.177128066562978e-05,0.007476087280981034,0.0005305413199859,0.0008262718432922009,0.0
64,256,5.656854152679443,False,1.0,0.6065306597126334,rff,positive,500,0.3678794011512284,3.993402253293035e-08,0.9999998912137797,-0.6065306267179701,3.2923610516754226e-08,0.0
64,256,5.656854152679443,False,1.0,0.6065306597126334,rff,hyperbolic,500,0.36787942109117117,1.9968000519509828e-08,0.9999999454161638,-0.6065306431583547,1.646172717535802e-08,0.0
64,256,5.656854152679443,False,1.5,0.32465246735834974,rff,cos,500,0.003624983271249528,8.084536275932706e-05,0.0343928836888343,0.0008041774878858514,0.001026307134591052,0.0
64,256,5.656854152679443,False,1.5,0.32465246735834974,rff,positive,500,0.10539922420355177,2.8448412252116134e-10,0.9999999966004249,-0.3246524668065083,4.3813752833164516e-10,0.0
64,256,5.656854152679443,False,1.5,0.32465246735834974,rff,hyperbolic,500,0.1053992243777337,1.4226359289088444e-10,0.9999999982530171,-0.3246524670747683,2.1910164158200956e-10,0.0
64,256,5.656854152679443,False,2.0,0.1353352832366127,rff,cos,500,0.003830658673122529,8.223517111555806e-05,0.20914687696090906,0.0006428471818182562,0.0009076354697595845,0.0
64,256,5.656854152679443,False,2.0,0.1353352832366127,rff,positive,500,0.018315638887138625,8.462470569908224e-13,0.9999999999128856,-0.1353352832307179,3.126483614380066e-12,0.0
64,256,5.656854152679443,False,2.0,0.1353352832366127,rff,hyperbolic,500,0.018315638887351687,5.386419439930689e-13,0.9999999999245184,-0.13533528323150504,1.990027769392246e-12,0.0
64,256,5.656854152679443,False,2.5,0.04393693362340742,rff,cos,500,0.003926114264409066,8.781108452949098e-05,2.0337775400772102,0.00014301438195515203,0.0009956365834957388,0.0
64,256,5.656854152679443,False,2.5,0.04393693362340742,rff,positive,500,0.0019304541342644358,1.5828704247140535e-12,0.9999999989829991,-0.04393693360106545,1.8012996724301583e-11,0.0
64,256,5.656854152679443,False,2.5,0.04393693362340742,rff,hyperbolic,500,0.001930454135086184,7.945772209180741e-13,0.9999999994086751,-0.043936933610416916,9.042250653077478e-12,0.0
64,256,5.656854152679443,False,3.0,0.011108996538242306,rff,cos,500,0.0039150903438465974,8.77001580846305e-05,31.724305640228952,-0.000435845698118561,0.0009870849946111285,0.0
64,256,5.656854152679443,False,3.0,0.011108996538242306,rff,positive,500,0.00012340980391371546,8.790035004904451e-14,0.9999999985984576,-0.01110899653045744,3.956270758310173e-12,0.0
64,256,5.656854152679443,False,3.0,0.011108996538242306,rff,hyperbolic,500,0.00012340980338010387,5.783618551902559e-13,0.9999999942745581,-0.011108996506440228,2.603135806878933e-11,0.0
64,256,5.656854152679443,False,3.5,0.002187491118182885,rff,cos,500,0.004012232504912285,9.040368484858294e-05,838.4815201215263,9.94754405261813e-05,0.0009909264182081298,0.0
64,256,5.656854152679443,False,3.5,0.002187491118182885,rff,positive,500,4.785117373902773e-06,1.3441023412641404e-14,0.9999999961910578,-0.002187491114016863,3.0722546757069828e-12,0.0
64,256,5.656854152679443,False,3.5,0.002187491118182885,rff,hyperbolic,500,4.785117375179417e-06,8.988744820804787e-15,0.9999999964578524,-0.0021874911143086734,2.05458123484211e-12,0.0
64,256,5.656854152679443,False,4.0,0.00033546262790251185,rff,cos,500,0.003742340069168165,8.278107468819716e-05,33254.84745995339,0.00017103532611719484,0.0009617626423173917,0.0
64,256,5.656854152679443,False,4.0,0.00033546262790251185,rff,positive,500,1.1252576655922223e-07,9.403776042341429e-12,0.9999163980501174,-0.00033544718453575067,1.5436832143556412e-08,0.0
64,256,5.656854152679443,False,4.0,0.00033546262790251185,rff,hyperbolic,500,1.1253023134264115e-07,4.940182236986725e-12,0.9999560726090282,-0.0003354549047280276,7.718413229236117e-09,0.0
64,256,0.5,False,0.125,0.9922179382602435,orf,cos,500,0.001942443186813763,6.69384227444343e-05,0.0019730322160658995,-0.0025645317477099947,0.0012993992797170196,0.0
64,256,0.5,False,0.125,0.9922179382602435,orf,positive,500,0.004734457200585829,0.0001037827742625481,0.004809014052896791,0.001342017331935075,0.0010640675808640183,0.0
64,256,0.5,False,0.125,0.9922179382602435,orf,hyperbolic,500,0.00028735013326398906,9.76084326538688e-06,0.00029187523942497565,6.166455570943786e-05,0.00035240785818676704,0.0
64,256,0.5,False,0.25,0.9692332344763441,orf,cos,500,0.0019868424891191683,6.976700235333169e-05,0.002114982820409922,-0.0022448486623295634,0.001393608495226378,0.0
64,256,0.5,False,0.25,0.9692332344763441,orf,positive,500,0.004397804403886182,0.00011457476367984536,0.004681438419341401,0.0009151070761855358,0.0010697549336656888,0.0
64,256,0.5,False,0.25,0.9692332344763441,orf,hyperbolic,500,0.00023285333969268507,8.839351878851035e-06,0.0002478710898433813,0.00023962565359910267,0.000315550515479354,0.0
64,256,0.5,False,0.375,0.9321024923595276,orf,cos,500,0.0019182475278564808,6.260669233643486e-05,0.0022078893707341003,-0.002992697882312468,0.0013589335439840918,0.0
64,256,0.5,False,0.375,0.9321024923595276,orf,positive,500,0.0034834869761726627,8.245653163630549e-05,0.004009468932498335,0.0004427466355167994,0.0009434431065960966,0.0
64,256,0.5,False,0.375,0.9321024923595276,orf,hyperbolic,500,0.00016247461867393802,5.3289667457493295e-06,0.00018700713978509194,-0.00029380395803031044,0.0002762467261179454,0.0
64,256,0.5,False,0.5,0.8824969025845955,orf,cos,500,0.001958844927675363,7.360693353718705e-05,0.0025152066744850267,-0.002015240531272543,0.0014301247664803554,0.0
64,256,0.5,False,0.5,0.8824969025845955,orf,positive,500,0.002580403395164404,6.0668802970542274e-05,0.003313303544698436,-0.0009246729345959892,0.0007367241787424832,0.0
64,256,0.5,False,0.5,0.8824969025845955,orf,hyperbolic,500,9.413372168516054e-05,2.9108443501472223e-06,0.00012087009121115613,-0.0003930501344153736,0.00022145655511773626,0.0
64,256,0.5,False,0.625,0.8225775623986646,orf,cos,500,0.001964848372793821,8.14166493567578e-05,0.002903857653499915,-0.00220337424742746,0.0015409811188950584,0.0
64,256,0.5,False,0.625,0.8225775623986646,orf,positive,500,0.0017501009313669888,4.241575929532766e-05,0.0025864815088612633,-8.78372327423575e-05,0.000661823802100223,0.0
64,256,0.5,False,0.625,0.8225775623986646,orf,hyperbolic,500,4.754244976059791e-05,1.5444798908415201e-06,7.026318596133944e-05,3.945398374451981e-05,0.00016452129865425293,0.0
64,256,0.5,False,0.75,0.7548396019890073,orf,cos,500,0.001997009619981738,9.127584048072981e-05,0.003504861033543465,-0.00196723734965709,0.0016500779092531292,0.0
64,256,0.5,False,0.75,0.7548396019890073,orf,positive,500,0.0010084233233837205,2.3615265111436415e-05,0.0017698380498919798,-0.0002389831301453467,0.0004367035915615438,0.0
64,256,0.5,False,0.75,0.7548396019890073,orf,hyperbolic,500,1.4967901423998819e-05,4.4626462253780013e-07,2.6269485099111812e-05,-3.4509948855663384e-05,9.46412889267765e-05,0.0
64,256,0.5,False,0.875,0.6819407511903481,orf,cos,500,0.0019492719272572478,0.0001083739911178076,0.004191593333682673,-0.0030726619238671603,0.0017576072249935973,0.0
64,256,0.5,False,0.875,0.6819407511903481,orf,positive,500,0.00043450499201992134,1.0126903958445955e-05,0.0009343325590109884,0.00038536030843227794,0.0003603060264238452,0.0
64,256,0.5,False,0.875,0.6819407511903481,orf,hyperbolic,500,2.8364134461890966e-06,7.604593957855289e-08,6.099247378657343e-06,9.996792541028143e-06,4.553879526096544e-05,0.0
64,256,0.5,False,1.0,0.6065306597126334,orf,cos,500,0.0019859585645220896,0.00013056393137944415,0.005398395078013006,-0.003045005112699596,0.0019609449155224847,0.0
64,256,0.5,False,1.0,0.6065306597126334,orf,positive,500,4.622231866529366e-33,0.0,1.256452888971111e-32,4.163336342344337e-17,0.0,0.0
64,256,0.5,False,1.0,0.6065306597126334,orf,hyperbolic,500,4.622231866529366e-33,0.0,1.256452888971111e-32,4.163336342344337e-17,0.0,0.0
64,256,1.0,False,0.25,0.9692332344763441,orf,cos,500,0.0019463841872478537,4.167662562498234e-05,0.0020719151822506813,-3.248041902912577e-05,0.000733896804776727,0.0
64,256,1.0,False,0.25,0.9692332344763441,orf,positive,500,0.10814433528829472,0.011165995248635787,0.11511904567774484,-0.010817100744689327,0.00559225977437438,0.0
64,256,1.0,False,0.25,0.9692332344763441,orf,hyperbolic,500,0.0423726396130673,0.0038454762462233755,0.04510544007783353,-0.006365651987875817,0.0032362601250444266,0.0
64,256,1.0,False,0.5,0.8824969025845955,orf,cos,500,0.0018742141715610112,4.265034831689734e-05,0.0024065386326006973,-0.0004534887435570663,0.0007144937723615749,0.0
64,256,1.0,False,0.5,0.8824969025845955,orf,positive,500,0.0875405990177041,0.010946764013767627,0.11240435413080198,-0.008335215957302805,0.004653683537202437,0.0
64,256,1.0,False,0.5,0.8824969025845955,orf,hyperbolic,500,0.03548278306929663,0.0034637638474576413,0.045560795315794336,-0.002120225619288444,0.0030184313504736287,0.0
64,256,1.0,False,0.75,0.7548396019890073,orf,cos,500,0.0019315794621991831,4.53521352494184e-05,0.003390027530421545,-0.001799158346874841,0.000805514912526408,0.0
64,256,1.0,False,0.75,0.7548396019890073,orf,positive,500,0.06637145548687769,0.010050549110750533,0.11648553204147784,0.009720362952665066,0.004306411238145499,0.0
64,256,1.0,False,0.75,0.7548396019890073,orf,hyperbolic,500,0.02080334871717253,0.0027373424959302338,0.0365110140464427,0.002398952590702515,0.0024083509510925264,0.0
64,256,1.0,False,1.0,0.6065306597126334,orf,cos,500,0.002016505815257208,4.780265805239086e-05,0.005481431114595661,-0.0008082332585024318,0.0008362925768338467,0.0
64,256,1.0,False,1.0,0.6065306597126334,orf,positive,500,0.02258096379551273,0.0020847023927710122,0.061381423554433844,0.004445079732403811,0.002503460409963631,0.0
64,256,1.0,False,1.0,0.6065306597126334,orf,hyperbolic,500,0.006668130886863232,0.0005958994931190879,0.01812585901954682,0.0013024257709270035,0.0013915197133190695,0.0
64,256,1.0,False,1.25,0.45783336177161427,orf,cos,500,0.002256287221296761,5.0689793165073404e-05,0.010764144314689935,-0.0010660126878303266,0.0009976574056960875,0.0
64,256,1.0,False,1.25,0.45783336177161427,orf,positive,500,0.006699000859291042,0.0004141554865397569,0.031959145685449254,0.0016938267482574996,0.001415255724486996,0.0
64,256,1.0,False,1.25,0.45783336177161427,orf,hyperbolic,500,0.0017193751425791618,0.0001412536570097788,0.008202680044952684,0.00012975485624610423,0.0006756363332900475,0.0
64,256,1.0,False,1.5,0.32465246735834974,orf,cos,500,0.002519199809682501,6.0396148146477435e-05,0.02390150231327224,-0.00011047917181451678,0.0011486021167642175,0.0
64,256,1.0,False,1.5,0.32465246735834974,orf,positive,500,0.0013436336238552807,5.3331804203428055e-05,0.012748040883988017,-0.0002963796129137392,0.0006073505244686645,0.0
64,256,1.0,False,1.5,0.32465246735834974,orf,hyperbolic,500,0.0002608015743612285,1.4070945732065929e-05,0.0024744164432457505,0.0003489745809661393,0.0002783817465200308,0.0
64,256,1.0,False,1.75,0.2162651668298873,orf,cos,500,0.0027924065735106295,8.162600567926681e-05,0.05970428510843052,-0.0030821986230097757,0.0014359803377805716,0.0
64,256,1.0,False,1.75,0.2162651668298873,orf,positive,500,0.00020623541220979243,4.8558639348068796e-06,0.004409507543361779,4.924917663248413e-05,0.000239570208130184,0.0
64,256,1.0,False,1.75,0.2162651668298873,orf,hyperbolic,500,1.1384876681667199e-05,3.754170681149757e-07,0.00024341939665040448,0.00017260122540315107,6.930258271312239e-05,0.0
64,256,1.0,False,2.0,0.1353352832366127,orf,cos,500,0.0032150755757942868,0.00013701806065970898,0.17553717865511406,-0.0016483299230508931,0.0020373211381432784,0.0
64,256,1.0,False,2.0,0.1353352832366127,orf,positive,500,1.5407439555097887e-33,0.0,8.412176964558355e-32,3.469446951953614e-17,0.0,0.0
64,256,1.0,False,2.0,0.1353352832366127,orf,hyperbolic,500,1.5407439555097887e-33,0.0,8.412176964558355e-32,3.469446951953614e-17,0.0,0.0
64,256,2.0,False,0.5,0.8824969025845955,orf,cos,500,0.002065015321513278,4.570240744705408e-05,0.002651532158672657,0.0006447249891014226,0.0006941418219010918,0.0
64,256,2.0,False,0.5,0.8824969025845955,orf,positive,500,24.099446700787375,12.660124566075378,30.94430209192252,-0.12108569648141514,0.07714916510601928,0.0
64,256,2.0,False,0.5,0.8824969025845955,orf,hyperbolic,500,26.012654909075813,9.870567709455973,33.40091005878049,-0.008324056405898917,0.08050457638434012,0.0
64,256,2.0,False,1.0,0.6065306597126334,orf,cos,500,0.00206736324690807,4.517346118820579e-05,0.005619675946894297,2.559899044608588e-05,0.0007582821245158311,0.0
64,256,2.0,False,1.0,0.6065306597126334,orf,positive,500,8.545450678461412,3.6271523253080624,23.228943295254677,-0.09305954628774178,0.046818693248134584,0.0
64,256,2.0,False,1.0,0.6065306597126334,orf,hyperbolic,500,149.37740693864868,145.44777251805343,406.0498908636608,0.09107643424700208,0.19289375447184492,0.0
64,256,2.0,False,1.5,0.32465246735834974,orf,cos,500,0.0023357397334124656,5.253678256869947e-05,0.022160881573103957,0.00041151141911390584,0.0007619151499058812,0.0
64,256,2.0,False,1.5,0.32465246735834974,orf,positive,500,2.0711024959913664,0.6644615670697942,19.650073371988874,-0.019158092096700215,0.02239381249563424,0.0
64,256,2.0,False,1.5,0.32465246735834974,orf,hyperbolic,500,0.7506690415130216,0.1761205703596051,7.122149566408,-0.033657431762575754,0.013703019458803714,0.0
64,256,2.0,False,2.0,0.1353352832366127,orf,cos,500,0.0032351592926997746,7.381682025586696e-05,0.17663371244394308,0.0003333737508331005,0.0009155824247623782,0.0
64,256,2.0,False,2.0,0.1353352832366127,orf,positive,500,0.610213439621241,0.4170530015514721,33.31652492868152,-0.011513563898474483,0.012804847956078693,0.0
64,256,2.0,False,2.0,0.1353352832366127,orf,hyperbolic,500,0.2741936878038257,0.11842759986222257,14.970468104854385,-0.005846686908382892,0.00849325152964313,0.0
64,256,2.0,False,2.5,0.04393693362340742,orf,cos,500,0.0037733918356121243,8.146840493798707e-05,1.9546653633458964,0.00022081867264982463,0.0009737759563400854,0.0
64,256,2.0,False,2.5,0.04393693362340742,orf,positive,500,0.011039764317719278,0.00447341638901427,5.718739497894535,-0.002169611666069787,0.0016911179722057155,0.0
64,256,2.0,False,2.5,0.04393693362340742,orf,hyperbolic,500,0.0037628523332159432,0.001122054331480523,1.9492057659390518,-0.0032674908883785206,0.0009723169019791165,0.0
64,256,2.0,False,3.0,0.011108996538242306,orf,cos,500,0.0038957335916061466,9.125204843467958e-05,31.567456252259294,-0.0006143087719547265,0.0010005318136097623,0.0
64,256,2.0,False,3.0,0.011108996538242306,orf,positive,500,0.00041989215093864466,0.00026004554525985315,3.402421339585989,-6.217616065443344e-05,0.0003215240904454425,0.0
64,256,2.0,False,3.0,0.011108996538242306,orf,hyperbolic,500,0.00013560022448248863,6.527497765708235e-05,1.0987799995796679,-0.00015844646109488026,0.0001802521281140609,0.0
64,256,2.0,False,3.5,0.002187491118182885,orf,cos,500,0.003778939159807944,8.738669387455638e-05,789.7275761768944,-0.0009403106471124251,0.000987939248641631,0.0
64,256,2.0,False,3.5,0.002187491118182885,orf,positive,500,7.573718007015699e-07,2.270886339707397e-07,0.15827653506418946,-1.7303736710121503e-06,1.3846443484691171e-05,0.0
64,256,2.0,False,3.5,0.002187491118182885,orf,hyperbolic,500,2.6213211644191025e-07,5.659780215393454e-08,0.054780707548176086,-3.7357015553309645e-06,8.313757357379527e-06,0.0
64,256,2.0,False,4.0,0.00033546262790251185,orf,cos,500,0.0037939695125934485,0.00014063422509845915,33713.632400342765,-0.0028373997799052675,0.0020243303985823104,0.0
64,256,2.0,False,4.0,0.00033546262790251185,orf,positive,500,8.448865646535191e-39,0.0,7.50775539080339e-32,4.743384504624082e-20,0.0,0.0
64,256,2.0,False,4.0,0.00033546262790251185,orf,hyperbolic,500,8.448865646535191e-39,0.0,7.50775539080339e-32,4.743384504624082e-20,0.0,0.0
64,256,4.0,False,0.5,0.8824969025845955,orf,cos,500,0.0019701979897160738,4.4031768835573926e-05,0.0025297842947025317,0.0004976790219441515,0.0006735422494977142,0.0
64,256,4.0,False,0.5,0.8824969025845955,orf,positive,500,0.7781086634482237,0.000224783149384236,0.9991113008124469,-0.882017468968257,0.00019622514926206328,0.0
64,256,4.0,False,0.5,0.8824969025845955,orf,hyperbolic,500,0.7779820006380642,0.00017912725113907748,0.998948662544853,-0.8820010463563684,0.00011798112320502998,0.0
64,256,4.0,False,1.0,0.6065306597126334,orf,cos,500,0.0020611541486995105,4.618439977654759e-05,0.005602797868062852,-0.00034441956041485146,0.0007255593343822506,0.0
64,256,4.0,False,1.0,0.6065306597126334,orf,positive,500,0.3672633125387135,0.00016143088854150129,0.9983251887336599,-0.6056127418067381,0.00035161450448340615,0.0
64,256,4.0,False,1.0,0.6065306597126334,orf,hyperbolic,500,0.3672463786242049,0.0001592904260557361,0.9982791575815665,-0.605890745237556,0.0001897757755269508,0.0
64,256,4.0,False,1.5,0.32465246735834974,orf,cos,500,0.0025830511616015952,5.7387378311360914e-05,0.02450730707307497,-4.5508581584847886e-05,0.000804799145731497,0.0
64,256,4.0,False,1.5,0.32465246735834974,orf,positive,500,0.10530259890769933,3.575182750469365e-05,0.999083241318267,-0.32446281821252726,8.109246726907527e-05,0.0
64,256,4.0,False,1.5,0.32465246735834974,orf,hyperbolic,500,0.10526887219327663,3.3834603397109386e-05,0.9987632511611961,-0.3244282614055527,6.132708927627117e-05,0.0
64,256,4.0,False,2.0,0.1353352832366127,orf,cos,500,0.0033278025868082465,7.44291577026479e-05,0.18169186491524214,-0.00037475485515991145,0.0009471893093178119,0.0
64,256,4.0,False,2.0,0.1353352832366127,orf,positive,500,0.018288330367625824,7.914589611391555e-06,0.9985090052673425,-0.13511958288546438,8.775196882202326e-05,0.0
64,256,4.0,False,2.0,0.1353352832366127,orf,hyperbolic,500,0.01850020988615778,0.00022424672175731312,1.0100772350091007,-0.13484755043690264,0.0002807791395946839,0.0
64,256,4.0,False,2.5,0.04393693362340742,orf,cos,500,0.0037317914245808908,8.524698341883854e-05,1.933115816920243,-0.0006349900683026786,0.0009706210764163657,0.0
64,256,4.0,False,2.5,0.04393693362340742,orf,positive,500,0.009762549188124942,0.007773766435421391,5.057125680904229,-0.04230695375655786,0.0014115701895771563,0.0
64,256,4.0,False,2.5,0.04393693362340742,orf,hyperbolic,500,0.0038503567859925363,0.0019125667795983298,1.9945341946929123,-0.04306662002509182,0.0007061553877196104,0.0
64,256,4.0,False,3.0,0.011108996538242306,orf,cos,500,0.004044523174911172,8.906717197139801e-05,32.773110733328885,0.0012506841309097984,0.0010181138408840152,0.0
64,256,4.0,False,3.0,0.011108996538242306,orf,positive,500,0.0001230568428278177,7.313969043870714e-08,0.9971399252962599,-0.011084571002003876,6.818003782284843e-06,0.0
64,256,4.0,False,3.0,0.011108996538242306,orf,hyperbolic,500,0.00012411808999444546,8.22561043105805e-07,1.005739300155346,-0.011037119634205646,2.3917140616368723e-05,0.0
64,256,4.0,False,3.5,0.002187491118182885,orf,cos,500,0.0039031597913925316,8.350185265363181e-05,815.6873638696513,0.0008147548247790894,0.0009937281553612607,0.0
64,256,4.0,False,3.5,0.002187491118182885,orf,positive,500,2.090073422013642e-05,1.5536037065989714e-05,4.367862375647424,-0.002092972618223211,6.421182419172294e-05,0.0
64,256,4.0,False,3.5,0.002187491118182885,orf,hyperbolic,500,8.698330104804184e-06,3.815031633176814e-06,1.817788236316204,-0.002137036731166779,3.2104060251060966e-05,0.0
64,256,4.0,False,4.0,0.00033546262790251185,orf,cos,500,0.004002292689805516,8.361113530148494e-05,35564.81517703254,-0.0008789636858603649,0.0009742438100567289,0.0
64,256,4.0,False,4.0,0.00033546262790251185,orf,positive,500,1.0548749543027593e-06,9.366721024408356e-07,9.37373542925001,-0.0003147318457070908,1.5449797725699097e-05,0.0
64,256,4.0,False,4.0,0.00033546262790251185,orf,hyperbolic,500,4.6299481704082525e-06,4.129112684463445e-06,41.14223114647094,-0.00028026135661347705,3.369083779385742e-05,0.0
64,256,5.656854152679443,False,0.5,0.8824969025845955,orf,cos,500,0.0019880995509425166,4.4919916256814285e-05,0.002552770354315676,-0.0003456426809303278,0.0007447863913406451,0.0
64,256,5.656854152679443,False,0.5,0.8824969025845955,orf,positive,500,0.7788007824001726,6.372257029896053e-10,0.9999999991381205,-0.8824969022042921,3.610359547819712e-10,0.0
64,256,5.656854152679443,False,0.5,0.8824969025845955,orf,hyperbolic,500,0.778800782581886,3.3516289833879195e-10,0.9999999993714452,-0.8824969023072465,1.8989473226358942e-10,0.0
64,256,5.656854152679443,False,1.0,0.6065306597126334,orf,cos,500,0.0020023334277405255,4.505813175094249e-05,0.005442906571143183,-0.0007399801133380503,0.0007063349213013471,0.0
64,256,5.656854152679443,False,1.0,0.6065306597126334,orf,positive,500,0.36787943704208476,4.093724000081647e-09,0.9999999887752423,-0.6065306563085161,3.3747424713677703e-09,0.0
64,256,5.656854152679443,False,1.0,0.6065306597126334,orf,hyperbolic,500,0.3678794388976655,2.056370618911894e-09,0.9999999938192338,-0.6065306578382118,1.6952003418616768e-09,0.0
64,256,5.656854152679443,False,1.5,0.32465246735834974,orf,cos,500,0.0025523173593664512,5.4427033133838615e-05,0.024215712876221037,0.0002979306410023075,0.0008005863289092728,0.0
64,256,5.656854152679443,False,1.5,0.32465246735834974,orf,positive,500,0.10539922424107377,3.1730439005177375e-10,0.9999999969564237,-0.32465246686429605,4.8868463540398e-10,0.0
64,256,5.656854152679443,False,1.5,0.32465246735834974,orf,hyperbolic,500,0.10539922438571606,1.588501288227591e-10,0.9999999983287515,-0.3246524670870619,2.4464678890525975e-10,0.0
64,256,5.656854152679443,False,2.0,0.1353352832366127,orf,cos,500,0.003196067919926831,7.010488649970549e-05,0.17449939580828433,0.00015464961868643547,0.0009442988522697205,0.0
64,256,5.656854152679443,False,2.0,0.1353352832366127,orf,positive,500,0.01831563887864199,8.644185913443588e-12,0.999999999448985,-0.1353352831993268,3.1936202304685174e-11,0.0
64,256,5.656854152679443,False,2.0,0.1353352832366127,orf,hyperbolic,500,0.01831563884739182,2.5427651581337908e-11,0.9999999977427835,-0.13533528308387205,9.394326715004646e-11,0.0
64,256,5.656854152679443,False,2.5,0.04393693362340742,orf,cos,500,0.003603095226562077,7.912520120490148e-05,1.866449535860441,0.0003773541250309735,0.0009662592868204818,0.0
64,256,5.656854152679443,False,2.5,0.04393693362340742,orf,positive,500,0.001930453868897465,2.6692887950609077e-10,0.9999998615195049,-0.04393693058078312,3.0380567877388783e-09,0.0
64,256,5.656854152679443,False,2.5,0.04393693362340742,orf,hyperbolic,500,0.0019304540012616744,1.3347218911015285e-10,0.999999930085863,-0.04393693208739599,1.5190115452128864e-09,0.0
64,256,5.656854152679443,False,3.0,0.011108996538242306,orf,cos,500,0.003747674831210051,8.594979324277272e-05,30.36772369055696,-6.815459759680909e-05,0.000992161477675883,0.0
64,256,5.656854152679443,False,3.0,0.011108996538242306,orf,positive,500,0.00012340980392771113,7.488885418888465e-14,0.9999999987118656,-0.011108996531087365,3.370641010413371e-12,0.0
64,256,5.656854152679443,False,3.0,0.011108996538242306,orf,hyperbolic,500,0.00012340980365289206,3.4636851514587746e-13,0.9999999964849837,-0.011108996518718111,1.5589593111882154e-11,0.0
64,256,5.656854152679443,False,3.5,0.002187491118182885,orf,cos,500,0.003956012008073516,8.495443048992382e-05,826.7324882312647,-0.0002547609990046846,0.0009537606331755406,0.0
64,256,5.656854152679443,False,3.5,0.002187491118182885,orf,positive,500,4.785117389413785e-06,1.4519524416300409e-15,0.9999999994325691,-0.0021874911175622596,3.31876281520965e-13,0.0
64,256,5.656854152679443,False,3.5,0.002187491118182885,orf,hyperbolic,500,4.7851173889923644e-06,1.178900751372454e-15,0.9999999993445,-0.002187491117465935,2.694641633258884e-13,0.0
64,256,5.656854152679443,False,4.0,0.00033546262790251185,orf,cos,500,0.003998754206782327,8.825053362425523e-05,35533.37182581354,0.00013519263494231781,0.0010042087301901184,0.0
64,256,5.656854152679443,False,4.0,0.00033546262790251185,orf,positive,500,1.1253513628430801e-07,3.821909849640059e-14,0.9999996584627765,-0.0003354625705966647,5.698412303253188e-11,0.0
64,256,5.656854152679443,False,4.0,0.00033546262790251185,orf,hyperbolic,500,1.1253514824803796e-07,2.005687649501582e-14,0.999999764773803,-0.00033546258844237514,2.989910965856441e-11,0.0
64,256,0.5,False,0.125,0.9922179382602435,simrf,cos,500,0.0019479588593205891,6.639253836155398e-05,0.0019786347477760225,-0.002626689115208391,0.001299252307939032,0.0
64,256,0.5,False,0.125,0.9922179382602435,simrf,positive,500,0.0010523774067218356,3.43962839292445e-05,0.0010689499394461032,0.0005103247509840481,0.0005535614860295818,0.0
64,256,0.5,False,0.125,0.9922179382602435,simrf,hyperbolic,500,0.0003188989914171652,1.0941394550869807e-05,0.0003239209198025907,-2.0505130332412662e-05,0.0003674217908165201,0.0
64,256,0.5,False,0.25,0.9692332344763441,simrf,cos,500,0.001992325128368895,7.09228361170743e-05,0.0021208190595115015,-0.00217146785062865,0.0013973839691010972,0.0
64,256,0.5,False,0.25,0.9692332344763441,simrf,positive,500,0.0008761915167519651,3.593790005057477e-05,0.0009327010145333015,-0.00021015156114049648,0.0004871053250540333,0.0
64,256,0.5,False,0.25,0.9692332344763441,simrf,hyperbolic,500,0.0002578409359178137,9.489609552777187e-06,0.0002744702475667075,0.00011156452236530732,0.0003236590238593834,0.0
64,256,0.5,False,0.375,0.9321024923595276,simrf,cos,500,0.001915794333238585,6.268212280739324e-05,0.002205065761036948,-0.0030878057821424536,0.001357405646440187,0.0
64,256,0.5,False,0.375,0.9321024923595276,simrf,positive,500,0.0006237303144488324,1.8786434927360476e-05,0.000717909191320615,0.0002817307614633975,0.0004382957195932011,0.0
64,256,0.5,False,0.375,0.9321024923595276,simrf,hyperbolic,500,0.00018004040468028152,5.182904471587916e-06,0.00020722523554634828,-0.00031139316433414046,0.0002798941671209607,0.0
64,256,0.5,False,0.5,0.8824969025845955,simrf,cos,500,0.001959523877233179,7.418384047196885e-05,0.0025160784629739107,-0.0020228095804256576,0.0014270679279517998,0.0
64,256,0.5,False,0.5,0.8824969025845955,simrf,positive,500,0.00035516280125178325,1.0118027680163819e-05,0.0004560380638693064,-0.0007565347195179912,0.00035520456542275167,0.0
64,256,0.5,False,0.5,0.8824969025845955,simrf,hyperbolic,500,0.00010735691882805206,3.1132341558162853e-06,0.00013784901243250156,-0.00044931678906953975,0.00022816735856670553,0.0
64,256,0.5,False,0.625,0.8225775623986646,simrf,cos,500,0.001971248112238004,8.208646652372568e-05,0.0029133158552740153,-0.0020999743444592937,0.001540557934547034,0.0
64,256,0.5,False,0.625,0.8225775623986646,simrf,positive,500,0.00018303366275133494,4.934166895744652e-06,0.0002705062180817751,0.00023103472789626924,0.0002523409913346973,0.0
64,256,0.5,False,0.625,0.8225775623986646,simrf,hyperbolic,500,5.450703779634182e-05,1.675795573593058e-06,8.055617983867976e-05,3.961328158648983e-05,0.0001688987096161014,0.0
64,256,0.5,False,0.75,0.7548396019890073,simrf,cos,500,0.002006529990080308,9.196897085645608e-05,0.0035215698034209465,-0.0021259743401965993,0.001653004350403297,0.0
64,256,0.5,False,0.75,0.7548396019890073,simrf,positive,500,6.296382761521932e-05,1.6728667195553004e-06,0.00011050495887613611,-0.0001007735814662745,0.00014381888598486003,0.0
64,256,0.5,False,0.75,0.7548396019890073,simrf,hyperbolic,500,1.7880548040507346e-05,5.12559232560986e-07,3.138133910749476e-05,-3.9791320523441114e-05,9.833690683495373e-05,0.0
64,256,0.5,False,0.875,0.6819407511903481,simrf,cos,500,0.0019648607916778536,0.00010917111386576915,0.004225114659912942,-0.003027914118051923,0.0017612980745326905,0.0
64,256,0.5,False,0.875,0.6819407511903481,simrf,positive,500,1.2961469683051089e-05,3.1976086211505455e-07,2.7871539705930996e-05,7.035216309292253e-05,6.748591356057035e-05,0.0
64,256,0.5,False,0.875,0.6819407511903481,simrf,hyperbolic,500,3.589705605114708e-06,8.89827630781188e-08,7.719080069784651e-06,5.908501844936215e-06,4.7671878802053424e-05,0.0
64,256,0.5,False,1.0,0.6065306597126334,simrf,cos,500,0.0019886565123806914,0.00013023162468352688,0.005405728860651174,-0.0030753607792283998,0.0019583932518541496,0.0
64,256,0.5,False,1.0,0.6065306597126334,simrf,positive,500,4.622231866529366e-33,0.0,1.256452888971111e-32,4.163336342344337e-17,0.0,0.0
64,256,0.5,False,1.0,0.6065306597126334,simrf,hyperbolic,500,4.622231866529366e-33,0.0,1.256452888971111e-32,4.163336342344337e-17,0.0,0.0
64,256,1.0,False,0.25,0.9692332344763441,simrf,cos,500,0.001981913098385719,4.2876864667911e-05,0.002109735511288324,-0.00035167058211061546,0.0007296887796955867,0.0
64,256,1.0,False,0.25,0.9692332344763441,simrf,positive,500,0.09319211224135801,0.010027648499274209,0.09920248709577681,-0.008758390143028805,0.005067964910809735,0.0
64,256,1.0,False,0.25,0.9692332344763441,simrf,hyperbolic,500,0.04401423320769543,0.004475217990929987,0.04685290736311022,-0.006026691734404473,0.00323231963885928,0.0
64,256,1.0,False,0.5,0.8824969025845955,simrf,cos,500,0.0018841410525387142,4.294088635437784e-05,0.002419285000084502,-7.197614252208547e-05,0.0007072854667004976,0.0
64,256,1.0,False,0.5,0.8824969025845955,simrf,positive,500,0.07848027167176351,0.010016994767646841,0.10077066353510328,-0.005917228343272674,0.004510407112177266,0.0
64,256,1.0,False,0.5,0.8824969025845955,simrf,hyperbolic,500,0.03451805969701544,0.0031659225884769246,0.04432206598571258,-0.0016853586474811872,0.002988213704816859,0.0
64,256,1.0,False,0.75,0.7548396019890073,simrf,cos,500,0.001918978066544555,4.3610464050880294e-05,0.003367911392293691,-0.0018055973523091035,0.0007983952369165793,0.0
64,256,1.0,False,0.75,0.7548396019890073,simrf,positive,500,0.05819118501743813,0.010878522128648427,0.10212871025889314,0.007228160987483923,0.004099354399499815,0.0
64,256,1.0,False,0.75,0.7548396019890073,simrf,hyperbolic,500,0.02022612961631833,0.002738819382715098,0.0354979629754021,0.002131213584120868,0.0023556027198030614,0.0
64,256,1.0,False,1.0,0.6065306597126334,simrf,cos,500,0.002026624744375137,4.7711047165638424e-05,0.005508937215740392,-0.0009320627110742856,0.000834315430687419,0.0
64,256,1.0,False,1.0,0.6065306597126334,simrf,positive,500,0.01946644452847816,0.002620543080730579,0.05291528242646819,0.0025023159277014814,0.002319879123854616,0.0
64,256,1.0,False,1.0,0.6065306597126334,simrf,hyperbolic,500,0.006769212688004578,0.0006976078525675107,0.018400627842777253,0.0012132489146110235,0.0014099867709403665,0.0
64,256,1.0,False,1.25,0.45783336177161427,simrf,cos,500,0.002275494980359559,5.2017675215888566e-05,0.010855779408202065,-0.0011621898675583052,0.0010043386638827732,0.0
64,256,1.0,False,1.25,0.45783336177161427,simrf,positive,500,0.0048689736950882625,0.00044235202116380755,0.023228574369284983,0.001514713792659351,0.0011127823125518502,0.0
64,256,1.0,False,1.25,0.45783336177161427,simrf,hyperbolic,500,0.001748441197543508,0.00014503097375592858,0.008341346437839984,0.00017988404177968244,0.0006826652564115532,0.0
64,256,1.0,False,1.5,0.32465246735834974,simrf,cos,500,0.002495203439555217,6.038481895647044e-05,0.023673831092473084,-0.0001027365228497219,0.001138611652623048,0.0
64,256,1.0,False,1.5,0.32465246735834974,simrf,positive,500,0.0007107338813004877,4.2872158019990483e-05,0.006743255315728823,-0.00021237762411585923,0.00045052214368626365,0.0
64,256,1.0,False,1.5,0.32465246735834974,simrf,hyperbolic,500,0.0002669709544340298,1.5097312420835717e-05,0.0025329498916505833,0.0003546730747542371,0.00027862073056939565,0.0
64,256,1.0,False,1.75,0.2162651668298873,simrf,cos,500,0.002818263519655768,8.076800597699646e-05,0.06025713099388546,-0.0031126337884138902,0.0014361331620708975,0.0
64,256,1.0,False,1.75,0.2162651668298873,simrf,positive,500,4.306794937577138e-05,1.5650296131346276e-06,0.0009208333603561897,1.8847467671522505e-05,0.00011594848461440371,0.0
64,256,1.0,False,1.75,0.2162651668298873,simrf,hyperbolic,500,1.2529900898437874e-05,3.965165982607409e-07,0.0002679010938869883,0.00015823589645648294,7.090351198598741e-05,0.0
64,256,1.0,False,2.0,0.1353352832366127,simrf,cos,500,0.003254182402580123,0.00013912485146363746,0.17767233905128732,-0.0014517075839014268,0.002052928504774998,0.0
64,256,1.0,False,2.0,0.1353352832366127,simrf,positive,500,1.5407439555097887e-33,0.0,8.412176964558355e-32,3.469446951953614e-17,0.0,0.0
64,256,1.0,False,2.0,0.1353352832366127,simrf,hyperbolic,500,1.5407439555097887e-33,0.0,8.412176964558355e-32,3.469446951953614e-17,0.0,0.0
64,256,2.0,False,0.5,0.8824969025845955,simrf,cos,500,0.002074844631961292,4.831652981076308e-05,0.0026641532431164214,0.0004027795332432058,0.0006925530296328803,0.0
64,256,2.0,False,0.5,0.8824969025845955,simrf,positive,500,31.15079165378881,21.035951471559663,39.998408233409194,-0.10336958607047253,0.08775176499956967,0.0
64,256,2.0,False,0.5,0.8824969025845955,simrf,hyperbolic,500,34.28487550180829,14.70137653309025,44.02265155229672,0.02305264813831428,0.09283828536111952,0.0
64,256,2.0,False,1.0,0.6065306597126334,simrf,cos,500,0.0020919337417358696,4.536794738645068e-05,0.0056864654765009515,-0.00042274111499337466,0.0007530555444203556,0.0
64,256,2.0,False,1.0,0.6065306597126334,simrf,positive,500,8.624184290474357,3.9251051637378063,23.44296344207841,-0.0917672308812453,0.04713310942448322,0.0
64,256,2.0,False,1.0,0.6065306597126334,simrf,hyperbolic,500,39.38393052616951,36.18667056163109,107.05662268258006,-0.020319089930048995,0.09909212255161262,0.0
64,256,2.0,False,1.5,0.32465246735834974,simrf,cos,500,0.0023641307433107076,5.33123427465348e-05,0.022430247975145916,0.001045084092162118,0.0007760130966022665,0.0
64,256,2.0,False,1.5,0.32465246735834974,simrf,positive,500,2.136677284324722,0.8375809384364225,20.27222964122088,-0.025306501418600313,0.02280221056868615,0.0
64,256,2.0,False,1.5,0.32465246735834974,simrf,hyperbolic,500,0.7014842277433612,0.21235981419945196,6.655497046200972,-0.042450698881259366,0.0134992083319251,0.0
64,256,2.0,False,2.0,0.1353352832366127,simrf,cos,500,0.003284491815219668,7.359585532833008e-05,0.17932717690999767,-0.00026512115530020363,0.00090027195462992,0.0
64,256,2.0,False,2.0,0.1353352832366127,simrf,positive,500,0.5714785205533066,0.3705165550677789,31.201670005888737,-0.011575806505591696,0.012717423937573167,0.0
64,256,2.0,False,2.0,0.1353352832366127,simrf,hyperbolic,500,0.2272638206274066,0.09634113787348449,12.408184175720725,-0.0064369592137911635,0.007912058405275311,0.0
64,256,2.0,False,2.5,0.04393693362340742,simrf,cos,500,0.0038202359762367424,8.215517003546324e-05,1.9789312289500158,-0.00021018876027258565,0.0009881234944573158,0.0
64,256,2.0,False,2.5,0.04393693362340742,simrf,positive,500,0.00838105976369851,0.002687888845517312,4.341496441907652,-0.0026269260408680554,0.0014393097078201137,0.0
64,256,2.0,False,2.5,0.04393693362340742,simrf,hyperbolic,500,0.004089451985739675,0.0010158631064870085,2.118388574478569,-0.002795515113620015,0.0010048757966409367,0.0
64,256,2.0,False,3.0,0.011108996538242306,simrf,cos,500,0.003938768914557244,9.167396121695198e-05,31.916175085982346,-0.0009071197540282594,0.0010180147869297928,0.0
64,256,2.0,False,3.0,0.011108996538242306,simrf,positive,500,0.0003702967613074495,0.00021151472529031348,3.0005457349836124,-1.5898568065505018e-05,0.00030197433729845543,0.0
64,256,2.0,False,3.0,0.011108996538242306,simrf,hyperbolic,500,0.00011911246775666717,5.328587994491881e-05,0.9651783230528911,-0.0002096866987887704,0.0001690428342676011,0.0
64,256,2.0,False,3.5,0.002187491118182885,simrf,cos,500,0.0038055073272206725,8.780784576502912e-05,795.2798260457128,-0.0011498081743086805,0.0009826778529108493,0.0
64,256,2.0,False,3.5,0.002187491118182885,simrf,positive,500,6.501800321482936e-07,1.5181880975984132e-07,0.1358754611157018,2.7079460461410732e-06,1.2792992806871418e-05,0.0
64,256,2.0,False,3.5,0.002187491118182885,simrf,hyperbolic,500,2.5416201688468605e-07,4.001582106393974e-08,0.05311510587028744,-2.3663912430528316e-06,8.208071850508265e-06,0.0
64,256,2.0,False,4.0,0.00033546262790251185,simrf,cos,500,0.0038250004714219725,0.000139928323292125,33989.376930050355,-0.003041138438940206,0.002033427290188853,0.0
64,256,2.0,False,4.0,0.00033546262790251185,simrf,positive,500,8.448865646535191e-39,0.0,7.50775539080339e-32,4.743384504624082e-20,0.0,0.0
64,256,2.0,False,4.0,0.00033546262790251185,simrf,hyperbolic,500,8.448865646535191e-39,0.0,7.50775539080339e-32,4.743384504624082e-20,0.0,0.0
64,256,4.0,False,0.5,0.8824969025845955,simrf,cos,500,0.0020135617103084896,4.807127558737958e-05,0.0025854644141053394,0.0006291888741722143,0.0006734076287145595,0.0
64,256,4.0,False,0.5,0.8824969025845955,simrf,positive,500,0.7783241904801655,0.0001304135875419094,0.9993880429994435,-0.881727559339932,0.000468762711861595,0.0
64,256,4.0,False,0.5,0.8824969025845955,simrf,hyperbolic,500,0.7778799533622804,0.00025429898755237345,0.9988176312490429,-0.8818314438657121,0.00025245467628397093,0.0
64,256,4.0,False,1.0,0.6065306597126334,simrf,cos,500,0.002051892630429635,4.7712356038297904e-05,0.005577622451245909,-8.093173494375339e-05,0.000696559961891267,0.0
64,256,4.0,False,1.0,0.6065306597126334,simrf,positive,500,0.36750161117213553,0.0001576828785188831,0.9989729515786376,-0.6055941378329883,0.0004344157269884771,0.0
64,256,4.0,False,1.0,0.6065306597126334,simrf,hyperbolic,500,0.3672740406465241,0.0001440023904268922,0.9983543507541751,-0.6058640310237413,0.0002245568666428554,0.0
64,256,4.0,False,1.5,0.32465246735834974,simrf,cos,500,0.0024978569988522476,5.471590675780389e-05,0.023699007362109423,-0.00032580916542183637,0.0007982198614151799,0.0
64,256,4.0,False,1.5,0.32465246735834974,simrf,positive,500,0.10529345988155897,3.431214536881601e-05,0.9989965326524457,-0.3244623075517967,6.610052333331778e-05,0.0
64,256,4.0,False,1.5,0.32465246735834974,simrf,hyperbolic,500,0.10528450888916967,2.8378687985269193e-05,0.9989116080011827,-0.3244594408434291,5.1182945445922586e-05,0.0
64,256,4.0,False,2.0,0.1353352832366127,simrf,cos,500,0.003417849125788591,7.473002538645105e-05,0.18660823936045634,-0.00013692641109748637,0.0009632191136429555,0.0
64,256,4.0,False,2.0,0.1353352832366127,simrf,positive,500,0.01828798663960894,8.237151739186758e-06,0.9984902383535063,-0.13518052181913937,5.9384672202230225e-05,0.0
64,256,4.0,False,2.0,0.1353352832366127,simrf,hyperbolic,500,0.018275744785967128,9.624864542443774e-06,0.9978218557916867,-0.13514669834218357,5.226332220251799e-05,0.0
64,256,4.0,False,2.5,0.04393693362340742,simrf,cos,500,0.0036969345812425587,8.500568052628772e-05,1.9150595250435316,-0.0014209893294982693,0.0009505816481669141,0.0
64,256,4.0,False,2.5,0.04393693362340742,simrf,positive,500,0.0027735452006943094,0.0008435975004274056,1.4367319837569825,-0.0433450896451978,0.00047281147317684196,0.0
64,256,4.0,False,2.5,0.04393693362340742,simrf,hyperbolic,500,0.00212809008001341,0.00020057734158831277,1.1023779534964244,-0.0435806193745683,0.00023901933558674577,0.0
64,256,4.0,False,3.0,0.011108996538242306,simrf,cos,500,0.003963108815973311,8.766995417156475e-05,32.113403349945656,0.0002535042492634874,0.0010026923410714,0.0
64,256,4.0,False,3.0,0.011108996538242306,simrf,positive,500,0.00012308708218853156,6.235575372182088e-08,0.9973849573740405,-0.011085862469788838,6.869578707512348e-06,0.0
64,256,4.0,False,3.0,0.011108996538242306,simrf,hyperbolic,500,0.0001235912202010296,3.9756897977734827e-07,1.0014700300003931,-0.011050568863665575,1.9155496450165433e-05,0.0
64,256,4.0,False,3.5,0.002187491118182885,simrf,cos,500,0.0038530984587585434,8.295166711346526e-05,805.2254820532651,0.0008981281576678648,0.0009871862647973172,0.0
64,256,4.0,False,3.5,0.002187491118182885,simrf,positive,500,1.613110075116128e-05,1.0242137202842984e-05,3.3710982258648796,-0.0020997648531191028,5.406606668604408e-05,0.0
64,256,4.0,False,3.5,0.002187491118182885,simrf,hyperbolic,500,7.5140572985362105e-06,2.50323249900846e-06,1.570297378888971,-0.0021406750111946293,2.7030725174593457e-05,0.0
64,256,4.0,False,4.0,0.00033546262790251185,simrf,cos,500,0.003979392671726037,8.681053119626802e-05,35361.323085456665,-0.000841634939849699,0.000991600999235612,0.0
64,256,4.0,False,4.0,0.00033546262790251185,simrf,positive,500,8.377706034408902e-07,6.784053333707495e-07,7.444522173008322,-0.00031389038213305626,1.35790209976785e-05,0.0
64,256,4.0,False,4.0,0.00033546262790251185,simrf,hyperbolic,500,4.163299267912126e-06,3.3867639026322623e-06,36.995537424616664,-0.0002783417985237133,3.1907253213816645e-05,0.0
64,256,5.656854152679443,False,0.5,0.8824969025845955,simrf,cos,500,0.0020080998212388037,4.5427223696399095e-05,0.002578451209716734,-0.001095088244128436,0.0007071121173854877,0.0
64,256,5.656854152679443,False,0.5,0.8824969025845955,simrf,positive,500,0.7788007827551092,2.8022853375212465e-10,0.9999999995938682,-0.8824969024053902,1.5877032131524994e-10,0.0
64,256,5.656854152679443,False,0.5,0.8824969025845955,simrf,hyperbolic,500,0.7788007825434154,2.719288582713292e-10,0.999999999322048,-0.8824969022854501,1.5406791727697173e-10,0.0
64,256,5.656854152679443,False,1.0,0.6065306597126334,simrf,cos,500,0.0020088942073026544,4.64603314699604e-05,0.005460740619007444,-0.0003968913491722693,0.0007004252573171187,0.0
64,256,5.656854152679443,False,1.0,0.6065306597126334,simrf,positive,500,0.3678794362357704,4.906937689402284e-09,0.9999999865834527,-0.6065306556438058,4.045140227797448e-09,0.0
64,256,5.656854152679443,False,1.0,0.6065306597126334,simrf,hyperbolic,500,0.3678794380959957,2.5253251622801456e-09,0.9999999916400694,-0.6065306571773419,2.0817919471200788e-09,0.0
64,256,5.656854152679443,False,1.5,0.32465246735834974,simrf,cos,500,0.0024576661923835586,5.725353230467136e-05,0.023317687607284292,-7.646785000313519e-05,0.0007723848548801355,0.0
64,256,5.656854152679443,False,1.5,0.32465246735834974,simrf,positive,500,0.1053992244423407,1.0940609442044931e-10,0.9999999988659912,-0.32465246717427015,1.68497420952727e-10,0.0
64,256,5.656854152679443,False,1.5,0.32465246735834974,simrf,hyperbolic,500,0.10539922448652854,5.5503380091024475e-11,0.9999999992852338,-0.3246524672423244,8.548126610813385e-11,0.0
64,256,5.656854152679443,False,2.0,0.1353352832366127,simrf,cos,500,0.003239346540253985,7.14031785412061e-05,0.17686232841413377,-0.00022835782982890264,0.0008976974076903353,0.0
64,256,5.656854152679443,False,2.0,0.1353352832366127,simrf,positive,500,0.018315638876922148,6.5188405417945025e-12,0.9999999993550848,-0.13533528319297278,2.4084045052714668e-11,0.0
64,256,5.656854152679443,False,2.0,0.1353352832366127,simrf,hyperbolic,500,0.0183156388499835,2.35807464920717e-11,0.9999999978842844,-0.13533528309344708,8.711981252346698e-11,0.0
64,256,5.656854152679443,False,2.5,0.04393693362340742,simrf,cos,500,0.0036993094357618784,8.444550751186878e-05,1.916289730141261,-0.0002535063570470649,0.000946640932502491,0.0
64,256,5.656854152679443,False,2.5,0.04393693362340742,simrf,positive,500,0.001930453881615521,2.539771319741205e-10,0.999999868107621,-0.04393693072555372,2.8906267931371933e-09,0.0
64,256,5.656854152679443,False,2.5,0.04393693362340742,simrf,hyperbolic,500,0.0019304540080775584,1.2699604559415723e-10,0.9999999336165782,-0.043936932164970334,1.4453034252241027e-09,0.0
64,256,5.656854152679443,False,3.0,0.011108996538242306,simrf,cos,500,0.0037243830958391495,8.52092681433361e-05,30.178988804027668,-0.000452052860804498,0.0010057282749718298,0.0
64,256,5.656854152679443,False,3.0,0.011108996538242306,simrf,positive,500,0.0001234098038056175,2.147233045856058e-13,0.9999999977225307,-0.01110899652559209,9.66440339170384e-12,0.0
64,256,5.656854152679443,False,3.0,0.011108996538242306,simrf,hyperbolic,500,0.00012340980362739182,3.256937383572119e-13,0.9999999962783531,-0.011108996517570385,1.4659041884941862e-11,0.0
64,256,5.656854152679443,False,3.5,0.002187491118182885,simrf,cos,500,0.00392181368670733,8.373889700753162e-05,819.5856789549784,-0.002084004863482403,0.0009466971449642923,0.0
64,256,5.656854152679443,False,3.5,0.002187491118182885,simrf,positive,500,4.785117387266843e-06,2.2353156984415925e-15,0.9999999989838984,-0.002187491117071528,5.109315572354779e-13,0.0
64,256,5.656854152679443,False,3.5,0.002187491118182885,simrf,hyperbolic,500,4.785117383169383e-06,3.908866020912174e-15,0.9999999981276059,-0.0021874911161349616,8.934592036788085e-13,0.0
64,256,5.656854152679443,False,4.0,0.00033546262790251185,simrf,cos,500,0.003845100591585825,8.540564158692889e-05,34167.98881930184,0.0015427043832694602,0.0009891896908985757,0.0
64,256,5.656854152679443,False,4.0,0.00033546262790251185,simrf,positive,500,1.1253516161395355e-07,1.2882569386519838e-14,0.9999998835448062,-0.0003354626083671305,1.9203397372054267e-11,0.0
64,256,5.656854152679443,False,4.0,0.00033546262790251185,simrf,hyperbolic,500,1.1253516575694113e-07,6.594309716762602e-15,0.9999999203598517,-0.0003354626145437881,9.829220934462504e-12,0.0
64,1024,0.5,False,0.125,0.9922179382602435,rff,cos,500,0.0005041814972606489,1.4188040413895487e-05,0.0005121212005543084,0.00013358798172516837,0.0006730460079714613,0.0
64,1024,0.5,False,0.125,0.9922179382602435,rff,positive,500,0.001558609125451206,3.840936928761554e-05,0.0015831536477593606,0.0008740176182701811,0.0006574950156391395,0.0
64,1024,0.5,False,0.125,0.9922179382602435,rff,hyperbolic,500,0.0004921223586350319,1.0936473688443376e-05,0.0004998721581278089,-0.00018691361458275337,0.00037275794109674695,0.0
64,1024,0.5,False,0.25,0.9692332344763441,rff,cos,500,0.0005161885601133073,1.62515249040124e-05,0.000549479861997404,0.0003081996868672234,0.0007106360015574903,0.0
64,1024,0.5,False,0.25,0.9692332344763441,rff,positive,500,0.0014342609798031947,3.349968470018751e-05,0.0015267628656426004,-0.0007297538440132659,0.0005951479290691718,0.0
64,1024,0.5,False,0.25,0.9692332344763441,rff,hyperbolic,500,0.0004429262570976295,9.975889907444025e-06,0.00047149254638965374,-0.0003019744988080062,0.0003467376299813393,0.0
64,1024,0.5,False,0.375,0.9321024923595276,rff,cos,500,0.0004975132289266906,1.5129984806580909e-05,0.000572634216385147,-0.0002174570060770756,0.0006852545364139077,0.0
64,1024,0.5,False,0.375,0.9321024923595276,rff,positive,500,0.001189588245496771,2.781980548670593e-05,0.0013692076776543386,0.00029205500134872153,0.0005291575562112965,0.0
64,1024,0.5,False,0.375,0.9321024923595276,rff,hyperbolic,500,0.000327295651065075,6.950148305902836e-06,0.0003767149852040065,0.0006100657707302919,0.00030209063109164734,0.0
64,1024,0.5,False,0.5,0.8824969025845955,rff,cos,500,0.0005183545866610918,1.6080801900422067e-05,0.0006655804641295104,0.00039894605430401263,0.0007215632892879556,0.0
64,1024,0.5,False,0.5,0.8824969025845955,rff,positive,500,0.0008678788410595564,1.9777277489257e-05,0.0011143784905259708,-5.442483370268014e-05,0.0004232426600660925,0.0
64,1024,0.5,False,0.5,0.8824969025845955,rff,hyperbolic,500,0.00022733313105129576,5.37916282703478e-06,0.00029190151832506896,-0.00022656679388719273,0.0002439358863644182,0.0
64,1024,0.5,False,0.625,0.8225775623986646,rff,cos,500,0.0005488209836630016,1.8719219180878435e-05,0.0008111048342855471,-0.00017956787876524517,0.00078923515787124,0.0
64,1024,0.5,False,0.625,0.8225775623986646,rff,positive,500,0.0005442185626826012,1.2361173646637929e-05,0.0008043028970095623,0.00010965344535428865,0.00035800697930466,0.0
64,1024,0.5,False,0.625,0.8225775623986646,rff,hyperbolic,500,0.00012847420839772028,2.8539293909752606e-06,0.00018987257159319275,3.2641099893126026e-05,0.00019528961415199347,0.0
64,1024,0.5,False,0.75,0.7548396019890073,rff,cos,500,0.0005907481655144914,2.167018737745889e-05,0.0010367953189769615,-0.0004963466362463643,0.0008488001930030556,0.0
64,1024,0.5,False,0.75,0.7548396019890073,rff,positive,500,0.0003007115645383683,6.748319981807655e-06,0.0005277652317448807,0.00017548856987050082,0.0002575313119912036,0.0
64,1024,0.5,False,0.75,0.7548396019890073,rff,hyperbolic,500,5.165886095488034e-05,1.141215482789341e-06,9.066412449212727e-05,3.465495937718127e-05,0.00012320642367302112,0.0
64,1024,0.5,False,0.875,0.6819407511903481,rff,cos,500,0.0006369896348462259,2.6229598396372742e-05,0.00136974296387845,-0.00018339090646665726,0.0009273053016647612,0.0
64,1024,0.5,False,0.875,0.6819407511903481,rff,positive,500,0.00011821770561587053,2.714158456215307e-06,0.0002542080147226935,-0.00014675758092459,0.0001829076108015345,0.0
64,1024,0.5,False,0.875,0.6819407511903481,rff,hyperbolic,500,1.2831737127585123e-05,2.946398705918875e-07,2.7592570872979144e-05,-1.9861600776670096e-05,6.302633230394731e-05,0.0
64,1024,0.5,False,1.0,0.6065306597126334,rff,cos,500,0.000685253715233348,2.929134663749528e-05,0.0018627127220028588,7.824813986554968e-05,0.0010183451724350698,0.0
64,1024,0.5,False,1.0,0.6065306597126334,rff,positive,500,4.622231866529366e-33,0.0,1.256452888971111e-32,4.163336342344337e-17,0.0,0.0
64,1024,0.5,False,1.0,0.6065306597126334,rff,hyperbolic,500,4.622231866529366e-33,0.0,1.256452888971111e-32,4.163336342344337e-17,0.0,0.0
64,1024,1.0,False,0.25,0.9692332344763441,rff,cos,500,0.0005009063014753772,1.098219418550058e-05,0.0005332119823575777,0.0006196103413792384,0.0003872659105114277,0.0
64,1024,1.0,False,0.25,0.9692332344763441,rff,positive,500,0.05249783991436574,0.014594071470397676,0.05588365969399915,-0.0013016091372692697,0.003643818394204771,0.0
64,1024,1.0,False,0.25,0.9692332344763441,rff,hyperbolic,500,0.022455795689792963,0.0036933642360100047,0.023904070082376157,-0.0009482060137382531,0.0023339441714339396,0.0
64,1024,1.0,False,0.5,0.8824969025845955,rff,cos,500,0.0005294656194080074,1.1596882052446718e-05,0.0006798473125821997,0.00034804976040852013,0.00037505002958481407,0.0
64,1024,1.0,False,0.5,0.8824969025845955,rff,positive,500,0.0307016890303129,0.002597183075117579,0.039421749050164975,2.4493024806990894e-05,0.0028454308492258016,0.0
64,1024,1.0,False,0.5,0.8824969025845955,rff,hyperbolic,500,0.014062823493043499,0.0007529526531048088,0.018057022795461335,-0.00042879125178385964,0.0019494610853125003,0.0
64,1024,1.0,False,0.75,0.7548396019890073,rff,cos,500,0.0005805479150536977,1.3211632221748741e-05,0.001018893321903584,-0.0002091588522719972,0.0004336714682727978,0.0
64,1024,1.0,False,0.75,0.7548396019890073,rff,positive,500,0.018153445343393776,0.001963629488260425,0.03186028878979749,0.001502126137496202,0.002144833561559117,0.0
64,1024,1.0,False,0.75,0.7548396019890073,rff,hyperbolic,500,0.008070294002596014,0.0005814629402587753,0.014163807072294903,-0.0003477891613986164,0.0014641158354467582,0.0
64,1024,1.0,False,1.0,0.6065306597126334,rff,cos,500,0.0006984195608302834,1.5783667196754314e-05,0.001898501200845306,-0.00046976654702789324,0.0004884507729820383,0.0
64,1024,1.0,False,1.0,0.6065306597126334,rff,positive,500,0.007186516075822546,0.0004966427476644212,0.019534976058837233,0.0007986048878374988,0.0012852106287146625,0.0
64,1024,1.0,False,1.0,0.6065306597126334,rff,hyperbolic,500,0.003141055223568852,0.00013923431202397205,0.008538273336413573,-0.0002630519910572944,0.00087141437807708,0.0
64,1024,1.0,False,1.25,0.45783336177161427,rff,cos,500,0.0007849129515926045,1.7917790542586337e-05,0.003744610263118969,-0.0002613932180799411,0.0005393768797823151,0.0
64,1024,1.0,False,1.25,0.45783336177161427,rff,positive,500,0.0021213066196097046,8.103951496786189e-05,0.010120187879299544,-0.00031555103193394417,0.0007631515729324437,0.0
64,1024,1.0,False,1.25,0.45783336177161427,rff,hyperbolic,500,0.0009554352571313707,2.9391408727948693e-05,0.004558126684418379,-3.316873465090972e-05,0.0004893775663543353,0.0
64,1024,1.0,False,1.5,0.32465246735834974,rff,cos,500,0.0008848196291259366,1.9787517382460393e-05,0.008394934903971607,-0.00012410264269506626,0.0006347767096742393,0.0
64,1024,1.0,False,1.5,0.32465246735834974,rff,positive,500,0.00046266325869442687,1.1817974615334704e-05,0.004389626779681528,-0.0009120055460947762,0.000339903902920403,0.0
64,1024,1.0,False,1.5,0.32465246735834974,rff,hyperbolic,500,0.00020219870582192492,5.441693984348151e-06,0.0019184079072919922,-2.5178915846098658e-05,0.00023260697838719751,0.0
64,1024,1.0,False,1.75,0.2162651668298873,rff,cos,500,0.0009081713312949733,2.4723883730673283e-05,0.019417559249894665,0.0006332604519671418,0.0007679223532780436,0.0
64,1024,1.0,False,1.75,0.2162651668298873,rff,positive,500,7.254899644727998e-05,1.6924576596794343e-06,0.0015511659402711359,0.00014508995017489584,0.00013520043111938998,0.0
64,1024,1.0,False,1.75,0.2162651668298873,rff,hyperbolic,500,2.2674502960730546e-05,5.266627254210423e-07,0.00048480224989495255,0.000167833956170202,7.972333156643529e-05,0.0
64,1024,1.0,False,2.0,0.1353352832366127,rff,cos,500,0.0009474472072156932,3.3139679956230375e-05,0.05172886476804591,-0.0002886563666510894,0.0010539679357041696,0.0
64,1024,1.0,False,2.0,0.1353352832366127,rff,positive,500,1.5407439555097887e-33,0.0,8.412176964558355e-32,3.469446951953614e-17,0.0,0.0
64,1024,1.0,False,2.0,0.1353352832366127,rff,hyperbolic,500,1.5407439555097887e-33,0.0,8.412176964558355e-32,3.469446951953614e-17,0.0,0.0
64,1024,2.0,False,0.5,0.8824969025845955,rff,cos,500,0.0005198080145704989,1.1319901367791654e-05,0.0006674467025065123,-0.0003155099703526377,0.000365226562689782,0.0
64,1024,2.0,False,0.5,0.8824969025845955,rff,positive,500,6.448642637277808,1.4807358821242402,8.280221049400971,-0.13414501745826432,0.04043706730098141,0.0
64,1024,2.0,False,0.5,0.8824969025845955,rff,hyperbolic,500,22.712206324253888,17.022446926369255,29.163050189398053,-0.05134236011805175,0.07454432693834918,0.0
64,1024,2.0,False,1.0,0.6065306597126334,rff,cos,500,0.0006705308696019707,1.5511720428346215e-05,0.0018226918782598786,-0.0004943640266529216,0.00041345170058027425,0.0
64,1024,2.0,False,1.0,0.6065306597126334,rff,positive,500,4.900025477855423,1.922974065128752,13.319650215440745,-0.06200833818109636,0.034970302096755376,0.0
64,1024,2.0,False,1.0,0.6065306597126334,rff,hyperbolic,500,1.9200763041168758,0.5415691395987813,5.219308526735706,-0.07074484182805271,0.021359419956357577,0.0
64,1024,2.0,False,1.5,0.32465246735834974,rff,cos,500,0.000848789533390377,1.9059002784074473e-05,0.00805309087347391,-0.0007175001495277919,0.00047865804079148875,0.0
64,1024,2.0,False,1.5,0.32465246735834974,rff,positive,500,51.29922111555512,50.102416263577446,486.71345855533224,0.09319416753083934,0.11292470653386372,0.0
64,1024,2.0,False,1.5,0.32465246735834974,rff,hyperbolic,500,13.193711660275156,12.51311360514479,125.17845093377393,0.03579872839334509,0.05717445819451314,0.0
64,1024,2.0,False,2.0,0.1353352832366127,rff,cos,500,0.000953096985377459,2.1518935357614922e-05,0.05203733220377598,-2.8271780126281108e-05,0.0005005439935485862,0.0
64,1024,2.0,False,2.0,0.1353352832366127,rff,positive,500,2.7323028133296794,2.2231276157884072,149.1786789381559,0.025971980083896794,0.026133107192311385,0.0
64,1024,2.0,False,2.0,0.1353352832366127,rff,hyperbolic,500,0.7475167143311413,0.557051785649914,40.81302972133467,0.014648302236368373,0.013711315418468135,0.0
64,1024,2.0,False,2.5,0.04393693362340742,rff,cos,500,0.000965314470663635,2.134534898755906e-05,0.5000452756416949,0.0012273406153752446,0.0005112958166275363,0.0
64,1024,2.0,False,2.5,0.04393693362340742,rff,positive,500,0.008136217067259463,0.00470526992270463,4.214664785125848,-4.3128037590208443e-05,0.0014320725213522094,0.0
64,1024,2.0,False,2.5,0.04393693362340742,rff,hyperbolic,500,0.006000328577054674,0.0023089658539414792,3.1082471551382644,0.0006652100507020277,0.001225374008310004,0.0
64,1024,2.0,False,3.0,0.011108996538242306,rff,cos,500,0.000987694988471152,2.259142656766497e-05,8.003375386427347,0.00016423112851786397,0.0005122765593670072,0.0
64,1024,2.0,False,3.0,0.011108996538242306,rff,positive,500,0.00010640486772009857,2.9926776936267998e-05,0.8622075734385156,0.0002525410023614207,0.00016172574307617236,0.0
64,1024,2.0,False,3.0,0.011108996538242306,rff,hyperbolic,500,5.574129942163648e-05,1.3109513271960261e-05,0.45167642744562964,0.0001559354608194142,0.00011782524577979652,0.0
64,1024,2.0,False,3.5,0.002187491118182885,rff,cos,500,0.0009982676978402814,2.2184938609897097e-05,208.6192701316632,0.0005295964192593235,0.0004884897978680558,0.0
64,1024,2.0,False,3.5,0.002187491118182885,rff,positive,500,2.0025909065495894e-07,2.0189448558637572e-08,0.04185040287295001,2.161595896037132e-05,6.930659671610208e-06,0.0
64,1024,2.0,False,3.5,0.002187491118182885,rff,hyperbolic,500,9.267189897072195e-08,7.393676558444111e-09,0.0193666928889053,9.039906187957349e-06,4.490699476926456e-06,0.0
64,1024,2.0,False,4.0,0.00033546262790251185,rff,cos,500,0.0009837245351608946,3.388820860068115e-05,8741.484941174942,-3.533456994811762e-05,0.0010449953479735258,0.0
64,1024,2.0,False,4.0,0.00033546262790251185,rff,positive,500,8.448865646535191e-39,0.0,7.50775539080339e-32,4.743384504624082e-20,0.0,0.0
64,1024,2.0,False,4.0,0.00033546262790251185,rff,hyperbolic,500,8.448865646535191e-39,0.0,7.50775539080339e-32,4.743384504624082e-20,0.0,0.0
64,1024,4.0,False,0.5,0.8824969025845955,rff,cos,500,0.0005136359308148547,1.1654524603589113e-05,0.0006595215900903397,-0.0002465214328186923,0.0003436336571508063,0.0
64,1024,4.0,False,0.5,0.8824969025845955,rff,positive,500,0.7804852589730907,0.002441198943404903,1.0021629098715625,-0.879279552510523,0.0013512272537698584,0.0
64,1024,4.0,False,0.5,0.8824969025845955,rff,hyperbolic,500,0.8008956519507037,0.023888915808938146,1.0283703732194025,-0.8775468442938075,0.0027713747724353284,0.0
64,1024,4.0,False,1.0,0.6065306597126334,rff,cos,500,0.0006841314398725554,1.5141082548487354e-05,0.0018596620612830893,0.00030962632713281034,0.0004259918297712031,0.0
64,1024,4.0,False,1.0,0.6065306597126334,rff,positive,500,0.36855626381110274,0.0010532692540662953,1.0018397946824786,-0.6041438841859851,0.0010077205106519451,0.0
64,1024,4.0,False,1.0,0.6065306597126334,rff,hyperbolic,500,0.37882895806624595,0.011969248346229705,1.02976387280555,-0.6030154849546041,0.0019553491912993434,0.0
64,1024,4.0,False,1.5,0.32465246735834974,rff,cos,500,0.0008885033941412107,1.915218135113766e-05,0.008429885493319748,4.269894520008849e-05,0.0004719934794672558,0.0
64,1024,4.0,False,1.5,0.32465246735834974,rff,positive,500,0.13435950366679203,0.02913250430738704,1.2747674778947673,-0.32128463005626795,0.00278965984334565,0.0
64,1024,4.0,False,1.5,0.32465246735834974,rff,hyperbolic,500,0.11201148001848421,0.006832085998461132,1.0627353330549294,-0.3228291029958205,0.0013953730428936841,0.0
64,1024,4.0,False,2.0,0.1353352832366127,rff,cos,500,0.0009576610735193352,2.0726262206681814e-05,0.052286522972910636,-0.0008039928791665315,0.0004910610269061418,0.0
64,1024,4.0,False,2.0,0.1353352832366127,rff,positive,500,0.02508941522296062,0.006798299115407199,1.3698356565870569,-0.1335609899670578,0.0013533237817036654,0.0
64,1024,4.0,False,2.0,0.1353352832366127,rff,hyperbolic,500,0.019959040191340184,0.0016104740834350455,1.0897266708843472,-0.13388012534631524,0.0007157761177939574,0.0
64,1024,4.0,False,2.5,0.04393693362340742,rff,cos,500,0.0009809198796404909,2.0549856726034796e-05,0.5081290776259006,-0.0001202476937088612,0.0005003111515673318,0.0
64,1024,4.0,False,2.5,0.04393693362340742,rff,positive,500,0.008199857988444118,0.006277179534585008,4.247631598473206,-0.042472869932054735,0.0012643314495877872,0.0
64,1024,4.0,False,2.5,0.04393693362340742,rff,hyperbolic,500,0.0034768357773801418,0.001541578939795486,1.8010455219486379,-0.042979810011313006,0.0006376979943475525,0.0
64,1024,4.0,False,3.0,0.011108996538242306,rff,cos,500,0.000949744840056375,2.1392608590970135e-05,7.695862148758467,6.152299927070962e-05,0.0005069769186637392,0.0
64,1024,4.0,False,3.0,0.011108996538242306,rff,positive,500,0.00013826438874807318,1.1434691469870256e-05,1.1203679462205467,-0.010961655155505198,6.719365455514621e-05,0.0
64,1024,4.0,False,3.0,0.011108996538242306,rff,hyperbolic,500,0.05843933233874745,0.05831258497693159,473.5388146123409,-0.007171157000684344,0.0038208767320270847,0.0
64,1024,4.0,False,3.5,0.002187491118182885,rff,cos,500,0.0009645692495203355,2.1927333859491e-05,201.57692496885147,0.0010982350157519925,0.0004869181087193946,0.0
64,1024,4.0,False,3.5,0.002187491118182885,rff,positive,500,7.658992354796683e-06,2.907152000614535e-06,1.6005860937486887,-0.002143865520701537,2.764258428627785e-05,0.0
64,1024,4.0,False,3.5,0.002187491118182885,rff,hyperbolic,500,5.441129969704128e-06,6.968213432471545e-07,1.1370943539763911,-0.002155411840313019,1.4061091804984821e-05,0.0
64,1024,4.0,False,4.0,0.00033546262790251185,rff,cos,500,0.0009961955030382509,2.2156432767059353e-05,8852.303340030832,-0.0005167417471005733,0.0004819312382679431,0.0
64,1024,4.0,False,4.0,0.00033546262790251185,rff,positive,500,2.315536125554602e-07,9.349311651484334e-08,2.0576109925906785,-0.00032228705852606365,5.638892905853867e-06,0.0
64,1024,4.0,False,4.0,0.00033546262790251185,rff,hyperbolic,500,1.6289772702885536e-07,3.083491518807934e-08,1.4475272059179312,-0.00032297050850791525,3.808638815612682e-06,0.0
64,1024,5.656854152679443,False,0.5,0.8824969025845955,rff,cos,500,0.0004922560359086046,1.0242271705248005e-05,0.0006320692616246017,-0.0001106938496052895,0.000356058300914446,0.0
64,1024,5.656854152679443,False,0.5,0.8824969025845955,rff,positive,500,0.7788007659696173,1.33937849008962e-08,0.9999999780408699,-0.8824968928950327,7.588693098836621e-09,0.0
64,1024,5.656854152679443,False,0.5,0.8824969025845955,rff,hyperbolic,500,0.7788007645544163,1.053579258062736e-08,0.9999999762237158,-0.8824968920932658,5.969362129408338e-09,0.0
64,1024,5.656854152679443,False,1.0,0.6065306597126334,rff,cos,500,0.000686992859622985,1.5528367973727123e-05,0.0018674402065942757,-0.0003694379671258009,0.0004058650513918619,0.0
64,1024,5.656854152679443,False,1.0,0.6065306597126334,rff,positive,500,0.3678794408601601,1.1313999912887422e-10,0.9999999991538472,-0.6065306594560247,9.326817744470262e-11,0.0
64,1024,5.656854152679443,False,1.0,0.6065306597126334,rff,hyperbolic,500,0.3678794379676605,2.366291327326052e-09,0.999999991291218,-0.6065306570715493,1.9506886540287203e-09,0.0
64,1024,5.656854152679443,False,1.5,0.32465246735834974,rff,cos,500,0.0008779103148459203,1.8145035146008916e-05,0.008329381155272432,4.932345649233777e-05,0.0004617230059602707,0.0
64,1024,5.656854152679443,False,1.5,0.32465246735834974,rff,positive,500,0.10539922439035598,1.1247840847225116e-10,0.999999998372774,-0.3246524670942081,1.732291146978204e-10,0.0
64,1024,5.656854152679443,False,1.5,0.32465246735834974,rff,hyperbolic,500,0.10539918396681182,4.0462358767218763e-08,0.9999996148448653,-0.3246524048136257,6.234036125932067e-08,0.0
64,1024,5.656854152679443,False,2.0,0.1353352832366127,rff,cos,500,0.0009253998449467877,2.113267522185409e-05,0.05052511957505312,0.0005521656242688596,0.0004977765178153862,0.0
64,1024,5.656854152679443,False,2.0,0.1353352832366127,rff,positive,500,0.018315638844788425,3.413789312675099e-11,0.999999997600643,-0.13533528307425363,1.261236301653723e-10,0.0
64,1024,5.656854152679443,False,2.0,0.1353352832366127,rff,hyperbolic,500,0.0183156388612601,1.761821569184899e-11,0.9999999984999659,-0.13533528313510887,6.509104779995105e-11,0.0
64,1024,5.656854152679443,False,2.5,0.04393693362340742,rff,cos,500,0.0009785005200307344,2.2123645541407887e-05,0.5068758183205623,0.00024015251941461832,0.0005087275078350978,0.0
64,1024,5.656854152679443,False,2.5,0.04393693362340742,rff,positive,500,0.0019304539563936597,1.2879431325320728e-10,0.9999999068436559,-0.043936931576807385,1.465751590687049e-09,0.0
64,1024,5.656854152679443,False,2.5,0.04393693362340742,rff,hyperbolic,500,0.0019304539832679661,8.592412891773359e-11,0.9999999207648913,-0.04393693188268988,9.778394376958723e-10,0.0
64,1024,5.656854152679443,False,3.0,0.011108996538242306,rff,cos,500,0.0009725444286556589,2.0306686133588885e-05,7.880609128692655,0.00027904746554841757,0.00048340755596322916,0.0
64,1024,5.656854152679443,False,3.0,0.011108996538242306,rff,positive,500,0.00012340980397608842,3.47643489752191e-14,0.9999999991038709,-0.011108996533264756,1.5646937108044952e-12,0.0
64,1024,5.656854152679443,False,3.0,0.011108996538242306,rff,hyperbolic,500,0.0001234098031509414,4.982520430830703e-13,0.9999999924176353,-0.011108996496125983,2.2425676875422544e-11,0.0
64,1024,5.656854152679443,False,3.5,0.002187491118182885,rff,cos,500,0.0009580372829524498,2.316570394536345e-05,200.21186617664085,0.0006074413059662161,0.000508461174694627,0.0
64,1024,5.656854152679443,False,3.5,0.002187491118182885,rff,positive,500,4.785117336630171e-06,3.125837828861062e-14,0.9999999884017813,-0.002187491105497338,7.144836428061248e-12,0.0
64,1024,5.656854152679443,False,3.5,0.002187491118182885,rff,hyperbolic,500,4.7851173420999725e-06,1.8554509394533632e-14,0.9999999895448676,-0.002187491106747614,4.24105687006709e-12,0.0
64,1024,5.656854152679443,False,4.0,0.00033546262790251185,rff,cos,500,0.0009896242293580169,2.2625040427127484e-05,8793.91027584777,9.636343290251283e-05,0.00049883840127706,0.0
64,1024,5.656854152679443,False,4.0,0.00033546262790251185,rff,positive,500,1.1253517431470992e-07,1.1082659678444068e-16,0.999999996405131,-0.0003354626272995396,1.6518478267049132e-13,0.0
64,1024,5.656854152679443,False,4.0,0.00033546262790251185,rff,hyperbolic,500,1.1253516881818137e-07,3.859170328941218e-15,0.9999999475623709,-0.00033546261910688167,5.752166410135442e-12,0.0
64,1024,0.5,False,0.125,0.9922179382602435,orf,cos,500,0.0004747963515173438,1.64245003722212e-05,0.0004822733060990605,0.00025219507807320484,0.0006638339059578807,0.0
64,1024,0.5,False,0.125,0.9922179382602435,orf,positive,500,0.001134886912644456,2.4840476432518206e-05,0.0011527587810236243,0.0006622157628814924,0.0005313842328002738,0.0
64,1024,0.5,False,0.125,0.9922179382602435,orf,hyperbolic,500,7.360234825841208e-05,1.997069792214231e-06,7.47614165900813e-05,-0.00016068509000154258,0.00018093261383897387,0.0
64,1024,0.5,False,0.25,0.9692332344763441,orf,cos,500,0.00047599969107525774,1.5237786263740268e-05,0.0005066990335962246,0.0001823280551735098,0.0006620387640440033,0.0
64,1024,0.5,False,0.25,0.9692332344763441,orf,positive,500,0.0010403545491069726,2.4500034667114722e-05,0.0011074516528343603,-0.00017674310853488725,0.000508773880872271,0.0
64,1024,0.5,False,0.25,0.9692332344763441,orf,hyperbolic,500,5.9185873823321986e-05,1.5798030539698384e-06,6.300303473113783e-05,2.4030599828997466e-06,0.00016848070167146324,0.0
64,1024,0.5,False,0.375,0.9321024923595276,orf,cos,500,0.0004979766854301782,1.8046834271941423e-05,0.0005731676515508325,-3.790892707341684e-05,0.0007121070128509442,0.0
64,1024,0.5,False,0.375,0.9321024923595276,orf,positive,500,0.0008584371502309098,2.1385412740125693e-05,0.0009880551033765767,-0.0007931403738899683,0.0004466779907743536,0.0
64,1024,0.5,False,0.375,0.9321024923595276,orf,hyperbolic,500,4.170824819953975e-05,1.0616465625851188e-06,4.800589941309872e-05,-0.00027096577541988663,0.00014045043021594972,0.0
64,1024,0.5,False,0.5,0.8824969025845955,orf,cos,500,0.00047670015463701385,1.763689218732842e-05,0.0006120951146929024,-0.00029610163911412746,0.0007065482993790134,0.0
64,1024,0.5,False,0.5,0.8824969025845955,orf,positive,500,0.0006389992654758903,1.3745533028324114e-05,0.0008204912981158406,-0.0005826431813444385,0.0003546151698893384,0.0
64,1024,0.5,False,0.5,0.8824969025845955,orf,hyperbolic,500,2.5147371028485948e-05,6.307134261848278e-07,3.2289863563452906e-05,-0.00010638898481122555,0.00011146425710000261,0.0
64,1024,0.5,False,0.625,0.8225775623986646,orf,cos,500,0.0004941633878558416,2.0373623951262178e-05,0.0007303261441310262,0.0004988393186399852,0.0007777780790262784,0.0
64,1024,0.5,False,0.625,0.8225775623986646,orf,positive,500,0.0004316978767839022,9.563744695418905e-06,0.0006380081032492686,0.0001388411031592882,0.0003268414988734614,0.0
64,1024,0.5,False,0.625,0.8225775623986646,orf,hyperbolic,500,1.1735586802356716e-05,3.242221691072528e-07,1.7344072970821614e-05,-6.251970397691518e-05,8.19211153318565e-05,0.0
64,1024,0.5,False,0.75,0.7548396019890073,orf,cos,500,0.000495434016402421,2.3175113469604173e-05,0.0008695137777036139,0.00027221601941106773,0.0008280914402665674,0.0
64,1024,0.5,False,0.75,0.7548396019890073,orf,positive,500,0.0002556807546333448,5.942774459233837e-06,0.0004487336991143752,2.6270349886915513e-05,0.00023425982608376856,0.0
64,1024,0.5,False,0.75,0.7548396019890073,orf,hyperbolic,500,3.994051534874269e-06,9.825438646407138e-08,7.009778746420514e-06,-5.2527015764465085e-05,5.004451794106312e-05,0.0
64,1024,0.5,False,0.875,0.6819407511903481,orf,cos,500,0.0004964269809941918,2.58543306578008e-05,0.0010674857597335425,0.0002848472583538377,0.0008978851178721118,0.0
64,1024,0.5,False,0.875,0.6819407511903481,orf,positive,500,0.0001110736565109118,2.6666732548745543e-06,0.00023884589505887568,4.1395304126746965e-05,0.00017905551287490784,0.0
64,1024,0.5,False,0.875,0.6819407511903481,orf,hyperbolic,500,7.225896278603054e-07,2.057679648833097e-08,1.553811874461877e-06,-3.434704264190325e-05,2.3786051759222934e-05,0.0
64,1024,0.5,False,1.0,0.6065306597126334,orf,cos,500,0.0005175406503758793,3.301288262269663e-05,0.0014068213454056285,0.00040432061335836145,0.001004207441239584,0.0
64,1024,0.5,False,1.0,0.6065306597126334,orf,positive,500,4.622231866529366e-33,0.0,1.256452888971111e-32,4.163336342344337e-17,0.0,0.0
64,1024,0.5,False,1.0,0.6065306597126334,orf,hyperbolic,500,4.622231866529366e-33,0.0,1.256452888971111e-32,4.163336342344337e-17,0.0,0.0
64,1024,1.0,False,0.25,0.9692332344763441,orf,cos,500,0.0004951161488389941,1.0933923061902767e-05,0.0005270483969598593,-0.0007008384273094048,0.0003721365634536004,0.0
64,1024,1.0,False,0.25,0.9692332344763441,orf,positive,500,0.03536288534544113,0.0036364162421913034,0.03764359550156965,-0.0009698063700695976,0.003196160345840092,0.0
64,1024,1.0,False,0.25,0.9692332344763441,orf,hyperbolic,500,0.013758512325175205,0.0010516935229374631,0.014645860133102078,0.00020417710587536408,0.0020155894026803968,0.0
64,1024,1.0,False,0.5,0.8824969025845955,orf,cos,500,0.0004869905197390577,1.0609755936238964e-05,0.0006253082050309232,-7.461678959291859e-05,0.00038701360158543144,0.0
64,1024,1.0,False,0.5,0.8824969025845955,orf,positive,500,0.024461139555699545,0.0020729145403287647,0.0314087249106641,-0.0012659034564911629,0.0024389367680211975,0.0
64,1024,1.0,False,0.5,0.8824969025845955,orf,hyperbolic,500,0.009672839395279624,0.0006530418984344351,0.012420171635077519,-0.0010478415474097673,0.001570034727693645,0.0
64,1024,1.0,False,0.75,0.7548396019890073,orf,cos,500,0.0004955997103238653,1.1920183915675484e-05,0.0008698045795920747,-3.901853916620054e-05,0.00040179457068169767,0.0
64,1024,1.0,False,0.75,0.7548396019890073,orf,positive,500,0.01302909349431152,0.0009940199375337783,0.022866771213162565,-0.0003703057176164295,0.001813518806803117,0.0
64,1024,1.0,False,0.75,0.7548396019890073,orf,hyperbolic,500,0.004692835016738951,0.0003450293176696072,0.008236181950474056,-0.0007422020071591782,0.0011386923883666214,0.0
64,1024,1.0,False,1.0,0.6065306597126334,orf,cos,500,0.0005120856778931029,1.123286009498187e-05,0.0013919931928309533,0.0002439060156190951,0.0004148548570061256,0.0
64,1024,1.0,False,1.0,0.6065306597126334,orf,positive,500,0.0064079513365407565,0.0007998057410423396,0.01741861767576859,0.002696094271463205,0.0012801403514426859,0.0
64,1024,1.0,False,1.0,0.6065306597126334,orf,hyperbolic,500,0.0020205916640465595,0.00022580011585830682,0.0054925376031135864,0.000598521374631483,0.0007538933648776625,0.0
64,1024,1.0,False,1.25,0.45783336177161427,orf,cos,500,0.0005422296034278455,1.2862972993932608e-05,0.0025868327613183567,0.000365518633035393,0.0004915292282363815,0.0
64,1024,1.0,False,1.25,0.45783336177161427,orf,positive,500,0.0016117185903281402,8.104949825093362e-05,0.007689079358872507,0.00023474110535241376,0.0007039974932851202,0.0
64,1024,1.0,False,1.25,0.45783336177161427,orf,hyperbolic,500,0.00043795375499191923,2.485501506320567e-05,0.0020893605111072587,-0.00021795087267651058,0.00036911451739246695,0.0
64,1024,1.0,False,1.5,0.32465246735834974,orf,cos,500,0.000630604358003028,1.57731561283015e-05,0.00598300756598919,-4.9516405802986386e-05,0.0005464952309361886,0.0
64,1024,1.0,False,1.5,0.32465246735834974,orf,positive,500,0.0003430398756070998,9.672567522624708e-06,0.0032546717210974515,-0.0003331385181032965,0.000329688052164072,0.0
64,1024,1.0,False,1.5,0.32465246735834974,orf,hyperbolic,500,6.832810884576561e-05,3.876281466507386e-06,0.0006482790469265763,0.0001265582084438806,0.00015202809014078225,0.0
64,1024,1.0,False,1.75,0.2162651668298873,orf,cos,500,0.0007170206527218419,1.939908710541458e-05,0.015330577532954958,0.00017927342680591285,0.0007244139703790718,0.0
64,1024,1.0,False,1.75,0.2162651668298873,orf,positive,500,4.929409666733328e-05,1.1275815869585484e-06,0.0010539542592069456,-0.00020915806634530748,0.00011297531304657935,0.0
64,1024,1.0,False,1.75,0.2162651668298873,orf,hyperbolic,500,2.922443338772036e-06,8.100464843103626e-08,6.248459374306621e-05,3.90374588163301e-06,3.478254418119463e-05,0.0
64,1024,1.0,False,2.0,0.1353352832366127,orf,cos,500,0.0008295632031478328,3.592080931545065e-05,0.04529261622744109,0.0006765329059456927,0.0010490591365968853,0.0
64,1024,1.0,False,2.0,0.1353352832366127,orf,positive,500,1.5407439555097887e-33,0.0,8.412176964558355e-32,3.469446951953614e-17,0.0,0.0
64,1024,1.0,False,2.0,0.1353352832366127,orf,hyperbolic,500,1.5407439555097887e-33,0.0,8.412176964558355e-32,3.469446951953614e-17,0.0,0.0
64,1024,2.0,False,0.5,0.8824969025845955,orf,cos,500,0.0004934105037002315,1.0854092411701194e-05,0.000633551627611798,-0.0003406243430727772,0.0003405238029601542,0.0
64,1024,2.0,False,0.5,0.8824969025845955,orf,positive,500,14.908479857331514,11.506500977246143,19.142867060990895,-0.1370320965901241,0.06067153079040144,0.0
64,1024,2.0,False,0.5,0.8824969025845955,orf,hyperbolic,500,34.48104313808372,27.636376383752342,44.274535783205934,-0.04106740637347386,0.09213934161042056,0.0
64,1024,2.0,False,1.0,0.6065306597126334,orf,cos,500,0.0005088596066476176,1.1435735783085284e-05,0.0013832238219870364,7.325821496980556e-05,0.00036013629738232503,0.0
64,1024,2.0,False,1.0,0.6065306597126334,orf,positive,500,2.41881809454067,0.7014070636657259,6.575029272737836,-0.11152419090184204,0.02393152168842143,0.0
64,1024,2.0,False,1.0,0.6065306597126334,orf,hyperbolic,500,5.7330746841805045,2.516870158250749,15.584112735206444,-0.028900023233082762,0.03725180952031182,0.0
64,1024,2.0,False,1.5,0.32465246735834974,orf,cos,500,0.0006055418780966565,1.3277387951619602e-05,0.005745221377233493,0.0001187025163866105,0.0004082733050160642,0.0
64,1024,2.0,False,1.5,0.32465246735834974,orf,positive,500,664.4050632283229,661.8679680628117,6303.69972824941,0.40700375507194825,0.40737121564168044,0.0
64,1024,2.0,False,1.5,0.32465246735834974,orf,hyperbolic,500,166.45761120067888,165.43590290718012,1579.3058430233152,0.18659262651697708,0.20383441175534153,0.0
64,1024,2.0,False,2.0,0.1353352832366127,orf,cos,500,0.0008316944065336967,1.977231545291721e-05,0.04540897598965363,-0.0004340230044875137,0.00044573547848437425,0.0
64,1024,2.0,False,2.0,0.1353352832366127,orf,positive,500,0.16884494922434554,0.09778268643640675,9.218621870089438,-0.0037321695987078156,0.0065171964510202865,0.0
64,1024,2.0,False,2.0,0.1353352832366127,orf,hyperbolic,500,0.07196670529188151,0.029986800780932188,3.9292489729172217,-0.006903017649612184,0.004308281411952678,0.0
64,1024,2.0,False,2.5,0.04393693362340742,orf,cos,500,0.0009374795544302099,2.0582275000822875e-05,0.4856264320592117,0.0006746445185513807,0.0004925783318853826,0.0
64,1024,2.0,False,2.5,0.04393693362340742,orf,positive,500,0.004170097819374179,0.0009444823387920997,2.1601641505573115,-0.0006232065777485225,0.0009857474463009007,0.0
64,1024,2.0,False,2.5,0.04393693362340742,orf,hyperbolic,500,0.0020268594047452054,0.0003531027302805095,1.049939165457658,-0.0014632485607144474,0.0006836852678338615,0.0
64,1024,2.0,False,3.0,0.011108996538242306,orf,cos,500,0.0009668498147709652,2.089294107565437e-05,7.834465194449846,1.968696689920446e-06,0.0005108646088957961,0.0
64,1024,2.0,False,3.0,0.011108996538242306,orf,positive,500,5.038565227209742e-05,8.309741619942957e-06,0.40827916910643475,-4.1552008952509555e-05,0.00011141834958593465,0.0
64,1024,2.0,False,3.0,0.011108996538242306,orf,hyperbolic,500,2.9221509633847236e-05,4.605857979705829e-06,0.2367843450535168,-3.213968336786857e-05,8.638147709033355e-05,0.0
64,1024,2.0,False,3.5,0.002187491118182885,orf,cos,500,0.0009696718533880418,2.2332179470567916e-05,202.64327370171634,-0.00026010789489030973,0.0005133847613985102,0.0
64,1024,2.0,False,3.5,0.002187491118182885,orf,positive,500,2.068123934808139e-07,5.844069611057228e-08,0.043219920543850716,-1.0553028561247776e-06,7.493652036299132e-06,0.0
64,1024,2.0,False,3.5,0.002187491118182885,orf,hyperbolic,500,7.760061099314238e-08,1.4876838043147778e-08,0.016217075702424113,-1.2211340181249693e-06,4.6495500581335096e-06,0.0
64,1024,2.0,False,4.0,0.00033546262790251185,orf,cos,500,0.0009886509348048234,3.8459128146845713e-05,8785.261472879083,0.00068573361239065,0.001069867896167646,0.0
64,1024,2.0,False,4.0,0.00033546262790251185,orf,positive,500,8.448865646535191e-39,0.0,7.50775539080339e-32,4.743384504624082e-20,0.0,0.0
64,1024,2.0,False,4.0,0.00033546262790251185,orf,hyperbolic,500,8.448865646535191e-39,0.0,7.50775539080339e-32,4.743384504624082e-20,0.0,0.0
64,1024,4.0,False,0.5,0.8824969025845955,orf,cos,500,0.000503887395406664,1.123465596911083e-05,0.0006470042228507424,-7.497988372336142e-05,0.00035423511156807525,0.0
64,1024,4.0,False,0.5,0.8824969025845955,orf,positive,500,2.19472819401462,1.4167949979998722,2.8180867838359562,-0.8610594039334747,0.01905912389269089,0.0
64,1024,4.0,False,0.5,0.8824969025845955,orf,hyperbolic,500,1.1612440199153349,0.3472857468642933,1.4910668365479356,-0.8670333831845001,0.01010750070546636,0.0
64,1024,4.0,False,1.0,0.6065306597126334,orf,cos,500,0.0005186071078277538,1.1113732324244745e-05,0.0014097202773178839,0.0003271013011005707,0.00038540847973050907,0.0
64,1024,4.0,False,1.0,0.6065306597126334,orf,positive,500,4.922848963758017,4.5553482334257,13.381690882431856,-0.5717373281570786,0.03389945747243607,0.0
64,1024,4.0,False,1.0,0.6065306597126334,orf,hyperbolic,500,1.4956942691209092,1.128558079707406,4.0657185526817,-0.5887870939298153,0.016949356332512423,0.0
64,1024,4.0,False,1.5,0.32465246735834974,orf,cos,500,0.0006314791156803359,1.4260006698524836e-05,0.005991307035752313,-0.00024328986255587798,0.00038637436217792853,0.0
64,1024,4.0,False,1.5,0.32465246735834974,orf,positive,500,1.310352285889309,1.1716590268250744,12.43227634108631,-0.3029356437575985,0.017447927794675192,0.0
64,1024,4.0,False,1.5,0.32465246735834974,orf,hyperbolic,500,0.40295159383052487,0.2901151460119762,3.8230982771036555,-0.31343592215244287,0.008724132094805728,0.0
64,1024,4.0,False,2.0,0.1353352832366127,orf,cos,500,0.0008062941505187705,1.82338718922884e-05,0.04402216900087041,-0.0003207989318052128,0.0004429413634150366,0.0
64,1024,4.0,False,2.0,0.1353352832366127,orf,positive,500,0.09910113706282028,0.07986897012002293,5.410738749811053,-0.12982128939006995,0.004533221219590029,0.0
64,1024,4.0,False,2.0,0.1353352832366127,orf,hyperbolic,500,0.03967909810893029,0.019722259526982183,2.1664053517312256,-0.13176346974145917,0.002359753252561973,0.0
64,1024,4.0,False,2.5,0.04393693362340742,orf,cos,500,0.0009472678369100298,2.0579090779637192e-05,0.4906968879152348,-0.0003292438466647473,0.0004909965400153863,0.0
64,1024,4.0,False,2.5,0.04393693362340742,orf,positive,500,0.06710748282568145,0.0651363931861634,34.762536734913496,-0.03955826628889795,0.004047832962478372,0.0
64,1024,4.0,False,2.5,0.04393693362340742,orf,hyperbolic,500,0.018628865832623468,0.016204563428290686,9.649991410324846,-0.04129931580792168,0.002056007559309484,0.0
64,1024,4.0,False,3.0,0.011108996538242306,orf,cos,500,0.000966293488852226,2.0486049315191528e-05,7.829957238839217,0.00037711183310956307,0.0004955297305001938,0.0
64,1024,4.0,False,3.0,0.011108996538242306,orf,positive,500,0.00012488690271222428,1.5476225150143018e-06,1.0119690541320954,-0.011036724748120477,2.76409476571402e-05,0.0
64,1024,4.0,False,3.0,0.011108996538242306,orf,hyperbolic,500,0.0009195274002952122,0.0007628559069495762,7.451007698297311,-0.010516392952785622,0.00044948154660945464,0.0
64,1024,4.0,False,3.5,0.002187491118182885,orf,cos,500,0.0009579320250890451,2.237806472146967e-05,200.18986925268288,-0.0003582192553890131,0.0005054326491423674,0.0
64,1024,4.0,False,3.5,0.002187491118182885,orf,positive,500,5.902026795562329e-06,8.388598411826057e-07,1.2334131666801975,-0.002146838618414572,1.7929243896988845e-05,0.0
64,1024,4.0,False,3.5,0.002187491118182885,orf,hyperbolic,500,4.996769250583398e-06,1.9097230463671537e-07,1.0442312781714684,-0.0021593369393522197,9.085007685069481e-06,0.0
64,1024,4.0,False,4.0,0.00033546262790251185,orf,cos,500,0.0009841413973165586,2.1100525356082044e-05,8745.189224361988,-2.200952506860107e-05,0.000501600319678573,0.0
64,1024,4.0,False,4.0,0.00033546262790251185,orf,positive,500,7.56044237212206e-05,7.542587399761945e-05,671.8292650260732,-0.00018506103192131312,0.0001374456761340906,0.0
64,1024,4.0,False,4.0,0.00033546262790251185,orf,hyperbolic,500,1.898751882741778e-05,1.883338858749818e-05,168.7251908106584,-0.00025376027612673374,6.876594953354547e-05,0.0
64,1024,5.656854152679443,False,0.5,0.8824969025845955,orf,cos,500,0.0005191335210656779,1.2018378793205093e-05,0.0006665806357029313,0.00018864154356976786,0.0003431365163019425,0.0
64,1024,5.656854152679443,False,0.5,0.8824969025845955,orf,positive,500,0.7788007828729566,9.220495614966685e-11,0.9999999997451873,-0.8824969024721597,5.224095656106669e-11,0.0
64,1024,5.656854152679443,False,0.5,0.8824969025845955,orf,hyperbolic,500,0.7788007829273174,4.8573201012310186e-11,0.9999999998149878,-0.8824969025029592,2.752032492568874e-11,0.0
64,1024,5.656854152679443,False,1.0,0.6065306597126334,orf,cos,500,0.0004903375673195504,1.0863002962748815e-05,0.0013328756990555475,-0.00022555143013078496,0.0003585790358595444,0.0
64,1024,5.656854152679443,False,1.0,0.6065306597126334,orf,positive,500,0.3678794403613525,3.3501947932868654e-10,0.9999999977979476,-0.6065306590448271,2.7617701084779265e-10,0.0
64,1024,5.656854152679443,False,1.0,0.6065306597126334,orf,hyperbolic,500,0.36787944064382594,1.8883612013475863e-10,0.9999999985657899,-0.6065306592776871,1.5566910276602017e-10,0.0
64,1024,5.656854152679443,False,1.5,0.32465246735834974,orf,cos,500,0.00064922710221781,1.4570195088935669e-05,0.006159695243647115,0.00039543319711322585,0.00041097851153556656,0.0
64,1024,5.656854152679443,False,1.5,0.32465246735834974,orf,positive,500,0.10539922373092626,8.070658250220115e-10,0.999999992116279,-0.3246524660786055,1.2429783900996958e-09,0.0
64,1024,5.656854152679443,False,1.5,0.32465246735834974,orf,hyperbolic,500,0.10539922396202255,4.372704501527347e-10,0.9999999943088594,-0.32465246643452556,6.734462580783253e-10,0.0
64,1024,5.656854152679443,False,2.0,0.1353352832366127,orf,cos,500,0.0008341514233587902,1.8735885080854564e-05,0.04554312456290404,-0.00043884744282748716,0.0004616930722428151,0.0
64,1024,5.656854152679443,False,2.0,0.1353352832366127,orf,positive,500,0.01831563887736458,5.145626801040603e-12,0.9999999993792407,-0.13533528319460736,1.9010665602678156e-11,0.0
64,1024,5.656854152679443,False,2.0,0.1353352832366127,orf,hyperbolic,500,0.018315638764428068,1.110511924072925e-10,0.9999999932131162,-0.1353352827773578,4.102842276328591e-10,0.0
64,1024,5.656854152679443,False,2.5,0.04393693362340742,orf,cos,500,0.0009291876158546885,2.066083419584921e-05,0.4813311015357294,-0.0002954837827423867,0.0004939962058782508,0.0
64,1024,5.656854152679443,False,2.5,0.04393693362340742,orf,positive,500,0.001930454135107269,4.734215223191309e-13,0.9999999994195974,-0.04393693361065686,5.387512855918914e-12,0.0
64,1024,5.656854152679443,False,2.5,0.04393693362340742,orf,hyperbolic,500,0.0019304541325256793,2.292094548818e-12,0.9999999980823009,-0.04393693358127848,2.608394512395223e-11,0.0
64,1024,5.656854152679443,False,3.0,0.011108996538242306,orf,cos,500,0.0009747987170960413,2.2651176757509512e-05,7.898875817122037,-0.0001607147070245981,0.0005019511278722621,0.0
64,1024,5.656854152679443,False,3.0,0.011108996538242306,orf,positive,500,0.00012340976571074844,3.8121984569502195e-11,0.9999996890366095,-0.011108994810466325,1.7163462001515804e-09,0.0
64,1024,5.656854152679443,False,3.0,0.011108996538242306,orf,hyperbolic,500,0.00012340978448557857,1.9063738820618365e-11,0.9999998411706338,-0.011108995655892268,8.581641246811802e-10,0.0
64,1024,5.656854152679443,False,3.5,0.002187491118182885,orf,cos,500,0.0009717800177427702,2.180760997034623e-05,203.08384060571666,-0.00035949035521476967,0.0004918668702761316,0.0
64,1024,5.656854152679443,False,3.5,0.002187491118182885,orf,positive,500,4.7851164168064545e-06,6.820713809657884e-13,0.9999997961758356,-0.002187490895228836,1.559213469581083e-10,0.0
64,1024,5.656854152679443,False,3.5,0.002187491118182885,orf,hyperbolic,500,4.785116893557751e-06,3.4106946571661295e-13,0.999999895807936,-0.0021874910042177075,7.796372204186051e-11,0.0
64,1024,5.656854152679443,False,4.0,0.00033546262790251185,orf,cos,500,0.0009551647747039693,1.9724233851697202e-05,8487.699753315472,-0.0004030109491953619,0.0004890874920730232,0.0
64,1024,5.656854152679443,False,4.0,0.00033546262790251185,orf,positive,500,1.125351401233669e-07,3.1131180227665823e-14,0.999999692577078,-0.00033546257632521213,4.641319129663586e-11,0.0
64,1024,5.656854152679443,False,4.0,0.00033546262790251185,orf,hyperbolic,500,1.1253515451107441e-07,1.5687746116949345e-14,0.9999998204278372,-0.0003354625977793725,2.3385441819014024e-11,0.0
64,1024,0.5,False,0.125,0.9922179382602435,simrf,cos,500,0.00047650287069965226,1.630506776302482e-05,0.00048400669904814954,0.00022793965056187138,0.0006639071035169139,0.0
64,1024,0.5,False,0.125,0.9922179382602435,simrf,positive,500,0.000277935371735153,9.41841402103531e-06,0.00028231221697517036,3.9445181636259126e-05,0.0002862462551800117,0.0
64,1024,0.5,False,0.125,0.9922179382602435,simrf,hyperbolic,500,8.105475850309387e-05,2.233435319503801e-06,8.233118521956478e-05,-9.701831144496977e-05,0.00018551600064116233,0.0
64,1024,0.5,False,0.25,0.9692332344763441,simrf,cos,500,0.00047656918468487263,1.5309673763838235e-05,0.0005073052563880488,0.0002202817527223204,0.0006618433384497194,0.0
64,1024,0.5,False,0.25,0.9692332344763441,simrf,positive,500,0.00022026073576743752,5.507861162908689e-06,0.00023446633274160796,-0.0001377357440065134,0.00026388341238139067,0.0
64,1024,0.5,False,0.25,0.9692332344763441,simrf,hyperbolic,500,6.595724675592805e-05,1.7009332809183346e-06,7.021112369716336e-05,2.4970946007732307e-05,0.0001738845770768573,0.0
64,1024,0.5,False,0.375,0.9321024923595276,simrf,cos,500,0.0005011546503372428,1.804728077750288e-05,0.00057682546673734,1.3738981518902404e-05,0.0007132601742367114,0.0
64,1024,0.5,False,0.375,0.9321024923595276,simrf,positive,500,0.00015819164443335625,4.076533238123926e-06,0.00018207746665188827,-0.00022753504612483606,0.0002207917881310659,0.0
64,1024,0.5,False,0.375,0.9321024923595276,simrf,hyperbolic,500,4.599182410533721e-05,1.1896892946402107e-06,5.29362650587207e-05,-0.00025260997423672547,0.00014464688323000092,0.0
64,1024,0.5,False,0.5,0.8824969025845955,simrf,cos,500,0.00047873587224339165,1.77478975284618e-05,0.0006147090278406902,-0.00027402922345351135,0.0007075588201848176,0.0
64,1024,0.5,False,0.5,0.8824969025845955,simrf,positive,500,9.61130284364054e-05,2.199684262306347e-06,0.00012341157138717618,-0.0002115315586601461,0.00017966013191830077,0.0
64,1024,0.5,False,0.5,0.8824969025845955,simrf,hyperbolic,500,2.8456098455784503e-05,6.81693221368199e-07,3.653835367699609e-05,-0.00012190386517528493,0.00011447266893093565,0.0
64,1024,0.5,False,0.625,0.8225775623986646,simrf,cos,500,0.0004949867477489438,2.0485081515414093e-05,0.0007315429911713758,0.0005426127142911712,0.0007782500094769921,0.0
64,1024,0.5,False,0.625,0.8225775623986646,simrf,positive,500,4.779093331868396e-05,1.1927638248093013e-06,7.063042085432565e-05,0.00015442293298106012,0.0001251380451348159,0.0
64,1024,0.5,False,0.625,0.8225775623986646,simrf,hyperbolic,500,1.364608374481692e-05,3.3772006251637807e-07,2.0167604417404847e-05,-7.727645976360556e-05,8.560005126877252e-05,0.0
64,1024,0.5,False,0.75,0.7548396019890073,simrf,cos,500,0.000496757299217885,2.3136299445884982e-05,0.0008718362113713695,0.00023566710887255377,0.0008291058322890826,0.0
64,1024,0.5,False,0.75,0.7548396019890073,simrf,positive,500,1.6883692818831965e-05,3.8909640942895046e-07,2.9631803708378192e-05,-8.155204386450125e-05,7.145002060868738e-05,0.0
64,1024,0.5,False,0.75,0.7548396019890073,simrf,hyperbolic,500,4.808897339166554e-06,1.1353492965653717e-07,8.439877669948249e-06,-5.9510613121443316e-05,5.1746294207816044e-05,0.0
64,1024,0.5,False,0.875,0.6819407511903481,simrf,cos,500,0.00050084089451455,2.5987521235513685e-05,0.0010769771653341032,0.0003113040287959577,0.0008987824033327115,0.0
64,1024,0.5,False,0.875,0.6819407511903481,simrf,positive,500,3.1202170053921847e-06,7.536422254946545e-08,6.709520932693956e-06,-4.406518205946142e-05,3.5561652718715395e-05,0.0
64,1024,0.5,False,0.875,0.6819407511903481,simrf,hyperbolic,500,8.91354182730346e-07,2.4165930400616733e-08,1.916712695667738e-06,-3.600751942715724e-05,2.4502604580699787e-05,0.0
64,1024,0.5,False,1.0,0.6065306597126334,simrf,cos,500,0.0005201120878872645,3.301388946261894e-05,0.001413811237265845,0.00039480055848634273,0.0010040232739338538,0.0
64,1024,0.5,False,1.0,0.6065306597126334,simrf,positive,500,4.622231866529366e-33,0.0,1.256452888971111e-32,4.163336342344337e-17,0.0,0.0
64,1024,0.5,False,1.0,0.6065306597126334,simrf,hyperbolic,500,4.622231866529366e-33,0.0,1.256452888971111e-32,4.163336342344337e-17,0.0,0.0
64,1024,1.0,False,0.25,0.9692332344763441,simrf,cos,500,0.0005004234570275517,1.0928855028377504e-05,0.0005326979971183482,-0.0007352123659585969,0.0003706887868785474,0.0
64,1024,1.0,False,0.25,0.9692332344763441,simrf,positive,500,0.03200451349908815,0.0034009412165457264,0.034068627280141164,-0.0008710398294892185,0.0029936164137949754,0.0
64,1024,1.0,False,0.25,0.9692332344763441,simrf,hyperbolic,500,0.013826482810405836,0.0010136390680693468,0.014718214338000041,-0.00037238386036177906,0.002026199246602675,0.0
64,1024,1.0,False,0.5,0.8824969025845955,simrf,cos,500,0.0004908135067129506,1.0691430229615451e-05,0.0006302170174730679,-0.00015096516679593454,0.00038921537935839213,0.0
64,1024,1.0,False,0.5,0.8824969025845955,simrf,positive,500,0.022247243953576374,0.002236962784570988,0.028566026687644738,-0.0010565392904103314,0.002416160066554717,0.0
64,1024,1.0,False,0.5,0.8824969025845955,simrf,hyperbolic,500,0.010014492180216774,0.0007974173769890347,0.01285886249461897,-0.00042945999873542095,0.0015809179246169748,0.0
64,1024,1.0,False,0.75,0.7548396019890073,simrf,cos,500,0.0004938333424783917,1.1856829374628762e-05,0.0008667045074789714,-5.072749753494454e-05,0.00040517283999833687,0.0
64,1024,1.0,False,0.75,0.7548396019890073,simrf,positive,500,0.011767482176188707,0.0011706638767869295,0.020652574394017298,0.00016405546661653664,0.001714406210731775,0.0
64,1024,1.0,False,0.75,0.7548396019890073,simrf,hyperbolic,500,0.004687610826974908,0.0003991332534126077,0.008227013211899828,-0.0011384479996110887,0.0011297642970535217,0.0
64,1024,1.0,False,1.0,0.6065306597126334,simrf,cos,500,0.0005199902425656677,1.1655756868419883e-05,0.0014134800273422655,0.00026672585420206573,0.00041475228225285206,0.0
64,1024,1.0,False,1.0,0.6065306597126334,simrf,positive,500,0.006299771791369296,0.001708242006582239,0.017124555183918044,0.001976163699913303,0.0012785694745694343,0.0
64,1024,1.0,False,1.0,0.6065306597126334,simrf,hyperbolic,500,0.0022546158492401124,0.0004197970908982268,0.006128681293145156,0.0006985537237869186,0.0007975962536945564,0.0
64,1024,1.0,False,1.25,0.45783336177161427,simrf,cos,500,0.0005520968525557111,1.303287613596332e-05,0.002633906774147406,0.0003545567221721897,0.0004895065418634605,0.0
64,1024,1.0,False,1.25,0.45783336177161427,simrf,positive,500,0.0011412096016630354,8.06161521350419e-05,0.005444406514233873,-7.567071063449049e-05,0.0005691004554379687,0.0
64,1024,1.0,False,1.25,0.45783336177161427,simrf,hyperbolic,500,0.0004406345462246441,2.3069800117376026e-05,0.0021021498507951468,-0.00025274973305912103,0.0003711444055554485,0.0
64,1024,1.0,False,1.5,0.32465246735834974,simrf,cos,500,0.0006328056329852614,1.5788009756979938e-05,0.006003892681523805,-3.143276855624594e-05,0.0005501592886799643,0.0
64,1024,1.0,False,1.5,0.32465246735834974,simrf,positive,500,0.00018095995981626435,7.0067930581057195e-06,0.0017169002956947698,-0.00027072903165195297,0.00022976132649067972,0.0
64,1024,1.0,False,1.5,0.32465246735834974,simrf,hyperbolic,500,7.018846539425627e-05,3.3820303711138e-06,0.0006659296184200954,0.00017466588737274279,0.00015294009117808075,0.0
64,1024,1.0,False,1.75,0.2162651668298873,simrf,cos,500,0.0007185455511840449,1.945033872025005e-05,0.015363181299688796,0.00022178691337418593,0.000721363429850864,0.0
64,1024,1.0,False,1.75,0.2162651668298873,simrf,positive,500,1.1009290139314894e-05,2.789977243231668e-07,0.0002353890022872728,-1.2525532019399502e-05,5.5323380606644704e-05,0.0
64,1024,1.0,False,1.75,0.2162651668298873,simrf,hyperbolic,500,3.2108652539286883e-06,7.927498370749555e-08,6.865132620150732e-05,9.223196622282263e-06,3.517423995849278e-05,0.0
64,1024,1.0,False,2.0,0.1353352832366127,simrf,cos,500,0.0008369218116805277,3.5954170703518976e-05,0.04569438264014434,0.0007628059036900042,0.001054296954973242,0.0
64,1024,1.0,False,2.0,0.1353352832366127,simrf,positive,500,1.5407439555097887e-33,0.0,8.412176964558355e-32,3.469446951953614e-17,0.0,0.0
64,1024,1.0,False,2.0,0.1353352832366127,simrf,hyperbolic,500,1.5407439555097887e-33,0.0,8.412176964558355e-32,3.469446951953614e-17,0.0,0.0
64,1024,2.0,False,0.5,0.8824969025845955,simrf,cos,500,0.00048515930403385433,1.0840841634917044e-05,0.0006229568775220044,-6.41210738359736e-05,0.00034460897199453514,0.0
64,1024,2.0,False,0.5,0.8824969025845955,simrf,positive,500,78.40279842044609,74.9208013968701,100.67118591129828,-0.06320051761259457,0.1396227201925383,0.0
64,1024,2.0,False,0.5,0.8824969025845955,simrf,hyperbolic,500,102.51762450408602,82.07855014927992,131.63523552169644,0.04739710677455341,0.15951531052005624,0.0
64,1024,2.0,False,1.0,0.6065306597126334,simrf,cos,500,0.0005208745360980107,1.1374665983641707e-05,0.0014158837863822572,-0.0002309042453760548,0.00035832086404921507,0.0
64,1024,2.0,False,1.0,0.6065306597126334,simrf,positive,500,3.0036580736334932,1.0592586151895012,8.164789160462226,-0.10890692021228535,0.026453579811573726,0.0
64,1024,2.0,False,1.0,0.6065306597126334,simrf,hyperbolic,500,4.156451249387926,1.2608855568816968,11.298405902087094,-0.03901505419540794,0.031640951879065626,0.0
64,1024,2.0,False,1.5,0.32465246735834974,simrf,cos,500,0.0006185491195618014,1.3058080418046194e-05,0.0058686306482145165,0.00013682935891363768,0.0004141888755089594,0.0
64,1024,2.0,False,1.5,0.32465246735834974,simrf,positive,500,386.484756970723,383.2141684512908,3666.865278917444,0.3140883572495511,0.3106619246338946,0.0
64,1024,2.0,False,1.5,0.32465246735834974,simrf,hyperbolic,500,96.95238692884062,95.78274442235114,919.858635885259,0.13618265000396262,0.15551844495872258,0.0
64,1024,2.0,False,2.0,0.1353352832366127,simrf,cos,500,0.0008453484191613454,2.009556083886673e-05,0.04615445981965244,-0.0005088278147873095,0.0004439779584303484,0.0
64,1024,2.0,False,2.0,0.1353352832366127,simrf,positive,500,0.15613228255740763,0.05852924295859432,8.524533788086611,-0.0007202095216127912,0.006238559437055283,0.0
64,1024,2.0,False,2.0,0.1353352832366127,simrf,hyperbolic,500,0.15058361512544746,0.10281939373747456,8.221586811152427,-0.003700372449609245,0.006153802021096273,0.0
64,1024,2.0,False,2.5,0.04393693362340742,simrf,cos,500,0.0009427805870458335,2.1559170588182037e-05,0.48837243493808985,0.0008051199013086633,0.0004936967984231106,0.0
64,1024,2.0,False,2.5,0.04393693362340742,simrf,positive,500,0.004516507849392938,0.001446350588475406,2.3396089887007743,-0.0007859086901482008,0.0010315834266841186,0.0
64,1024,2.0,False,2.5,0.04393693362340742,simrf,hyperbolic,500,0.001870696407932017,0.00040376229507075646,0.969044730369785,-0.0018236457645563052,0.0006489333758614746,0.0
64,1024,2.0,False,3.0,0.011108996538242306,simrf,cos,500,0.0009663016100485794,2.0721316817720703e-05,7.830023045574861,-0.00015034739660595324,0.0005105401437815034,0.0
64,1024,2.0,False,3.0,0.011108996538242306,simrf,positive,500,6.251968125478837e-05,1.5200444749092655e-05,0.5066022243328118,1.4209605622274919e-05,0.00012422551656502583,0.0
64,1024,2.0,False,3.0,0.011108996538242306,simrf,hyperbolic,500,2.8974733168470455e-05,4.641250062553265e-06,0.23478469464321836,-3.5915721129918086e-05,8.409017912464226e-05,0.0
64,1024,2.0,False,3.5,0.002187491118182885,simrf,cos,500,0.0009696682753346555,2.257658525797194e-05,202.642525955508,-0.0002077225809224576,0.0005055122161812736,0.0
64,1024,2.0,False,3.5,0.002187491118182885,simrf,positive,500,1.7176408579859298e-07,3.517396538239442e-08,0.03589548003171792,-1.2214943475155422e-06,6.979696443956497e-06,0.0
64,1024,2.0,False,3.5,0.002187491118182885,simrf,hyperbolic,500,7.123715206762874e-08,9.19121591881144e-09,0.014887231854500792,-1.4775726105588133e-06,4.503746474797074e-06,0.0
64,1024,2.0,False,4.0,0.00033546262790251185,simrf,cos,500,0.0009793539949350682,3.87574366236396e-05,8702.647837693923,0.0006440958988926071,0.0010642487522668164,0.0
64,1024,2.0,False,4.0,0.00033546262790251185,simrf,positive,500,8.448865646535191e-39,0.0,7.50775539080339e-32,4.743384504624082e-20,0.0,0.0
64,1024,2.0,False,4.0,0.00033546262790251185,simrf,hyperbolic,500,8.448865646535191e-39,0.0,7.50775539080339e-32,4.743384504624082e-20,0.0,0.0
64,1024,4.0,False,0.5,0.8824969025845955,simrf,cos,500,0.0004925330143098876,1.1009492764822864e-05,0.0006324249089317226,0.00019982424770314226,0.0003504606294244696,0.0
64,1024,4.0,False,0.5,0.8824969025845955,simrf,positive,500,0.8294930936626396,0.045816658556867076,1.0650902152297743,-0.8753333449955077,0.0039704102955417965,0.0
64,1024,4.0,False,0.5,0.8824969025845955,simrf,hyperbolic,500,0.8193348599740486,0.03159081704649751,1.05204678498497,-0.8748844578535968,0.003661219420234058,0.0
64,1024,4.0,False,1.0,0.6065306597126334,simrf,cos,500,0.0005170761988049933,1.1536485309308415e-05,0.00140555883514029,0.00016642049729736374,0.00036522570604654583,0.0
64,1024,4.0,False,1.0,0.6065306597126334,simrf,positive,500,2.1402887703254225,1.7730173142758443,5.8179080720305505,-0.5844811128484004,0.021206546849821126,0.0
64,1024,4.0,False,1.0,0.6065306597126334,simrf,hyperbolic,500,0.803844234598172,0.43682479070988983,2.185075175819781,-0.5950143101323354,0.010604023276730217,0.0
64,1024,4.0,False,1.5,0.32465246735834974,simrf,cos,500,0.0006175100007188799,1.379196454918658e-05,0.005858771763130295,-4.0286075861676065e-05,0.00038850390579127906,0.0
64,1024,4.0,False,1.5,0.32465246735834974,simrf,positive,500,1.81697787821678,1.559401790717916,17.23900612902802,-0.29685645968530705,0.020778018421201788,0.0
64,1024,4.0,False,1.5,0.32465246735834974,simrf,hyperbolic,500,0.5286312929180581,0.38655591227193953,5.0155140620392,-0.31032992356528083,0.010389384392194698,0.0
64,1024,4.0,False,2.0,0.1353352832366127,simrf,cos,500,0.000820194515127459,1.9053804509583493e-05,0.044781103193291,0.00021913530708381806,0.00045515688712638425,0.0
64,1024,4.0,False,2.0,0.1353352832366127,simrf,positive,500,0.10105006016456568,0.08248264116217315,5.517146345723209,-0.1300183794656931,0.004585769980705104,0.0
64,1024,4.0,False,2.0,0.1353352832366127,simrf,hyperbolic,500,0.03913243514463231,0.020316988176890125,2.1365585651889214,-0.13216388962790337,0.002325881893863329,0.0
64,1024,4.0,False,2.5,0.04393693362340742,simrf,cos,500,0.0009260675645340207,2.010623173642973e-05,0.47971487493800014,-0.00033808596676401787,0.00046783156583319284,0.0
64,1024,4.0,False,2.5,0.04393693362340742,simrf,positive,500,0.13480792920615933,0.13279789649149754,69.83223619577247,-0.03780952826988186,0.005774577662275709,0.0
64,1024,4.0,False,2.5,0.04393693362340742,simrf,hyperbolic,500,0.03520903218790217,0.03307761859422787,18.238730217493774,-0.04055073427830442,0.002896199452259249,0.0
64,1024,4.0,False,3.0,0.011108996538242306,simrf,cos,500,0.0009688559844433289,2.154219429649239e-05,7.850721355677965,0.0006616524544716294,0.0005141039980218325,0.0
64,1024,4.0,False,3.0,0.011108996538242306,simrf,positive,500,0.00012347483353413252,6.079168909449388e-07,1.0005269390704754,-0.01105409808895334,1.7789425133369364e-05,0.0
64,1024,4.0,False,3.0,0.011108996538242306,simrf,hyperbolic,500,0.0008768936712243701,0.0007414112183823433,7.105543013490768,-0.010557191358728464,0.0004372847982017983,0.0
64,1024,4.0,False,3.5,0.002187491118182885,simrf,cos,500,0.0009701670798179014,2.144218527553456e-05,202.74676675931073,0.0002859106109850027,0.0004976289393162926,0.0
64,1024,4.0,False,3.5,0.002187491118182885,simrf,positive,500,5.634315950399062e-06,6.165525830504839e-07,1.1774666092135777,-0.002147070558754009,1.5947840854610747e-05,0.0
64,1024,4.0,False,3.5,0.002187491118182885,simrf,hyperbolic,500,4.930820588758742e-06,1.3773299758790704e-07,1.030449241824119,-0.0021595559319357804,8.114396421845727e-06,0.0
64,1024,4.0,False,4.0,0.00033546262790251185,simrf,cos,500,0.0009838748121039256,2.1307395399477114e-05,8742.820318699398,-0.0001901807310460296,0.0005156187384875885,0.0
64,1024,4.0,False,4.0,0.00033546262790251185,simrf,positive,500,3.6376452799709564e-05,3.613832559469551e-05,323.2451799222572,-0.00022431908707185833,9.528110650639866e-05,0.0
64,1024,4.0,False,4.0,0.00033546262790251185,simrf,hyperbolic,500,9.164391342553341e-06,9.018619505838802e-06,81.43579432311451,-0.00027493904654474975,4.764965498635201e-05,0.0
64,1024,5.656854152679443,False,0.5,0.8824969025845955,simrf,cos,500,0.0005073521439452203,1.0728491152576247e-05,0.0006514530480366804,0.0004148392723679757,0.0003535426051006719,0.0
64,1024,5.656854152679443,False,0.5,0.8824969025845955,simrf,positive,500,0.7788007829665832,3.141265923724199e-11,0.9999999998654061,-0.882496902525206,1.7797603480164705e-11,0.0
64,1024,5.656854152679443,False,0.5,0.8824969025845955,simrf,hyperbolic,500,0.7788007829473645,3.902362605594793e-11,0.999999999840729,-0.8824969025143172,2.2109781338916633e-11,0.0
64,1024,5.656854152679443,False,1.0,0.6065306597126334,simrf,cos,500,0.0005168394775569678,1.1706291442784844e-05,0.001404915360073372,6.996826320262555e-05,0.0003633083929123534,0.0
64,1024,5.656854152679443,False,1.0,0.6065306597126334,simrf,positive,500,0.3678794393124389,1.5434127066724137e-09,0.9999999949467047,-0.6065306581801387,1.2723339445273308e-09,0.0
64,1024,5.656854152679443,False,1.0,0.6065306597126334,simrf,hyperbolic,500,0.3678794390698151,1.3724084019458294e-09,0.9999999942871848,-0.6065306579801304,1.1313625947672992e-09,0.0
64,1024,5.656854152679443,False,1.5,0.32465246735834974,simrf,cos,500,0.0006145395078372263,1.3548257766045318e-05,0.005830588511365382,0.0002661275025426103,0.0004181664044196971,0.0
64,1024,5.656854152679443,False,1.5,0.32465246735834974,simrf,positive,500,0.10539922360968032,9.100189189102694e-10,0.9999999909659295,-0.32465246589187097,1.4015398760906904e-09,0.0
64,1024,5.656854152679443,False,1.5,0.32465246735834974,simrf,hyperbolic,500,0.10539922402656354,4.5733157738617246e-10,0.9999999949212074,-0.32465246653392543,7.043432203903402e-10,0.0
64,1024,5.656854152679443,False,2.0,0.1353352832366127,simrf,cos,500,0.0008249793102594427,1.8631414293307036e-05,0.0450423441557849,-9.474495638353483e-05,0.0004675244245294906,0.0
64,1024,5.656854152679443,False,2.0,0.1353352832366127,simrf,positive,500,0.018315638855921905,2.911533934825786e-11,0.9999999982085104,-0.13533528311538662,1.075676085221257e-10,0.0
64,1024,5.656854152679443,False,2.0,0.1353352832366127,simrf,hyperbolic,500,0.018315638828748544,4.3302716007783956e-11,0.9999999967248951,-0.13533528301499367,1.5998342942615697e-10,0.0
64,1024,5.656854152679443,False,2.5,0.04393693362340742,simrf,cos,500,0.0009452728813890503,2.0565272189518443e-05,0.4896634753707245,0.0001176408032378126,0.0004964899321773897,0.0
64,1024,5.656854152679443,False,2.5,0.04393693362340742,simrf,positive,500,0.0019304541344502414,7.182969604965591e-13,0.9999999990792487,-0.04393693360317992,8.174183374131463e-12,0.0
64,1024,5.656854152679443,False,2.5,0.04393693362340742,simrf,hyperbolic,500,0.0019304541321789853,2.6349842921789384e-12,0.9999999979027089,-0.04393693357733311,2.998602234113017e-11,0.0
64,1024,5.656854152679443,False,3.0,0.011108996538242306,simrf,cos,500,0.0009506063340330702,1.9915693148124328e-05,7.702842906754729,-4.900716537644015e-05,0.0004852303202332622,0.0
64,1024,5.656854152679443,False,3.0,0.011108996538242306,simrf,positive,500,0.0001234094603924835,3.4351179779429497e-10,0.999997215017084,-0.011108981025782474,1.5504250347805858e-08,0.0
64,1024,5.656854152679443,False,3.0,0.011108996538242306,simrf,hyperbolic,500,0.00012340963162698262,1.7199559845957752e-10,0.9999986025446018,-0.011108988765259446,7.752094442276868e-09,0.0
64,1024,5.656854152679443,False,3.5,0.002187491118182885,simrf,cos,500,0.0009693962754213518,2.201771869272688e-05,202.58568306305335,0.00018974649207001708,0.0004777828305691634,0.0
64,1024,5.656854152679443,False,3.5,0.002187491118182885,simrf,positive,500,4.785116513926021e-06,6.41052392405509e-13,0.9999998164720076,-0.00218749091743029,1.4654292670346e-10,0.0
64,1024,5.656854152679443,False,3.5,0.002187491118182885,simrf,hyperbolic,500,4.785116938152398e-06,3.2057629770179986e-13,0.9999999051273827,-0.0021874910144114618,7.327889667813696e-11,0.0
64,1024,5.656854152679443,False,4.0,0.00033546262790251185,simrf,cos,500,0.0009603778213365127,2.1691153982743314e-05,8534.023461840814,0.0009115571036571704,0.000503290948215777,0.0
64,1024,5.656854152679443,False,4.0,0.00033546262790251185,simrf,positive,500,1.1253515186601863e-07,1.5017351280198584e-14,0.9999997969235792,-0.00033546259383724155,2.2385545531281974e-11,0.0
64,1024,5.656854152679443,False,4.0,0.00033546262790251185,simrf,hyperbolic,500,1.1253515725707067e-07,8.619875157776775e-15,0.9999998448290635,-0.00033546260187449737,1.2848395411992746e-11,0.0
512,64,0.5,False,0.125,0.9922179382602435,rff,cos,200,0.00836429088345549,0.00038724706919605385,0.008496009298822419,-0.004612759446158361,0.00453093054926896,0.0
512,64,0.5,False,0.125,0.9922179382602435,rff,positive,200,0.025988069839419467,0.0012329929749452457,0.02639732238998108,-0.002440683639738127,0.0038370751388565574,0.0
512,64,0.5,False,0.125,0.9922179382602435,rff,hyperbolic,200,0.007543047441916207,0.0003206082425087951,0.007661833154887049,-0.003370500786130135,0.0021630051650036357,0.0
512,64,0.5,False,0.25,0.9692332344763441,rff,cos,200,0.007653270218688981,0.0003886406134601266,0.008146863740395494,-0.005132194918042786,0.004192772729099124,0.0
512,64,0.5,False,0.25,0.9692332344763441,rff,positive,200,0.021900213760645913,0.0008926629844145046,0.023312656197324227,-0.005993461604948213,0.0038929036165379085,0.0
512,64,0.5,False,0.25,0.9692332344763441,rff,hyperbolic,200,0.006888649559420476,0.0002700351607583478,0.00733292928543005,-0.0008202738949446947,0.0020284844209638416,0.0
512,64,0.5,False,0.375,0.9321024923595276,rff,cos,200,0.008714741929029877,0.00045939935126413945,0.010030606475117762,-0.007535696210775815,0.004774284257995557,0.0
512,64,0.5,False,0.375,0.9321024923595276,rff,positive,200,0.017768896604198236,0.0008465360091539736,0.020451874626379173,-0.00027138145864340267,0.0030320255761566413,0.0
512,64,0.5,False,0.375,0.9321024923595276,rff,hyperbolic,200,0.004967535696304345,0.00026181449968613803,0.005717598538947872,-0.002657288147170204,0.0018728591862449781,0.0
512,64,0.5,False,0.5,0.8824969025845955,rff,cos,200,0.008575893203371479,0.0004845034037315594,0.011011664843928631,-0.004980781729305972,0.004895888436401391,0.0
512,64,0.5,False,0.5,0.8824969025845955,rff,positive,200,0.013510372995700036,0.0005502928809862797,0.017347662315410545,-0.0006022742125916788,0.0029546054735378165,0.0
512,64,0.5,False,0.5,0.8824969025845955,rff,hyperbolic,200,0.003624937844051014,0.00013039172954991944,0.004654512325674765,-0.0010853434821074222,0.001413001385376894,0.0
512,64,0.5,False,0.625,0.8225775623986646,rff,cos,200,0.009201470669172623,0.0005036684337609245,0.013598892105928274,-0.005203591741120786,0.005171437636224232,0.0
512,64,0.5,False,0.625,0.8225775623986646,rff,positive,200,0.00857761412564496,0.0003151382757727458,0.012676891902913675,-0.002241720315268917,0.0024986796573392067,0.0
512,64,0.5,False,0.625,0.8225775623986646,rff,hyperbolic,200,0.0019060769492495772,7.940340227127175e-05,0.0028169991200735567,-0.0010072146267625978,0.0010496519737526863,0.0
512,64,0.5,False,0.75,0.7548396019890073,rff,cos,200,0.009668386037146225,0.0006086099361722254,0.01696854593978341,-0.00520562647090035,0.0055214145429160035,0.0
512,64,0.5,False,0.75,0.7548396019890073,rff,positive,200,0.005161144052021176,0.00020904177139555893,0.009058089903742711,-0.0016487221312795463,0.0017641113275521014,0.0
512,64,0.5,False,0.75,0.7548396019890073,rff,hyperbolic,200,0.0008354445027817907,3.07499287571172e-05,0.0014662507652390628,0.0005461360305313022,0.0006831951917451569,0.0
512,64,0.5,False,0.875,0.6819407511903481,rff,cos,200,0.01098929906386831,0.0006967516343142975,0.02363070644677514,-0.00530770569377894,0.006092383028133213,0.0
512,64,0.5,False,0.875,0.6819407511903481,rff,positive,200,0.0018356166385354955,7.018963770094088e-05,0.003947196056995784,-0.0005938940735731787,0.000974284517908457,0.0
512,64,0.5,False,0.875,0.6819407511903481,rff,hyperbolic,200,0.00020016760330472853,7.248317617732456e-06,0.00043042798693145663,-0.0001241509963751769,0.0003622837858306807,0.0
512,64,0.5,False,1.0,0.6065306597126334,rff,cos,200,0.011437461139135428,0.0008578524414317423,0.031090242778218327,-0.00411054881132421,0.006624653763852098,0.0
512,64,0.5,False,1.0,0.6065306597126334,rff,positive,200,0.0,0.0,0.0,0.0,0.0,0.0
512,64,0.5,False,1.0,0.6065306597126334,rff,hyperbolic,200,0.0,0.0,0.0,0.0,0.0,0.0
512,64,1.0,False,0.25,0.9692332344763441,rff,cos,200,0.007537087492820342,0.0002632339138564326,0.008023187872486355,0.0023941404560591057,0.00218791210354727,0.0
512,64,1.0,False,0.25,0.9692332344763441,rff,positive,200,0.6340248151522629,0.27089101371657576,0.6749159025460039,-0.00992928373386866,0.022286741481626775,0.0
512,64,1.0,False,0.25,0.9692332344763441,rff,hyperbolic,200,0.263524409015495,0.06879593803450597,0.280520273186598,-0.012728212835058842,0.012978677076882501,0.0
512,64,1.0,False,0.5,0.8824969025845955,rff,cos,200,0.008189692510365488,0.000294866414531754,0.01051577333816652,-0.003216411969781121,0.0024934962171699977,0.0
512,64,1.0,False,0.5,0.8824969025845955,rff,positive,200,0.2925533190074814,0.041978824164654586,0.37564589734196296,-0.01248377625769088,0.014464621853265608,0.0
512,64,1.0,False,0.5,0.8824969025845955,rff,hyperbolic,200,0.19797224581482514,0.050280521484024406,0.2542013954249888,-0.01463224306739895,0.010713332895732867,0.0
512,64,1.0,False,0.75,0.7548396019890073,rff,cos,200,0.009476720523346372,0.00031805377811772054,0.01663216248721029,0.002105860745688373,0.0027502863943348896,0.0
512,64,1.0,False,0.75,0.7548396019890073,rff,positive,200,0.23478112064985104,0.050076548544620354,0.4120536991628788,-0.012023820041356062,0.01195631413410992,0.0
512,64,1.0,False,0.75,0.7548396019890073,rff,hyperbolic,200,0.11637301471382924,0.019290751336485525,0.20424100141801535,0.0011735498487284105,0.00824523100472066,0.0
512,64,1.0,False,1.0,0.6065306597126334,rff,cos,200,0.010499251157471,0.0003561768769622008,0.028539923633781012,-0.0033291751694738193,0.0030326017391337726,0.0
512,64,1.0,False,1.0,0.6065306597126334,rff,positive,200,0.09411055008283642,0.012669979807670373,0.25581899815645914,-0.0030309963881294177,0.007299703474766908,0.0
512,64,1.0,False,1.0,0.6065306597126334,rff,hyperbolic,200,0.05037549017365909,0.006347229123955515,0.1369347795387747,-0.0001467159481644298,0.005939285192203213,0.0
512,64,1.0,False,1.25,0.45783336177161427,rff,cos,200,0.01432188836262529,0.0005448702179305691,0.06832590804001212,-0.0029447099245498904,0.0037742887540893294,0.0
512,64,1.0,False,1.25,0.45783336177161427,rff,positive,200,0.029233324543174975,0.0030844325191269092,0.13946439141735276,-0.004311180646955669,0.0043224068696668,0.0
512,64,1.0,False,1.25,0.45783336177161427,rff,hyperbolic,200,0.016266615688834685,0.002076429956756152,0.07760368322503843,0.00022294439038296476,0.0032451292729092705,0.0
512,64,1.0,False,1.5,0.32465246735834974,rff,cos,200,0.014890395397476996,0.0005193496141089875,0.14127613803019054,-0.0018621158516757064,0.004244470848076349,0.0
512,64,1.0,False,1.5,0.32465246735834974,rff,positive,200,0.007397680286624727,0.0005365168896722108,0.07018723636133242,-0.0007480064328113907,0.0020936765645336404,0.0
512,64,1.0,False,1.5,0.32465246735834974,rff,hyperbolic,200,0.0032494155940089395,0.0002194671891645985,0.030829596778500837,0.0013237081835277597,0.0013433870363017257,0.0
512,64,1.0,False,1.75,0.2162651668298873,rff,cos,200,0.015397315765975835,0.0006466357771953533,0.3292091270364767,-0.005483817831752697,0.004875798807835066,0.0
512,64,1.0,False,1.75,0.2162651668298873,rff,positive,200,0.0011391066582772612,4.574702889406756e-05,0.024355174257162396,0.0011706771559286872,0.0008415553323061431,0.0
512,64,1.0,False,1.75,0.2162651668298873,rff,hyperbolic,200,0.00036425379153621215,1.48638947692403e-05,0.007788089466629398,0.0006779826287940057,0.0004787471768571196,0.0
512,64,1.0,False,2.0,0.1353352832366127,rff,cos,200,0.01572654295567888,0.0008466634455866732,0.858640151796843,-0.006262869371127645,0.006836349186112416,0.0
512,64,1.0,False,2.0,0.1353352832366127,rff,positive,200,0.0,0.0,0.0,0.0,0.0,0.0
512,64,1.0,False,2.0,0.1353352832366127,rff,hyperbolic,200,0.0,0.0,0.0,0.0,0.0,0.0
512,64,2.0,False,0.5,0.8824969025845955,rff,cos,200,0.008106328541315702,0.00025566831870284864,0.010408731883070624,-0.0031580992805557693,0.0022448814121611383,0.0
512,64,2.0,False,0.5,0.8824969025845955,rff,positive,200,29.713939456956094,15.32416135029282,38.15345349265237,-0.1812836320636067,0.13975073715838326,0.0
512,64,2.0,False,0.5,0.8824969025845955,rff,hyperbolic,200,10.156137580050215,4.0833871103902935,13.040738788162006,-0.2461821686196848,0.08060309191604209,0.0
512,64,2.0,False,1.0,0.6065306597126334,rff,cos,200,0.010593717070320948,0.00039417700259294935,0.028796708608089826,-0.0023578243958726707,0.0027243443606674253,0.0
512,64,2.0,False,1.0,0.6065306597126334,rff,positive,200,21.846121190593575,16.366474074665504,59.38391425470459,-0.06820354296555406,0.1181362580609268,0.0
512,64,2.0,False,1.0,0.6065306597126334,rff,hyperbolic,200,9.994245373714381,5.324381940086758,27.167175588528682,-0.07383207897179517,0.08901620863915946,0.0
512,64,2.0,False,1.5,0.32465246735834974,rff,cos,200,0.014140566541920694,0.0004891753521288733,0.1341619599261933,0.0017960999131012396,0.002949230739115138,0.0
512,64,2.0,False,1.5,0.32465246735834974,rff,positive,200,5.214454002577771,2.444996080335677,49.47336210730026,-0.02856098718955651,0.056202339146869805,0.0
512,64,2.0,False,1.5,0.32465246735834974,rff,hyperbolic,200,2.057763106726168,0.8185312084059918,19.523512770422315,-0.0496326633210062,0.03957806976174041,0.0
512,64,2.0,False,2.0,0.1353352832366127,rff,cos,200,0.016029215413328156,0.0005736460758310153,0.8751655080504787,-0.0028499229107412515,0.0032407628821194694,0.0
512,64,2.0,False,2.0,0.1353352832366127,rff,positive,200,0.23462628729764126,0.07112852348587906,12.81016123559622,-0.012231906829146695,0.011744797118715802,0.0
512,64,2.0,False,2.0,0.1353352832366127,rff,hyperbolic,200,0.14315940206584524,0.07594311333359817,7.816238512646237,-0.02707869468984017,0.009416477850380385,0.0
512,64,2.0,False,2.5,0.04393693362340742,rff,cos,200,0.015623979584408296,0.0005613073246165223,8.093421797079849,-0.0010657723400008525,0.00316896163616506,0.0
512,64,2.0,False,2.5,0.04393693362340742,rff,positive,200,0.010167905853138964,0.005102240852466861,5.267105631946282,-0.009928681539565347,0.002518978290246153,0.0
512,64,2.0,False,2.5,0.04393693362340742,rff,hyperbolic,200,0.007906721601605882,0.0021568015898742426,4.09578319071406,-0.006164685430537589,0.00219814559410669,0.0
512,64,2.0,False,3.0,0.011108996538242306,rff,cos,200,0.016218980198031495,0.0006318883045576698,131.42375776433244,0.001229704343297568,0.0034597398245951455,0.0
512,64,2.0,False,3.0,0.011108996538242306,rff,positive,200,0.0006292776048211191,0.00019585271796724075,5.099089245609145,0.00036188121157001567,0.0006019879666217107,0.0
512,64,2.0,False,3.0,0.011108996538242306,rff,hyperbolic,200,0.00030786085868067905,8.10598902089885e-05,2.4946223759049673,0.00018720663879945567,0.00042635152451772217,0.0
512,64,2.0,False,3.5,0.002187491118182885,rff,cos,200,0.015703687395036487,0.0005106306550342235,3281.7768318217904,-0.004707845141719544,0.0033555860294664603,0.0
512,64,2.0,False,3.5,0.002187491118182885,rff,positive,200,2.563435054100438e-06,3.916555158285919e-07,0.535709961539712,3.560380124576693e-05,3.896234594317525e-05,0.0
512,64,2.0,False,3.5,0.002187491118182885,rff,hyperbolic,200,2.1004206859885592e-06,7.840575876460478e-07,0.43894862212649577,3.629617379452091e-05,3.338028486761357e-05,0.0
512,64,2.0,False,4.0,0.00033546262790251185,rff,cos,200,0.016383772559312865,0.0009127984985999395,145588.0137049182,-0.004813001541053831,0.006895679976065373,0.0
512,64,2.0,False,4.0,0.00033546262790251185,rff,positive,200,0.0,0.0,0.0,0.0,0.0,0.0
512,64,2.0,False,4.0,0.00033546262790251185,rff,hyperbolic,200,0.0,0.0,0.0,0.0,0.0,0.0
512,64,4.0,False,0.5,0.8824969025845955,rff,cos,200,0.008243864989257409,0.00026594030663536065,0.010585332177948726,0.0019112663226384498,0.002415162028646519,0.0
512,64,4.0,False,0.5,0.8824969025845955,rff,positive,200,1.52865597335597,0.7505762727703755,1.962833123160604,-0.8595809008275319,0.02222120752205223,0.0
512,64,4.0,False,0.5,0.8824969025845955,rff,hyperbolic,200,0.9561019713283018,0.17784279477852716,1.2276592321307935,-0.8710097932238037,0.011110465109516642,0.0
512,64,4.0,False,1.0,0.6065306597126334,rff,cos,200,0.010469541562382502,0.0003924318073505131,0.028459164581321077,0.003001304837709388,0.002651812670504287,0.0
512,64,4.0,False,1.0,0.6065306597126334,rff,positive,200,0.3677941532509784,6.124062857054158e-05,0.9997681633956159,-0.6064564534289696,5.4290554985932695e-05,0.0
512,64,4.0,False,1.0,0.6065306597126334,rff,hyperbolic,200,0.36778397647086786,3.959909607138357e-05,0.9997405000391691,-0.6064504598902238,3.364205654106039e-05,0.0
512,64,4.0,False,1.5,0.32465246735834974,rff,cos,200,0.01444658304912398,0.0005262637107098614,0.13706536370810318,-0.0009525469038363266,0.0029184318663353255,0.0
512,64,4.0,False,1.5,0.32465246735834974,rff,positive,200,0.10538947537771856,2.6143130251924707e-06,0.9999075023162047,-0.3246374102163636,4.045920129901341e-06,0.0
512,64,4.0,False,1.5,0.32465246735834974,rff,hyperbolic,200,0.10534140721973034,4.2252680174415646e-05,0.9994514443310722,-0.32454716907221337,8.11078404928559e-05,0.0
512,64,4.0,False,2.0,0.1353352832366127,rff,cos,200,0.015811474908756073,0.0006076543630201194,0.8632772793135596,-0.0026195165473677073,0.003188225793988419,0.0
512,64,4.0,False,2.0,0.1353352832366127,rff,positive,200,0.01839671650473845,8.394275314848293e-05,1.0044266878429307,-0.13499593258015405,0.00032872030734461033,0.0
512,64,4.0,False,2.0,0.1353352832366127,rff,hyperbolic,200,0.018300159459026234,9.308129043792075e-06,0.9991548517743779,-0.13510540788295805,0.00017058205368787773,0.0
512,64,4.0,False,2.5,0.04393693362340742,rff,cos,200,0.015027727889483361,0.000523730997320108,7.784555772378497,0.0028267413126940397,0.002963386141775317,0.0
512,64,4.0,False,2.5,0.04393693362340742,rff,positive,200,0.001929754267035991,2.0409042166401357e-07,0.9996374587830996,-0.04392887736511621,2.3639061111260937e-06,0.0
512,64,4.0,False,2.5,0.04393693362340742,rff,hyperbolic,200,0.0019285189704602041,1.2156799991913806e-06,0.998997559314573,-0.043900269777618364,2.831675161375522e-05,0.0
512,64,4.0,False,3.0,0.011108996538242306,rff,cos,200,0.016089502674075565,0.0005735966795252421,130.37459052098288,-0.0005388027428577895,0.003079194131549206,0.0
512,64,4.0,False,3.0,0.011108996538242306,rff,positive,200,0.00012309170394856066,1.0816501319404352e-07,0.9974224078834495,-0.011077622435137692,1.5280687693974723e-05,0.0
512,64,4.0,False,3.0,0.011108996538242306,rff,hyperbolic,200,0.00012945254321331922,6.377584432095567e-06,1.048964822295605,-0.011019264689393082,7.077275604597682e-05,0.0
512,64,4.0,False,3.5,0.002187491118182885,rff,cos,200,0.01622470307833672,0.0005341676756839729,3390.6593608392072,-0.0037146245779850033,0.00310306183398436,0.0
512,64,4.0,False,3.5,0.002187491118182885,rff,positive,200,4.768679008132783e-06,4.707431119886577e-09,0.9965646853255336,-0.00218286604999341,1.5272763142396756e-06,0.0
512,64,4.0,False,3.5,0.002187491118182885,rff,hyperbolic,200,4.830504898439028e-06,6.651003427258645e-08,1.00948513956725,-0.00216825087831086,8.921649295065328e-06,0.0
512,64,4.0,False,4.0,0.00033546262790251185,rff,cos,200,0.015393650978368825,0.0005710818306372904,136789.6839079095,0.006231621542753081,0.0030333749309720943,0.0
512,64,4.0,False,4.0,0.00033546262790251185,rff,positive,200,1.1207173898809017e-07,1.2199137791895713e-10,0.9958818588736802,-0.0003342099861474263,4.798051238443194e-07,0.0
512,64,4.0,False,4.0,0.00033546262790251185,rff,hyperbolic,200,1.8648179579189599e-07,5.913789793124863e-08,1.6570978474695675,-0.00032390970369173454,7.1179869510554816e-06,0.0
512,64,16.0,True,0.5,0.8824969025845955,rff,cos,200,0.00824706097505144,0.0002790087089526682,0.010589435904939635,0.0023966438614856037,0.00243203896864931,0.0
512,64,16.0,True,0.5,0.8824969025845955,rff,positive,200,0.7788007830714048,0.0,0.9999999999999997,-0.8824969025845953,0.0,1.0
512,64,16.0,True,0.5,0.8824969025845955,rff,hyperbolic,200,0.7788007830714048,0.0,0.9999999999999997,-0.8824969025845953,0.0,1.0
512,64,16.0,True,1.0,0.6065306597126334,rff,cos,200,0.010592404911951023,0.0003915951493149529,0.0287931417918368,0.002923528191368515,0.002480661708535193,0.0
512,64,16.0,True,1.0,0.6065306597126334,rff,positive,200,0.36787944117144233,0.0,1.0,-0.6065306597126332,1.5740324710485608e-17,1.0
512,64,16.0,True,1.0,0.6065306597126334,rff,hyperbolic,200,0.36787944117144233,0.0,1.0,-0.6065306597126332,1.5740324710485608e-17,1.0
512,64,16.0,True,1.5,0.32465246735834974,rff,cos,200,0.014972822826979855,0.0005157385715549148,0.14205818770698372,0.0020650853157347143,0.0031620109308051593,0.0
512,64,16.0,True,1.5,0.32465246735834974,rff,positive,200,0.10539922456186432,9.837702944053505e-19,0.9999999999999998,-0.3246524673583497,0.0,1.0
512,64,16.0,True,1.5,0.32465246735834974,rff,hyperbolic,200,0.10539922456186432,9.837702944053505e-19,0.9999999999999998,-0.3246524673583497,0.0,1.0
512,64,16.0,True,2.0,0.1353352832366127,rff,cos,200,0.015703969994491036,0.0005061485698146355,0.8574077098752169,0.0013000755563536616,0.003044770243910511,0.0
512,64,16.0,True,2.0,0.1353352832366127,rff,positive,200,0.018315638888734186,2.4594257360133763e-19,1.0000000000000002,-0.13533528323661273,1.967540588810701e-18,1.0
512,64,16.0,True,2.0,0.1353352832366127,rff,hyperbolic,200,0.018315638888734186,2.4594257360133763e-19,1.0000000000000002,-0.13533528323661273,1.967540588810701e-18,1.0
512,64,16.0,True,2.5,0.04393693362340742,rff,cos,200,0.016380277188368278,0.0006742850475607644,8.485193655197058,0.004223253165897309,0.003294652160148216,0.0
512,64,16.0,True,2.5,0.04393693362340742,rff,positive,200,0.00193045413622771,1.5371410850083602e-20,1.0000000000000002,-0.04393693362340744,9.837702944053505e-19,1.0
512,64,16.0,True,2.5,0.04393693362340742,rff,hyperbolic,200,0.00193045413622771,1.5371410850083602e-20,1.0000000000000002,-0.04393693362340744,9.837702944053505e-19,1.0
512,64,16.0,True,3.0,0.011108996538242306,rff,cos,200,0.016181412516176986,0.0006032715499999588,131.1193436853009,-0.004279181367584154,0.003320333559876367,0.0
512,64,16.0,True,3.0,0.011108996538242306,rff,positive,200,0.00012340980408667956,1.9214263562604502e-21,1.0000000000000002,-0.011108996538242308,0.0,1.0
512,64,16.0,True,3.0,0.011108996538242306,rff,hyperbolic,200,0.00012340980408667956,1.9214263562604502e-21,1.0000000000000002,-0.011108996538242308,0.0,1.0
512,64,16.0,True,3.5,0.002187491118182885,rff,cos,200,0.014480366423135362,0.0004924870337976232,3026.1256384125436,0.0017093604117018007,0.003034796797366809,0.0
512,64,16.0,True,3.5,0.002187491118182885,rff,positive,200,4.785117392129019e-06,6.004457363313907e-23,1.0000000000000022,-0.0021874911181828873,0.0,1.0
512,64,16.0,True,3.5,0.002187491118182885,rff,hyperbolic,200,4.785117392129019e-06,6.004457363313907e-23,1.0000000000000022,-0.0021874911181828873,0.0,1.0
512,64,16.0,True,4.0,0.00033546262790251185,rff,cos,200,0.016616787934821183,0.0005869400009797761,147658.61408466278,-0.0011149584096601035,0.0031475900232746366,0.0
512,64,16.0,True,4.0,0.00033546262790251185,rff,positive,200,1.1253517471925884e-07,0.0,0.9999999999999974,-0.0003354626279025113,3.8428527125209005e-21,1.0
512,64,16.0,True,4.0,0.00033546262790251185,rff,hyperbolic,200,1.1253517471925884e-07,0.0,0.9999999999999974,-0.0003354626279025113,3.8428527125209005e-21,1.0
512,64,0.5,False,0.125,0.9922179382602435,orf,cos,200,0.008090006268907964,0.0004059547426764297,0.008217405330095186,-0.0011815866838683193,0.0043386501040652906,0.0
512,64,0.5,False,0.125,0.9922179382602435,orf,positive,200,0.025595364696264788,0.000997595045818375,0.02599843304067151,0.004068062304649072,0.004044397733920527,0.0
512,64,0.5,False,0.125,0.9922179382602435,orf,hyperbolic,200,0.007553086001735459,0.00031052722292071867,0.0076720297990209635,-0.0003595100124197,0.0022940938182327265,0.0
512,64,0.5,False,0.25,0.9692332344763441,orf,cos,200,0.008009563531036703,0.0004201066630348082,0.008526135997139134,-0.003698592159519015,0.0043953183605587864,0.0
512,64,0.5,False,0.25,0.9692332344763441,orf,positive,200,0.02103571718834922,0.0008493272807798799,0.022392404386360917,0.0034634441118549285,0.003781138918377282,0.0
512,64,0.5,False,0.25,0.9692332344763441,orf,hyperbolic,200,0.005951858954543959,0.0002376376510887852,0.006335720877372687,0.0011501184974374264,0.0019582212451579395,0.0
512,64,0.5,False,0.375,0.9321024923595276,orf,cos,200,0.00818601873595402,0.0004446779090899988,0.009422049810192859,-0.0013054594247648072,0.004489977619922099,0.0
512,64,0.5,False,0.375,0.9321024923595276,orf,positive,200,0.01746662214678555,0.0006501916103623695,0.02010395885853682,-0.0017515523700311502,0.0033070034291788923,0.0
512,64,0.5,False,0.375,0.9321024923595276,orf,hyperbolic,200,0.004788025163566491,0.00019052808668241567,0.005510983182268847,-0.001274688631415284,0.0016708920925458622,0.0
512,64,0.5,False,0.5,0.8824969025845955,orf,cos,200,0.008557086037882779,0.0005189140633919518,0.010987515965425288,-0.003708343374738475,0.004789690924914929,0.0
512,64,0.5,False,0.5,0.8824969025845955,orf,positive,200,0.013418026089483434,0.0004811307194804313,0.01722908654067595,0.0034300875010472086,0.002962862451153073,0.0
512,64,0.5,False,0.5,0.8824969025845955,orf,hyperbolic,200,0.003473594384746965,0.00013693119960763985,0.00446018347727892,0.0027720278423763877,0.00150469375110503,0.0
512,64,0.5,False,0.625,0.8225775623986646,orf,cos,200,0.009303807291971881,0.0005816104601870657,0.013750135830107566,-0.004207586943854115,0.005286792131661582,0.0
512,64,0.5,False,0.625,0.8225775623986646,orf,positive,200,0.0083729441195959,0.00032872566454450057,0.012374409242298823,6.094318940145213e-05,0.0024248173377195282,0.0
512,64,0.5,False,0.625,0.8225775623986646,orf,hyperbolic,200,0.001698206314521408,6.631131323526721e-05,0.0025097862369058946,-0.0014424694242357488,0.0010519570092472554,0.0
512,64,0.5,False,0.75,0.7548396019890073,orf,cos,200,0.00995226126322474,0.000660799503448155,0.017466762477308162,-0.002376550198569798,0.00560201600298339,0.0
512,64,0.5,False,0.75,0.7548396019890073,orf,positive,200,0.004701256705983439,0.0001683556245348333,0.008250962475402069,-0.0014092290032804496,0.0017053311320457754,0.0
512,64,0.5,False,0.75,0.7548396019890073,orf,hyperbolic,200,0.0007560039936927593,2.6281938282606777e-05,0.0013268283298110612,-0.0003353177381196308,0.0006958714776997134,0.0
512,64,0.5,False,0.875,0.6819407511903481,orf,cos,200,0.0103406757422173,0.0007525993731138122,0.022235947125058053,-0.0039774204305311365,0.005938548253755616,0.0
512,64,0.5,False,0.875,0.6819407511903481,orf,positive,200,0.001953173763256902,7.259275450512607e-05,0.0041999835995745576,0.0007116175782042787,0.0010780690562671982,0.0
512,64,0.5,False,0.875,0.6819407511903481,orf,hyperbolic,200,0.00017882682434173044,6.065484675417231e-06,0.00038453810077136464,-6.148744788322808e-05,0.00034031716316077295,0.0
512,64,0.5,False,1.0,0.6065306597126334,orf,cos,200,0.01150719170944733,0.0009308481357925488,0.03127979012038525,-0.006717663592057034,0.006695972194969015,0.0
512,64,0.5,False,1.0,0.6065306597126334,orf,positive,200,0.0,0.0,0.0,0.0,0.0,0.0
512,64,0.5,False,1.0,0.6065306597126334,orf,hyperbolic,200,0.0,0.0,0.0,0.0,0.0,0.0
512,64,1.0,False,0.25,0.9692332344763441,orf,cos,200,0.008436696521932796,0.00030669782133349637,0.008980816699169038,0.002456437729828135,0.0024933014841677223,0.0
512,64,1.0,False,0.25,0.9692332344763441,orf,positive,200,0.3820329800823859,0.04666031288507226,0.4066719904215767,-0.017374790163804908,0.01610713282554143,0.0
512,64,1.0,False,0.25,0.9692332344763441,orf,hyperbolic,200,0.16558442600802947,0.015909676526064218,0.17626370396864163,-0.02158966696348914,0.010563477178929415,0.0
512,64,1.0,False,0.5,0.8824969025845955,orf,cos,200,0.00738626836658844,0.00025270737838025255,0.009484156317176204,-0.002087094404074565,0.002404624733986465,0.0
512,64,1.0,False,0.5,0.8824969025845955,orf,positive,200,0.6130743408808326,0.18299055826722277,0.7872030360100734,0.023673102204827785,0.019920727334731776,0.0
512,64,1.0,False,0.5,0.8824969025845955,orf,hyperbolic,200,0.241027391751608,0.053087914641847096,0.30948529712701794,0.0035473272134482303,0.01222455031565242,0.0
512,64,1.0,False,0.75,0.7548396019890073,orf,cos,200,0.00922000731640198,0.0003456737117070528,0.016181616777859318,0.0029488263202679423,0.002612936781957981,0.0
512,64,1.0,False,0.75,0.7548396019890073,orf,positive,200,0.17194042892529315,0.01573304591632093,0.30176485050508695,-0.0034370302876807514,0.009903998367714599,0.0
512,64,1.0,False,0.75,0.7548396019890073,orf,hyperbolic,200,0.08201985420907736,0.006626380047269018,0.14394932709284597,0.00029937098036918804,0.006742897481141901,0.0
512,64,1.0,False,1.0,0.6065306597126334,orf,cos,200,0.010827695316812016,0.000376571916259766,0.029432727423781207,-0.0008306802860069046,0.00310469930378179,0.0
512,64,1.0,False,1.0,0.6065306597126334,orf,positive,200,0.1095816699109136,0.016699793223763346,0.2978738620510338,0.004878259540457302,0.008068512780792469,0.0
512,64,1.0,False,1.0,0.6065306597126334,orf,hyperbolic,200,0.04342968499654733,0.0045677260731558054,0.11805412354181503,0.007202807676415032,0.0052465670564194235,0.0
512,64,1.0,False,1.25,0.45783336177161427,orf,cos,200,0.011967969179712455,0.00043830995334252125,0.0570959876864198,-0.00010691257607542804,0.003371531584199445,0.0
512,64,1.0,False,1.25,0.45783336177161427,orf,positive,200,0.03996434677581859,0.009311759380240254,0.1906592352590577,0.004356238207002749,0.00524537333618406,0.0
512,64,1.0,False,1.25,0.45783336177161427,orf,hyperbolic,200,0.01546498962168154,0.002516230082390671,0.07377933914694072,0.0015275842286449604,0.003255891113486011,0.0
512,64,1.0,False,1.5,0.32465246735834974,orf,cos,200,0.014247811151494282,0.0005629928842104462,0.13517946845170092,0.0008128470490456643,0.004170127891243923,0.0
512,64,1.0,False,1.5,0.32465246735834974,orf,positive,200,0.008699874876244263,0.0012170962224193568,0.08254211463517788,0.004204215109141749,0.0023746167482925507,0.0
512,64,1.0,False,1.5,0.32465246735834974,orf,hyperbolic,200,0.0031651587601245505,0.00031321514321859523,0.030030190196197813,0.0022422106191823184,0.0013982996131135883,0.0
512,64,1.0,False,1.75,0.2162651668298873,orf,cos,200,0.014595326113092347,0.0005572543827688773,0.31206183217476563,-0.0008775301990104984,0.005051297060956738,0.0
512,64,1.0,False,1.75,0.2162651668298873,orf,positive,200,0.0010960800557771276,4.551114049942347e-05,0.023435224931987485,-0.0016338447178656569,0.0008336924556640901,0.0
512,64,1.0,False,1.75,0.2162651668298873,orf,hyperbolic,200,0.0003059427227421161,1.4056191694260836e-05,0.006541343842519528,-0.0005998221661539185,0.00045055929267088466,0.0
512,64,1.0,False,2.0,0.1353352832366127,orf,cos,200,0.01545781226902512,0.0009728310050065383,0.8439679534484111,-0.008616149233252896,0.006728097933581521,0.0
512,64,1.0,False,2.0,0.1353352832366127,orf,positive,200,0.0,0.0,0.0,0.0,0.0,0.0
512,64,1.0,False,2.0,0.1353352832366127,orf,hyperbolic,200,0.0,0.0,0.0,0.0,0.0,0.0
512,64,2.0,False,0.5,0.8824969025845955,orf,cos,200,0.008257213748373094,0.0002813761159128247,0.010602472323934508,-0.003075928145395962,0.002485429396728844,0.0
512,64,2.0,False,0.5,0.8824969025845955,orf,positive,200,23.645612458082233,14.165595567748326,30.361567389325884,-0.2809404096867603,0.12060946177476611,0.0
512,64,2.0,False,0.5,0.8824969025845955,orf,hyperbolic,200,25.377544699382806,12.965914838285768,32.585412407136786,-0.1404865161842773,0.1229196135469193,0.0
512,64,2.0,False,1.0,0.6065306597126334,orf,cos,200,0.010343911378423245,0.00033363647900675673,0.02811766633515866,0.0005884440966219617,0.0024690372480233617,0.0
512,64,2.0,False,1.0,0.6065306597126334,orf,positive,200,49.230753170898495,25.29008040776278,133.8230617458059,0.07682809878126326,0.173569999441197,0.0
512,64,2.0,False,1.0,0.6065306597126334,orf,hyperbolic,200,15.237655477699441,6.588729937377387,41.42024199334982,-0.03592109490885343,0.09532396122326818,0.0
512,64,2.0,False,1.5,0.32465246735834974,orf,cos,200,0.012638462512837945,0.00044389733614887437,0.11991039369952639,0.001392438698762637,0.0027238773819728097,0.0
512,64,2.0,False,1.5,0.32465246735834974,orf,positive,200,37.46272281850118,36.727450824451516,355.43641781265984,0.038925145779533474,0.1525701982303864,0.0
512,64,2.0,False,1.5,0.32465246735834974,orf,hyperbolic,200,10.019435086617916,9.164790836416378,95.06175333137278,-0.016979805583969564,0.07956685357565062,0.0
512,64,2.0,False,2.0,0.1353352832366127,orf,cos,200,0.015303719116791679,0.0005734943291876748,0.8355547524036897,-0.0018825630232936607,0.003416127966128687,0.0
512,64,2.0,False,2.0,0.1353352832366127,orf,positive,200,0.4525766471363546,0.37408542267595474,24.709847681848064,-0.023406765409266134,0.016515150559121592,0.0
512,64,2.0,False,2.0,0.1353352832366127,orf,hyperbolic,200,0.22356522943957266,0.10290001328460878,12.206247939136102,-0.018014678022175927,0.011337887614967842,0.0
512,64,2.0,False,2.5,0.04393693362340742,orf,cos,200,0.016712007275325225,0.0006129260547585771,8.6570340945691,-0.0013207439082291344,0.0031807528483854255,0.0
512,64,2.0,False,2.5,0.04393693362340742,orf,positive,200,0.2906687804523999,0.2839266146311102,150.57015600504982,0.004223627791775789,0.013497233373405129,0.0
512,64,2.0,False,2.5,0.04393693362340742,orf,hyperbolic,200,0.07918722964836739,0.07109315011168664,41.02000050781147,-0.00032700037059849805,0.007046003082552741,0.0
512,64,2.0,False,3.0,0.011108996538242306,orf,cos,200,0.015714673710348445,0.0005487517191340895,127.33731996941593,-0.0018071055191302404,0.003098232495076683,0.0
512,64,2.0,False,3.0,0.011108996538242306,orf,positive,200,0.000843646980702697,0.0005205026786752593,6.8361422898795245,0.0001753507011826845,0.0007212360343870774,0.0
512,64,2.0,False,3.0,0.011108996538242306,orf,hyperbolic,200,0.0004629812333187299,0.00016594448452543243,3.7515757904740297,0.0004093184993506524,0.0005277044692685895,0.0
512,64,2.0,False,3.5,0.002187491118182885,orf,cos,200,0.014978094466657483,0.0005510830105126896,3130.1414864543967,-0.00352582767672851,0.003040339958970024,0.0
512,64,2.0,False,3.5,0.002187491118182885,orf,positive,200,5.625075144347091e-06,2.887429648624835e-06,1.1755354536546418,3.762163101913196e-05,6.044626192814287e-05,0.0
512,64,2.0,False,3.5,0.002187491118182885,orf,hyperbolic,200,1.7785460383895688e-06,7.034862658924997e-07,0.3716828434167741,-6.265605897672326e-06,3.314750230992246e-05,0.0
512,64,2.0,False,4.0,0.00033546262790251185,orf,cos,200,0.016261260087730975,0.0010666824893436242,144499.35434230097,-0.0030657339106140934,0.006859753364823081,0.0
512,64,2.0,False,4.0,0.00033546262790251185,orf,positive,200,0.0,0.0,0.0,0.0,0.0,0.0
512,64,2.0,False,4.0,0.00033546262790251185,orf,hyperbolic,200,0.0,0.0,0.0,0.0,0.0,0.0
512,64,4.0,False,0.5,0.8824969025845955,orf,cos,200,0.008545592599450591,0.00028481077741995104,0.010972758098353224,-0.0020775032263048495,0.0021606626526967983,0.0
512,64,4.0,False,0.5,0.8824969025845955,orf,positive,200,0.7785828177154819,0.00011938415803552513,0.9997201269430374,-0.8823688050626233,7.086998643188937e-05,0.0
512,64,4.0,False,0.5,0.8824969025845955,orf,hyperbolic,200,0.7782105602073378,0.00029188410154931297,0.9992421388410275,-0.8821274981120111,0.00019527039780956992,0.0
512,64,4.0,False,1.0,0.6065306597126334,orf,cos,200,0.01036851586109167,0.0003535358815356313,0.028184548253294875,-0.0006671551602583067,0.0024258983482058787,0.0
512,64,4.0,False,1.0,0.6065306597126334,orf,positive,200,0.36783609664860095,2.0847914223959322e-05,0.999882177371197,-0.606494531645218,1.752553581476833e-05,0.0
512,64,4.0,False,1.0,0.6065306597126334,orf,hyperbolic,200,0.36759400789886776,0.00023019659445222898,0.999224111921923,-0.6061047189066854,0.0003799422974620815,0.0
512,64,4.0,False,1.5,0.32465246735834974,orf,cos,200,0.012547913355074427,0.000441045050231626,0.11905128721046138,-0.0012624723567253603,0.002695392246418061,0.0
512,64,4.0,False,1.5,0.32465246735834974,orf,positive,200,0.10538249699016947,7.320971083988605e-06,0.9998412932185752,-0.3246263729870506,1.1528852494074694e-05,0.0
512,64,4.0,False,1.5,0.32465246735834974,orf,hyperbolic,200,0.10537475908178137,8.452150380659415e-06,0.999767877987863,-0.32461433915122934,1.3303602485523273e-05,0.0
512,64,4.0,False,2.0,0.1353352832366127,orf,cos,200,0.015286158685999135,0.0005278515692744139,0.8345959853686317,-0.002959740532460607,0.0031887016650939807,0.0
512,64,4.0,False,2.0,0.1353352832366127,orf,positive,200,0.018305092941846055,5.845919415637232e-06,0.9994242108095605,-0.13529265857955475,2.479694318511259e-05,0.0
512,64,4.0,False,2.0,0.1353352832366127,orf,hyperbolic,200,0.02154865606903395,0.003239778897273327,1.1765167570697397,-0.1337994371498016,0.001509993158740385,0.0
512,64,4.0,False,2.5,0.04393693362340742,orf,cos,200,0.01603466267479553,0.0005667907703841718,8.306160904774863,-0.00016133067317045224,0.003069422508197711,0.0
512,64,4.0,False,2.5,0.04393693362340742,orf,positive,200,0.001926714772314398,1.4730022243792858e-06,0.9980629615368026,-0.04381075724739632,6.767738869451369e-05,0.0
512,64,4.0,False,2.5,0.04393693362340742,orf,hyperbolic,200,0.0019239822024904151,2.2939419586188653e-06,0.9966474553236778,-0.04383376466652304,4.12767857444429e-05,0.0
512,64,4.0,False,3.0,0.011108996538242306,orf,cos,200,0.01478979370410504,0.0005016691118406693,119.84293965588917,-0.0027626634334985173,0.003312989896434231,0.0
512,64,4.0,False,3.0,0.011108996538242306,orf,positive,200,0.0001232472538678341,9.646548045594676e-08,0.9986828419342498,-0.01109747025283302,8.399553611671705e-06,0.0
512,64,4.0,False,3.0,0.011108996538242306,orf,hyperbolic,200,0.00012314051249508708,9.760613827071837e-08,0.9978179076323359,-0.011074734246805096,1.7504813868794468e-05,0.0
512,64,4.0,False,3.5,0.002187491118182885,orf,cos,200,0.015668328285918534,0.0005439872310433235,3274.3874396250358,0.0020052944193588596,0.00323664436137271,0.0
512,64,4.0,False,3.5,0.002187491118182885,orf,positive,200,4.775624067227041e-06,2.726424129809431e-09,0.9980160727263279,-0.0021824255615246536,2.7986245677250797e-06,0.0
512,64,4.0,False,3.5,0.002187491118182885,orf,hyperbolic,200,5.1381818880285405e-06,3.691506731897775e-07,1.0737838734072196,-0.002165449317228859,1.673074058680673e-05,0.0
512,64,4.0,False,4.0,0.00033546262790251185,orf,cos,200,0.016168310567098342,0.0005736392276095079,143673.39462913116,-0.0036372248540430235,0.0029966515700503528,0.0
512,64,4.0,False,4.0,0.00033546262790251185,orf,positive,200,1.1795747812799984e-07,4.7959441182017065e-09,1.0481831873657965,-0.0003307119318778409,2.305401559433948e-06,0.0
512,64,4.0,False,4.0,0.00033546262790251185,orf,hyperbolic,200,1.1279233500582173e-07,8.689725617015032e-10,1.0022851547278808,-0.0003323416513036911,1.1975220824918697e-06,0.0
512,64,16.0,True,0.5,0.8824969025845955,orf,cos,200,0.008207571692213195,0.0003120751435051189,0.010538730662088557,-0.0001526484105321909,0.0023349424761466165,0.0
512,64,16.0,True,0.5,0.8824969025845955,orf,positive,200,0.7788007830714048,0.0,0.9999999999999997,-0.8824969025845953,0.0,1.0
512,64,16.0,True,0.5,0.8824969025845955,orf,hyperbolic,200,0.7788007830714048,0.0,0.9999999999999997,-0.8824969025845953,0.0,1.0
512,64,16.0,True,1.0,0.6065306597126334,orf,cos,200,0.010709829062754537,0.0003491139610616282,0.029112333727188223,0.0017237416829799063,0.0027358462939318148,0.0
512,64,16.0,True,1.0,0.6065306597126334,orf,positive,200,0.36787944117144233,0.0,1.0,-0.6065306597126332,1.5740324710485608e-17,1.0
512,64,16.0,True,1.0,0.6065306597126334,orf,hyperbolic,200,0.36787944117144233,0.0,1.0,-0.6065306597126332,1.5740324710485608e-17,1.0
512,64,16.0,True,1.5,0.32465246735834974,orf,cos,200,0.013782353782108686,0.0004674111518643305,0.13076333188788403,0.0029419614129375083,0.0029549963716395023,0.0
512,64,16.0,True,1.5,0.32465246735834974,orf,positive,200,0.10539922456186432,9.837702944053505e-19,0.9999999999999998,-0.3246524673583497,0.0,1.0
512,64,16.0,True,1.5,0.32465246735834974,orf,hyperbolic,200,0.10539922456186432,9.837702944053505e-19,0.9999999999999998,-0.3246524673583497,0.0,1.0
512,64,16.0,True,2.0,0.1353352832366127,orf,cos,200,0.014893286481084797,0.0005018701296955717,0.8131458897808665,0.0011800484923035648,0.0030846187621433184,0.0
512,64,16.0,True,2.0,0.1353352832366127,orf,positive,200,0.018315638888734186,2.4594257360133763e-19,1.0000000000000002,-0.13533528323661273,1.967540588810701e-18,1.0
512,64,16.0,True,2.0,0.1353352832366127,orf,hyperbolic,200,0.018315638888734186,2.4594257360133763e-19,1.0000000000000002,-0.13533528323661273,1.967540588810701e-18,1.0
512,64,16.0,True,2.5,0.04393693362340742,orf,cos,200,0.01493278113271968,0.0005312425560140145,7.735372134714244,-0.0025917443822963105,0.002987127316867616,0.0
512,64,16.0,True,2.5,0.04393693362340742,orf,positive,200,0.00193045413622771,1.5371410850083602e-20,1.0000000000000002,-0.04393693362340744,9.837702944053505e-19,1.0
512,64,16.0,True,2.5,0.04393693362340742,orf,hyperbolic,200,0.00193045413622771,1.5371410850083602e-20,1.0000000000000002,-0.04393693362340744,9.837702944053505e-19,1.0
512,64,16.0,True,3.0,0.011108996538242306,orf,cos,200,0.016069377624884598,0.0005151388788953864,130.21151555834192,-0.002393297742344229,0.003184459705375195,0.0
512,64,16.0,True,3.0,0.011108996538242306,orf,positive,200,0.00012340980408667956,1.9214263562604502e-21,1.0000000000000002,-0.011108996538242308,0.0,1.0
512,64,16.0,True,3.0,0.011108996538242306,orf,hyperbolic,200,0.00012340980408667956,1.9214263562604502e-21,1.0000000000000002,-0.011108996538242308,0.0,1.0
512,64,16.0,True,3.5,0.002187491118182885,orf,cos,200,0.014963139751210268,0.0005344126814870043,3127.016230745558,0.000706931439327554,0.0028254240576842857,0.0
512,64,16.0,True,3.5,0.002187491118182885,orf,positive,200,4.785117392129019e-06,6.004457363313907e-23,1.0000000000000022,-0.0021874911181828873,0.0,1.0
512,64,16.0,True,3.5,0.002187491118182885,orf,hyperbolic,200,4.785117392129019e-06,6.004457363313907e-23,1.0000000000000022,-0.0021874911181828873,0.0,1.0
512,64,16.0,True,4.0,0.00033546262790251185,orf,cos,200,0.015862254613511297,0.000559005918208829,140953.74760009724,4.700083073694378e-05,0.0030046590570610185,0.0
512,64,16.0,True,4.0,0.00033546262790251185,orf,positive,200,1.1253517471925884e-07,0.0,0.9999999999999974,-0.0003354626279025113,3.8428527125209005e-21,1.0
512,64,16.0,True,4.0,0.00033546262790251185,orf,hyperbolic,200,1.1253517471925884e-07,0.0,0.9999999999999974,-0.0003354626279025113,3.8428527125209005e-21,1.0
512,64,0.5,False,0.125,0.9922179382602435,simrf,cos,200,0.008116984192033485,0.00040812120756649725,0.008244808093692364,-0.001128598494231423,0.004348322760430345,0.0
512,64,0.5,False,0.125,0.9922179382602435,simrf,positive,200,0.023885968893455574,0.0009779180830944902,0.024262118170900352,0.0037379876855659568,0.0038514753157117645,0.0
512,64,0.5,False,0.125,0.9922179382602435,simrf,hyperbolic,200,0.007559380226246939,0.00031615703598811723,0.00767842314314583,-0.0002586679742488828,0.0022902929413805523,0.0
512,64,0.5,False,0.25,0.9692332344763441,simrf,cos,200,0.007997210145965281,0.0004199660033028484,0.008512985887181726,-0.003741728108857434,0.004394380118108109,0.0
512,64,0.5,False,0.25,0.9692332344763441,simrf,positive,200,0.019604676386092253,0.0007660553672425107,0.020869069381873006,0.003642659736224858,0.0035665036941225025,0.0
512,64,0.5,False,0.25,0.9692332344763441,simrf,hyperbolic,200,0.0059553584282785454,0.00023594436390258588,0.006339446047772283,0.001207500888031401,0.0019511280516231076,0.0
512,64,0.5,False,0.375,0.9321024923595276,simrf,cos,200,0.008188792615685767,0.0004456146440342453,0.009425242526193521,-0.001288699151178071,0.0044848529149317225,0.0
512,64,0.5,False,0.375,0.9321024923595276,simrf,positive,200,0.016025277607032148,0.0005961862082728191,0.0184449814624115,-0.0008053784302811891,0.003255980374311828,0.0
512,64,0.5,False,0.375,0.9321024923595276,simrf,hyperbolic,200,0.004811134074426813,0.00019424108397307716,0.005537581375628575,-0.0012921134865706086,0.0016661248523327527,0.0
512,64,0.5,False,0.5,0.8824969025845955,simrf,cos,200,0.008544437920851041,0.0005194236233167223,0.010971275461683297,-0.0038169998798464875,0.004787895362994143,0.0
512,64,0.5,False,0.5,0.8824969025845955,simrf,positive,200,0.012539277172525214,0.0004339913404069322,0.016100750596414772,0.00281485300552967,0.0028684318688573557,0.0
512,64,0.5,False,0.5,0.8824969025845955,simrf,hyperbolic,200,0.0035061707389502606,0.0001400295147426521,0.004502012344058975,0.00279946905515452,0.001519397481442262,0.0
512,64,0.5,False,0.625,0.8225775623986646,simrf,cos,200,0.009310566066392191,0.0005789322731882243,0.013760124651179184,-0.004242403693094328,0.005278081359892732,0.0
512,64,0.5,False,0.625,0.8225775623986646,simrf,positive,200,0.007763663325916223,0.0002998826137407471,0.011473950601135836,0.0001707424732285992,0.0023160029743610087,0.0
512,64,0.5,False,0.625,0.8225775623986646,simrf,hyperbolic,200,0.0017009746365970828,6.656396635378262e-05,0.0025138775517157853,-0.001361155106131647,0.001054512706010981,0.0
512,64,0.5,False,0.75,0.7548396019890073,simrf,cos,200,0.009953425317400883,0.0006579251216717974,0.01746880545601096,-0.0023491751975191853,0.005595150698703622,0.0
512,64,0.5,False,0.75,0.7548396019890073,simrf,positive,200,0.004236173364528774,0.00014846955483704824,0.007434715791107401,-0.0005494382158296726,0.0015567015217047204,0.0
512,64,0.5,False,0.75,0.7548396019890073,simrf,hyperbolic,200,0.000755172463992578,2.6388584786279075e-05,0.0013253689497383573,-0.00035345813356519695,0.0006965266103578948,0.0
512,64,0.5,False,0.875,0.6819407511903481,simrf,cos,200,0.01038269269390409,0.0007560631414308005,0.02232629776938289,-0.0038126458146969483,0.005949921933233743,0.0
512,64,0.5,False,0.875,0.6819407511903481,simrf,positive,200,0.0017481769563763888,6.562353170567968e-05,0.0037591711930902386,0.0007681194525086825,0.0010358125375237736,0.0
512,64,0.5,False,0.875,0.6819407511903481,simrf,hyperbolic,200,0.00017945785412949936,6.018473311518017e-06,0.0003858950280500995,-6.610342304723627e-05,0.0003412295576301496,0.0
512,64,0.5,False,1.0,0.6065306597126334,simrf,cos,200,0.011495570471189471,0.0009284902971676085,0.03124820031960472,-0.006645535693949999,0.006694814387216259,0.0
512,64,0.5,False,1.0,0.6065306597126334,simrf,positive,200,0.0,0.0,0.0,0.0,0.0,0.0
512,64,0.5,False,1.0,0.6065306597126334,simrf,hyperbolic,200,0.0,0.0,0.0,0.0,0.0,0.0
512,64,1.0,False,0.25,0.9692332344763441,simrf,cos,200,0.008435602720791021,0.00030788510733318583,0.00897965235391446,0.00254173397486003,0.0025065340603374966,0.0
512,64,1.0,False,0.25,0.9692332344763441,simrf,positive,200,0.37885867885458807,0.04596965001873155,0.40329296435364975,-0.016820132807885496,0.016043608859692537,0.0
512,64,1.0,False,0.25,0.9692332344763441,simrf,hyperbolic,200,0.1680135846148204,0.016938044217647375,0.17884952984540323,-0.02031352459226618,0.010567274388700974,0.0
512,64,1.0,False,0.5,0.8824969025845955,simrf,cos,200,0.007339704979076222,0.00025565544524016015,0.009424367744123436,-0.002100261798110851,0.0023994045991158662,0.0
512,64,1.0,False,0.5,0.8824969025845955,simrf,positive,200,0.6147574599111532,0.18039008810717552,0.7893642036243158,0.02413154856436634,0.020023164633580344,0.0
512,64,1.0,False,0.5,0.8824969025845955,simrf,hyperbolic,200,0.24685811027641397,0.054333456117736864,0.3169720879104208,0.00355540185453005,0.012407055309452663,0.0
512,64,1.0,False,0.75,0.7548396019890073,simrf,cos,200,0.009248062833470532,0.00034294466049972016,0.01623085574374391,0.0032389040717918875,0.002597361049951966,0.0
512,64,1.0,False,0.75,0.7548396019890073,simrf,positive,200,0.16322178449917696,0.015304929327485908,0.2864631530026508,-0.006561198480905746,0.009685712139782943,0.0
512,64,1.0,False,0.75,0.7548396019890073,simrf,hyperbolic,200,0.08107346775467367,0.006596296474593476,0.1422883671387606,-0.0006194934108777812,0.006669930969197199,0.0
512,64,1.0,False,1.0,0.6065306597126334,simrf,cos,200,0.01084352520066568,0.00037548719567824957,0.02947575750940724,-0.0009797451734946943,0.0030978310813680045,0.0
512,64,1.0,False,1.0,0.6065306597126334,simrf,positive,200,0.10712275969711854,0.016103700955671534,0.2911898510990623,0.0063702680122812135,0.007861930549391553,0.0
512,64,1.0,False,1.0,0.6065306597126334,simrf,hyperbolic,200,0.043666105644374904,0.004630632444365044,0.11869678149267725,0.007355245423406,0.005312061149692679,0.0
512,64,1.0,False,1.25,0.45783336177161427,simrf,cos,200,0.01200497142694297,0.0004362880326829546,0.05727251553508979,0.00024363704841998902,0.003382933389819741,0.0
512,64,1.0,False,1.25,0.45783336177161427,simrf,positive,200,0.03935120354300206,0.008872307792340365,0.18773409249296102,0.006101585574877555,0.005117637934019203,0.0
512,64,1.0,False,1.25,0.45783336177161427,simrf,hyperbolic,200,0.01548560171381045,0.0024208861974887867,0.07387767393880988,0.0018308266989853566,0.003240499880361812,0.0
512,64,1.0,False,1.5,0.32465246735834974,simrf,cos,200,0.014182222258519459,0.0005552548040445035,0.1345571783613566,0.0007260115267727595,0.00416609996721344,0.0
512,64,1.0,False,1.5,0.32465246735834974,simrf,positive,200,0.00847295859639632,0.0013309956586923365,0.0803891929150114,0.004069257649679347,0.002335166629352806,0.0
512,64,1.0,False,1.5,0.32465246735834974,simrf,hyperbolic,200,0.003213292972002773,0.00033762851694795864,0.0304868748831897,0.002283922505559876,0.0014149682941069735,0.0
512,64,1.0,False,1.75,0.2162651668298873,simrf,cos,200,0.014680734671636721,0.000566290694107245,0.31388794767614214,-0.0010270764727347012,0.005067233857998616,0.0
512,64,1.0,False,1.75,0.2162651668298873,simrf,positive,200,0.0009928830633277853,4.1357668207776346e-05,0.02122877594351441,-0.0015858603755265618,0.0007834198007966083,0.0
512,64,1.0,False,1.75,0.2162651668298873,simrf,hyperbolic,200,0.00030611943017844006,1.3733757322919052e-05,0.006545122014100681,-0.0006524295377316513,0.000453473024609329,0.0
512,64,1.0,False,2.0,0.1353352832366127,simrf,cos,200,0.015443088574209037,0.0009801593694382,0.8431640669498005,-0.008597938263673065,0.006725408463612491,0.0
512,64,1.0,False,2.0,0.1353352832366127,simrf,positive,200,0.0,0.0,0.0,0.0,0.0,0.0
512,64,1.0,False,2.0,0.1353352832366127,simrf,hyperbolic,200,0.0,0.0,0.0,0.0,0.0,0.0
512,64,2.0,False,0.5,0.8824969025845955,simrf,cos,200,0.00833226148546093,0.0002895149293071116,0.01069883552582019,-0.0029782862758508176,0.0024490363244064083,0.0
512,64,2.0,False,0.5,0.8824969025845955,simrf,positive,200,23.14186002003753,15.719812351414577,29.71473645515807,-0.28607097946049703,0.11901199441829244,0.0
512,64,2.0,False,0.5,0.8824969025845955,simrf,hyperbolic,200,15.121824072197343,5.7642295261890375,19.41680645538191,-0.19710032541324274,0.0941393826076291,0.0
512,64,2.0,False,1.0,0.6065306597126334,simrf,cos,200,0.010388158447692222,0.00033411336619247525,0.028237942339515088,0.0008800064981237215,0.002515144250453378,0.0
512,64,2.0,False,1.0,0.6065306597126334,simrf,positive,200,58.23975396944297,34.09322122510431,158.31206490906237,0.09787432595267705,0.18853617665825534,0.0
512,64,2.0,False,1.0,0.6065306597126334,simrf,hyperbolic,200,17.045866348605085,8.597061580885228,46.33546874575474,-0.031435524580633034,0.1008018844003752,0.0
512,64,2.0,False,1.5,0.32465246735834974,simrf,cos,200,0.012697726935244942,0.00044650613601821204,0.12047267888381834,0.0017142267496952092,0.0027023183777791387,0.0
512,64,2.0,False,1.5,0.32465246735834974,simrf,positive,200,31.105952133962973,30.41585447579024,295.1250567854534,0.024552042199220657,0.13893501212100806,0.0
512,64,2.0,False,1.5,0.32465246735834974,simrf,hyperbolic,200,8.372634729047364,7.588379172959003,79.43734656352262,-0.027052409404675043,0.07272379121885339,0.0
512,64,2.0,False,2.0,0.1353352832366127,simrf,cos,200,0.01525219115619528,0.0005695275093328695,0.8327414210801456,-0.002167630113808468,0.0033924018205951307,0.0
512,64,2.0,False,2.0,0.1353352832366127,simrf,positive,200,0.35921544221546425,0.2723551518776655,19.61249860830217,-0.02437664333473307,0.014646498472650515,0.0
512,64,2.0,False,2.0,0.1353352832366127,simrf,hyperbolic,200,0.17598440289337589,0.07492516053394681,9.60842283266584,-0.02117711684447405,0.010031912033727362,0.0
512,64,2.0,False,2.5,0.04393693362340742,simrf,cos,200,0.016617881591317305,0.0006172524463484915,8.608275783122318,-0.0012055788813070828,0.0031157653756200524,0.0
512,64,2.0,False,2.5,0.04393693362340742,simrf,positive,200,0.33672696268266,0.33016286788248234,174.42888508123607,0.005058518190263705,0.014525137713633025,0.0
512,64,2.0,False,2.5,0.04393693362340742,simrf,hyperbolic,200,0.09076793555173245,0.08262830825835742,47.01895468446694,-4.278024781214751e-05,0.007544160685112344,0.0
512,64,2.0,False,3.0,0.011108996538242306,simrf,cos,200,0.015821891601129963,0.0005520646241795532,128.2061155369562,-0.001928722014444063,0.003117305420699581,0.0
512,64,2.0,False,3.0,0.011108996538242306,simrf,positive,200,0.0009030148377995981,0.0005931831000935126,7.317205018536017,0.00017659831204487681,0.0007476638895721893,0.0
512,64,2.0,False,3.0,0.011108996538242306,simrf,hyperbolic,200,0.0004586255707699508,0.00017513080304927523,3.7162814912810753,0.0003510638114175417,0.0005293087731112902,0.0
512,64,2.0,False,3.5,0.002187491118182885,simrf,cos,200,0.015034840321517839,0.0005463317825634141,3142.000308341128,-0.0036199106432212723,0.0030588983415311827,0.0
512,64,2.0,False,3.5,0.002187491118182885,simrf,positive,200,5.501384458071817e-06,2.6299135903626952e-06,1.1496864146156558,3.3527511237802146e-05,5.9532786643527964e-05,0.0
512,64,2.0,False,3.5,0.002187491118182885,simrf,hyperbolic,200,1.758953213318287e-06,6.420318998812839e-07,0.3675883095807788,-4.508221896717381e-06,3.295427696801632e-05,0.0
512,64,2.0,False,4.0,0.00033546262790251185,simrf,cos,200,0.016299955324230054,0.0010653275736739523,144843.204490449,-0.002432575202113281,0.006860471808085341,0.0
512,64,2.0,False,4.0,0.00033546262790251185,simrf,positive,200,0.0,0.0,0.0,0.0,0.0,0.0
512,64,2.0,False,4.0,0.00033546262790251185,simrf,hyperbolic,200,0.0,0.0,0.0,0.0,0.0,0.0
512,64,4.0,False,0.5,0.8824969025845955,simrf,cos,200,0.008639743660936575,0.00028145533098988465,0.011093650454309356,-0.0008120509647034277,0.0021966151050621103,0.0
512,64,4.0,False,0.5,0.8824969025845955,simrf,positive,200,0.7786212906682549,8.894943305912203e-05,0.999769527192253,-0.8823927038148314,5.21678406082094e-05,0.0
512,64,4.0,False,0.5,0.8824969025845955,simrf,hyperbolic,200,0.7782970799320951,0.00024204632063370312,0.9993532323666606,-0.8821891098729074,0.0001561502490083469,0.0
512,64,4.0,False,1.0,0.6065306597126334,simrf,cos,200,0.010233113659438117,0.00036136462777097223,0.027816486909006677,-0.0008820011711266568,0.0023535894304144434,0.0
512,64,4.0,False,1.0,0.6065306597126334,simrf,positive,200,0.36783822540292954,1.9557937988132325e-05,0.9998879639254057,-0.6064963414387057,1.641064574185312e-05,0.0
512,64,4.0,False,1.0,0.6065306597126334,simrf,hyperbolic,200,0.36758664468959634,0.00022970451663548443,0.9992040966439613,-0.606119802999471,0.00035819215467621657,0.0
512,64,4.0,False,1.5,0.32465246735834974,simrf,cos,200,0.012660358246088556,0.0004464108646269214,0.12011813463255155,0.0002919745080330931,0.00270271796772212,0.0
512,64,4.0,False,1.5,0.32465246735834974,simrf,positive,200,0.10538503148107516,5.446970497696943e-06,0.999865339798768,-0.3246304269442938,8.50911758392482e-06,0.0
512,64,4.0,False,1.5,0.32465246735834974,simrf,hyperbolic,200,0.10537808275829928,6.170627966342812e-06,0.9997994121526705,-0.3246196699605941,9.62261807232357e-06,0.0
512,64,4.0,False,2.0,0.1353352832366127,simrf,cos,200,0.014975255143586214,0.0005220865658594904,0.817621227114135,-0.002726223287892168,0.003205117264981807,0.0
512,64,4.0,False,2.0,0.1353352832366127,simrf,positive,200,0.01830399133262816,6.612026532280647e-06,0.9993640649842039,-0.1352874671614515,2.8331662204989042e-05,0.0
512,64,4.0,False,2.0,0.1353352832366127,simrf,hyperbolic,200,0.020706466996384836,0.002398164059175375,1.1305347917249686,-0.1339953464806505,0.0013117113012749244,0.0
512,64,4.0,False,2.5,0.04393693362340742,simrf,cos,200,0.016282075674729553,0.0005779745826681947,8.434324011730356,-0.000971610715909544,0.0030980753607048684,0.0
512,64,4.0,False,2.5,0.04393693362340742,simrf,positive,200,0.0019276408725364144,1.8348815531482571e-06,0.9985426933287354,-0.04381556664824687,6.984849852137347e-05,0.0
512,64,4.0,False,2.5,0.04393693362340742,simrf,hyperbolic,200,0.0019248984821323167,1.9202148790052988e-06,0.9971220999291653,-0.04384696996312826,3.854455170367948e-05,0.0
512,64,4.0,False,3.0,0.011108996538242306,simrf,cos,200,0.014537755533441171,0.00047843684336326133,117.80065320604727,-0.0022879860726094593,0.003331524761177683,0.0
512,64,4.0,False,3.0,0.011108996538242306,simrf,positive,200,0.00012324088601441195,1.0463960803945589e-07,0.9986312426835315,-0.011098593919785021,7.382704372369788e-06,0.0
512,64,4.0,False,3.0,0.011108996538242306,simrf,hyperbolic,200,0.0001236708461842031,4.480236433936709e-07,1.0021152460248637,-0.01106075625640842,2.8804999890552037e-05,0.0
512,64,4.0,False,3.5,0.002187491118182885,simrf,cos,200,0.016158557435791608,0.0005636126683418527,3376.8361592070146,0.0016029604793590057,0.003206556376408541,0.0
512,64,4.0,False,3.5,0.002187491118182885,simrf,positive,200,4.7752039921358875e-06,2.7364994216769595e-09,0.9979282848923565,-0.0021829387742010337,2.4863970584992503e-06,0.0
512,64,4.0,False,3.5,0.002187491118182885,simrf,hyperbolic,200,5.278231705218702e-06,5.098477926191022e-07,1.1030516647095874,-0.0021632070387368274,1.932690005754496e-05,0.0
512,64,4.0,False,4.0,0.00033546262790251185,simrf,cos,200,0.015777263033201042,0.0005523774822661793,140198.5030241477,-0.005176887201688123,0.0028675006130915847,0.0
512,64,4.0,False,4.0,0.00033546262790251185,simrf,positive,200,1.1612449868485725e-07,3.6936385353920185e-09,1.0318951294522125,-0.0003314630351640417,1.9681576217188175e-06,0.0
512,64,4.0,False,4.0,0.00033546262790251185,simrf,hyperbolic,200,1.1248935555100117e-07,6.485965473532002e-10,0.999592845806902,-0.0003329117537637042,1.008900006061896e-06,0.0
512,64,16.0,True,0.5,0.8824969025845955,simrf,cos,200,0.008270157379749813,0.0003066730815550112,0.010619092275606453,0.00025065271262851823,0.0022719719333241972,0.0
512,64,16.0,True,0.5,0.8824969025845955,simrf,positive,200,0.7788007830714048,0.0,0.9999999999999997,-0.8824969025845953,0.0,1.0
512,64,16.0,True,0.5,0.8824969025845955,simrf,hyperbolic,200,0.7788007830714048,0.0,0.9999999999999997,-0.8824969025845953,0.0,1.0
512,64,16.0,True,1.0,0.6065306597126334,simrf,cos,200,0.01056194607744538,0.00035744153003383535,0.02871034609548407,-0.0036479034509175473,0.0025305296495247384,0.0
512,64,16.0,True,1.0,0.6065306597126334,simrf,positive,200,0.36787944117144233,0.0,1.0,-0.6065306597126332,1.5740324710485608e-17,1.0
512,64,16.0,True,1.0,0.6065306597126334,simrf,hyperbolic,200,0.36787944117144233,0.0,1.0,-0.6065306597126332,1.5740324710485608e-17,1.0
512,64,16.0,True,1.5,0.32465246735834974,simrf,cos,200,0.013436971056231976,0.00044876162967692605,0.1274864318223244,0.00651263586501638,0.0028279582495210837,0.0
512,64,16.0,True,1.5,0.32465246735834974,simrf,positive,200,0.10539922456186432,9.837702944053505e-19,0.9999999999999998,-0.3246524673583497,0.0,1.0
512,64,16.0,True,1.5,0.32465246735834974,simrf,hyperbolic,200,0.10539922456186432,9.837702944053505e-19,0.9999999999999998,-0.3246524673583497,0.0,1.0
512,64,16.0,True,2.0,0.1353352832366127,simrf,cos,200,0.014803562129518978,0.0005407667567311828,0.8082471061724493,0.004897906204593111,0.0031751357057887932,0.0
512,64,16.0,True,2.0,0.1353352832366127,simrf,positive,200,0.018315638888734186,2.4594257360133763e-19,1.0000000000000002,-0.13533528323661273,1.967540588810701e-18,1.0
512,64,16.0,True,2.0,0.1353352832366127,simrf,hyperbolic,200,0.018315638888734186,2.4594257360133763e-19,1.0000000000000002,-0.13533528323661273,1.967540588810701e-18,1.0
512,64,16.0,True,2.5,0.04393693362340742,simrf,cos,200,0.01522830766189781,0.0005581900798334587,7.888458666858239,-0.0014184849592012605,0.0029939580447731393,0.0
512,64,16.0,True,2.5,0.04393693362340742,simrf,positive,200,0.00193045413622771,1.5371410850083602e-20,1.0000000000000002,-0.04393693362340744,9.837702944053505e-19,1.0
512,64,16.0,True,2.5,0.04393693362340742,simrf,hyperbolic,200,0.00193045413622771,1.5371410850083602e-20,1.0000000000000002,-0.04393693362340744,9.837702944053505e-19,1.0
512,64,16.0,True,3.0,0.011108996538242306,simrf,cos,200,0.016206784634620545,0.0005001106890955483,131.32493609046946,-0.003266535219741958,0.003210361189285572,0.0
512,64,16.0,True,3.0,0.011108996538242306,simrf,positive,200,0.00012340980408667956,1.9214263562604502e-21,1.0000000000000002,-0.011108996538242308,0.0,1.0
512,64,16.0,True,3.0,0.011108996538242306,simrf,hyperbolic,200,0.00012340980408667956,1.9214263562604502e-21,1.0000000000000002,-0.011108996538242308,0.0,1.0
512,64,16.0,True,3.5,0.002187491118182885,simrf,cos,200,0.01565635382277859,0.0005779259834314305,3271.8850008845275,0.0035636705120811536,0.0032273284534470063,0.0
512,64,16.0,True,3.5,0.002187491118182885,simrf,positive,200,4.785117392129019e-06,6.004457363313907e-23,1.0000000000000022,-0.0021874911181828873,0.0,1.0
512,64,16.0,True,3.5,0.002187491118182885,simrf,hyperbolic,200,4.785117392129019e-06,6.004457363313907e-23,1.0000000000000022,-0.0021874911181828873,0.0,1.0
512,64,16.0,True,4.0,0.00033546262790251185,simrf,cos,200,0.015945513059214864,0.0005568494813853416,141693.59135038484,-0.002077356069017917,0.0032346413007687713,0.0
512,64,16.0,True,4.0,0.00033546262790251185,simrf,positive,200,1.1253517471925884e-07,0.0,0.9999999999999974,-0.0003354626279025113,3.8428527125209005e-21,1.0
512,64,16.0,True,4.0,0.00033546262790251185,simrf,hyperbolic,200,1.1253517471925884e-07,0.0,0.9999999999999974,-0.0003354626279025113,3.8428527125209005e-21,1.0
512,256,0.5,False,0.125,0.9922179382602435,rff,cos,200,0.0017858088871205823,7.985717184587994e-05,0.0018139312850664708,-0.00043303020507299726,0.0019899975467790694,0.0
512,256,0.5,False,0.125,0.9922179382602435,rff,positive,200,0.006385734858413415,0.00024029059484648583,0.00648629555007555,-0.0006856891609976903,0.00200787487201523,0.0
512,256,0.5,False,0.125,0.9922179382602435,rff,hyperbolic,200,0.0020320108116071707,7.466759178140522e-05,0.002064010325713355,-0.0007599407380350564,0.0011953504580029574,0.0
512,256,0.5,False,0.25,0.9692332344763441,rff,cos,200,0.0018673706034538465,8.393384931359879e-05,0.0019878056601227187,0.001575412137877515,0.002063137775729617,0.0
512,256,0.5,False,0.25,0.9692332344763441,rff,positive,200,0.005805838621062281,0.00021982670352879453,0.006180283041492103,0.0018578786164524022,0.002062417048396389,0.0
512,256,0.5,False,0.25,0.9692332344763441,rff,hyperbolic,200,0.0017572027713733396,6.899020137295367e-05,0.0018705326133220258,0.0006990683143239015,0.0011614632825344658,0.0
512,256,0.5,False,0.375,0.9321024923595276,rff,cos,200,0.0018509107799843777,0.00010518913697771648,0.002130385249014861,-0.00022532402435626543,0.0021370613677094506,0.0
512,256,0.5,False,0.375,0.9321024923595276,rff,positive,200,0.004647683047376987,0.000202128959846433,0.005349450396691699,-0.00010775443725062478,0.0015508401231092693,0.0
512,256,0.5,False,0.375,0.9321024923595276,rff,hyperbolic,200,0.0013416197342844417,5.322166101050263e-05,0.0015441948486198433,-0.00022872558902798087,0.000936112406025231,0.0
512,256,0.5,False,0.5,0.8824969025845955,rff,cos,200,0.001939912362203286,9.582939328545797e-05,0.002490896779215775,0.0011597380738412979,0.002201481524343908,0.0
512,256,0.5,False,0.5,0.8824969025845955,rff,positive,200,0.0033380882180531046,0.00011202881080615632,0.0042861901151260776,-0.0002503156575538915,0.0014051504711370102,0.0
512,256,0.5,False,0.5,0.8824969025845955,rff,hyperbolic,200,0.0008796467421422075,3.4041709686798994e-05,0.001129488774617162,-0.00010650266243326017,0.0007435510836985823,0.0
512,256,0.5,False,0.625,0.8225775623986646,rff,cos,200,0.0019907970537070894,9.900056057267055e-05,0.002942207317887035,-0.0006614741789906797,0.0022819670161831865,0.0
512,256,0.5,False,0.625,0.8225775623986646,rff,positive,200,0.0022788195636705855,8.747850799467885e-05,0.0033678769937351047,-0.00038944769648370183,0.001194205691085024,0.0
512,256,0.5,False,0.625,0.8225775623986646,rff,hyperbolic,200,0.0005093165519930932,1.7811261572872103e-05,0.000752721068983233,0.0006020066959064212,0.0005389418616713597,0.0
512,256,0.5,False,0.75,0.7548396019890073,rff,cos,200,0.0022765708881445205,0.00012617269824176548,0.003995506339138284,-0.001319513961440809,0.0025551212738940676,0.0
512,256,0.5,False,0.75,0.7548396019890073,rff,positive,200,0.0012165759064551981,4.199560983594963e-05,0.002135157210169892,0.000811396246210297,0.0007649829315943795,0.0
512,256,0.5,False,0.75,0.7548396019890073,rff,hyperbolic,200,0.00020626603035681028,7.540479524257469e-06,0.0003620081571504342,0.0003442634347348303,0.0003359592375676191,0.0
512,256,0.5,False,0.875,0.6819407511903481,rff,cos,200,0.0023196150492967803,0.00014626022127966552,0.00498795619091643,0.0002651859356689894,0.0027652125732256843,0.0
512,256,0.5,False,0.875,0.6819407511903481,rff,positive,200,0.0005049926298904911,1.9235685874763483e-05,0.0010859047993299897,-0.00045338005758763483,0.0005034903211077019,0.0
512,256,0.5,False,0.875,0.6819407511903481,rff,hyperbolic,200,5.2201752530284476e-05,1.766771374946959e-06,0.00011225140774502961,-0.00046253827213394973,0.00019261104214440304,0.0
512,256,0.5,False,1.0,0.6065306597126334,rff,cos,200,0.0024682055731853614,0.00015841787836713334,0.00670927835849111,0.00028804739497401344,0.0029869311545172735,0.0
512,256,0.5,False,1.0,0.6065306597126334,rff,positive,200,6.162975822039155e-33,0.0,1.675270518628148e-32,5.551115123125783e-17,0.0,0.0
512,256,0.5,False,1.0,0.6065306597126334,rff,hyperbolic,200,6.162975822039155e-33,0.0,1.675270518628148e-32,5.551115123125783e-17,0.0,0.0
512,256,1.0,False,0.25,0.9692332344763441,rff,cos,200,0.002032380729492138,7.539925128335696e-05,0.0021634580249558174,-0.0008733027928229431,0.0012219794997166997,0.0
512,256,1.0,False,0.25,0.9692332344763441,rff,positive,200,0.13974737142317614,0.01771081681494424,0.148760302528307,0.0027804710223061123,0.00930166276792444,0.0
512,256,1.0,False,0.25,0.9692332344763441,rff,hyperbolic,200,0.08809360211665267,0.012586929355040282,0.09377515131929136,0.01007904999246615,0.007162838442409488,0.0
512,256,1.0,False,0.5,0.8824969025845955,rff,cos,200,0.002052225366385145,6.796529812409228e-05,0.0026351095312098383,-7.39976949100038e-07,0.001162186342483192,0.0
512,256,1.0,False,0.5,0.8824969025845955,rff,positive,200,0.14537449650315298,0.03698908134120597,0.1866645484482316,0.011394651351209473,0.009123360368733539,0.0
512,256,1.0,False,0.5,0.8824969025845955,rff,hyperbolic,200,0.06298557730705501,0.010238476220872728,0.08087508214700925,0.004367895454117703,0.006466574135385389,0.0
512,256,1.0,False,0.75,0.7548396019890073,rff,cos,200,0.002356864792529583,7.696760038632377e-05,0.004136426529954812,0.00038027850832799526,0.0013672680581556865,0.0
512,256,1.0,False,0.75,0.7548396019890073,rff,positive,200,0.06929217991351531,0.01078655093330541,0.12161156304814591,-0.003719698680593523,0.006325076383893287,0.0
512,256,1.0,False,0.75,0.7548396019890073,rff,hyperbolic,200,0.03166495213083098,0.003344513696063306,0.055573721699639846,0.0003077120770803482,0.004324079318625568,0.0
512,256,1.0,False,1.0,0.6065306597126334,rff,cos,200,0.0027096833766823646,8.968164618699098e-05,0.007365683083713217,-0.00023359778291747957,0.0015009838298780007,0.0
512,256,1.0,False,1.0,0.6065306597126334,rff,positive,200,0.02508895035133813,0.003987568024172603,0.06819883783515361,0.0006581294785512287,0.004462221266629015,0.0
512,256,1.0,False,1.0,0.6065306597126334,rff,hyperbolic,200,0.012182101109134216,0.001395899987963237,0.03311438407741032,0.0003842552343006335,0.0030601780239393863,0.0
512,256,1.0,False,1.25,0.45783336177161427,rff,cos,200,0.003161868714877776,0.00010717273861231856,0.015084431995092665,-0.00020757484453210354,0.0016325394804318197,0.0
512,256,1.0,False,1.25,0.45783336177161427,rff,positive,200,0.00757702931893131,0.0005893492995582639,0.036147985192566984,-0.004982727623671122,0.00218729132705961,0.0
512,256,1.0,False,1.25,0.45783336177161427,rff,hyperbolic,200,0.0034653918362154068,0.0001869924016237974,0.01653245982155248,-0.001272936928246212,0.0014170572030172074,0.0
512,256,1.0,False,1.5,0.32465246735834974,rff,cos,200,0.0035361808099904817,0.0001304274526348689,0.033550349394790006,-0.00089722272650795,0.0019609977875124016,0.0
512,256,1.0,False,1.5,0.32465246735834974,rff,positive,200,0.0019408817461131769,0.00011742875572519752,0.018414573296732097,-0.001208881149118883,0.001000293116746796,0.0
512,256,1.0,False,1.5,0.32465246735834974,rff,hyperbolic,200,0.0007720889597483124,3.565752514978671e-05,0.007325376092260838,-0.0002584550089359123,0.0006647302231716188,0.0
512,256,1.0,False,1.75,0.2162651668298873,rff,cos,200,0.003537162601634984,0.00012294522533834066,0.07562787111526939,0.0003279588728615308,0.002246959952006555,0.0
512,256,1.0,False,1.75,0.2162651668298873,rff,positive,200,0.000287060972385983,9.863113505650583e-06,0.006137634218962989,-0.00012294687913938566,0.0004259239848318908,0.0
512,256,1.0,False,1.75,0.2162651668298873,rff,hyperbolic,200,8.696263221684554e-05,3.4808178326560813e-06,0.0018593430616110698,5.037926219371785e-05,0.00023512809454299873,0.0
512,256,1.0,False,2.0,0.1353352832366127,rff,cos,200,0.003387728056606155,0.00018365862497107192,0.184963684706075,-5.007244852164125e-05,0.003074196238953362,0.0
512,256,1.0,False,2.0,0.1353352832366127,rff,positive,200,1.2518544638517033e-33,0.0,6.834893783703663e-32,2.42861286636753e-17,0.0,0.0
512,256,1.0,False,2.0,0.1353352832366127,rff,hyperbolic,200,1.2518544638517033e-33,0.0,6.834893783703663e-32,2.42861286636753e-17,0.0,0.0
512,256,2.0,False,0.5,0.8824969025845955,rff,cos,200,0.002110180756953656,7.631526987065183e-05,0.002709525725733872,0.001788924324919981,0.0011922360379702608,0.0
512,256,2.0,False,0.5,0.8824969025845955,rff,positive,200,29.901186099256403,17.91148886705518,38.3938829405554,-0.11941745822083127,0.13837149301371227,0.0
512,256,2.0,False,0.5,0.8824969025845955,rff,hyperbolic,200,8.696816081518122,4.44183460487478,11.166932892927957,-0.21498360669247651,0.07288079514692913,0.0
512,256,2.0,False,1.0,0.6065306597126334,rff,cos,200,0.002973448600050591,0.00011278471267566656,0.008082671297374508,0.0017184101508525107,0.0014737842188336915,0.0
512,256,2.0,False,1.0,0.6065306597126334,rff,positive,200,10.232684522627839,6.906564354676182,27.815320394213373,-0.06586942470807683,0.07837611655940757,0.0
512,256,2.0,False,1.0,0.6065306597126334,rff,hyperbolic,200,5.824784058760793,2.7391845192638495,15.833404661627386,-0.05990174535360996,0.057855362744613476,0.0
512,256,2.0,False,1.5,0.32465246735834974,rff,cos,200,0.003623267153504929,0.00012385867488010454,0.034376601617009464,0.0016290942425950742,0.0016369986575880183,0.0
512,256,2.0,False,1.5,0.32465246735834974,rff,positive,200,0.9358605398482837,0.4340238379880149,8.879197581752397,-0.0724503614347496,0.025888751483840972,0.0
512,256,2.0,False,1.5,0.32465246735834974,rff,hyperbolic,200,0.4398291740410386,0.1556161632417173,4.172983016425133,-0.07680342610558126,0.016256256006850975,0.0
512,256,2.0,False,2.0,0.1353352832366127,rff,cos,200,0.003992722303545529,0.00014572621797950694,0.21799525136966003,4.76933178237661e-05,0.001576086113558422,0.0
512,256,2.0,False,2.0,0.1353352832366127,rff,positive,200,0.39173784530634387,0.21813762368875173,21.38816165169641,-0.006023321017724523,0.015323574979587922,0.0
512,256,2.0,False,2.0,0.1353352832366127,rff,hyperbolic,200,0.19304803738757922,0.0867682556087848,10.540065708891088,-0.005152489265092213,0.010751037438160116,0.0
512,256,2.0,False,2.5,0.04393693362340742,rff,cos,200,0.0038363665549105896,0.00014220523659170677,1.9872870755723904,-0.002829885627560795,0.0015823066709145489,0.0
512,256,2.0,False,2.5,0.04393693362340742,rff,positive,200,0.0044930833167321545,0.0012376866384744894,2.327474780370626,-0.005811647388190455,0.001653620944095353,0.0
512,256,2.0,False,2.5,0.04393693362340742,rff,hyperbolic,200,0.0685744302668514,0.0649585382093349,35.522434322553934,0.002392554786613684,0.0065979129523559815,0.0
512,256,2.0,False,3.0,0.011108996538242306,rff,cos,200,0.004031004520142513,0.00014650670242627074,32.663567939150525,-0.004564335013171143,0.0015222636647963656,0.0
512,256,2.0,False,3.0,0.011108996538242306,rff,positive,200,0.0005824630444125434,0.00037252530996518255,4.719746933585908,0.0009595575494860114,0.0006264320475070423,0.0
512,256,2.0,False,3.0,0.011108996538242306,rff,hyperbolic,200,0.00022789547341605106,0.00012631491953883867,1.8466561478047867,0.0005185519963488076,0.0003892308933726785,0.0
512,256,2.0,False,3.5,0.002187491118182885,rff,cos,200,0.004038755110183534,0.0001363327029499346,844.0242483552946,-0.0007903978647889013,0.0016975641220356174,0.0
512,256,2.0,False,3.5,0.002187491118182885,rff,positive,200,7.173726364934828e-07,8.266789504348003e-08,0.14991745817427213,2.144084907502679e-05,2.13905657352276e-05,0.0
512,256,2.0,False,3.5,0.002187491118182885,rff,hyperbolic,200,3.448473637028781e-07,3.276288212619735e-08,0.07206664652995014,2.296052216191437e-05,1.5010941004950126e-05,0.0
512,256,2.0,False,4.0,0.00033546262790251185,rff,cos,200,0.00378780042474879,0.0001917762781827208,33658.81320394441,0.0002366447049432427,0.0032361492370444546,0.0
512,256,2.0,False,4.0,0.00033546262790251185,rff,positive,200,8.448865646535191e-39,0.0,7.50775539080339e-32,2.0328790734103208e-20,0.0,0.0
512,256,2.0,False,4.0,0.00033546262790251185,rff,hyperbolic,200,8.448865646535191e-39,0.0,7.50775539080339e-32,2.0328790734103208e-20,0.0,0.0
512,256,4.0,False,0.5,0.8824969025845955,rff,cos,200,0.0020462400277864914,7.486557474954572e-05,0.0026274242043216847,0.002177977648605822,0.0011173088559438616,0.0
512,256,4.0,False,0.5,0.8824969025845955,rff,positive,200,0.7780370253187605,0.00042940337962471206,0.9990193156334122,-0.8819720590627602,0.0003174531849708064,0.0
512,256,4.0,False,0.5,0.8824969025845955,rff,hyperbolic,200,0.8957043435910392,0.11777658774905178,1.150107143008504,-0.8728228041932968,0.009148108066273876,0.0
512,256,4.0,False,1.0,0.6065306597126334,rff,cos,200,0.0027400044487675725,0.00010474501865839118,0.007448104302981835,0.0013412561755312311,0.0013083260828083809,0.0
512,256,4.0,False,1.0,0.6065306597126334,rff,positive,200,0.3675376100712631,0.00017811618573192385,0.9990708067319807,-0.6062018980646962,0.00018782699348464393,0.0
512,256,4.0,False,1.0,0.6065306597126334,rff,hyperbolic,200,0.3675895550192746,0.00010926454767906566,0.9992120077402405,-0.6062781622837758,0.0001000454113409189,0.0
512,256,4.0,False,1.5,0.32465246735834974,rff,cos,200,0.0036634270475108667,0.00012645276792372855,0.034757628082553955,0.0016614239832065314,0.0015597463278696404,0.0
512,256,4.0,False,1.5,0.32465246735834974,rff,positive,200,0.7049908878237531,0.5996850147647007,6.6887673107116346,-0.3049344608777794,0.019563339660938085,0.0
512,256,4.0,False,1.5,0.32465246735834974,rff,hyperbolic,200,0.25200511777491763,0.14674608313496104,2.3909579868588366,-0.3146463088384793,0.009781110163683293,0.0
512,256,4.0,False,2.0,0.1353352832366127,rff,cos,200,0.003648053055243943,0.00014352589711467663,0.199176948039079,-0.0022068599375929202,0.0015039683542448661,0.0
512,256,4.0,False,2.0,0.1353352832366127,rff,positive,200,0.018283846118631694,1.2718398216245873e-05,0.9982641735679751,-0.13519834616244245,5.9764739235234575e-05,0.0
512,256,4.0,False,2.0,0.1353352832366127,rff,hyperbolic,200,0.018287936755096896,7.996983477999429e-06,0.9984875147514333,-0.13522673588800113,3.306554073324625e-05,0.0
512,256,4.0,False,2.5,0.04393693362340742,rff,cos,200,0.0038984495777470234,0.00014131902945041332,2.0194468775958407,-0.002146270958600479,0.0016089595868555252,0.0
512,256,4.0,False,2.5,0.04393693362340742,rff,positive,200,0.0019247444208212998,1.7597231460038074e-06,0.9970422941942734,-0.043852541646237315,3.22989437322387e-05,0.0
512,256,4.0,False,2.5,0.04393693362340742,rff,hyperbolic,200,0.0019261148360055246,1.2130605259912828e-06,0.997752186834822,-0.04388218845247944,1.6943623677996295e-05,0.0
512,256,4.0,False,3.0,0.011108996538242306,rff,cos,200,0.0038235294362797723,0.00013195518495517998,30.982379921729994,-0.0018131019880085343,0.001525197968197117,0.0
512,256,4.0,False,3.0,0.011108996538242306,rff,positive,200,0.0001230197244565426,1.044424995597295e-07,0.9968391520185628,-0.011077802118975067,1.3636178608655565e-05,0.0
512,256,4.0,False,3.0,0.011108996538242306,rff,hyperbolic,200,0.00012280122764457422,1.436246061102744e-07,0.9950686540132754,-0.011068624874829805,1.3174606291504194e-05,0.0
512,256,4.0,False,3.5,0.002187491118182885,rff,cos,200,0.003938226846721118,0.00013579188176261552,823.0157222890848,0.001407604347484216,0.0015171417791975813,0.0
512,256,4.0,False,3.5,0.002187491118182885,rff,positive,200,4.761337295866687e-06,5.778104932111696e-09,0.9950304048336542,-0.0021753442881311397,4.220193991393054e-06,0.0
512,256,4.0,False,3.5,0.002187491118182885,rff,hyperbolic,200,4.754450501343012e-06,6.285024126945579e-09,0.9935911936379156,-0.002178567684546562,2.2277900240879566e-06,0.0
512,256,4.0,False,4.0,0.00033546262790251185,rff,cos,200,0.0038043020533140228,0.00014000256151345923,33805.44849914344,0.0005005691611669986,0.0015489797422097637,0.0
512,256,4.0,False,4.0,0.00033546262790251185,rff,positive,200,1.1382650819341013e-07,1.8560356536252946e-09,1.0114749319701373,-0.0003323872405852831,1.4378063023906368e-06,0.0
512,256,4.0,False,4.0,0.00033546262790251185,rff,hyperbolic,200,1.2582674666945785e-07,1.196435257096587e-08,1.1181103773407481,-0.00032793701567694985,3.3565884234532044e-06,0.0
512,256,16.0,True,0.5,0.8824969025845955,rff,cos,200,0.0020043368647615274,6.38890301777636e-05,0.0025736194779580213,-0.0019128997104596816,0.0010754590100707493,0.0
512,256,16.0,True,0.5,0.8824969025845955,rff,positive,200,0.7788007830714048,0.0,0.9999999999999997,-0.8824969025845953,0.0,1.0
512,256,16.0,True,0.5,0.8824969025845955,rff,hyperbolic,200,0.7788007830714048,0.0,0.9999999999999997,-0.8824969025845953,0.0,1.0
512,256,16.0,True,1.0,0.6065306597126334,rff,cos,200,0.002761633064957572,0.00010124350314391547,0.0075068969773458265,-0.0012705383358951965,0.00127280317228845,0.0
512,256,16.0,True,1.0,0.6065306597126334,rff,positive,200,0.36787944117144233,0.0,1.0,-0.6065306597126332,1.5740324710485608e-17,1.0
512,256,16.0,True,1.0,0.6065306597126334,rff,hyperbolic,200,0.36787944117144233,0.0,1.0,-0.6065306597126332,1.5740324710485608e-17,1.0
512,256,16.0,True,1.5,0.32465246735834974,rff,cos,200,0.003411151237008114,0.00012380805103472516,0.032364101834600596,0.0008654504785586939,0.001373390902839577,0.0
512,256,16.0,True,1.5,0.32465246735834974,rff,positive,200,0.10539922456186432,9.837702944053505e-19,0.9999999999999998,-0.3246524673583497,0.0,1.0
512,256,16.0,True,1.5,0.32465246735834974,rff,hyperbolic,200,0.10539922456186432,9.837702944053505e-19,0.9999999999999998,-0.3246524673583497,0.0,1.0
512,256,16.0,True,2.0,0.1353352832366127,rff,cos,200,0.003934776759926965,0.00013805661010560886,0.2148315318854216,0.0003767151424743767,0.0016780922300671636,0.0
512,256,16.0,True,2.0,0.1353352832366127,rff,positive,200,0.018315638888734186,2.4594257360133763e-19,1.0000000000000002,-0.13533528323661273,1.967540588810701e-18,1.0
512,256,16.0,True,2.0,0.1353352832366127,rff,hyperbolic,200,0.018315638888734186,2.4594257360133763e-19,1.0000000000000002,-0.13533528323661273,1.967540588810701e-18,1.0
512,256,16.0,True,2.5,0.04393693362340742,rff,cos,200,0.0039315949684025795,0.00013666767974115617,2.036616615034061,0.00011691882093810155,0.0014379234189027719,0.0
512,256,16.0,True,2.5,0.04393693362340742,rff,positive,200,0.00193045413622771,1.5371410850083602e-20,1.0000000000000002,-0.04393693362340744,9.837702944053505e-19,1.0
512,256,16.0,True,2.5,0.04393693362340742,rff,hyperbolic,200,0.00193045413622771,1.5371410850083602e-20,1.0000000000000002,-0.04393693362340744,9.837702944053505e-19,1.0
512,256,16.0,True,3.0,0.011108996538242306,rff,cos,200,0.004231026726642268,0.00014320716712023176,34.28436466579685,0.00085710485711569,0.0017050983596946221,0.0
512,256,16.0,True,3.0,0.011108996538242306,rff,positive,200,0.00012340980408667956,1.9214263562604502e-21,1.0000000000000002,-0.011108996538242308,0.0,1.0
512,256,16.0,True,3.0,0.011108996538242306,rff,hyperbolic,200,0.00012340980408667956,1.9214263562604502e-21,1.0000000000000002,-0.011108996538242308,0.0,1.0
512,256,16.0,True,3.5,0.002187491118182885,rff,cos,200,0.004063441706637484,0.00014107699380607006,849.1832851000476,-0.0016830580210796004,0.0015947634075441195,0.0
512,256,16.0,True,3.5,0.002187491118182885,rff,positive,200,4.785117392129019e-06,6.004457363313907e-23,1.0000000000000022,-0.0021874911181828873,0.0,1.0
512,256,16.0,True,3.5,0.002187491118182885,rff,hyperbolic,200,4.785117392129019e-06,6.004457363313907e-23,1.0000000000000022,-0.0021874911181828873,0.0,1.0
512,256,16.0,True,4.0,0.00033546262790251185,rff,cos,200,0.0037498679240492478,0.00014315693222351127,33321.740810409035,-0.001739183097903588,0.001453980829537625,0.0
512,256,16.0,True,4.0,0.00033546262790251185,rff,positive,200,1.1253517471925884e-07,0.0,0.9999999999999974,-0.0003354626279025113,3.8428527125209005e-21,1.0
512,256,16.0,True,4.0,0.00033546262790251185,rff,hyperbolic,200,1.1253517471925884e-07,0.0,0.9999999999999974,-0.0003354626279025113,3.8428527125209005e-21,1.0
512,256,0.5,False,0.125,0.9922179382602435,orf,cos,200,0.0019953011507277364,0.0001049203783450608,0.0020267225717920754,-0.0011742510019119036,0.0021680905929935194,0.0
512,256,0.5,False,0.125,0.9922179382602435,orf,positive,200,0.0056767234775271505,0.00022098229957282558,0.005766118864578445,0.0029596147935262505,0.0019597423619365445,0.0
512,256,0.5,False,0.125,0.9922179382602435,orf,hyperbolic,200,0.0011630996134568156,4.019236340724735e-05,0.0011814157672268204,-0.00021715241958754613,0.0008261053811429163,0.0
512,256,0.5,False,0.25,0.9692332344763441,orf,cos,200,0.0019452520365893528,0.00010357012079841402,0.002070710014148047,-0.0015023865659914595,0.002140114896925613,0.0
512,256,0.5,False,0.25,0.9692332344763441,orf,positive,200,0.005122503722398073,0.0001898949478133974,0.005452876828278857,0.0036378429650159305,0.001866258894325004,0.0
512,256,0.5,False,0.25,0.9692332344763441,orf,hyperbolic,200,0.0009531438361872119,3.898989365581839e-05,0.0010146163321729988,0.0010522244720483874,0.0007053412714175777,0.0
512,256,0.5,False,0.375,0.9321024923595276,orf,cos,200,0.001961130586512293,0.00010522001662594731,0.002257247468693718,-0.002245203949450568,0.002216102210895998,0.0
512,256,0.5,False,0.375,0.9321024923595276,orf,positive,200,0.003932508858009562,0.00014143182392130837,0.0045262899505045615,-0.001780040820792734,0.0014473302938996509,0.0
512,256,0.5,False,0.375,0.9321024923595276,orf,hyperbolic,200,0.0007401998847286395,2.647871216397396e-05,0.0008519648449838861,-0.0003628489090662753,0.0007235331577188972,0.0
512,256,0.5,False,0.5,0.8824969025845955,orf,cos,200,0.00201358832407362,0.00012066278441023917,0.0025854985868562007,-0.002007296243883448,0.002366059802604792,0.0
512,256,0.5,False,0.5,0.8824969025845955,orf,positive,200,0.00298192776525054,0.00010400715420508529,0.00382887104130857,0.0008399142646779697,0.0013807891582886544,0.0
512,256,0.5,False,0.5,0.8824969025845955,orf,hyperbolic,200,0.0004855167912885132,1.9770170513419382e-05,0.0006234159002431283,-7.665625197358431e-05,0.0005038389530629357,0.0
512,256,0.5,False,0.625,0.8225775623986646,orf,cos,200,0.0020052893309790115,0.0001368342810462439,0.0029636255152682787,-0.0018750072642492966,0.0024274984866028354,0.0
512,256,0.5,False,0.625,0.8225775623986646,orf,positive,200,0.001822454712354628,6.313340903588217e-05,0.0026934134653367973,-0.0008731935451928188,0.0011672491211080162,0.0
512,256,0.5,False,0.625,0.8225775623986646,orf,hyperbolic,200,0.0002587276559188725,9.348193686012212e-06,0.00038237468815154627,-0.0005708508863402591,0.00041965195119340887,0.0
512,256,0.5,False,0.75,0.7548396019890073,orf,cos,200,0.0021128323907697666,0.00013313697966718535,0.0037081363267970403,-0.0009534196748397876,0.002573264747005261,0.0
512,256,0.5,False,0.75,0.7548396019890073,orf,positive,200,0.0010974455284771462,4.243106643278476e-05,0.0019260768855140714,-0.0011970265400831658,0.0008666144746711255,0.0
512,256,0.5,False,0.75,0.7548396019890073,orf,hyperbolic,200,0.00010646378927741805,3.974703412106774e-06,0.00018684976916897246,-2.818525143756599e-05,0.00025992678878934716,0.0
512,256,0.5,False,0.875,0.6819407511903481,orf,cos,200,0.0022188649200688914,0.00016739355872376498,0.004771309368000606,-0.0014933107195298668,0.0028302305109656374,0.0
512,256,0.5,False,0.875,0.6819407511903481,orf,positive,200,0.00045163242658698995,1.532682133022881e-05,0.000971162330963548,0.0010174885360580322,0.0005515501132223173,0.0
512,256,0.5,False,0.875,0.6819407511903481,orf,hyperbolic,200,2.5035485559002816e-05,8.884978217746067e-07,5.383475384180002e-05,-2.2716795179810735e-05,0.00012565200529964302,0.0
512,256,0.5,False,1.0,0.6065306597126334,orf,cos,200,0.002326711691577534,0.0002029300495857971,0.0063246581112784165,-0.0014291994399941016,0.0031365611672823056,0.0
512,256,0.5,False,1.0,0.6065306597126334,orf,positive,200,6.162975822039155e-33,0.0,1.675270518628148e-32,5.551115123125783e-17,0.0,0.0
512,256,0.5,False,1.0,0.6065306597126334,orf,hyperbolic,200,6.162975822039155e-33,0.0,1.675270518628148e-32,5.551115123125783e-17,0.0,0.0
512,256,1.0,False,0.25,0.9692332344763441,orf,cos,200,0.0020100101795700316,7.983149527193446e-05,0.00213964469852079,0.00018318130064885396,0.0012970671994877486,0.0
512,256,1.0,False,0.25,0.9692332344763441,orf,positive,200,0.13361044601638286,0.044822245140200126,0.1422275794379833,-0.015913514308708198,0.008833715689769346,0.0
512,256,1.0,False,0.25,0.9692332344763441,orf,hyperbolic,200,0.05165876206784517,0.011434340142678663,0.05499046597577728,-0.01467783986125515,0.0051728363507912755,0.0
512,256,1.0,False,0.5,0.8824969025845955,orf,cos,200,0.001959847290623929,6.709754363932012e-05,0.002516493733987731,-0.00072988672521464,0.0012124344522565862,0.0
512,256,1.0,False,0.5,0.8824969025845955,orf,positive,200,0.10187709602220227,0.01835814957356902,0.13081278067084529,-0.00793788879328357,0.007463577011213906,0.0
512,256,1.0,False,0.5,0.8824969025845955,orf,hyperbolic,200,0.05123479492711008,0.009576669571996127,0.0657867789051935,-0.00014752694066839546,0.005832392169156073,0.0
512,256,1.0,False,0.75,0.7548396019890073,orf,cos,200,0.002167985156670742,7.009535077937504e-05,0.0038049324454357877,-0.0007644659921136035,0.0013045025291089768,0.0
512,256,1.0,False,0.75,0.7548396019890073,orf,positive,200,0.03851415199049501,0.002336857499744237,0.06759444180979501,-0.00321350515488284,0.005082900168280333,0.0
512,256,1.0,False,0.75,0.7548396019890073,orf,hyperbolic,200,0.016678684732015267,0.0008660809550515237,0.029272003310896022,-0.004119046832047046,0.003449099668488711,0.0
512,256,1.0,False,1.0,0.6065306597126334,orf,cos,200,0.0023461087972286177,8.42004070382004e-05,0.006377384911094458,4.8270193978051724e-05,0.0013272007520589385,0.0
512,256,1.0,False,1.0,0.6065306597126334,orf,positive,200,0.024113698659263674,0.003959137582384787,0.06554782888241369,-0.001336463717997389,0.0035986290164543803,0.0
512,256,1.0,False,1.0,0.6065306597126334,orf,hyperbolic,200,0.009846354973535,0.0014621989940863422,0.026765167801117536,0.0016124403849505154,0.0023421321932819215,0.0
512,256,1.0,False,1.25,0.45783336177161427,orf,cos,200,0.0026983954208798524,9.098121474757338e-05,0.012873324572460945,-0.0016549399894195723,0.0016588237985556706,0.0
512,256,1.0,False,1.25,0.45783336177161427,orf,positive,200,0.006898054965673706,0.0006100097849630642,0.03290877971577594,0.00115882119707307,0.0022753393611542267,0.0
512,256,1.0,False,1.25,0.45783336177161427,orf,hyperbolic,200,0.002410504469237297,0.00017907872881838444,0.011499873656671575,-0.000626142037286061,0.0013031215072595679,0.0
512,256,1.0,False,1.5,0.32465246735834974,orf,cos,200,0.0030150407225550844,0.00011279161805358352,0.028605909911466176,-0.0007011505413154999,0.0018208945278388802,0.0
512,256,1.0,False,1.5,0.32465246735834974,orf,positive,200,0.0017663475572199767,0.0001223133189541862,0.01675863901810031,0.0011209151665009642,0.0010944585823481827,0.0
512,256,1.0,False,1.5,0.32465246735834974,orf,hyperbolic,200,0.0005756661945112607,5.358779185505879e-05,0.005461768783444625,0.0012526057369909797,0.0006028344422830779,0.0
512,256,1.0,False,1.75,0.2162651668298873,orf,cos,200,0.0030992007604758063,0.00014032482019812415,0.06626383405876475,-0.0012104418282272665,0.002188076342900602,0.0
512,256,1.0,False,1.75,0.2162651668298873,orf,positive,200,0.0002494618147381037,9.548877192190376e-06,0.005333728781502427,0.00025682530313605756,0.00039202222796220413,0.0
512,256,1.0,False,1.75,0.2162651668298873,orf,hyperbolic,200,4.7150506996097985e-05,1.7747014738709242e-06,0.0010081222911472157,0.00011831731411877708,0.00016816929371186564,0.0
512,256,1.0,False,2.0,0.1353352832366127,orf,cos,200,0.0036187644531081907,0.00021671246593266344,0.19757784454541014,7.246947727505559e-06,0.003376608830145587,0.0
512,256,1.0,False,2.0,0.1353352832366127,orf,positive,200,1.2518544638517033e-33,0.0,6.834893783703663e-32,2.42861286636753e-17,0.0,0.0
512,256,1.0,False,2.0,0.1353352832366127,orf,hyperbolic,200,1.2518544638517033e-33,0.0,6.834893783703663e-32,2.42861286636753e-17,0.0,0.0
512,256,2.0,False,0.5,0.8824969025845955,orf,cos,200,0.0020085927400538494,7.051550394830535e-05,0.002579084130003616,-0.0017721781425555185,0.0012041741759592063,0.0
512,256,2.0,False,0.5,0.8824969025845955,orf,positive,200,5.769986853687061,2.8285464061327845,7.408809774088318,-0.27992204727794967,0.0589672316184675,0.0
512,256,2.0,False,0.5,0.8824969025845955,orf,hyperbolic,200,20.46226688661778,12.770256158665461,26.274070765465165,-0.085159666649893,0.11241151972107094,0.0
512,256,2.0,False,1.0,0.6065306597126334,orf,cos,200,0.0023291670899997477,8.592448715309531e-05,0.006331332576191147,0.0020587123167332185,0.0012181579176966922,0.0
512,256,2.0,False,1.0,0.6065306597126334,orf,positive,200,15.136133164051989,7.857939296679648,41.144275732978834,-0.0112170263602248,0.09519099783731812,0.0
512,256,2.0,False,1.0,0.6065306597126334,orf,hyperbolic,200,5.2781822075668465,2.0927787473787722,14.347586782124807,-0.0646769546512729,0.055497366412308805,0.0
512,256,2.0,False,1.5,0.32465246735834974,orf,cos,200,0.002953188060930738,0.00010152738090013816,0.028019068197198706,0.003479538628209039,0.0013334035594046664,0.0
512,256,2.0,False,1.5,0.32465246735834974,orf,positive,200,4.594940810311628,3.160397468946559,43.59558459193991,0.02033004757900386,0.06744328749864419,0.0
512,256,2.0,False,1.5,0.32465246735834974,orf,hyperbolic,200,1.4852666302136945,0.8134218635082191,14.091817434025936,-0.02500322860250347,0.03693899373262886,0.0
512,256,2.0,False,2.0,0.1353352832366127,orf,cos,200,0.0033530244964792865,0.00011254636372137979,0.183068934523584,0.0005455268376811588,0.0014718393735949815,0.0
512,256,2.0,False,2.0,0.1353352832366127,orf,positive,200,0.16139931781702926,0.06539970196950438,8.812104169421293,-0.011775972424922737,0.010028078299824354,0.0
512,256,2.0,False,2.0,0.1353352832366127,orf,hyperbolic,200,0.06454777026192617,0.018005208673558964,3.5241888450655705,-0.015166179789349001,0.006137531338251662,0.0
512,256,2.0,False,2.5,0.04393693362340742,orf,cos,200,0.0038196888187163537,0.0001420540035754226,1.9786477943373408,0.0007686010112454457,0.0015436726686143024,0.0
512,256,2.0,False,2.5,0.04393693362340742,orf,positive,200,0.027307214918548945,0.017962354793902378,14.145487533783026,-0.0016892853084238587,0.004069377659536108,0.0
512,256,2.0,False,2.5,0.04393693362340742,orf,hyperbolic,200,0.008452243561139366,0.004493895667416653,4.378370561890608,-0.0023611230445348165,0.0022460689402280616,0.0
512,256,2.0,False,3.0,0.011108996538242306,orf,cos,200,0.004103192625674711,0.0001330591511811516,33.248514216850594,-2.037787784390288e-05,0.0016700423682689581,0.0
512,256,2.0,False,3.0,0.011108996538242306,orf,positive,200,0.00022686506180957106,8.997488107643476e-05,1.8383066360775315,0.00011655842787545011,0.00036904244755642143,0.0
512,256,2.0,False,3.0,0.011108996538242306,orf,hyperbolic,200,0.0001044827254043565,2.5742834561917808e-05,0.8466322929333135,0.0002786336207062618,0.00025005825295962324,0.0
512,256,2.0,False,3.5,0.002187491118182885,orf,cos,200,0.0039817203787205204,0.00015437051114311273,832.1050566638161,-0.0004956170459250995,0.0016491165208997879,0.0
512,256,2.0,False,3.5,0.002187491118182885,orf,positive,200,8.467945236719521e-07,3.670044763587388e-07,0.17696421096477924,-2.4025235106744096e-06,2.3846911926457523e-05,0.0
512,256,2.0,False,3.5,0.002187491118182885,orf,hyperbolic,200,3.478478005210886e-07,9.789644168601923e-08,0.07269368168339191,-8.845562014821657e-06,1.481417789700393e-05,0.0
512,256,2.0,False,4.0,0.00033546262790251185,orf,cos,200,0.00379357169864559,0.0002220413159915795,33710.097381635496,0.0007465990351771109,0.0032421391621812695,0.0
512,256,2.0,False,4.0,0.00033546262790251185,orf,positive,200,8.448865646535191e-39,0.0,7.50775539080339e-32,2.0328790734103208e-20,0.0,0.0
512,256,2.0,False,4.0,0.00033546262790251185,orf,hyperbolic,200,8.448865646535191e-39,0.0,7.50775539080339e-32,2.0328790734103208e-20,0.0,0.0
512,256,4.0,False,0.5,0.8824969025845955,orf,cos,200,0.002176164407461123,7.981269846690783e-05,0.0027942504100713,0.0003881473177202107,0.0012152560457407017,0.0
512,256,4.0,False,0.5,0.8824969025845955,orf,positive,200,0.7993201923185387,0.020765875819087638,1.0263474430087371,-0.8781606525444207,0.004195487014723363,0.0
512,256,4.0,False,0.5,0.8824969025845955,orf,hyperbolic,200,0.78108706403745,0.003378717894881155,1.002935642870091,-0.8794421520873792,0.0021872699417912,0.0
512,256,4.0,False,1.0,0.6065306597126334,orf,cos,200,0.0023640496352620704,8.60323648860835e-05,0.0064261531651081194,0.00040328466297746916,0.0011627400182878892,0.0
512,256,4.0,False,1.0,0.6065306597126334,orf,positive,200,0.36758446108099063,0.00011950830543277165,0.999198160980368,-0.6062719928784354,0.00010768596154515696,0.0
512,256,4.0,False,1.0,0.6065306597126334,orf,hyperbolic,200,0.36742458586971954,0.0001566909161205469,0.9987635750987487,-0.6061275579738471,0.0001451953526955229,0.0
512,256,4.0,False,1.5,0.32465246735834974,orf,cos,200,0.0029260417908505663,0.00010205826590112559,0.027761511557735593,-0.0004690694541400735,0.001413541794130769,0.0
512,256,4.0,False,1.5,0.32465246735834974,orf,positive,200,0.10534155077570706,2.2499994128919914e-05,0.9994528063522571,-0.32456020401649405,3.703809647616812e-05,0.0
512,256,4.0,False,1.5,0.32465246735834974,orf,hyperbolic,200,0.10525113867347492,6.260644262977755e-05,0.9985950002098687,-0.3242375907674387,0.00027452577368505365,0.0
512,256,4.0,False,2.0,0.1353352832366127,orf,cos,200,0.003701481052774635,0.0001461879385898734,0.20209401786423017,-0.0018773342053651466,0.00162270747311103,0.0
512,256,4.0,False,2.0,0.1353352832366127,orf,positive,200,0.02099143063639595,0.0026962136568413173,1.1460932792962866,-0.13386530323552065,0.001385584473310693,0.0
512,256,4.0,False,2.0,0.1353352832366127,orf,hyperbolic,200,0.0330589753293479,0.013438065037087984,1.8049588949737505,-0.13076625526464405,0.0031518955000360616,0.0
512,256,4.0,False,2.5,0.04393693362340742,orf,cos,200,0.0039521733171496735,0.0001447693291335657,2.047276463595553,-0.0007281845063236486,0.0015843164758049127,0.0
512,256,4.0,False,2.5,0.04393693362340742,orf,positive,200,0.001925748106738922,1.4649165011266968e-06,0.9975622163715407,-0.043874872672060236,2.1271712230521468e-05,0.0
512,256,4.0,False,2.5,0.04393693362340742,orf,hyperbolic,200,0.002519404722469389,0.0005934480671229468,1.3050839567691281,-0.043241939154992116,0.0006373039061256125,0.0
512,256,4.0,False,3.0,0.011108996538242306,orf,cos,200,0.004030654876288766,0.00012936020768357568,32.66073474565885,-0.0016247998222823556,0.0015126457506597104,0.0
512,256,4.0,False,3.0,0.011108996538242306,orf,positive,200,0.000132833927522418,9.650767175785577e-06,1.0763644631436189,-0.011012978034187463,8.496310509314883e-05,0.0
512,256,4.0,False,3.0,0.011108996538242306,orf,hyperbolic,200,0.0001249856793635,1.9448608366160467e-06,1.0127694496274675,-0.01104716431861551,4.2847626374363054e-05,0.0
512,256,4.0,False,3.5,0.002187491118182885,orf,cos,200,0.003881217190654903,0.000136743685100011,811.1017708863482,-7.776080485870745e-05,0.0015160529397866061,0.0
512,256,4.0,False,3.5,0.002187491118182885,orf,positive,200,9.318887467238391e-06,4.550225742887284e-06,1.947473113735294,-0.002128497436311076,5.470601650188383e-05,0.0
512,256,4.0,False,3.5,0.002187491118182885,orf,hyperbolic,200,5.9058375387234e-06,1.0793364814725418e-06,1.2342095406975495,-0.002143591600985203,2.8549304148808387e-05,0.0
512,256,4.0,False,4.0,0.00033546262790251185,orf,cos,200,0.0038793623695671654,0.0001321617833896608,34472.44276507313,0.0004922407115220156,0.0015198792405002658,0.0
512,256,4.0,False,4.0,0.00033546262790251185,orf,positive,200,1.0345490501444374e-06,9.193278051367575e-07,9.19311719846991,-0.00030679472717289556,2.423175171244955e-05,0.0
512,256,4.0,False,4.0,0.00033546262790251185,orf,hyperbolic,200,3.3826614766541857e-07,2.2578012958252903e-07,3.0058703735013452,-0.00031887043735746965,1.2143244308860269e-05,0.0
512,256,16.0,True,0.5,0.8824969025845955,orf,cos,200,0.0019742042765659006,7.461484719981329e-05,0.0025349284688442513,-0.0010838708466676323,0.0011208064358224266,0.0
512,256,16.0,True,0.5,0.8824969025845955,orf,positive,200,0.7788007830714048,0.0,0.9999999999999997,-0.8824969025845953,0.0,1.0
512,256,16.0,True,0.5,0.8824969025845955,orf,hyperbolic,200,0.7788007830714048,0.0,0.9999999999999997,-0.8824969025845953,0.0,1.0
512,256,16.0,True,1.0,0.6065306597126334,orf,cos,200,0.002364972689138782,8.189578475197862e-05,0.0064286622856878734,0.0006578540118184786,0.0011997891106865373,0.0
512,256,16.0,True,1.0,0.6065306597126334,orf,positive,200,0.36787944117144233,0.0,1.0,-0.6065306597126332,1.5740324710485608e-17,1.0
512,256,16.0,True,1.0,0.6065306597126334,orf,hyperbolic,200,0.36787944117144233,0.0,1.0,-0.6065306597126332,1.5740324710485608e-17,1.0
512,256,16.0,True,1.5,0.32465246735834974,orf,cos,200,0.0028784238310780963,9.360039263443756e-05,0.02730972493434805,0.0018079524751561204,0.0014108466201555414,0.0
512,256,16.0,True,1.5,0.32465246735834974,orf,positive,200,0.10539922456186432,9.837702944053505e-19,0.9999999999999998,-0.3246524673583497,0.0,1.0
512,256,16.0,True,1.5,0.32465246735834974,orf,hyperbolic,200,0.10539922456186432,9.837702944053505e-19,0.9999999999999998,-0.3246524673583497,0.0,1.0
512,256,16.0,True,2.0,0.1353352832366127,orf,cos,200,0.0034043646654505545,0.00011875665218625965,0.18587201277180423,0.0010389037816670387,0.00137450208796436,0.0
512,256,16.0,True,2.0,0.1353352832366127,orf,positive,200,0.018315638888734186,2.4594257360133763e-19,1.0000000000000002,-0.13533528323661273,1.967540588810701e-18,1.0
512,256,16.0,True,2.0,0.1353352832366127,orf,hyperbolic,200,0.018315638888734186,2.4594257360133763e-19,1.0000000000000002,-0.13533528323661273,1.967540588810701e-18,1.0
512,256,16.0,True,2.5,0.04393693362340742,orf,cos,200,0.003668491759684187,0.00012988271897924574,1.900325778706542,8.253423374105839e-05,0.0014533787819393698,0.0
512,256,16.0,True,2.5,0.04393693362340742,orf,positive,200,0.00193045413622771,1.5371410850083602e-20,1.0000000000000002,-0.04393693362340744,9.837702944053505e-19,1.0
512,256,16.0,True,2.5,0.04393693362340742,orf,hyperbolic,200,0.00193045413622771,1.5371410850083602e-20,1.0000000000000002,-0.04393693362340744,9.837702944053505e-19,1.0
512,256,16.0,True,3.0,0.011108996538242306,orf,cos,200,0.003678325361816329,0.00013150198110559858,29.80577911972681,-0.00044671078475583796,0.0015769992171436507,0.0
512,256,16.0,True,3.0,0.011108996538242306,orf,positive,200,0.00012340980408667956,1.9214263562604502e-21,1.0000000000000002,-0.011108996538242308,0.0,1.0
512,256,16.0,True,3.0,0.011108996538242306,orf,hyperbolic,200,0.00012340980408667956,1.9214263562604502e-21,1.0000000000000002,-0.011108996538242308,0.0,1.0
512,256,16.0,True,3.5,0.002187491118182885,orf,cos,200,0.003993745396528059,0.00012399043593875106,834.6180603839166,0.0020587346065668714,0.0015510078109587104,0.0
512,256,16.0,True,3.5,0.002187491118182885,orf,positive,200,4.785117392129019e-06,6.004457363313907e-23,1.0000000000000022,-0.0021874911181828873,0.0,1.0
512,256,16.0,True,3.5,0.002187491118182885,orf,hyperbolic,200,4.785117392129019e-06,6.004457363313907e-23,1.0000000000000022,-0.0021874911181828873,0.0,1.0
512,256,16.0,True,4.0,0.00033546262790251185,orf,cos,200,0.003993804047553509,0.0001432144444996443,35489.38416381215,-3.9743548903554413e-05,0.0016670679262061935,0.0
512,256,16.0,True,4.0,0.00033546262790251185,orf,positive,200,1.1253517471925884e-07,0.0,0.9999999999999974,-0.0003354626279025113,3.8428527125209005e-21,1.0
512,256,16.0,True,4.0,0.00033546262790251185,orf,hyperbolic,200,1.1253517471925884e-07,0.0,0.9999999999999974,-0.0003354626279025113,3.8428527125209005e-21,1.0
512,256,0.5,False,0.125,0.9922179382602435,simrf,cos,200,0.0020020259406940996,0.00010572604500204274,0.0020335532617911357,-0.0011517191299367253,0.0021729283144048535,0.0
512,256,0.5,False,0.125,0.9922179382602435,simrf,positive,200,0.0037068817992811404,0.00013269184045720838,0.003765256693621509,0.0025300941343884627,0.0015565048724739707,0.0
512,256,0.5,False,0.125,0.9922179382602435,simrf,hyperbolic,200,0.0011675184813102844,4.0577795161918895e-05,0.0011859042221235285,-0.00021260346464756788,0.0008264119594279387,0.0
512,256,0.5,False,0.25,0.9692332344763441,simrf,cos,200,0.0019398502924440903,0.00010283179853730933,0.002064959887436923,-0.0014838724938501823,0.0021371844059034644,0.0
512,256,0.5,False,0.25,0.9692332344763441,simrf,positive,200,0.0033400615594770633,0.0001279763375783107,0.0035554770225078775,0.003658192904717679,0.001382752255433086,0.0
512,256,0.5,False,0.25,0.9692332344763441,simrf,hyperbolic,200,0.0009534140557233971,3.850141067282694e-05,0.0010149039793719593,0.0010129828828064214,0.0007037059633290028,0.0
512,256,0.5,False,0.375,0.9321024923595276,simrf,cos,200,0.0019604998737136102,0.0001051660676664426,0.002256521522712308,-0.002138117715344637,0.002214148963238832,0.0
512,256,0.5,False,0.375,0.9321024923595276,simrf,positive,200,0.002503708956055326,8.826265959489303e-05,0.002881751343979791,-0.0007733063073305263,0.001224923375146325,0.0
512,256,0.5,False,0.375,0.9321024923595276,simrf,hyperbolic,200,0.0007368028625718256,2.575027134845515e-05,0.0008480548964484338,-0.0003951627687555178,0.0007241560960663647,0.0
512,256,0.5,False,0.5,0.8824969025845955,simrf,cos,200,0.002009393744843527,0.00012078713922922961,0.0025801126405124507,-0.0019227098572169648,0.002365366360303519,0.0
512,256,0.5,False,0.5,0.8824969025845955,simrf,positive,200,0.001807719455031098,6.32583318783654e-05,0.0023211577265008425,8.784053887187518e-05,0.0010504354061187768,0.0
512,256,0.5,False,0.5,0.8824969025845955,simrf,hyperbolic,200,0.0004868745899948282,2.014788478591781e-05,0.0006251593482927824,-7.135577357917817e-05,0.0005015611983989008,0.0
512,256,0.5,False,0.625,0.8225775623986646,simrf,cos,200,0.00200616908650337,0.00013755753573809975,0.0029649257096486647,-0.0018482180882900775,0.002433131814226504,0.0
512,256,0.5,False,0.625,0.8225775623986646,simrf,positive,200,0.0011178207680946116,4.170371920514607e-05,0.0016520320028853982,-0.0008087598463296542,0.0008941360313912423,0.0
512,256,0.5,False,0.625,0.8225775623986646,simrf,hyperbolic,200,0.00025928962683586436,9.334871058628429e-06,0.00038320522732746795,-0.0005276088647037784,0.0004221540605901132,0.0
512,256,0.5,False,0.75,0.7548396019890073,simrf,cos,200,0.0021156637229086486,0.00013328222145791174,0.0037131054694527865,-0.0010200144437297826,0.002576630443526398,0.0
512,256,0.5,False,0.75,0.7548396019890073,simrf,positive,200,0.0006177213644551075,2.582101010243416e-05,0.0010841347573908062,-0.00033614377147283013,0.0006201648090990952,0.0
512,256,0.5,False,0.75,0.7548396019890073,simrf,hyperbolic,200,0.00010670773705907712,4.030929161508723e-06,0.00018727791085922834,-2.5802727211366033e-05,0.0002574047938742449,0.0
512,256,0.5,False,0.875,0.6819407511903481,simrf,cos,200,0.002217725144251116,0.00016681992790895748,0.004768858464843958,-0.0014045552500917748,0.002828957889581518,0.0
512,256,0.5,False,0.875,0.6819407511903481,simrf,positive,200,0.00023665542045704633,8.102536859795009e-06,0.0005088891236244203,0.00106541210534801,0.0004065805808805287,0.0
512,256,0.5,False,0.875,0.6819407511903481,simrf,hyperbolic,200,2.5121336396831132e-05,8.818552296601289e-07,5.4019362153498514e-05,-2.6139998764792145e-05,0.000125854513541404,0.0
512,256,0.5,False,1.0,0.6065306597126334,simrf,cos,200,0.002324833256104895,0.0002024334517082725,0.00631955199426721,-0.001355713520995144,0.0031355460104143386,0.0
512,256,0.5,False,1.0,0.6065306597126334,simrf,positive,200,6.162975822039155e-33,0.0,1.675270518628148e-32,5.551115123125783e-17,0.0,0.0
512,256,0.5,False,1.0,0.6065306597126334,simrf,hyperbolic,200,6.162975822039155e-33,0.0,1.675270518628148e-32,5.551115123125783e-17,0.0,0.0
512,256,1.0,False,0.25,0.9692332344763441,simrf,cos,200,0.0020055323093928364,8.019347221768804e-05,0.002134878030529412,0.00013294876241741916,0.001291040447047185,0.0
512,256,1.0,False,0.25,0.9692332344763441,simrf,positive,200,0.11845835914815243,0.03595104362547887,0.12609826692570997,-0.016557785497508234,0.008255588665278583,0.0
512,256,1.0,False,0.25,0.9692332344763441,simrf,hyperbolic,200,0.04982393161894652,0.009601339161796377,0.053037299129870895,-0.014452668993104746,0.005073776481778726,0.0
512,256,1.0,False,0.5,0.8824969025845955,simrf,cos,200,0.001954394473023598,6.651525423112985e-05,0.002509492177596344,-0.0008028863288884061,0.0012153479202720876,0.0
512,256,1.0,False,0.5,0.8824969025845955,simrf,positive,200,0.09488520106720905,0.017225627947152038,0.12183500983782321,-0.007776311137454064,0.0071374022892287765,0.0
512,256,1.0,False,0.5,0.8824969025845955,simrf,hyperbolic,200,0.04954691163699588,0.008398195085922941,0.06361949386028433,-0.0005414417442987795,0.005761878034517731,0.0
512,256,1.0,False,0.75,0.7548396019890073,simrf,cos,200,0.002173772059551903,6.99034585344551e-05,0.0038150887762867466,-0.0006942300302056908,0.0013091314173396718,0.0
512,256,1.0,False,0.75,0.7548396019890073,simrf,positive,200,0.03482078422614261,0.0024957142512397265,0.061112379515101296,-0.0049684163287059754,0.00473057909525991,0.0
512,256,1.0,False,0.75,0.7548396019890073,simrf,hyperbolic,200,0.01666597816512845,0.0008613446972393346,0.02924970259150734,-0.004421107413149898,0.0034423638656704975,0.0
512,256,1.0,False,1.0,0.6065306597126334,simrf,cos,200,0.00234006608893794,8.418766253281092e-05,0.00636095912695323,0.0001258674618410363,0.0013343758746050974,0.0
512,256,1.0,False,1.0,0.6065306597126334,simrf,positive,200,0.02271352867594036,0.004236632408715328,0.06174177225999211,0.0005313744459338856,0.003489777890359524,0.0
512,256,1.0,False,1.0,0.6065306597126334,simrf,hyperbolic,200,0.009662177696778448,0.0014333219680921444,0.026264522056495127,0.0015950082554025723,0.0023274577395920753,0.0
512,256,1.0,False,1.25,0.45783336177161427,simrf,cos,200,0.0026841834031201177,8.975618550505394e-05,0.012805522827751867,-0.0016490078161588528,0.0016495143177095231,0.0
512,256,1.0,False,1.25,0.45783336177161427,simrf,positive,200,0.005977393763794319,0.0005676503100008103,0.028516550770619774,0.002690675706725809,0.0020060022161790493,0.0
512,256,1.0,False,1.25,0.45783336177161427,simrf,hyperbolic,200,0.002421293735584455,0.00017886153775715935,0.01155134636764305,-0.0006015102990138218,0.001300777491720715,0.0
512,256,1.0,False,1.5,0.32465246735834974,simrf,cos,200,0.0030080759950414965,0.00011290463010579347,0.028539830416645033,-0.000784647379162483,0.0018192888633364092,0.0
512,256,1.0,False,1.5,0.32465246735834974,simrf,positive,200,0.0014276661228996076,0.0001170253284036186,0.013545319036589641,0.0009334461561439573,0.0009805759540157826,0.0
512,256,1.0,False,1.5,0.32465246735834974,simrf,hyperbolic,200,0.000578781400043226,5.384593063167366e-05,0.005491325030607875,0.0012886454280511977,0.0006022138763535442,0.0
512,256,1.0,False,1.75,0.2162651668298873,simrf,cos,200,0.003116644462650855,0.00014088207901736,0.06663679685647667,-0.0011592778339610487,0.002185938213435579,0.0
512,256,1.0,False,1.75,0.2162651668298873,simrf,positive,200,0.0001600126868226822,6.3541161929158876e-06,0.0034212220976892983,0.0003428588280644823,0.0003197187674107282,0.0
512,256,1.0,False,1.75,0.2162651668298873,simrf,hyperbolic,200,4.702345721207606e-05,1.7466539753507986e-06,0.0010054058469874839,0.00011301047490742681,0.00016834733853380053,0.0
512,256,1.0,False,2.0,0.1353352832366127,simrf,cos,200,0.0036327281427475234,0.00021733438558331958,0.1983402361673547,-0.0001284008712841528,0.00338691374311972,0.0
512,256,1.0,False,2.0,0.1353352832366127,simrf,positive,200,1.2518544638517033e-33,0.0,6.834893783703663e-32,2.42861286636753e-17,0.0,0.0
512,256,1.0,False,2.0,0.1353352832366127,simrf,hyperbolic,200,1.2518544638517033e-33,0.0,6.834893783703663e-32,2.42861286636753e-17,0.0,0.0
512,256,2.0,False,0.5,0.8824969025845955,simrf,cos,200,0.0019997949247892023,6.788519357646483e-05,0.0025677875115924856,-0.0016582331081875699,0.0011886863105101393,0.0
512,256,2.0,False,0.5,0.8824969025845955,simrf,positive,200,5.4433522499227776,2.6104481251758282,6.989402640885248,-0.2844367775353172,0.057316365815875535,0.0
512,256,2.0,False,0.5,0.8824969025845955,simrf,hyperbolic,200,16.089373614165954,10.276666392729535,20.659164659174188,-0.11876359848804291,0.09982127221898007,0.0
512,256,2.0,False,1.0,0.6065306597126334,simrf,cos,200,0.002355518896505088,8.525737327303322e-05,0.006402964212961683,0.0020709422713757297,0.0012282923920984973,0.0
512,256,2.0,False,1.0,0.6065306597126334,simrf,positive,200,21.595498184104727,12.118302203430542,58.70265029037218,0.02948442006941029,0.11423352768914989,0.0
512,256,2.0,False,1.0,0.6065306597126334,simrf,hyperbolic,200,6.421161271197847,3.027026072965159,17.45452600110209,-0.05561880083878863,0.06152812270298035,0.0
512,256,2.0,False,1.5,0.32465246735834974,simrf,cos,200,0.002930740276247652,9.961539580569974e-05,0.027806089546014132,0.0037136220412783273,0.00132642979549562,0.0
512,256,2.0,False,1.5,0.32465246735834974,simrf,positive,200,3.7540601832451364,2.3777581577710816,35.61753133242153,0.013591887930510907,0.05969842995553436,0.0
512,256,2.0,False,1.5,0.32465246735834974,simrf,hyperbolic,200,1.187698129443498,0.6041226720650541,11.268566105497063,-0.03144198583011904,0.03260566164805623,0.0
512,256,2.0,False,2.0,0.1353352832366127,simrf,cos,200,0.003385091159880045,0.00011079964147259895,0.18481971502300093,0.0007065395476226714,0.0014976782500828014,0.0
512,256,2.0,False,2.0,0.1353352832366127,simrf,positive,200,0.17749832139148722,0.0685806888690881,9.691079981963673,-0.008753318945591471,0.010665837802876733,0.0
512,256,2.0,False,2.0,0.1353352832366127,simrf,hyperbolic,200,0.06990364555634163,0.019511780084660063,3.8166097279488764,-0.013851494531054099,0.006407529208958602,0.0
512,256,2.0,False,2.5,0.04393693362340742,simrf,cos,200,0.0038422869010801756,0.00014376292442076736,1.990353890814712,0.0004812766028006015,0.0015452900892315776,0.0
512,256,2.0,False,2.5,0.04393693362340742,simrf,positive,200,0.021287626191408685,0.012831346447154801,11.02726337389539,-0.0025418894578274963,0.00358112998374475,0.0
512,256,2.0,False,2.5,0.04393693362340742,simrf,hyperbolic,200,0.007029959169464899,0.0032383906054098133,3.6416090066776237,-0.002709946244980988,0.002038108266707411,0.0
512,256,2.0,False,3.0,0.011108996538242306,simrf,cos,200,0.004099638648796073,0.00013437304588000655,33.21971604392633,-0.00034460158121226656,0.0016587983608819029,0.0
512,256,2.0,False,3.0,0.011108996538242306,simrf,positive,200,0.0002390969078677916,9.351261972965371e-05,1.9374223112764748,0.00018057981567890007,0.0003791143830131948,0.0
512,256,2.0,False,3.0,0.011108996538242306,simrf,hyperbolic,200,0.00010913112258207884,2.6336463704232625e-05,0.8842986453931022,0.000319035254617645,0.00025386184734347027,0.0
512,256,2.0,False,3.5,0.002187491118182885,simrf,cos,200,0.0039501276317829535,0.00015242405250796327,825.5027636898686,-0.0005139889004883276,0.0016291051814672202,0.0
512,256,2.0,False,3.5,0.002187491118182885,simrf,positive,200,7.926432350148586e-07,3.245045133028652e-07,0.16564760486726396,-8.129500706816559e-06,2.3245589084127387e-05,0.0
512,256,2.0,False,3.5,0.002187491118182885,simrf,hyperbolic,200,3.4609944330049876e-07,9.252614608962677e-08,0.07232830773802838,-8.349254063125282e-06,1.481520250368993e-05,0.0
512,256,2.0,False,4.0,0.00033546262790251185,simrf,cos,200,0.0037813336062501174,0.00022371189432715741,33601.34834004914,0.0007463211936416788,0.0032401996011515288,0.0
512,256,2.0,False,4.0,0.00033546262790251185,simrf,positive,200,8.448865646535191e-39,0.0,7.50775539080339e-32,2.0328790734103208e-20,0.0,0.0
512,256,2.0,False,4.0,0.00033546262790251185,simrf,hyperbolic,200,8.448865646535191e-39,0.0,7.50775539080339e-32,2.0328790734103208e-20,0.0,0.0
512,256,4.0,False,0.5,0.8824969025845955,simrf,cos,200,0.002116463718815202,8.04810821561045e-05,0.0027175932084561763,0.00024328218672997276,0.001216560924494288,0.0
512,256,4.0,False,0.5,0.8824969025845955,simrf,positive,200,0.7935871436008477,0.015028471876314462,1.0189860627401128,-0.8786936463218705,0.0036649466493068857,0.0
512,256,4.0,False,0.5,0.8824969025845955,simrf,hyperbolic,200,0.7802833624902515,0.002145729865551799,1.001903669656057,-0.8792726872548633,0.0021120669498903284,0.0
512,256,4.0,False,1.0,0.6065306597126334,simrf,cos,200,0.002353783140064892,8.661530990796748e-05,0.006398245937771667,0.00031377851677561434,0.001170200407631085,0.0
512,256,4.0,False,1.0,0.6065306597126334,simrf,positive,200,0.36759011169324574,0.00012375298488940013,0.9992135209369807,-0.6062749276401479,0.00011389220171033303,0.0
512,256,4.0,False,1.0,0.6065306597126334,simrf,hyperbolic,200,0.36737962234782473,0.00018252769538644787,0.9986413515742385,-0.6060788384887674,0.0001733422972137652,0.0
512,256,4.0,False,1.5,0.32465246735834974,simrf,cos,200,0.002989235614873774,0.0001012176191208351,0.028361077866557116,-0.00037671513739864694,0.0014242853111853019,0.0
512,256,4.0,False,1.5,0.32465246735834974,simrf,positive,200,0.10534622484263068,1.739881804267614e-05,0.9994971526645098,-0.32456888949590945,2.788157056102854e-05,0.0
512,256,4.0,False,1.5,0.32465246735834974,simrf,hyperbolic,200,0.10523467618368196,6.95619142029147e-05,0.9984388084555043,-0.32420538188259695,0.0002793288105426566,0.0
512,256,4.0,False,2.0,0.1353352832366127,simrf,cos,200,0.003602770603128872,0.00014389242419146202,0.19670460992463168,-0.0018863471762349073,0.0016071330430249722,0.0
512,256,4.0,False,2.0,0.1353352832366127,simrf,positive,200,0.025872780361154733,0.0075788193333126246,1.4126059439329137,-0.13297938098313156,0.0022626562545671135,0.0
512,256,4.0,False,2.0,0.1353352832366127,simrf,hyperbolic,200,0.02866289850066859,0.00826798075145269,1.5649412327242884,-0.13105133959525514,0.0026715132660875833,0.0
512,256,4.0,False,2.5,0.04393693362340742,simrf,cos,200,0.0038995269223750188,0.00014471579236868804,2.0200049559297297,-0.0006854040273466482,0.0015986567826872795,0.0
512,256,4.0,False,2.5,0.04393693362340742,simrf,positive,200,0.0019259576975906825,1.4254594061460792e-06,0.9976707871206858,-0.04387660595530505,2.2153720006509545e-05,0.0
512,256,4.0,False,2.5,0.04393693362340742,simrf,hyperbolic,200,0.0020230987372225266,9.661525100387067e-05,1.0479910914515966,-0.04361324106569931,0.000275089342391633,0.0
512,256,4.0,False,3.0,0.011108996538242306,simrf,cos,200,0.004021882926378262,0.00013072417719566372,32.58965489932555,-0.0013970146482198125,0.0015338916646385435,0.0
512,256,4.0,False,3.0,0.011108996538242306,simrf,positive,200,0.00012586879550993961,2.722308025632048e-06,1.0199254138798646,-0.011045516164054076,4.9131298231147684e-05,0.0
512,256,4.0,False,3.0,0.011108996538242306,simrf,hyperbolic,200,0.00012338872523016972,4.283615061105832e-07,0.9998291962566036,-0.011060550046574589,2.5571493040911723e-05,0.0
512,256,4.0,False,3.5,0.002187491118182885,simrf,cos,200,0.003935918722198109,0.00013821414508392299,822.5333674513945,-0.0003142651948651351,0.0015185845722941256,0.0
512,256,4.0,False,3.5,0.002187491118182885,simrf,positive,200,1.039382413557988e-05,5.62503699269988e-06,2.172114764138614,-0.0021224915521716684,6.066893919203637e-05,0.0
512,256,4.0,False,3.5,0.002187491118182885,simrf,hyperbolic,200,6.234669798308474e-06,1.3453340129374838e-06,1.3029293301275784,-0.002137505353181543,3.217889031911008e-05,0.0
512,256,4.0,False,4.0,0.00033546262790251185,simrf,cos,200,0.003885707326768697,0.00012749047250634936,34528.82475601383,0.0005567922263777071,0.0014656833518959741,0.0
512,256,4.0,False,4.0,0.00033546262790251185,simrf,positive,200,9.111313679390366e-07,7.975344317325949e-07,8.096414034207802,-0.00030919993047496527,2.256802184138134e-05,0.0
512,256,4.0,False,4.0,0.00033546262790251185,simrf,hyperbolic,200,3.075991874730909e-07,1.9560760055109842e-07,2.733360375904306,-0.00032015560435432925,1.130810131088498e-05,0.0
512,256,16.0,True,0.5,0.8824969025845955,simrf,cos,200,0.002018184900948344,7.80438172711628e-05,0.0025914007083931052,-0.0005187216409990471,0.0012078530317102562,0.0
512,256,16.0,True,0.5,0.8824969025845955,simrf,positive,200,0.7788007830714048,0.0,0.9999999999999997,-0.8824969025845953,0.0,1.0
512,256,16.0,True,0.5,0.8824969025845955,simrf,hyperbolic,200,0.7788007830714048,0.0,0.9999999999999997,-0.8824969025845953,0.0,1.0
512,256,16.0,True,1.0,0.6065306597126334,simrf,cos,200,0.0023421662275335264,8.735806014448228e-05,0.006366667895534858,-0.0011865677507219398,0.001166110865932463,0.0
512,256,16.0,True,1.0,0.6065306597126334,simrf,positive,200,0.36787944117144233,0.0,1.0,-0.6065306597126332,1.5740324710485608e-17,1.0
512,256,16.0,True,1.0,0.6065306597126334,simrf,hyperbolic,200,0.36787944117144233,0.0,1.0,-0.6065306597126332,1.5740324710485608e-17,1.0
512,256,16.0,True,1.5,0.32465246735834974,simrf,cos,200,0.0028039987097895785,0.00010186540440825572,0.02660359904397365,0.003121272635765436,0.0013438298548124096,0.0
512,256,16.0,True,1.5,0.32465246735834974,simrf,positive,200,0.10539922456186432,9.837702944053505e-19,0.9999999999999998,-0.3246524673583497,0.0,1.0
512,256,16.0,True,1.5,0.32465246735834974,simrf,hyperbolic,200,0.10539922456186432,9.837702944053505e-19,0.9999999999999998,-0.3246524673583497,0.0,1.0
512,256,16.0,True,2.0,0.1353352832366127,simrf,cos,200,0.0034761749796294065,0.00012280351536412615,0.18979272307926845,0.0005107726935293182,0.0015027251093547324,0.0
512,256,16.0,True,2.0,0.1353352832366127,simrf,positive,200,0.018315638888734186,2.4594257360133763e-19,1.0000000000000002,-0.13533528323661273,1.967540588810701e-18,1.0
512,256,16.0,True,2.0,0.1353352832366127,simrf,hyperbolic,200,0.018315638888734186,2.4594257360133763e-19,1.0000000000000002,-0.13533528323661273,1.967540588810701e-18,1.0
512,256,16.0,True,2.5,0.04393693362340742,simrf,cos,200,0.003827819927416592,0.0001370265710472144,1.9828598129228365,-0.0001734222574094045,0.001559964239109523,0.0
512,256,16.0,True,2.5,0.04393693362340742,simrf,positive,200,0.00193045413622771,1.5371410850083602e-20,1.0000000000000002,-0.04393693362340744,9.837702944053505e-19,1.0
512,256,16.0,True,2.5,0.04393693362340742,simrf,hyperbolic,200,0.00193045413622771,1.5371410850083602e-20,1.0000000000000002,-0.04393693362340744,9.837702944053505e-19,1.0
512,256,16.0,True,3.0,0.011108996538242306,simrf,cos,200,0.003432895596923319,0.00011686949976368035,27.81704113647365,-0.0018413753828044376,0.0014027877564213316,0.0
512,256,16.0,True,3.0,0.011108996538242306,simrf,positive,200,0.00012340980408667956,1.9214263562604502e-21,1.0000000000000002,-0.011108996538242308,0.0,1.0
512,256,16.0,True,3.0,0.011108996538242306,simrf,hyperbolic,200,0.00012340980408667956,1.9214263562604502e-21,1.0000000000000002,-0.011108996538242308,0.0,1.0
512,256,16.0,True,3.5,0.002187491118182885,simrf,cos,200,0.004076185549093166,0.00014453366500756176,851.8465097215886,-0.000781885369619581,0.0015141588887052444,0.0
512,256,16.0,True,3.5,0.002187491118182885,simrf,positive,200,4.785117392129019e-06,6.004457363313907e-23,1.0000000000000022,-0.0021874911181828873,0.0,1.0
512,256,16.0,True,3.5,0.002187491118182885,simrf,hyperbolic,200,4.785117392129019e-06,6.004457363313907e-23,1.0000000000000022,-0.0021874911181828873,0.0,1.0
512,256,16.0,True,4.0,0.00033546262790251185,simrf,cos,200,0.004015493622066959,0.00015076982702400086,35682.12012008146,-0.00012356574285566,0.001521571373386769,0.0
512,256,16.0,True,4.0,0.00033546262790251185,simrf,positive,200,1.1253517471925884e-07,0.0,0.9999999999999974,-0.0003354626279025113,3.8428527125209005e-21,1.0
512,256,16.0,True,4.0,0.00033546262790251185,simrf,hyperbolic,200,1.1253517471925884e-07,0.0,0.9999999999999974,-0.0003354626279025113,3.8428527125209005e-21,1.0
512,1024,0.5,False,0.125,0.9922179382602435,rff,cos,200,0.0005037528943546252,3.140662579603847e-05,0.0005116858481346212,-0.0009200529101058014,0.0011393140766071473,0.0
512,1024,0.5,False,0.125,0.9922179382602435,rff,positive,200,0.001681743759379608,6.017108823125734e-05,0.0017082273700197955,-0.0005389168453932954,0.0009369557957576343,0.0
512,1024,0.5,False,0.125,0.9922179382602435,rff,hyperbolic,200,0.0005062876080584857,1.971829574462567e-05,0.0005142604777712409,-0.001151426457401886,0.0005569262175140593,0.0
512,1024,0.5,False,0.25,0.9692332344763441,rff,cos,200,0.0005548990934913401,3.640577396760857e-05,0.0005906870102800746,-0.00017984126904045368,0.0012159079733131887,0.0
512,1024,0.5,False,0.25,0.9692332344763441,rff,positive,200,0.0013404146180976523,5.1153009396750355e-05,0.0014268639336174494,-0.0005642208291793383,0.0009652195141042251,0.0
512,1024,0.5,False,0.25,0.9692332344763441,rff,hyperbolic,200,0.000430186154339611,1.7301228710844767e-05,0.0004579307775976989,-0.0005787633820973616,0.0004950286567075308,0.0
512,1024,0.5,False,0.375,0.9321024923595276,rff,cos,200,0.0005538756065988871,3.467795860908214e-05,0.0006375069154318647,0.0003109305680528142,0.0012233801817524087,0.0
512,1024,0.5,False,0.375,0.9321024923595276,rff,positive,200,0.0011537261125090863,4.543909380277005e-05,0.001327930615603937,0.000398539918447334,0.000852117271731752,0.0
512,1024,0.5,False,0.375,0.9321024923595276,rff,hyperbolic,200,0.0003308638326361363,1.3374833924390008e-05,0.0003808219370176751,0.0003036485610454065,0.0004480508395088575,0.0
512,1024,0.5,False,0.5,0.8824969025845955,rff,cos,200,0.0005380851545432611,3.257844270171669e-05,0.0006909150147758986,0.00031863620330786763,0.0012431549846472247,0.0
512,1024,0.5,False,0.5,0.8824969025845955,rff,positive,200,0.0008714020275843737,3.210271925393931e-05,0.001118902351571568,0.0005537613523033455,0.000824035402400884,0.0
512,1024,0.5,False,0.5,0.8824969025845955,rff,hyperbolic,200,0.00022474241776338307,7.859230096583282e-06,0.00028857497661603836,0.0007466806016938779,0.00037489085761948206,0.0
512,1024,0.5,False,0.625,0.8225775623986646,rff,cos,200,0.0006025663706524008,3.4876950769028235e-05,0.0008905353672012076,0.00025899537492042493,0.001353677681872031,0.0
512,1024,0.5,False,0.625,0.8225775623986646,rff,positive,200,0.0005728711276535698,1.971820786834686e-05,0.0008466486429894642,0.00012144728931362834,0.0006414164370327491,0.0
512,1024,0.5,False,0.625,0.8225775623986646,rff,hyperbolic,200,0.00012149444957123752,4.224119890904331e-06,0.00017955715674057178,-0.00010542177824390035,0.0002578288002246186,0.0
512,1024,0.5,False,0.75,0.7548396019890073,rff,cos,200,0.0006195114175408185,4.4747752780610976e-05,0.0010872763983950896,-0.0003240405904318246,0.001422263261178145,0.0
512,1024,0.5,False,0.75,0.7548396019890073,rff,positive,200,0.0002902906800082182,1.0211602025103466e-05,0.0005094760098205952,0.0004881771301621968,0.000429351983889411,0.0
512,1024,0.5,False,0.75,0.7548396019890073,rff,hyperbolic,200,5.2743667142926345e-05,1.8519400510114594e-06,9.256801864435677e-05,-1.490566419669985e-05,0.0001941210348307327,0.0
512,1024,0.5,False,0.875,0.6819407511903481,rff,cos,200,0.0007330606622032598,5.346533540193335e-05,0.0015763281366287707,0.00018024800600866442,0.0016018614967468372,0.0
512,1024,0.5,False,0.875,0.6819407511903481,rff,positive,200,0.00012816018035516518,5.112514560034132e-06,0.0002755876951329968,-4.01348511801513e-05,0.0002744470051064455,0.0
512,1024,0.5,False,0.875,0.6819407511903481,rff,hyperbolic,200,1.2675702252446146e-05,4.2104178926574134e-07,2.725704316475692e-05,-7.787169920768215e-05,8.587468347655855e-05,0.0
512,1024,0.5,False,1.0,0.6065306597126334,rff,cos,200,0.0007959423150657641,6.98519689520066e-05,0.0021635955315448905,6.711158339959486e-06,0.0017740680843858418,0.0
512,1024,0.5,False,1.0,0.6065306597126334,rff,positive,200,6.162975822039155e-33,0.0,1.675270518628148e-32,5.551115123125783e-17,0.0,0.0
512,1024,0.5,False,1.0,0.6065306597126334,rff,hyperbolic,200,6.162975822039155e-33,0.0,1.675270518628148e-32,5.551115123125783e-17,0.0,0.0
512,1024,1.0,False,0.25,0.9692332344763441,rff,cos,200,0.0004744094598046711,1.555311562438424e-05,0.0005050062412202872,4.190993071700899e-05,0.0006408226668722244,0.0
512,1024,1.0,False,0.25,0.9692332344763441,rff,positive,200,0.041059703887000705,0.004537610419949878,0.04370782727252034,0.007218327255487775,0.0052726890509045025,0.0
512,1024,1.0,False,0.25,0.9692332344763441,rff,hyperbolic,200,0.01980084553103365,0.0018419377237311268,0.021077890349673774,0.003567314504286713,0.0035472071547729737,0.0
512,1024,1.0,False,0.5,0.8824969025845955,rff,cos,200,0.0005116056077788393,1.9973782407519415e-05,0.0006569146037080093,0.0017733611846937724,0.0005954112833604129,0.0
512,1024,1.0,False,0.5,0.8824969025845955,rff,positive,200,0.03303615535996385,0.006966704291725767,0.04241926315183854,-0.0001275801409732326,0.004599817978937771,0.0
512,1024,1.0,False,0.5,0.8824969025845955,rff,hyperbolic,200,0.01420515950820202,0.0019670061258864335,0.01823978585663493,0.0007584548119603262,0.003193229348083225,0.0
512,1024,1.0,False,0.75,0.7548396019890073,rff,cos,200,0.0005735721199697601,1.978606212569455e-05,0.0010066504202555185,-0.00038178576119499326,0.0007032574599404282,0.0
512,1024,1.0,False,0.75,0.7548396019890073,rff,positive,200,0.016474867408074266,0.0029043855171574477,0.028914292767344182,-7.802594368171065e-05,0.003219176979918447,0.0
512,1024,1.0,False,0.75,0.7548396019890073,rff,hyperbolic,200,0.007624648921617496,0.0009146383917225012,0.013381675597572106,-0.0003312176649908433,0.002154291769728554,0.0
512,1024,1.0,False,1.0,0.6065306597126334,rff,cos,200,0.0007472844182148672,2.4865982334709412e-05,0.002031329654724063,-5.812616647648698e-05,0.0007808154526244742,0.0
512,1024,1.0,False,1.0,0.6065306597126334,rff,positive,200,0.005940408813977283,0.0003165808511862786,0.016147705332652397,-0.0026325996134525854,0.0019990838420088737,0.0
512,1024,1.0,False,1.0,0.6065306597126334,rff,hyperbolic,200,0.002836417151263654,0.00014905653719441772,0.007710181200209561,-0.0028691281406050774,0.001375759268298205,0.0
512,1024,1.0,False,1.25,0.45783336177161427,rff,cos,200,0.0007720499022984717,2.760877014992067e-05,0.0036832440870301648,0.0012121844486080921,0.0008493029548276264,0.0
512,1024,1.0,False,1.25,0.45783336177161427,rff,positive,200,0.0020643249239737592,0.00010085328142625446,0.009848343413164361,-0.0007785724579308069,0.0011366709389051093,0.0
512,1024,1.0,False,1.25,0.45783336177161427,rff,hyperbolic,200,0.0009290987254360444,4.7845270485120365e-05,0.004432482118761544,-0.0017479435532335018,0.0008100177609763622,0.0
512,1024,1.0,False,1.5,0.32465246735834974,rff,cos,200,0.0009117917597159629,3.345859049867771e-05,0.008650839353953542,-0.0005077931289565541,0.0010635135763222099,0.0
512,1024,1.0,False,1.5,0.32465246735834974,rff,positive,200,0.0004892492859535169,2.047130099405456e-05,0.004641867983254002,-0.0006194665191832962,0.0005661339744633001,0.0
512,1024,1.0,False,1.5,0.32465246735834974,rff,hyperbolic,200,0.00019267308560261257,7.128399204193015e-06,0.001828031338973681,-0.0005622635217457411,0.0003393673967176253,0.0
512,1024,1.0,False,1.75,0.2162651668298873,rff,cos,200,0.0009711953757010999,4.224010394367342e-05,0.020765072735790504,0.0008264572581755452,0.0012912644592514438,0.0
512,1024,1.0,False,1.75,0.2162651668298873,rff,positive,200,7.178205375151524e-05,2.351489672811937e-06,0.0015347679823934622,-0.00010147320278839465,0.00021516325934420067,0.0
512,1024,1.0,False,1.75,0.2162651668298873,rff,hyperbolic,200,2.0679778754554915e-05,7.418225241945227e-07,0.0004421531658224736,6.827003131669911e-05,0.00011600768362860341,0.0
512,1024,1.0,False,2.0,0.1353352832366127,rff,cos,200,0.0010986438234142294,6.572169080516968e-05,0.05998392030375732,0.0008578178021208347,0.0018374360180866088,0.0
512,1024,1.0,False,2.0,0.1353352832366127,rff,positive,200,1.2518544638517033e-33,0.0,6.834893783703663e-32,2.42861286636753e-17,0.0,0.0
512,1024,1.0,False,2.0,0.1353352832366127,rff,hyperbolic,200,1.2518544638517033e-33,0.0,6.834893783703663e-32,2.42861286636753e-17,0.0,0.0
512,1024,2.0,False,0.5,0.8824969025845955,rff,cos,200,0.000545794442732962,2.1090346832351314e-05,0.0007008139367560451,0.00021682503278019802,0.0005854158455112352,0.0
512,1024,2.0,False,0.5,0.8824969025845955,rff,positive,200,3.0781951945982824,0.9391437839738009,3.9524808673902623,-0.2113239440890844,0.04217612271034372,0.0
512,1024,2.0,False,0.5,0.8824969025845955,rff,hyperbolic,200,2.14163751023296,0.5148983401300639,2.7499169964709735,-0.18980823315926235,0.03351412685579851,0.0
512,1024,2.0,False,1.0,0.6065306597126334,rff,cos,200,0.000682106743560056,2.326353480648945e-05,0.001854158366088674,0.00016617144742626897,0.000692917870885244,0.0
512,1024,2.0,False,1.0,0.6065306597126334,rff,positive,200,3.3036608458420806,1.4131179081551832,8.980281244644166,-0.09465812906357503,0.04779550066960851,0.0
512,1024,2.0,False,1.0,0.6065306597126334,rff,hyperbolic,200,1.2749603548630408,0.3902619613535843,3.4657015646299,-0.10237154640967767,0.028890190465704926,0.0
512,1024,2.0,False,1.5,0.32465246735834974,rff,cos,200,0.0008474203398249156,3.0188960957623885e-05,0.00804010032661597,-0.0005390286888645064,0.0007484389142499284,0.0
512,1024,2.0,False,1.5,0.32465246735834974,rff,positive,200,0.3588025330430577,0.08930913655171131,3.404223650928832,-0.03878013083888953,0.015382226778991346,0.0
512,1024,2.0,False,1.5,0.32465246735834974,rff,hyperbolic,200,0.18939325386935515,0.0433020874169718,1.7969131619008287,-0.04333869513909427,0.010812941731597595,0.0
512,1024,2.0,False,2.0,0.1353352832366127,rff,cos,200,0.0009369288861662812,3.306469315431216e-05,0.05115458389729333,0.0015146183525478949,0.000810483986305833,0.0
512,1024,2.0,False,2.0,0.1353352832366127,rff,positive,200,0.24763922915910563,0.12103113535958628,13.520643787721037,0.011760043114098357,0.012343496950658063,0.0
512,1024,2.0,False,2.0,0.1353352832366127,rff,hyperbolic,200,0.2542072041117643,0.10971988230547183,13.879243069600227,0.01732487258469841,0.01254291762610288,0.0
512,1024,2.0,False,2.5,0.04393693362340742,rff,cos,200,0.000978438986264583,3.804934248023455e-05,0.5068439430405456,0.0011170861738516457,0.0007718971554009511,0.0
512,1024,2.0,False,2.5,0.04393693362340742,rff,positive,200,0.0016314584090648496,0.00030609377734103595,0.845116378808602,-0.003129451356922848,0.0009952828410556803,0.0
512,1024,2.0,False,2.5,0.04393693362340742,rff,hyperbolic,200,0.0015687734862721906,0.0005372482963990455,0.8126447848886598,-0.002850775958166036,0.0010018972501484988,0.0
512,1024,2.0,False,3.0,0.011108996538242306,rff,cos,200,0.0009035059636967933,3.407498916996746e-05,7.321184652899995,-6.43849988028658e-05,0.0007267770759662264,0.0
512,1024,2.0,False,3.0,0.011108996538242306,rff,positive,200,5.846893425205677e-05,1.6647071822337718e-05,0.4737786814003031,-9.206475898253568e-05,0.0001805907388832107,0.0
512,1024,2.0,False,3.0,0.011108996538242306,rff,hyperbolic,200,7.961369772287702e-05,5.102159921229862e-05,0.6451164744330898,9.514625134210034e-05,0.00021873699091514917,0.0
512,1024,2.0,False,3.5,0.002187491118182885,rff,cos,200,0.0009572942506828018,3.39804773892913e-05,200.05658633525803,-2.4304143563798846e-05,0.0008627077906610542,0.0
512,1024,2.0,False,3.5,0.002187491118182885,rff,positive,200,1.6354622496391578e-07,2.1499014993291255e-08,0.034178100882735145,-1.759143789447228e-05,1.0220557052942154e-05,0.0
512,1024,2.0,False,3.5,0.002187491118182885,rff,hyperbolic,200,8.503273702125125e-08,7.839259498540102e-09,0.017770250978820446,-9.331182854660701e-06,7.344191815385626e-06,0.0
512,1024,2.0,False,4.0,0.00033546262790251185,rff,cos,200,0.0011314746565972342,6.644617592038707e-05,10054.408849676714,-0.00017641923721796977,0.0018229272472682207,0.0
512,1024,2.0,False,4.0,0.00033546262790251185,rff,positive,200,8.448865646535191e-39,0.0,7.50775539080339e-32,2.0328790734103208e-20,0.0,0.0
512,1024,2.0,False,4.0,0.00033546262790251185,rff,hyperbolic,200,8.448865646535191e-39,0.0,7.50775539080339e-32,2.0328790734103208e-20,0.0,0.0
512,1024,4.0,False,0.5,0.8824969025845955,rff,cos,200,0.0005055994657455092,1.7810140770084175e-05,0.0006492025646809769,0.0008442086659644618,0.0005402138148740685,0.0
512,1024,4.0,False,0.5,0.8824969025845955,rff,positive,200,0.7783166336641318,0.00012872675960699808,0.999378339855587,-0.8822170274380844,7.637670078872745e-05,0.0
512,1024,4.0,False,0.5,0.8824969025845955,rff,hyperbolic,200,0.7773849842144631,0.0009864976452618676,0.9981820782827692,-0.8790959056037937,0.0016816616152215593,0.0
512,1024,4.0,False,1.0,0.6065306597126334,rff,cos,200,0.0006911004810610575,2.64945678720251e-05,0.001878605879307577,-0.0005240746349625085,0.0006341051973736639,0.0
512,1024,4.0,False,1.0,0.6065306597126334,rff,positive,200,0.3675020330497196,0.00010176229507066966,0.9989740983608083,-0.6062086790949531,8.86797393027447e-05,0.0
512,1024,4.0,False,1.0,0.6065306597126334,rff,hyperbolic,200,0.36741133943357335,9.181272644276036e-05,0.9987275675520806,-0.6061359040229637,7.835454945374704e-05,0.0
512,1024,4.0,False,1.5,0.32465246735834974,rff,cos,200,0.0008943240998504493,3.1547586452096345e-05,0.008485110811470187,-0.00024567108119938244,0.0007499266992034178,0.0
512,1024,4.0,False,1.5,0.32465246735834974,rff,positive,200,0.10628382649624997,0.0011048194988806136,1.0083928694737825,-0.32318771749459524,0.0010701311640436625,0.0
512,1024,4.0,False,1.5,0.32465246735834974,rff,hyperbolic,200,0.10522061313517432,0.00012965120546570095,0.9983053819662099,-0.32363394389395916,0.0005472709637742556,0.0
512,1024,4.0,False,2.0,0.1353352832366127,rff,cos,200,0.0009605480100576404,3.429771888201616e-05,0.052444144367165185,8.607699204193145e-06,0.0008261729439802009,0.0
512,1024,4.0,False,2.0,0.1353352832366127,rff,positive,200,0.01835032939198264,7.731710839075161e-05,1.0018940373010845,-0.1344271913151042,0.00041499971672099537,0.0
512,1024,4.0,False,2.0,0.1353352832366127,rff,hyperbolic,200,0.018418454849566186,0.00021244400602523202,1.0056135612553077,-0.13417897233338358,0.0005048246021030071,0.0
512,1024,4.0,False,2.5,0.04393693362340742,rff,cos,200,0.0010473474293832827,3.8668208498904085e-05,0.5425394003039611,-0.0005414029149713844,0.0007845042826046772,0.0
512,1024,4.0,False,2.5,0.04393693362340742,rff,positive,200,0.001922936748159227,2.0527211248050055e-06,0.9961058965725172,-0.04382810896718868,3.6083126606917644e-05,0.0
512,1024,4.0,False,2.5,0.04393693362340742,rff,hyperbolic,200,0.00522504467233999,0.003302750057040444,2.7066401497371095,-0.04236990278280905,0.0014641338627516538,0.0
512,1024,4.0,False,3.0,0.011108996538242306,rff,cos,200,0.0009746745662865819,3.378135982289689e-05,7.897869812693311,-6.746237750577894e-05,0.0007822071994104845,0.0
512,1024,4.0,False,3.0,0.011108996538242306,rff,positive,200,0.00012289813694888634,1.8216863928165064e-07,0.9958539182394794,-0.011058523326915003,1.9803702909635503e-05,0.0
512,1024,4.0,False,3.0,0.011108996538242306,rff,hyperbolic,200,0.00012401653496547246,1.459517849888721e-06,1.0049163912323107,-0.011005766179559886,4.215888323189609e-05,0.0
512,1024,4.0,False,3.5,0.002187491118182885,rff,cos,200,0.0009087809057184669,3.0922668194383376e-05,189.91820497723032,-0.0009825415289206698,0.0007486350206218639,0.0
512,1024,4.0,False,3.5,0.002187491118182885,rff,positive,200,4.863047113790861e-06,7.405851197585646e-08,1.016285853674152,-0.002157264930668352,1.1322152659045066e-05,0.0
512,1024,4.0,False,3.5,0.002187491118182885,rff,hyperbolic,200,7.236358350606126e-06,2.3112947633366668e-06,1.5122634948327787,-0.002110803727349112,4.156686183936815e-05,0.0
512,1024,4.0,False,4.0,0.00033546262790251185,rff,cos,200,0.0009629569644230999,3.578037783647715e-05,8556.942012356432,5.156469998735162e-06,0.0007928315681599041,0.0
512,1024,4.0,False,4.0,0.00033546262790251185,rff,positive,200,1.445383839496045e-07,2.262642708879895e-08,1.2843840542317866,-0.0003247901695829093,4.913026569777359e-06,0.0
512,1024,4.0,False,4.0,0.00033546262790251185,rff,hyperbolic,200,1.1869918396537631e-07,4.932807400144023e-09,1.0547740674104298,-0.0003267123740397012,2.6949132473514582e-06,0.0
512,1024,16.0,True,0.5,0.8824969025845955,rff,cos,200,0.0005438366114941009,1.9767737554601546e-05,0.0006983000316837622,0.0004001815455585407,0.0005501834953772548,0.0
512,1024,16.0,True,0.5,0.8824969025845955,rff,positive,200,0.7788007830714048,0.0,0.9999999999999997,-0.8824969025845953,0.0,1.0
512,1024,16.0,True,0.5,0.8824969025845955,rff,hyperbolic,200,0.7788007830714048,0.0,0.9999999999999997,-0.8824969025845953,0.0,1.0
512,1024,16.0,True,1.0,0.6065306597126334,rff,cos,200,0.000716323171611541,2.5974764856264447e-05,0.001947168260695802,-0.00010326661014896924,0.0006389357291022248,0.0
512,1024,16.0,True,1.0,0.6065306597126334,rff,positive,200,0.36787944117144233,0.0,1.0,-0.6065306597126332,1.5740324710485608e-17,1.0
512,1024,16.0,True,1.0,0.6065306597126334,rff,hyperbolic,200,0.36787944117144233,0.0,1.0,-0.6065306597126332,1.5740324710485608e-17,1.0
512,1024,16.0,True,1.5,0.32465246735834974,rff,cos,200,0.0009394370909568135,3.121163087787649e-05,0.008913130953875362,0.0006923351809022256,0.0007846578405599131,0.0
512,1024,16.0,True,1.5,0.32465246735834974,rff,positive,200,0.10539922456186432,9.837702944053505e-19,0.9999999999999998,-0.3246524673583497,0.0,1.0
512,1024,16.0,True,1.5,0.32465246735834974,rff,hyperbolic,200,0.10539922456186432,9.837702944053505e-19,0.9999999999999998,-0.3246524673583497,0.0,1.0
512,1024,16.0,True,2.0,0.1353352832366127,rff,cos,200,0.0008999223626732957,3.315256458594178e-05,0.04913409617541824,-9.582812691541854e-05,0.0007736650617270645,0.0
512,1024,16.0,True,2.0,0.1353352832366127,rff,positive,200,0.018315638888734186,2.4594257360133763e-19,1.0000000000000002,-0.13533528323661273,1.967540588810701e-18,1.0
512,1024,16.0,True,2.0,0.1353352832366127,rff,hyperbolic,200,0.018315638888734186,2.4594257360133763e-19,1.0000000000000002,-0.13533528323661273,1.967540588810701e-18,1.0
512,1024,16.0,True,2.5,0.04393693362340742,rff,cos,200,0.0009409515653115816,3.4605518703611e-05,0.48742497822315023,0.0005394354021642645,0.0007402469015685664,0.0
512,1024,16.0,True,2.5,0.04393693362340742,rff,positive,200,0.00193045413622771,1.5371410850083602e-20,1.0000000000000002,-0.04393693362340744,9.837702944053505e-19,1.0
512,1024,16.0,True,2.5,0.04393693362340742,rff,hyperbolic,200,0.00193045413622771,1.5371410850083602e-20,1.0000000000000002,-0.04393693362340744,9.837702944053505e-19,1.0
512,1024,16.0,True,3.0,0.011108996538242306,rff,cos,200,0.0010183806781116262,3.637802534020904e-05,8.25202410495964,-6.884534533547079e-05,0.0007907706460897597,0.0
512,1024,16.0,True,3.0,0.011108996538242306,rff,positive,200,0.00012340980408667956,1.9214263562604502e-21,1.0000000000000002,-0.011108996538242308,0.0,1.0
512,1024,16.0,True,3.0,0.011108996538242306,rff,hyperbolic,200,0.00012340980408667956,1.9214263562604502e-21,1.0000000000000002,-0.011108996538242308,0.0,1.0
512,1024,16.0,True,3.5,0.002187491118182885,rff,cos,200,0.0009405273676778387,3.062330812831946e-05,196.55262151455315,3.9308012200333934e-05,0.0007396111168433674,0.0
512,1024,16.0,True,3.5,0.002187491118182885,rff,positive,200,4.785117392129019e-06,6.004457363313907e-23,1.0000000000000022,-0.0021874911181828873,0.0,1.0
512,1024,16.0,True,3.5,0.002187491118182885,rff,hyperbolic,200,4.785117392129019e-06,6.004457363313907e-23,1.0000000000000022,-0.0021874911181828873,0.0,1.0
512,1024,16.0,True,4.0,0.00033546262790251185,rff,cos,200,0.0009395146848336082,3.4075346981896186e-05,8348.631325071563,-0.0004673551287689773,0.0007695439297534074,0.0
512,1024,16.0,True,4.0,0.00033546262790251185,rff,positive,200,1.1253517471925884e-07,0.0,0.9999999999999974,-0.0003354626279025113,3.8428527125209005e-21,1.0
512,1024,16.0,True,4.0,0.00033546262790251185,rff,hyperbolic,200,1.1253517471925884e-07,0.0,0.9999999999999974,-0.0003354626279025113,3.8428527125209005e-21,1.0
512,1024,0.5,False,0.125,0.9922179382602435,orf,cos,200,0.0005099140337005166,2.7265075495734854e-05,0.0005179440113074938,0.0003753161714618845,0.0010739222516303903,0.0
512,1024,0.5,False,0.125,0.9922179382602435,orf,positive,200,0.001119919039811228,3.951314057083806e-05,0.001137555198490856,0.0004785122828174424,0.0008131459087765862,0.0
512,1024,0.5,False,0.125,0.9922179382602435,orf,hyperbolic,200,4.148744073815597e-05,1.5632214065004364e-06,4.214077286490784e-05,-3.446082994654473e-05,0.00015697921241294614,0.0
512,1024,0.5,False,0.25,0.9692332344763441,orf,cos,200,0.00045692972507239423,2.3481529720492793e-05,0.0004863991604544245,0.0011220651998900498,0.0010441242887399894,0.0
512,1024,0.5,False,0.25,0.9692332344763441,orf,positive,200,0.0010239987226657293,3.92059199378869e-05,0.0010900409662166345,0.0010134161331776467,0.0008483370353099006,0.0
512,1024,0.5,False,0.25,0.9692332344763441,orf,hyperbolic,200,3.11637830511386e-05,1.3136883826875079e-06,3.317367437685534e-05,-0.0002160543823151618,0.000154709256275387,0.0
512,1024,0.5,False,0.375,0.9321024923595276,orf,cos,200,0.0005049539547636851,2.7628902393967747e-05,0.0005811984393269091,0.0005425855052249119,0.0011290516433687693,0.0
512,1024,0.5,False,0.375,0.9321024923595276,orf,positive,200,0.0008526262640872006,2.9369789272311648e-05,0.0009813668144227636,-0.0009809986157055478,0.0006928467082805622,0.0
512,1024,0.5,False,0.375,0.9321024923595276,orf,hyperbolic,200,2.2002643431840398e-05,9.656082388362493e-07,2.5324887354603953e-05,6.991953557191392e-05,0.00013350114799330176,0.0
512,1024,0.5,False,0.5,0.8824969025845955,orf,cos,200,0.0004637532474366346,2.8089550444924916e-05,0.000595470956780118,0.0004788756254834501,0.0011139220436330918,0.0
512,1024,0.5,False,0.5,0.8824969025845955,orf,positive,200,0.0006319120631722551,2.166505962599272e-05,0.0008113911502247651,0.00018197136328396596,0.0006546287469822083,0.0
512,1024,0.5,False,0.5,0.8824969025845955,orf,hyperbolic,200,1.1806486976229046e-05,5.259313457389146e-07,1.5159829359270891e-05,3.842430066062795e-05,9.372908659779892e-05,0.0
512,1024,0.5,False,0.625,0.8225775623986646,orf,cos,200,0.0005280847815635932,3.692285006772869e-05,0.0007804587142059257,0.001186272990989248,0.0012821408894882263,0.0
512,1024,0.5,False,0.625,0.8225775623986646,orf,positive,200,0.0003918344083466045,1.3403140270273273e-05,0.000579093716002123,-0.0006093562442611418,0.0005592137440103944,0.0
512,1024,0.5,False,0.625,0.8225775623986646,orf,hyperbolic,200,5.008525276954882e-06,2.0840764027150925e-07,7.402120519637357e-06,-2.0961950472112438e-05,6.539397870193353e-05,0.0
512,1024,0.5,False,0.75,0.7548396019890073,orf,cos,200,0.0005051126552707508,3.728602930202198e-05,0.0008865003179225131,0.0002633820532386742,0.0013337177906271184,0.0
512,1024,0.5,False,0.75,0.7548396019890073,orf,positive,200,0.0002486577270969317,8.015213469328586e-06,0.00043640790193063303,-0.0007253801380671282,0.00038356762891838354,0.0
512,1024,0.5,False,0.75,0.7548396019890073,orf,hyperbolic,200,1.2295928224975203e-06,5.2247457874823405e-08,2.158002609289231e-06,-1.0765105953660717e-05,3.33935737802444e-05,0.0
512,1024,0.5,False,0.875,0.6819407511903481,orf,cos,200,0.000510447740062794,4.3513502084560344e-05,0.0010976351295691896,0.00044981473717847027,0.001444066307169186,0.0
512,1024,0.5,False,0.875,0.6819407511903481,orf,positive,200,0.00011374046099090962,4.143950029677208e-06,0.00024458042584664646,-0.0002969325927846781,0.000248186116946395,0.0
512,1024,0.5,False,0.875,0.6819407511903481,orf,hyperbolic,200,1.428501161401814e-07,5.826142812051152e-09,3.0717602103442167e-07,6.408480258812618e-06,1.311194820006048e-05,0.0
512,1024,0.5,False,1.0,0.6065306597126334,orf,cos,200,0.0005188097090577227,5.215274113159942e-05,0.0014102710045597315,0.0007248541756643056,0.0015922973330790241,0.0
512,1024,0.5,False,1.0,0.6065306597126334,orf,positive,200,6.162975822039155e-33,0.0,1.675270518628148e-32,5.551115123125783e-17,0.0,0.0
512,1024,0.5,False,1.0,0.6065306597126334,orf,hyperbolic,200,6.162975822039155e-33,0.0,1.675270518628148e-32,5.551115123125783e-17,0.0,0.0
512,1024,1.0,False,0.25,0.9692332344763441,orf,cos,200,0.0004800269077995848,1.7145509706664028e-05,0.0005109859834841322,0.0005673266226177631,0.0006241877929888364,0.0
512,1024,1.0,False,0.25,0.9692332344763441,orf,positive,200,0.03454034452141894,0.004047372486420232,0.036768005352164304,0.005866038568854743,0.004516432161115356,0.0
512,1024,1.0,False,0.25,0.9692332344763441,orf,hyperbolic,200,0.010690486457123586,0.000967701858590886,0.011379963596744475,-0.0025017576522866646,0.0024811326741481067,0.0
512,1024,1.0,False,0.5,0.8824969025845955,orf,cos,200,0.0004884681174129419,1.6519872036766255e-05,0.0006272054779998293,0.000573509685910149,0.0006128340745938671,0.0
512,1024,1.0,False,0.5,0.8824969025845955,orf,positive,200,0.025910881561395316,0.0031231840913105873,0.03327023049361733,0.0006178610438744201,0.00392964324237369,0.0
512,1024,1.0,False,0.5,0.8824969025845955,orf,hyperbolic,200,0.009502027624010057,0.0012330022730343098,0.012200844979297942,0.0005111193871575602,0.0024764206780685705,0.0
512,1024,1.0,False,0.75,0.7548396019890073,orf,cos,200,0.000494363167913456,1.8852812215302615e-05,0.0008676343800761569,0.0006690637606005715,0.0005683276703347439,0.0
512,1024,1.0,False,0.75,0.7548396019890073,orf,positive,200,0.01302021269294141,0.00119351500516556,0.02285118492136041,0.004367870100187245,0.0028274564467536973,0.0
512,1024,1.0,False,0.75,0.7548396019890073,orf,hyperbolic,200,0.004377642770738293,0.0005095685602457127,0.007683002331292825,-0.00031149020915250645,0.001635031274616055,0.0
512,1024,1.0,False,1.0,0.6065306597126334,orf,cos,200,0.000472229720704351,1.6971725204739516e-05,0.0012836534686489274,0.0006884734676725515,0.000623871658715646,0.0
512,1024,1.0,False,1.0,0.6065306597126334,orf,positive,200,0.004469608182442632,0.0003585552836042953,0.012149654702665668,-0.002144514359512537,0.001697482076133726,0.0
512,1024,1.0,False,1.0,0.6065306597126334,orf,hyperbolic,200,0.001384990410169368,0.00011090904957331456,0.0037647942645534327,-0.0015086892813675268,0.0009978904264099982,0.0
512,1024,1.0,False,1.25,0.45783336177161427,orf,cos,200,0.0005521614139698699,2.010225834733579e-05,0.002634214779428208,-0.000868183827390549,0.0007070631783880265,0.0
512,1024,1.0,False,1.25,0.45783336177161427,orf,positive,200,0.001737132174874745,0.00014969717285022872,0.008287394108138495,0.0007394265218429115,0.0010251937396996288,0.0
512,1024,1.0,False,1.25,0.45783336177161427,orf,hyperbolic,200,0.0003858749006046058,3.7914818192070454e-05,0.0018409061924028432,0.0002982395372007646,0.0005090277383702409,0.0
512,1024,1.0,False,1.5,0.32465246735834974,orf,cos,200,0.0006479976772378594,2.2117781116389308e-05,0.0061480307842067235,0.001673231938359322,0.0008979872841768545,0.0
512,1024,1.0,False,1.5,0.32465246735834974,orf,positive,200,0.0003164798113645635,1.4625218932691376e-05,0.0030026768477675555,0.00011344625744225137,0.00045813533640056987,0.0
512,1024,1.0,False,1.5,0.32465246735834974,orf,hyperbolic,200,5.1307670418516846e-05,5.437746594405221e-06,0.0004867936233098345,0.00017440820225201703,0.00018340373831627767,0.0
512,1024,1.0,False,1.75,0.2162651668298873,orf,cos,200,0.0007459103334854969,3.139112966545405e-05,0.015948266143692012,5.8989585228017354e-05,0.0011785872872407896,0.0
512,1024,1.0,False,1.75,0.2162651668298873,orf,positive,200,5.421103905791033e-05,1.7699315512163832e-06,0.0011590831230097805,-0.00026655988178545984,0.000173001386113354,0.0
512,1024,1.0,False,1.75,0.2162651668298873,orf,hyperbolic,200,1.7187211931048755e-06,8.787906986513417e-08,3.6747879448667515e-05,2.2561365668201417e-05,3.459013359481576e-05,0.0
512,1024,1.0,False,2.0,0.1353352832366127,orf,cos,200,0.0008257764445242137,5.656888165217365e-05,0.04508586621196943,0.001745742535170668,0.0016508739227269961,0.0
512,1024,1.0,False,2.0,0.1353352832366127,orf,positive,200,1.2518544638517033e-33,0.0,6.834893783703663e-32,2.42861286636753e-17,0.0,0.0
512,1024,1.0,False,2.0,0.1353352832366127,orf,hyperbolic,200,1.2518544638517033e-33,0.0,6.834893783703663e-32,2.42861286636753e-17,0.0,0.0
512,1024,2.0,False,0.5,0.8824969025845955,orf,cos,200,0.0004832758302678533,1.7610791170785623e-05,0.0006205384493347944,-0.0002671913088726066,0.0005491299547351762,0.0
512,1024,2.0,False,0.5,0.8824969025845955,orf,positive,200,3.725081102546518,1.4852036678406415,4.783098814892924,-0.21888740623197253,0.04857974752143528,0.0
512,1024,2.0,False,0.5,0.8824969025845955,orf,hyperbolic,200,11.24235988095927,5.97329787888855,14.435475830702273,-0.021965245608639345,0.08142213497904857,0.0
512,1024,2.0,False,1.0,0.6065306597126334,orf,cos,200,0.0004980386150706729,1.7931945799826727e-05,0.0013538093172175193,-0.0009716694247610893,0.0005452681847216526,0.0
512,1024,2.0,False,1.0,0.6065306597126334,orf,positive,200,3.8288782886899373,1.7196605106884573,10.407970275527223,-0.08483270638697574,0.04784477165058468,0.0
512,1024,2.0,False,1.0,0.6065306597126334,orf,hyperbolic,200,1.9422775242677202,0.8638620765666258,5.279657700041366,-0.09386566862114926,0.036435656701922135,0.0
512,1024,2.0,False,1.5,0.32465246735834974,orf,cos,200,0.0005909804595070113,2.1241323889276746e-05,0.005607066484252299,0.0010855701670144575,0.0005367749477509303,0.0
512,1024,2.0,False,1.5,0.32465246735834974,orf,positive,200,0.3802252524966105,0.19303287173017963,3.60747675400056,-0.06460627707353112,0.015001198146542905,0.0
512,1024,2.0,False,1.5,0.32465246735834974,orf,hyperbolic,200,3.1836095330616194,2.073266139253872,30.205246255801356,0.007186942916982219,0.04414129999907774,0.0
512,1024,2.0,False,2.0,0.1353352832366127,orf,cos,200,0.0007503700212445991,2.77477814483744e-05,0.04096881500028624,-0.001656146912615577,0.000732331868191509,0.0
512,1024,2.0,False,2.0,0.1353352832366127,orf,positive,200,0.18562846504596478,0.07090240172490905,10.134970785001855,0.009295210956823197,0.010764833304532132,0.0
512,1024,2.0,False,2.0,0.1353352832366127,orf,hyperbolic,200,0.07472224101095572,0.026607134571664106,4.0796961255289235,0.003538075346057057,0.007048690227117265,0.0
512,1024,2.0,False,2.5,0.04393693362340742,orf,cos,200,0.0009392361896822185,3.453364088017649e-05,0.4865363916480166,0.0008293917892581834,0.0007589444325805262,0.0
512,1024,2.0,False,2.5,0.04393693362340742,orf,positive,200,0.002700650046844364,0.0006133942972855335,1.3989713592065391,-0.0009748706207509633,0.0013452581362133989,0.0
512,1024,2.0,False,2.5,0.04393693362340742,orf,hyperbolic,200,0.001867310679011869,0.00044891652708022435,0.9672908793682978,-0.0006261786516315304,0.0010934028945427568,0.0
512,1024,2.0,False,3.0,0.011108996538242306,orf,cos,200,0.0009682873694504214,3.6969324158717485e-05,7.846113820667958,-0.0011174986097385198,0.0008020493488963833,0.0
512,1024,2.0,False,3.0,0.011108996538242306,orf,positive,200,5.8169039068633194e-05,2.7227093621273594e-05,0.4713486055595463,-2.842348198879022e-05,0.00019205330201054976,0.0
512,1024,2.0,False,3.0,0.011108996538242306,orf,hyperbolic,200,2.7498826909904425e-05,8.054639569641105e-06,0.22282530236082404,-9.209902394439755e-06,0.00013149089045062865,0.0
512,1024,2.0,False,3.5,0.002187491118182885,orf,cos,200,0.0010075162373201147,3.25964852417253e-05,210.55204183232118,-0.000676122228628081,0.0008220155149860085,0.0
512,1024,2.0,False,3.5,0.002187491118182885,orf,positive,200,2.5768712580310606e-07,1.4242476642185029e-07,0.053851787675464974,-5.731620903846256e-07,1.3033185291958264e-05,0.0
512,1024,2.0,False,3.5,0.002187491118182885,orf,hyperbolic,200,8.472545100636047e-08,3.522687699883532e-08,0.01770603395137693,-6.90959295615024e-07,7.287873639320573e-06,0.0
512,1024,2.0,False,4.0,0.00033546262790251185,orf,cos,200,0.0010030411845577578,6.257733704988058e-05,8913.134822601369,0.001458610360261161,0.0017037116836106814,0.0
512,1024,2.0,False,4.0,0.00033546262790251185,orf,positive,200,8.448865646535191e-39,0.0,7.50775539080339e-32,2.0328790734103208e-20,0.0,0.0
512,1024,2.0,False,4.0,0.00033546262790251185,orf,hyperbolic,200,8.448865646535191e-39,0.0,7.50775539080339e-32,2.0328790734103208e-20,0.0,0.0
512,1024,4.0,False,0.5,0.8824969025845955,orf,cos,200,0.0005016218714663332,1.623851722747758e-05,0.0006440952325292431,-9.838832628116315e-05,0.0005926178463175148,0.0
512,1024,4.0,False,0.5,0.8824969025845955,orf,positive,200,0.7821191031698754,0.0028312951042160886,1.0042608073471417,-0.8784994346331106,0.0025371280682491425,0.0
512,1024,4.0,False,0.5,0.8824969025845955,orf,hyperbolic,200,0.7764557692081354,0.0006810402326494022,0.9969889425970767,-0.8795514908922203,0.001323216174143651,0.0
512,1024,4.0,False,1.0,0.6065306597126334,orf,cos,200,0.000495232539902374,1.7917760789464665e-05,0.0013461816140782421,8.228065982066573e-05,0.0005323258769676474,0.0
512,1024,4.0,False,1.0,0.6065306597126334,orf,positive,200,0.36727729889108984,0.00025768718205503374,0.9983632075811709,-0.605874984691576,0.00034653868552596116,0.0
512,1024,4.0,False,1.0,0.6065306597126334,orf,hyperbolic,200,0.36694396868062185,0.0003153942255956805,0.9974571221271793,-0.6056003011062528,0.0003435431326496163,0.0
512,1024,4.0,False,1.5,0.32465246735834974,orf,cos,200,0.0006200035706399673,2.3036422699089213e-05,0.005882430095831062,-0.00032658948728963867,0.0006035768755341353,0.0
512,1024,4.0,False,1.5,0.32465246735834974,orf,positive,200,12.016647562529393,11.911403448100197,114.01077771190043,-0.23781953644091786,0.0864839425368481,0.0
512,1024,4.0,False,1.5,0.32465246735834974,orf,hyperbolic,200,3.068923983439026,2.9638132649660185,29.117140056734602,-0.28088852632914607,0.04324047726506052,0.0
512,1024,4.0,False,2.0,0.1353352832366127,orf,cos,200,0.0008355075105372247,2.7981799080750857e-05,0.04561716441413023,-0.0011731237099832338,0.00069611897425815,0.0
512,1024,4.0,False,2.0,0.1353352832366127,orf,positive,200,0.018279726328318858,1.3156379275634224e-05,0.9980392406383698,-0.1351591721935665,8.523290999703554e-05,0.0
512,1024,4.0,False,2.0,0.1353352832366127,orf,hyperbolic,200,0.018861291615666152,0.0005820636523305248,1.029791629451026,-0.13449493957246433,0.0006943932512920066,0.0
512,1024,4.0,False,2.5,0.04393693362340742,orf,cos,200,0.0009439705180470611,3.132026062378185e-05,0.4889888344571962,0.0004128074497171583,0.0007781478320535331,0.0
512,1024,4.0,False,2.5,0.04393693362340742,orf,positive,200,0.0019233228910770705,1.96469834594291e-06,0.996305923556115,-0.04383556105342903,3.293729316662701e-05,0.0
512,1024,4.0,False,2.5,0.04393693362340742,orf,hyperbolic,200,0.0019237317098302967,2.888997477187028e-06,0.9965176969132511,-0.0437376871136215,8.277636775914029e-05,0.0
512,1024,4.0,False,3.0,0.011108996538242306,orf,cos,200,0.0009319786431937835,3.263388279745972e-05,7.551901164507061,-0.00037192209995654717,0.0007584735275863336,0.0
512,1024,4.0,False,3.0,0.011108996538242306,orf,positive,200,0.00012297197665342853,9.269902833278978e-08,0.9964522475625722,-0.011076405650448087,1.3251309469961309e-05,0.0
512,1024,4.0,False,3.0,0.011108996538242306,orf,hyperbolic,200,0.00012557283394023716,2.7781023321895123e-06,1.0175272124412285,-0.01102728224861927,4.97649925238438e-05,0.0
512,1024,4.0,False,3.5,0.002187491118182885,orf,cos,200,0.0009856327242278523,4.0834538748903144e-05,205.97879706130297,0.00043863707941076884,0.0007669294827540016,0.0
512,1024,4.0,False,3.5,0.002187491118182885,orf,positive,200,1.146426656684807e-05,4.411801118732762e-06,2.395817203085869,-0.0020654901184375047,6.677928136434551e-05,0.0
512,1024,4.0,False,3.5,0.002187491118182885,orf,hyperbolic,200,6.702354613177101e-06,1.1070537358914932e-06,1.400666705523617,-0.002095890766637875,3.77709324420133e-05,0.0
512,1024,4.0,False,4.0,0.00033546262790251185,orf,cos,200,0.0009113510921455989,3.1271248868565674e-05,8098.366527791345,-0.0009008268672788544,0.0007672306890485328,0.0
512,1024,4.0,False,4.0,0.00033546262790251185,orf,positive,200,1.1641586342720474e-07,4.375085617252886e-09,1.0344842287544915,-0.0003302097099409292,2.2048028759218365e-06,0.0
512,1024,4.0,False,4.0,0.00033546262790251185,orf,hyperbolic,200,1.13710275424391e-07,1.5046651401834718e-09,1.0104420747385285,-0.00032867814009671895,1.8699592007520049e-06,0.0
512,1024,16.0,True,0.5,0.8824969025845955,orf,cos,200,0.00047156680219515414,1.647995684718174e-05,0.0006055037596847385,0.00021320190981315344,0.0005728331672212332,0.0
512,1024,16.0,True,0.5,0.8824969025845955,orf,positive,200,0.7788007830714048,0.0,0.9999999999999997,-0.8824969025845953,0.0,1.0
512,1024,16.0,True,0.5,0.8824969025845955,orf,hyperbolic,200,0.7788007830714048,0.0,0.9999999999999997,-0.8824969025845953,0.0,1.0
512,1024,16.0,True,1.0,0.6065306597126334,orf,cos,200,0.000497169781433879,1.6947265875081942e-05,0.0013514475825306684,8.921576304741358e-05,0.0005662403659158607,0.0
512,1024,16.0,True,1.0,0.6065306597126334,orf,positive,200,0.36787944117144233,0.0,1.0,-0.6065306597126332,1.5740324710485608e-17,1.0
512,1024,16.0,True,1.0,0.6065306597126334,orf,hyperbolic,200,0.36787944117144233,0.0,1.0,-0.6065306597126332,1.5740324710485608e-17,1.0
512,1024,16.0,True,1.5,0.32465246735834974,orf,cos,200,0.000632038505977336,2.326750042839804e-05,0.005996614383119672,0.00020263445440876413,0.0006073521089673247,0.0
512,1024,16.0,True,1.5,0.32465246735834974,orf,positive,200,0.10539922456186432,9.837702944053505e-19,0.9999999999999998,-0.3246524673583497,0.0,1.0
512,1024,16.0,True,1.5,0.32465246735834974,orf,hyperbolic,200,0.10539922456186432,9.837702944053505e-19,0.9999999999999998,-0.3246524673583497,0.0,1.0
512,1024,16.0,True,2.0,0.1353352832366127,orf,cos,200,0.0008450785172125794,3.2576439537344754e-05,0.046139723672559474,-0.0010966129862470737,0.0007231782151045972,0.0
512,1024,16.0,True,2.0,0.1353352832366127,orf,positive,200,0.018315638888734186,2.4594257360133763e-19,1.0000000000000002,-0.13533528323661273,1.967540588810701e-18,1.0
512,1024,16.0,True,2.0,0.1353352832366127,orf,hyperbolic,200,0.018315638888734186,2.4594257360133763e-19,1.0000000000000002,-0.13533528323661273,1.967540588810701e-18,1.0
512,1024,16.0,True,2.5,0.04393693362340742,orf,cos,200,0.0009288641609982752,3.4811906823016596e-05,0.48116354777190606,0.0016650363848409633,0.0007281438957108052,0.0
512,1024,16.0,True,2.5,0.04393693362340742,orf,positive,200,0.00193045413622771,1.5371410850083602e-20,1.0000000000000002,-0.04393693362340744,9.837702944053505e-19,1.0
512,1024,16.0,True,2.5,0.04393693362340742,orf,hyperbolic,200,0.00193045413622771,1.5371410850083602e-20,1.0000000000000002,-0.04393693362340744,9.837702944053505e-19,1.0
512,1024,16.0,True,3.0,0.011108996538242306,orf,cos,200,0.0009532451479623714,3.289988951375666e-05,7.724225437493112,-0.00020097722977281045,0.000770573883583476,0.0
512,1024,16.0,True,3.0,0.011108996538242306,orf,positive,200,0.00012340980408667956,1.9214263562604502e-21,1.0000000000000002,-0.011108996538242308,0.0,1.0
512,1024,16.0,True,3.0,0.011108996538242306,orf,hyperbolic,200,0.00012340980408667956,1.9214263562604502e-21,1.0000000000000002,-0.011108996538242308,0.0,1.0
512,1024,16.0,True,3.5,0.002187491118182885,orf,cos,200,0.0009794753647766963,3.4005740608903344e-05,204.69202414716625,-0.00038589183195507094,0.000737965575100095,0.0
512,1024,16.0,True,3.5,0.002187491118182885,orf,positive,200,4.785117392129019e-06,6.004457363313907e-23,1.0000000000000022,-0.0021874911181828873,0.0,1.0
512,1024,16.0,True,3.5,0.002187491118182885,orf,hyperbolic,200,4.785117392129019e-06,6.004457363313907e-23,1.0000000000000022,-0.0021874911181828873,0.0,1.0
512,1024,16.0,True,4.0,0.00033546262790251185,orf,cos,200,0.0009401719383144167,3.396938300203522e-05,8354.471752142015,-0.00013863201289205485,0.0007490679605053959,0.0
512,1024,16.0,True,4.0,0.00033546262790251185,orf,positive,200,1.1253517471925884e-07,0.0,0.9999999999999974,-0.0003354626279025113,3.8428527125209005e-21,1.0
512,1024,16.0,True,4.0,0.00033546262790251185,orf,hyperbolic,200,1.1253517471925884e-07,0.0,0.9999999999999974,-0.0003354626279025113,3.8428527125209005e-21,1.0
512,1024,0.5,False,0.125,0.9922179382602435,simrf,cos,200,0.0005093202740781927,2.7189006121226857e-05,0.000517340901331667,0.000387597218671264,0.0010718864891278014,0.0
512,1024,0.5,False,0.125,0.9922179382602435,simrf,positive,200,0.00020019410186659662,8.668938482812734e-06,0.00020334670024356507,0.00022403018103761703,0.00038457900991010596,0.0
512,1024,0.5,False,0.125,0.9922179382602435,simrf,hyperbolic,200,4.25467491683168e-05,1.6161187209124256e-06,4.321676297553026e-05,-5.589186386980985e-05,0.00016043686389184775,0.0
512,1024,0.5,False,0.25,0.9692332344763441,simrf,cos,200,0.0004559580847119417,2.359495924158739e-05,0.00048536485467466184,0.001128438671997019,0.0010443960315057652,0.0
512,1024,0.5,False,0.25,0.9692332344763441,simrf,positive,200,0.00016730277180542863,6.275443900389964e-06,0.00017809287354847783,-0.00010913019709782368,0.00032990087578931113,0.0
512,1024,0.5,False,0.25,0.9692332344763441,simrf,hyperbolic,200,3.230199938516996e-05,1.4027107158814192e-06,3.4385299357481516e-05,-0.00022969276018701813,0.00015651550499647397,0.0
512,1024,0.5,False,0.375,0.9321024923595276,simrf,cos,200,0.0005067196197849476,2.7888043665601816e-05,0.0005832307073090702,0.0005514716545922762,0.0011313376826688772,0.0
512,1024,0.5,False,0.375,0.9321024923595276,simrf,positive,200,0.00012009241058171826,4.970565688351572e-06,0.00013822551729051369,-6.821900393822023e-05,0.000277152971135352,0.0
512,1024,0.5,False,0.375,0.9321024923595276,simrf,hyperbolic,200,2.2777355942082316e-05,9.885704309941683e-07,2.621657598805639e-05,5.705347213339672e-05,0.00013322746019220358,0.0
512,1024,0.5,False,0.5,0.8824969025845955,simrf,cos,200,0.000463157565226082,2.8072022504139226e-05,0.0005947060856814996,0.00046217915437880597,0.0011128116356750148,0.0
512,1024,0.5,False,0.5,0.8824969025845955,simrf,positive,200,7.13133300094684e-05,2.7822533641612296e-06,9.156812828079807e-05,0.00014267923954501064,0.00021977116727376267,0.0
512,1024,0.5,False,0.5,0.8824969025845955,simrf,hyperbolic,200,1.2406986805869086e-05,5.608092102684143e-07,1.593088640324536e-05,4.169836516584889e-05,9.827641012350553e-05,0.0
512,1024,0.5,False,0.625,0.8225775623986646,simrf,cos,200,0.0005276617997394456,3.6823915122958e-05,0.000779833587593435,0.0011619952263937795,0.001281884828668307,0.0
512,1024,0.5,False,0.625,0.8225775623986646,simrf,positive,200,3.154919164572603e-05,1.1910070985079206e-06,4.662668269506745e-05,-1.9130970175984876e-05,0.00015099845393140915,0.0
512,1024,0.5,False,0.625,0.8225775623986646,simrf,hyperbolic,200,5.3081247495054076e-06,2.1137386334342758e-07,7.844899837062923e-06,1.8193603261216356e-06,6.709518250972811e-05,0.0
512,1024,0.5,False,0.75,0.7548396019890073,simrf,cos,200,0.0005051238314800971,3.7181838887384805e-05,0.0008865199327807735,0.0002506058240896842,0.0013316371157535442,0.0
512,1024,0.5,False,0.75,0.7548396019890073,simrf,positive,200,9.331200623201394e-06,3.6324394542849367e-07,1.6376767108780445e-05,6.396067155226698e-07,7.973962561861063e-05,0.0
512,1024,0.5,False,0.75,0.7548396019890073,simrf,hyperbolic,200,1.3355688379364543e-06,5.709751594964783e-08,2.3439963087114286e-06,-1.1862053812104964e-05,3.435586204919332e-05,0.0
512,1024,0.5,False,0.875,0.6819407511903481,simrf,cos,200,0.0005095314986989628,4.3457530679900517e-05,0.0010956649010243798,0.000461622359740888,0.00144181331827381,0.0
512,1024,0.5,False,0.875,0.6819407511903481,simrf,positive,200,1.3132359228929062e-06,4.295312791203566e-08,2.823900997587227e-06,8.86103238572307e-06,3.060072163125313e-05,0.0
512,1024,0.5,False,0.875,0.6819407511903481,simrf,hyperbolic,200,1.6243522815195161e-07,6.473944382334722e-09,3.49290629981504e-07,8.260052335664069e-06,1.32976230629685e-05,0.0
512,1024,0.5,False,1.0,0.6065306597126334,simrf,cos,200,0.0005204161049985981,5.2313384710901555e-05,0.0014146376414551239,0.000733893050069592,0.0015943412957916219,0.0
512,1024,0.5,False,1.0,0.6065306597126334,simrf,positive,200,6.162975822039155e-33,0.0,1.675270518628148e-32,5.551115123125783e-17,0.0,0.0
512,1024,0.5,False,1.0,0.6065306597126334,simrf,hyperbolic,200,6.162975822039155e-33,0.0,1.675270518628148e-32,5.551115123125783e-17,0.0,0.0
512,1024,1.0,False,0.25,0.9692332344763441,simrf,cos,200,0.0004802939550947188,1.700993139792259e-05,0.0005112702538500714,0.0005523023711032365,0.0006155192801735236,0.0
512,1024,1.0,False,0.25,0.9692332344763441,simrf,positive,200,0.0303428861157542,0.003603734471427532,0.032299834137795996,0.0046358202932050945,0.004038254158767169,0.0
512,1024,1.0,False,0.25,0.9692332344763441,simrf,hyperbolic,200,0.010692537179595734,0.0009206056580538947,0.011382146579452855,-0.0023302987136341307,0.0024585797753151574,0.0
512,1024,1.0,False,0.5,0.8824969025845955,simrf,cos,200,0.000486495035945308,1.6475508764487622e-05,0.0006246719912461918,0.0005447149997598755,0.0006119620799313308,0.0
512,1024,1.0,False,0.5,0.8824969025845955,simrf,positive,200,0.02331688908775548,0.002934035616520016,0.02993947822676708,0.0011786570818098207,0.0036864177597468015,0.0
512,1024,1.0,False,0.5,0.8824969025845955,simrf,hyperbolic,200,0.009654488821829387,0.0012694364558458173,0.012396609032356619,0.000730699177843619,0.00249974913342343,0.0
512,1024,1.0,False,0.75,0.7548396019890073,simrf,cos,200,0.0004949160902067769,1.8618403664684232e-05,0.000868604788921987,0.0006497260805408604,0.000572213940494634,0.0
512,1024,1.0,False,0.75,0.7548396019890073,simrf,positive,200,0.010706255927955337,0.0011239789760962686,0.018790064324966816,0.003285663128832431,0.0026505144553112606,0.0
512,1024,1.0,False,0.75,0.7548396019890073,simrf,hyperbolic,200,0.004400060048478671,0.0005597442134903888,0.007722345878987448,-0.00042057714980701266,0.0016277522014576616,0.0
512,1024,1.0,False,1.0,0.6065306597126334,simrf,cos,200,0.0004720659701980226,1.7055910179372123e-05,0.001283208348623174,0.0006775944639756031,0.0006294337381739311,0.0
512,1024,1.0,False,1.0,0.6065306597126334,simrf,positive,200,0.0035062549099553696,0.00031739528032676256,0.009530989007676988,-0.0015660927314707191,0.0015493252171700307,0.0
512,1024,1.0,False,1.0,0.6065306597126334,simrf,hyperbolic,200,0.001368590115578156,0.00011072775816443217,0.003720213641784766,-0.0015670217956693488,0.0009879478448220624,0.0
512,1024,1.0,False,1.25,0.45783336177161427,simrf,cos,200,0.000550761720169985,2.0312072544605558e-05,0.002627537213772503,-0.0008199247554006032,0.0007039915009463106,0.0
512,1024,1.0,False,1.25,0.45783336177161427,simrf,positive,200,0.001229553529349632,0.000123767506290741,0.005865871821473666,0.001489992485841748,0.0008374769819879352,0.0
512,1024,1.0,False,1.25,0.45783336177161427,simrf,hyperbolic,200,0.00038694698733564905,3.758029283115524e-05,0.0018460208321445786,0.00039958757740148504,0.0005087971655051899,0.0
512,1024,1.0,False,1.5,0.32465246735834974,simrf,cos,200,0.0006484336435901922,2.226026566067073e-05,0.006152167117791198,0.0016970318880771284,0.0009029651449833553,0.0
512,1024,1.0,False,1.5,0.32465246735834974,simrf,positive,200,0.0001508172836047191,1.009643276972124e-05,0.0014309145463987404,-0.0003372299511433098,0.0003336443907077442,0.0
512,1024,1.0,False,1.5,0.32465246735834974,simrf,hyperbolic,200,5.216446415189389e-05,5.514490309572719e-06,0.0004949226559183633,0.0001849590422571928,0.00018822447471411358,0.0
512,1024,1.0,False,1.75,0.2162651668298873,simrf,cos,200,0.0007480797631935374,3.179070768499143e-05,0.015994650596099568,6.074083605905958e-06,0.0011777134423300013,0.0
512,1024,1.0,False,1.75,0.2162651668298873,simrf,positive,200,8.279396162271118e-06,3.816202198607323e-07,0.00017702129542562423,-3.435390744946868e-05,6.913308530305241e-05,0.0
512,1024,1.0,False,1.75,0.2162651668298873,simrf,hyperbolic,200,1.740851187384883e-06,9.146611077771812e-08,3.7221039589628086e-05,1.5176689081234911e-05,3.4255394902719246e-05,0.0
512,1024,1.0,False,2.0,0.1353352832366127,simrf,cos,200,0.0008263767631702002,5.650122553093136e-05,0.04511864249947069,0.0017252143781780987,0.0016508588115388939,0.0
512,1024,1.0,False,2.0,0.1353352832366127,simrf,positive,200,1.2518544638517033e-33,0.0,6.834893783703663e-32,2.42861286636753e-17,0.0,0.0
512,1024,1.0,False,2.0,0.1353352832366127,simrf,hyperbolic,200,1.2518544638517033e-33,0.0,6.834893783703663e-32,2.42861286636753e-17,0.0,0.0
512,1024,2.0,False,0.5,0.8824969025845955,simrf,cos,200,0.0004807769393767626,1.7661725920824078e-05,0.0006173298099171045,-0.00013292318306617514,0.000551805512140225,0.0
512,1024,2.0,False,0.5,0.8824969025845955,simrf,positive,200,4.293634335095509,1.8958373199771896,5.513135616225804,-0.2073419188080843,0.05271730605067469,0.0
512,1024,2.0,False,0.5,0.8824969025845955,simrf,hyperbolic,200,12.615102058991903,7.7489785199671575,16.19811167785546,-0.02260962598029995,0.08678173160680877,0.0
512,1024,2.0,False,1.0,0.6065306597126334,simrf,cos,200,0.0004955546066847398,1.8089347129012264e-05,0.0013470570823602974,-0.0009203730142221558,0.0005331897378526187,0.0
512,1024,2.0,False,1.0,0.6065306597126334,simrf,positive,200,4.0310930614198215,1.6452000765571062,10.957647017684842,-0.07743654417857576,0.04871659218850089,0.0
512,1024,2.0,False,1.0,0.6065306597126334,simrf,hyperbolic,200,1.8960833009149047,0.7663629282111252,5.1540887821216295,-0.09239469752740914,0.035839048424491246,0.0
512,1024,2.0,False,1.5,0.32465246735834974,simrf,cos,200,0.0005897422990504051,2.0419524461975116e-05,0.005595319144916995,0.0013360856760292906,0.0005305704477019858,0.0
512,1024,2.0,False,1.5,0.32465246735834974,simrf,positive,200,0.345650235194532,0.1612157027144299,3.2794381233009138,-0.0644897892137822,0.014311040943762827,0.0
512,1024,2.0,False,1.5,0.32465246735834974,simrf,hyperbolic,200,2.942404501926149,1.9254945788748103,27.91675663798738,0.004133678808291228,0.04240885660453077,0.0
512,1024,2.0,False,2.0,0.1353352832366127,simrf,cos,200,0.0007534774239195254,2.7431900238314533e-05,0.041138473437745265,-0.0017541289544708123,0.0007357420891150288,0.0
512,1024,2.0,False,2.0,0.1353352832366127,simrf,positive,200,0.15771862301655276,0.052570601423974045,8.611145042478663,0.007502780762943389,0.01001128675245295,0.0
512,1024,2.0,False,2.0,0.1353352832366127,simrf,hyperbolic,200,0.06450342274703286,0.020672332170578102,3.5217675527938286,0.0023611957750722494,0.006490705819069663,0.0
512,1024,2.0,False,2.5,0.04393693362340742,simrf,cos,200,0.0009464032194296414,3.53673649744185e-05,0.49024900497196117,0.0008579651329514669,0.0007593087916383046,0.0
512,1024,2.0,False,2.5,0.04393693362340742,simrf,positive,200,0.0027574079193917623,0.0006044112055909182,1.4283726650869826,-0.0007972644032724643,0.001390563403431617,0.0
512,1024,2.0,False,2.5,0.04393693362340742,simrf,hyperbolic,200,0.002104054775898801,0.0005581306903997871,1.089927357720253,-0.00028091040647321776,0.0011613843644705114,0.0
512,1024,2.0,False,3.0,0.011108996538242306,simrf,cos,200,0.000975186527148402,3.70823045415798e-05,7.9020182745242735,-0.001053720834888361,0.0008041499904541325,0.0
512,1024,2.0,False,3.0,0.011108996538242306,simrf,positive,200,5.4754502430145094e-05,2.3120718658628554e-05,0.44368032860409606,-3.437337152049569e-05,0.00018833998444494382,0.0
512,1024,2.0,False,3.0,0.011108996538242306,simrf,hyperbolic,200,2.651345934145845e-05,7.031710562319465e-06,0.21484078625419542,-3.3552799245621744e-06,0.0001296376203903803,0.0
512,1024,2.0,False,3.5,0.002187491118182885,simrf,cos,200,0.0010122765323931679,3.3056336198929905e-05,211.54685443208797,-0.0008017545500198622,0.0008284093625424595,0.0
512,1024,2.0,False,3.5,0.002187491118182885,simrf,positive,200,2.2692908296176508e-07,1.2432590587221807e-07,0.04742393223937169,-9.010487705956706e-07,1.2491748951412345e-05,0.0
512,1024,2.0,False,3.5,0.002187491118182885,simrf,hyperbolic,200,8.098300647618347e-08,3.082295060878054e-08,0.016923933069937135,-2.127161679666868e-07,7.118094308688285e-06,0.0
512,1024,2.0,False,4.0,0.00033546262790251185,simrf,cos,200,0.0009944718212866052,6.211600120606644e-05,8836.986513483525,0.001524997965203852,0.0016896319633035385,0.0
512,1024,2.0,False,4.0,0.00033546262790251185,simrf,positive,200,8.448865646535191e-39,0.0,7.50775539080339e-32,2.0328790734103208e-20,0.0,0.0
512,1024,2.0,False,4.0,0.00033546262790251185,simrf,hyperbolic,200,8.448865646535191e-39,0.0,7.50775539080339e-32,2.0328790734103208e-20,0.0,0.0
512,1024,4.0,False,0.5,0.8824969025845955,simrf,cos,200,0.0005023346134437551,1.7007912019723894e-05,0.0006450104113437931,-0.0003332044699541685,0.0006048540546019814,0.0
512,1024,4.0,False,0.5,0.8824969025845955,simrf,positive,200,0.7790298056843392,0.0012254190565816224,1.0002940708560037,-0.8796920156407375,0.0017929589283995565,0.0
512,1024,4.0,False,0.5,0.8824969025845955,simrf,hyperbolic,200,0.7760707731203067,0.0008774171048719809,0.9964945978349793,-0.8799542484572644,0.0010359520432185133,0.0
512,1024,4.0,False,1.0,0.6065306597126334,simrf,cos,200,0.00050043718354988,1.8972951109190992e-05,0.0013603293023288626,0.0001986817321772319,0.0005224418482513428,0.0
512,1024,4.0,False,1.0,0.6065306597126334,simrf,positive,200,0.36720372665006645,0.00026869787161525765,0.998163217495318,-0.6058372156694213,0.000320352900387639,0.0
512,1024,4.0,False,1.0,0.6065306597126334,simrf,hyperbolic,200,0.36688247710109934,0.00032616581691397554,0.9972899706839601,-0.6054178102996224,0.00046537214405493793,0.0
512,1024,4.0,False,1.5,0.32465246735834974,simrf,cos,200,0.0006240996783063919,2.306128453455412e-05,0.005921292883327382,-0.0002683594406812818,0.0006193937739636226,0.0
512,1024,4.0,False,1.5,0.32465246735834974,simrf,positive,200,6.660275905917603,6.55500595029455,63.19093839260968,-0.26021933404736536,0.06420908011673632,0.0
512,1024,4.0,False,1.5,0.32465246735834974,simrf,hyperbolic,200,1.7334945965667663,1.6283294976602076,16.446938805980373,-0.2921570860607515,0.03210332143423702,0.0
512,1024,4.0,False,2.0,0.1353352832366127,simrf,cos,200,0.0008280051094023414,2.816795172115792e-05,0.04520754719135904,-0.0011751163731813516,0.000681349752210408,0.0
512,1024,4.0,False,2.0,0.1353352832366127,simrf,positive,200,0.018277429386809898,1.4370489206808179e-05,0.9979138318812462,-0.13514053654681846,9.466987343523488e-05,0.0
512,1024,4.0,False,2.0,0.1353352832366127,simrf,hyperbolic,200,0.018602256862771612,0.00032507531664083955,1.0156488111486914,-0.1346362041935109,0.0005445468973754499,0.0
512,1024,4.0,False,2.5,0.04393693362340742,simrf,cos,200,0.0009326003394283244,3.095248390632929e-05,0.4830989361139208,0.00026678446587918744,0.0007700951236696151,0.0
512,1024,4.0,False,2.5,0.04393693362340742,simrf,positive,200,0.001923125838516481,2.084859984402473e-06,0.996203847802596,-0.04381913832042996,4.3064630233106696e-05,0.0
512,1024,4.0,False,2.5,0.04393693362340742,simrf,hyperbolic,200,0.001920225416160347,2.5957251800394644e-06,0.9947013918251638,-0.04377200469009745,5.230235684523786e-05,0.0
512,1024,4.0,False,3.0,0.011108996538242306,simrf,cos,200,0.0009358977670747311,3.325641911127812e-05,7.583658154236945,-0.0004886484828518575,0.0007551215172968578,0.0
512,1024,4.0,False,3.0,0.011108996538242306,simrf,positive,200,0.0001229257087449479,1.1797923266973985e-07,0.9960773348170002,-0.011081558473940984,8.716440192958733e-06,0.0
512,1024,4.0,False,3.0,0.011108996538242306,simrf,hyperbolic,200,0.00012461489648258085,1.8120504257046762e-06,1.0097649648244713,-0.011037279303369833,4.1732251343873e-05,0.0
512,1024,4.0,False,3.5,0.002187491118182885,simrf,cos,200,0.0009828781798735674,4.03591721122895e-05,205.4031488318957,0.0005085291746325426,0.0007669073961305301,0.0
512,1024,4.0,False,3.5,0.002187491118182885,simrf,positive,200,1.1342780534024024e-05,4.572126090575711e-06,2.3704288953666315,-0.0020655545073466107,6.620536166952824e-05,0.0
512,1024,4.0,False,3.5,0.002187491118182885,simrf,hyperbolic,200,6.528915990871872e-06,1.1031926330888044e-06,1.3644212786944832,-0.002097452965165566,3.629838992359828e-05,0.0
512,1024,4.0,False,4.0,0.00033546262790251185,simrf,cos,200,0.0009192873579947835,3.2422459822999646e-05,8168.889063247332,-0.0008151571822221693,0.0007685860950060932,0.0
512,1024,4.0,False,4.0,0.00033546262790251185,simrf,positive,200,1.1527518467087233e-07,3.714528680196571e-09,1.0243480312573263,-0.00033062217194292516,2.011243195093949e-06,0.0
512,1024,4.0,False,4.0,0.00033546262790251185,simrf,hyperbolic,200,1.1436499616475616e-07,2.416860907666936e-09,1.016259995597482,-0.00032859761306782987,1.9890656046429017e-06,0.0
512,1024,16.0,True,0.5,0.8824969025845955,simrf,cos,200,0.000477210710223374,1.5957239637348407e-05,0.0006127506810424207,-0.0008739976022105923,0.0005833829249972672,0.0
512,1024,16.0,True,0.5,0.8824969025845955,simrf,positive,200,0.7788007830714048,0.0,0.9999999999999997,-0.8824969025845953,0.0,1.0
512,1024,16.0,True,0.5,0.8824969025845955,simrf,hyperbolic,200,0.7788007830714048,0.0,0.9999999999999997,-0.8824969025845953,0.0,1.0
512,1024,16.0,True,1.0,0.6065306597126334,simrf,cos,200,0.0005338948305500232,2.0137075390701498e-05,0.0014512766161923491,0.00016786519488329953,0.0005556075772413635,0.0
512,1024,16.0,True,1.0,0.6065306597126334,simrf,positive,200,0.36787944117144233,0.0,1.0,-0.6065306597126332,1.5740324710485608e-17,1.0
512,1024,16.0,True,1.0,0.6065306597126334,simrf,hyperbolic,200,0.36787944117144233,0.0,1.0,-0.6065306597126332,1.5740324710485608e-17,1.0
512,1024,16.0,True,1.5,0.32465246735834974,simrf,cos,200,0.0006239482506387295,2.399709279288556e-05,0.005919856177618285,0.0005634988392211128,0.0006316075634739911,0.0
512,1024,16.0,True,1.5,0.32465246735834974,simrf,positive,200,0.10539922456186432,9.837702944053505e-19,0.9999999999999998,-0.3246524673583497,0.0,1.0
512,1024,16.0,True,1.5,0.32465246735834974,simrf,hyperbolic,200,0.10539922456186432,9.837702944053505e-19,0.9999999999999998,-0.3246524673583497,0.0,1.0
512,1024,16.0,True,2.0,0.1353352832366127,simrf,cos,200,0.0008600991126205638,3.184485339617079e-05,0.046959820394231765,-0.0006646056575432513,0.0007592126125459879,0.0
512,1024,16.0,True,2.0,0.1353352832366127,simrf,positive,200,0.018315638888734186,2.4594257360133763e-19,1.0000000000000002,-0.13533528323661273,1.967540588810701e-18,1.0
512,1024,16.0,True,2.0,0.1353352832366127,simrf,hyperbolic,200,0.018315638888734186,2.4594257360133763e-19,1.0000000000000002,-0.13533528323661273,1.967540588810701e-18,1.0
512,1024,16.0,True,2.5,0.04393693362340742,simrf,cos,200,0.000916554032173732,3.258470188603256e-05,0.47478674316747327,0.0013907084754606485,0.0007636156153678132,0.0
512,1024,16.0,True,2.5,0.04393693362340742,simrf,positive,200,0.00193045413622771,1.5371410850083602e-20,1.0000000000000002,-0.04393693362340744,9.837702944053505e-19,1.0
512,1024,16.0,True,2.5,0.04393693362340742,simrf,hyperbolic,200,0.00193045413622771,1.5371410850083602e-20,1.0000000000000002,-0.04393693362340744,9.837702944053505e-19,1.0
512,1024,16.0,True,3.0,0.011108996538242306,simrf,cos,200,0.0009536533693868776,3.418695759636691e-05,7.727533289956919,-0.0002485878453685589,0.0007897184780830884,0.0
512,1024,16.0,True,3.0,0.011108996538242306,simrf,positive,200,0.00012340980408667956,1.9214263562604502e-21,1.0000000000000002,-0.011108996538242308,0.0,1.0
512,1024,16.0,True,3.0,0.011108996538242306,simrf,hyperbolic,200,0.00012340980408667956,1.9214263562604502e-21,1.0000000000000002,-0.011108996538242308,0.0,1.0
512,1024,16.0,True,3.5,0.002187491118182885,simrf,cos,200,0.0009821184608138716,3.6846102126196415e-05,205.2443817636216,0.0002751389108950665,0.0007633962681432249,0.0
512,1024,16.0,True,3.5,0.002187491118182885,simrf,positive,200,4.785117392129019e-06,6.004457363313907e-23,1.0000000000000022,-0.0021874911181828873,0.0,1.0
512,1024,16.0,True,3.5,0.002187491118182885,simrf,hyperbolic,200,4.785117392129019e-06,6.004457363313907e-23,1.0000000000000022,-0.0021874911181828873,0.0,1.0
512,1024,16.0,True,4.0,0.00033546262790251185,simrf,cos,200,0.0009811489623157183,3.1785676455343456e-05,8718.598116219086,-0.00040286217655627425,0.0007240338401246748,0.0
512,1024,16.0,True,4.0,0.00033546262790251185,simrf,positive,200,1.1253517471925884e-07,0.0,0.9999999999999974,-0.0003354626279025113,3.8428527125209005e-21,1.0
512,1024,16.0,True,4.0,0.00033546262790251185,simrf,hyperbolic,200,1.1253517471925884e-07,0.0,0.9999999999999974,-0.0003354626279025113,3.8428527125209005e-21,1.0
