ID,labels
01447013.jpg,BA
01447014.jpg,EO
01447015.jpg,EO
01447016.jpg,LY
01447017.jpg,LY
01447018.jpg,PC
01447019.jpg,LY
01447020.jpg,LY
01447021.jpg,LY
01447022.jpg,LY
01447023.jpg,LY
01447024.jpg,LY
01447025.jpg,LY
01447026.jpg,LY
01447027.jpg,LY
01447028.jpg,LY
01447029.jpg,LY
01447030.jpg,LY
01447031.jpg,LY
01447032.jpg,MO
01447033.jpg,MO
01447034.jpg,MO
01447035.jpg,MO
01447036.jpg,SNE
01447037.jpg,SNE
01447038.jpg,SNE
01447039.jpg,SNE
01447040.jpg,SNE
01447041.jpg,SNE
01447042.jpg,SNE
01447043.jpg,SNE
01447044.jpg,SNE
01447045.jpg,SNE
01447046.jpg,SNE
01447047.jpg,SNE
01447048.jpg,SNE
01447049.jpg,SNE
01447050.jpg,SNE
01447051.jpg,SNE
01447052.jpg,SNE
01447053.jpg,SNE
01447054.jpg,SNE
01447055.jpg,SNE
01447056.jpg,SNE
01447057.jpg,SNE
01447058.jpg,SNE
01447059.jpg,SNE
01447060.jpg,SNE
01447061.jpg,SNE
01447062.jpg,SNE
01447063.jpg,SNE
01447064.jpg,SNE
01447065.jpg,SNE
01447066.jpg,SNE
01447067.jpg,SNE
01447068.jpg,SNE
01447069.jpg,SNE
01447070.jpg,SNE
01447071.jpg,SNE
01447072.jpg,SNE
01447073.jpg,SNE
01447074.jpg,SNE
01447075.jpg,SNE
01447076.jpg,SNE
01447077.jpg,SNE
01447078.jpg,SNE
01447079.jpg,SNE
01447080.jpg,SNE
01447081.jpg,SNE
01447082.jpg,SNE
01447083.jpg,SNE
01447084.jpg,SNE
01447085.jpg,SNE
01447086.jpg,SNE
01447087.jpg,SNE
01447088.jpg,SNE
01447089.jpg,SNE
01447090.jpg,SNE
01447091.jpg,SNE
01447092.jpg,SNE
01447093.jpg,SNE
01447094.jpg,SNE
01447095.jpg,SNE
01447096.jpg,SNE
01447097.jpg,SNE
01447098.jpg,SNE
01447099.jpg,VLY
01447100.jpg,BL
01447101.jpg,BL
01447102.jpg,BL
01447103.jpg,BL
01447104.jpg,BL
01447105.jpg,BL
01447106.jpg,BL
01447107.jpg,BL
01447108.jpg,BL
01447109.jpg,VLY
01447110.jpg,BL
01447111.jpg,BL
01447112.jpg,BL
01447113.jpg,BL
01447114.jpg,BL
01447115.jpg,BL
01447116.jpg,EO
01447117.jpg,LY
01447118.jpg,LY
01447119.jpg,LY
01447120.jpg,LY
01447121.jpg,LY
01447122.jpg,VLY
01447123.jpg,LY
01447124.jpg,LY
01447125.jpg,LY
01447126.jpg,LY
01447127.jpg,LY
01447128.jpg,LY
01447129.jpg,LY
01447130.jpg,LY
01447131.jpg,LY
01447132.jpg,LY
01447133.jpg,LY
01447134.jpg,LY
01447135.jpg,LY
01447136.jpg,LY
01447137.jpg,PC
01447138.jpg,LY
01447139.jpg,LY
01447140.jpg,LY
01447141.jpg,LY
01447142.jpg,PC
01447143.jpg,LY
01447144.jpg,LY
01447145.jpg,LY
01447146.jpg,LY
01447147.jpg,LY
01447148.jpg,LY
01447149.jpg,LY
01447150.jpg,LY
01447151.jpg,LY
01447152.jpg,LY
01447153.jpg,LY
01447154.jpg,LY
01447155.jpg,LY
01447156.jpg,LY
01447157.jpg,LY
01447158.jpg,LY
01447159.jpg,MO
01447160.jpg,BL
01447161.jpg,MY
01447162.jpg,SNE
01447163.jpg,SNE
01447164.jpg,SNE
01447165.jpg,SNE
01447166.jpg,SNE
01447167.jpg,SNE
01447168.jpg,SNE
01447169.jpg,SNE
01447170.jpg,SNE
01447171.jpg,SNE
01447172.jpg,SNE
01447173.jpg,SNE
01447174.jpg,SNE
01447175.jpg,SNE
01447176.jpg,SNE
01447177.jpg,SNE
01447178.jpg,BNE
01447179.jpg,SNE
01447180.jpg,SNE
01447181.jpg,SNE
01447182.jpg,SNE
01447183.jpg,SNE
01447184.jpg,SNE
01447185.jpg,SNE
01447186.jpg,SNE
01447187.jpg,SNE
01447188.jpg,SNE
01447189.jpg,SNE
01447190.jpg,SNE
01447191.jpg,SNE
01447192.jpg,SNE
01447193.jpg,SNE
01447194.jpg,SNE
01447195.jpg,SNE
01447196.jpg,SNE
01447197.jpg,SNE
01447198.jpg,SNE
01447199.jpg,SNE
01447200.jpg,SNE
01447201.jpg,SNE
01447202.jpg,SNE
01447203.jpg,SNE
01447204.jpg,SNE
01447205.jpg,SNE
01447206.jpg,SNE
01447207.jpg,BNE
01447208.jpg,SNE
01447209.jpg,SNE
01447210.jpg,LY
01447211.jpg,LY
01447212.jpg,LY
01447213.jpg,LY
01447214.jpg,LY
01447215.jpg,LY
01447216.jpg,LY
01447217.jpg,LY
01447218.jpg,LY
01447219.jpg,VLY
01447220.jpg,LY
01447221.jpg,VLY
01447222.jpg,LY
01447223.jpg,LY
01447224.jpg,LY
01447225.jpg,LY
01447226.jpg,LY
01447227.jpg,VLY
01447228.jpg,LY
01447229.jpg,MO
01447230.jpg,MO
01447231.jpg,MO
01447232.jpg,MO
01447233.jpg,MO
01447234.jpg,MO
01447235.jpg,MO
01447236.jpg,MO
01447237.jpg,SNE
01447238.jpg,SNE
01447239.jpg,SNE
01447240.jpg,SNE
01447241.jpg,BNE
01447242.jpg,SNE
01447243.jpg,SNE
01447244.jpg,SNE
01447245.jpg,SNE
01447246.jpg,SNE
01447247.jpg,SNE
01447248.jpg,SNE
01447249.jpg,SNE
01447250.jpg,SNE
01447251.jpg,MO
01447252.jpg,SNE
01447253.jpg,SNE
01447254.jpg,SNE
01447255.jpg,SNE
01447256.jpg,SNE
01447257.jpg,SNE
01447258.jpg,SNE
01447259.jpg,SNE
01447260.jpg,SNE
01447261.jpg,SNE
01447262.jpg,SNE
01447263.jpg,SNE
01447264.jpg,SNE
01447265.jpg,SNE
01447266.jpg,SNE
01447267.jpg,SNE
01447268.jpg,SNE
01447269.jpg,BNE
01447270.jpg,SNE
01447271.jpg,SNE
01447272.jpg,SNE
01447273.jpg,SNE
01447274.jpg,SNE
01447275.jpg,SNE
01447276.jpg,SNE
01447277.jpg,SNE
01447278.jpg,SNE
01447279.jpg,SNE
01447280.jpg,SNE
01447281.jpg,SNE
01447282.jpg,SNE
01447283.jpg,SNE
01447284.jpg,SNE
01447285.jpg,SNE
01447286.jpg,SNE
01447287.jpg,SNE
01447288.jpg,SNE
01447289.jpg,SNE
01447290.jpg,SNE
01447291.jpg,SNE
01447292.jpg,SNE
01447293.jpg,SNE
01447294.jpg,SNE
01447295.jpg,SNE
01447296.jpg,SNE
01447297.jpg,SNE
01447298.jpg,SNE
01447299.jpg,SNE
01447300.jpg,SNE
01447301.jpg,SNE
01447302.jpg,SNE
01447303.jpg,SNE
01447304.jpg,SNE
01447305.jpg,SNE
01447306.jpg,SNE
01447307.jpg,SNE
01447308.jpg,SNE
01447309.jpg,SNE
01447310.jpg,SNE
01447311.jpg,SNE
01447312.jpg,SNE
01447313.jpg,SNE
01447314.jpg,SNE
01447315.jpg,VLY
01447316.jpg,BA
01447317.jpg,BA
01447318.jpg,BA
01447319.jpg,BA
01447320.jpg,BA
01447321.jpg,EO
01447322.jpg,EO
01447323.jpg,EO
01447324.jpg,PC
01447325.jpg,VLY
01447326.jpg,LY
01447327.jpg,LY
01447328.jpg,PC
01447329.jpg,LY
01447330.jpg,LY
01447331.jpg,LY
01447332.jpg,LY
01447333.jpg,LY
01447334.jpg,LY
01447335.jpg,LY
01447336.jpg,MMY
01447337.jpg,MO
01447338.jpg,MO
01447339.jpg,LY
01447340.jpg,SNE
01447341.jpg,SNE
01447342.jpg,SNE
01447343.jpg,SNE
01447344.jpg,SNE
01447345.jpg,SNE
01447346.jpg,SNE
01447347.jpg,SNE
01447348.jpg,SNE
01447349.jpg,SNE
01447350.jpg,SNE
01447351.jpg,SNE
01447352.jpg,SNE
01447353.jpg,SNE
01447354.jpg,SNE
01447355.jpg,SNE
01447356.jpg,SNE
01447357.jpg,SNE
01447358.jpg,SNE
01447359.jpg,SNE
01447360.jpg,SNE
01447361.jpg,SNE
01447362.jpg,SNE
01447363.jpg,SNE
01447364.jpg,SNE
01447365.jpg,SNE
01447366.jpg,SNE
01447367.jpg,SNE
01447368.jpg,SNE
01447369.jpg,SNE
01447370.jpg,SNE
01447371.jpg,SNE
01447372.jpg,SNE
01447373.jpg,SNE
01447374.jpg,SNE
01447375.jpg,SNE
01447376.jpg,SNE
01447377.jpg,SNE
01447378.jpg,SNE
01447379.jpg,SNE
01447380.jpg,SNE
01447381.jpg,SNE
01447382.jpg,SNE
01447383.jpg,SNE
01447384.jpg,SNE
01447385.jpg,SNE
01447386.jpg,SNE
01447387.jpg,SNE
01447388.jpg,SNE
01447389.jpg,SNE
01447390.jpg,SNE
01447391.jpg,SNE
01447392.jpg,SNE
01447393.jpg,SNE
01447394.jpg,SNE
01447395.jpg,SNE
01447396.jpg,SNE
01447397.jpg,SNE
01447398.jpg,SNE
01447399.jpg,SNE
01447400.jpg,SNE
01447401.jpg,SNE
01447402.jpg,SNE
01447403.jpg,SNE
01447404.jpg,SNE
01447405.jpg,SNE
01447406.jpg,SNE
01447407.jpg,SNE
01447408.jpg,SNE
01447409.jpg,SNE
01447410.jpg,SNE
01447411.jpg,SNE
01447412.jpg,SNE
01447413.jpg,SNE
01447414.jpg,SNE
01447415.jpg,SNE
01447416.jpg,SNE
01447417.jpg,SNE
01447418.jpg,SNE
01447419.jpg,SNE
01447420.jpg,SNE
01447421.jpg,BA
01447422.jpg,EO
01447423.jpg,EO
01447424.jpg,LY
01447425.jpg,LY
01447426.jpg,LY
01447427.jpg,LY
01447428.jpg,LY
01447429.jpg,LY
01447430.jpg,LY
01447431.jpg,LY
01447432.jpg,LY
01447433.jpg,VLY
01447434.jpg,LY
01447435.jpg,LY
01447436.jpg,LY
01447437.jpg,LY
01447438.jpg,LY
01447439.jpg,LY
01447440.jpg,LY
01447441.jpg,LY
01447442.jpg,LY
01447443.jpg,LY
01447444.jpg,LY
01447445.jpg,LY
01447446.jpg,VLY
01447447.jpg,VLY
01447448.jpg,LY
01447449.jpg,LY
01447450.jpg,LY
01447451.jpg,VLY
01447452.jpg,LY
01447453.jpg,LY
01447454.jpg,LY
01447455.jpg,MO
01447456.jpg,MO
01447457.jpg,MO
01447458.jpg,MO
01447459.jpg,MO
01447460.jpg,MO
01447461.jpg,MO
01447462.jpg,MO
01447463.jpg,MO
01447464.jpg,MO
01447465.jpg,MO
01447466.jpg,MO
01447467.jpg,MO
01447468.jpg,MO
01447469.jpg,MO
01447470.jpg,MO
01447471.jpg,MO
01447472.jpg,MO
01447473.jpg,MO
01447474.jpg,MO
01447475.jpg,MO
01447476.jpg,MO
01447477.jpg,MO
01447478.jpg,MO
01447479.jpg,MO
01447480.jpg,MO
01447481.jpg,MO
01447482.jpg,MO
01447483.jpg,MO
01447484.jpg,SNE
01447485.jpg,SNE
01447486.jpg,SNE
01447487.jpg,SNE
01447488.jpg,SNE
01447489.jpg,SNE
01447490.jpg,SNE
01447491.jpg,SNE
01447492.jpg,SNE
01447493.jpg,SNE
01447494.jpg,SNE
01447495.jpg,SNE
01447496.jpg,SNE
01447497.jpg,SNE
01447498.jpg,SNE
01447499.jpg,SNE
01447500.jpg,SNE
01447501.jpg,SNE
01447502.jpg,SNE
01447503.jpg,SNE
01447504.jpg,SNE
01447505.jpg,SNE
01447506.jpg,SNE
01447507.jpg,SNE
01447508.jpg,SNE
01447509.jpg,SNE
01447510.jpg,SNE
01447511.jpg,SNE
01447512.jpg,SNE
01447513.jpg,SNE
01447514.jpg,SNE
01447515.jpg,SNE
01447516.jpg,SNE
01447517.jpg,SNE
01447518.jpg,SNE
01447519.jpg,SNE
01447520.jpg,SNE
01447521.jpg,SNE
01447522.jpg,SNE
01447523.jpg,SNE
01447524.jpg,SNE
01447525.jpg,SNE
01447526.jpg,SNE
01447527.jpg,SNE
01447528.jpg,SNE
01447529.jpg,SNE
01447530.jpg,SNE
01447531.jpg,SNE
01447532.jpg,SNE
01447533.jpg,SNE
01447534.jpg,SNE
01447535.jpg,SNE
01447536.jpg,SNE
01447537.jpg,SNE
01447538.jpg,SNE
01447539.jpg,SNE
01447540.jpg,SNE
01447541.jpg,SNE
01447542.jpg,SNE
01447543.jpg,SNE
01447544.jpg,VLY
01447545.jpg,VLY
01447546.jpg,BA
01447547.jpg,MMY
01447548.jpg,BA
01447549.jpg,BA
01447550.jpg,VLY
01447551.jpg,LY
01447552.jpg,BL
01447553.jpg,BL
01447554.jpg,PC
01447555.jpg,LY
01447556.jpg,LY
01447557.jpg,LY
01447558.jpg,LY
01447559.jpg,MMY
01447560.jpg,LY
01447561.jpg,LY
01447562.jpg,LY
01447563.jpg,PC
01447564.jpg,LY
01447565.jpg,VLY
01447566.jpg,LY
01447567.jpg,LY
01447568.jpg,LY
01447569.jpg,LY
01447570.jpg,LY
01447571.jpg,LY
01447572.jpg,LY
01447573.jpg,MO
01447574.jpg,MO
01447575.jpg,MO
01447576.jpg,SNE
01447577.jpg,MO
01447578.jpg,MO
01447579.jpg,MO
01447580.jpg,MO
01447581.jpg,MO
01447582.jpg,MO
01447583.jpg,MO
01447584.jpg,MO
01447585.jpg,MO
01447586.jpg,MO
01447587.jpg,MY
01447588.jpg,BNE
01447589.jpg,BNE
01447590.jpg,SNE
01447591.jpg,SNE
01447592.jpg,SNE
01447593.jpg,BNE
01447594.jpg,SNE
01447595.jpg,BNE
01447596.jpg,BNE
01447597.jpg,SNE
01447598.jpg,BNE
01447599.jpg,SNE
01447600.jpg,MO
01447601.jpg,SNE
01447602.jpg,BNE
01447603.jpg,BNE
01447604.jpg,SNE
01447605.jpg,SNE
01447606.jpg,SNE
01447607.jpg,SNE
01447608.jpg,SNE
01447609.jpg,MY
01447610.jpg,SNE
01447611.jpg,SNE
01447612.jpg,SNE
01447613.jpg,SNE
01447614.jpg,SNE
01447615.jpg,SNE
01447616.jpg,SNE
01447617.jpg,SNE
01447618.jpg,SNE
01447619.jpg,SNE
01447620.jpg,SNE
01447621.jpg,SNE
01447622.jpg,SNE
01447623.jpg,BNE
01447624.jpg,BNE
01447625.jpg,BNE
01447626.jpg,BNE
01447627.jpg,SNE
01447628.jpg,MMY
01447629.jpg,SNE
01447630.jpg,SNE
01447631.jpg,BNE
01447632.jpg,SNE
01447633.jpg,BNE
01447634.jpg,SNE
01447635.jpg,BNE
01447636.jpg,SNE
01447637.jpg,SNE
01447638.jpg,BNE
01447639.jpg,SNE
01447640.jpg,SNE
01447641.jpg,SNE
01447642.jpg,SNE
01447643.jpg,SNE
01447644.jpg,SNE
01447645.jpg,BNE
01447646.jpg,BNE
01447647.jpg,MO
01447648.jpg,BNE
01447649.jpg,BNE
01447650.jpg,SNE
01447651.jpg,BA
01447652.jpg,BA
01447653.jpg,BA
01447654.jpg,BA
01447655.jpg,BA
01447656.jpg,BL
01447657.jpg,BL
01447658.jpg,BNE
01447659.jpg,BNE
01447660.jpg,BNE
01447661.jpg,BNE
01447662.jpg,BNE
01447663.jpg,BNE
01447664.jpg,MMY
01447665.jpg,LY
01447666.jpg,LY
01447667.jpg,LY
01447668.jpg,LY
01447669.jpg,LY
01447670.jpg,MY
01447671.jpg,LY
01447672.jpg,LY
01447673.jpg,VLY
01447674.jpg,LY
01447675.jpg,LY
01447676.jpg,LY
01447677.jpg,LY
01447678.jpg,VLY
01447679.jpg,LY
01447680.jpg,LY
01447681.jpg,MMY
01447682.jpg,MMY
01447683.jpg,MY
01447684.jpg,MO
01447685.jpg,MO
01447686.jpg,MO
01447687.jpg,MO
01447688.jpg,MY
01447689.jpg,MO
01447690.jpg,PMY
01447691.jpg,MY
01447692.jpg,MY
01447693.jpg,MY
01447694.jpg,SNE
01447695.jpg,SNE
01447696.jpg,SNE
01447697.jpg,SNE
01447698.jpg,SNE
01447699.jpg,SNE
01447700.jpg,SNE
01447701.jpg,SNE
01447702.jpg,SNE
01447703.jpg,SNE
01447704.jpg,SNE
01447705.jpg,BNE
01447706.jpg,SNE
01447707.jpg,SNE
01447708.jpg,SNE
01447709.jpg,SNE
01447710.jpg,SNE
01447711.jpg,SNE
01447712.jpg,SNE
01447713.jpg,SNE
01447714.jpg,SNE
01447715.jpg,SNE
01447716.jpg,SNE
01447717.jpg,SNE
01447718.jpg,SNE
01447719.jpg,SNE
01447720.jpg,SNE
01447721.jpg,SNE
01447722.jpg,SNE
01447723.jpg,SNE
01447724.jpg,SNE
01447725.jpg,SNE
01447726.jpg,SNE
01447727.jpg,SNE
01447728.jpg,SNE
01447729.jpg,SNE
01447730.jpg,SNE
01447731.jpg,SNE
01447732.jpg,SNE
01447733.jpg,SNE
01447734.jpg,SNE
01447735.jpg,SNE
01447736.jpg,SNE
01447737.jpg,SNE
01447738.jpg,SNE
01447739.jpg,SNE
01447740.jpg,SNE
01447741.jpg,SNE
01447742.jpg,SNE
01447743.jpg,SNE
01447744.jpg,SNE
01447745.jpg,SNE
01447746.jpg,SNE
01447747.jpg,SNE
01447748.jpg,SNE
01447749.jpg,BNE
01447750.jpg,SNE
01447751.jpg,SNE
01447752.jpg,SNE
01447753.jpg,SNE
01447754.jpg,SNE
01447755.jpg,SNE
01447756.jpg,SNE
01447757.jpg,SNE
01447758.jpg,SNE
01447759.jpg,SNE
01447760.jpg,SNE
01447761.jpg,BA
01447762.jpg,BA
01447763.jpg,BA
01447764.jpg,BA
01447765.jpg,LY
01447766.jpg,LY
01447767.jpg,LY
01447768.jpg,LY
01447769.jpg,LY
01447770.jpg,LY
01447771.jpg,LY
01447772.jpg,LY
01447773.jpg,LY
01447774.jpg,LY
01447775.jpg,LY
01447776.jpg,LY
01447777.jpg,LY
01447778.jpg,LY
01447779.jpg,LY
01447780.jpg,LY
01447781.jpg,LY
01447782.jpg,LY
01447783.jpg,LY
01447784.jpg,LY
01447785.jpg,LY
01447786.jpg,LY
01447787.jpg,LY
01447788.jpg,LY
01447789.jpg,LY
01447790.jpg,PLY
01447791.jpg,LY
01447792.jpg,LY
01447793.jpg,LY
01447794.jpg,VLY
01447795.jpg,MO
01447796.jpg,LY
01447797.jpg,LY
01447798.jpg,LY
01447799.jpg,LY
01447800.jpg,PLY
01447801.jpg,LY
01447802.jpg,LY
01447803.jpg,LY
01447804.jpg,LY
01447805.jpg,LY
01447806.jpg,LY
01447807.jpg,LY
01447808.jpg,MO
01447809.jpg,LY
01447810.jpg,LY
01447811.jpg,LY
01447812.jpg,VLY
01447813.jpg,LY
01447814.jpg,VLY
01447815.jpg,LY
01447816.jpg,LY
01447817.jpg,LY
01447818.jpg,LY
01447819.jpg,LY
01447820.jpg,LY
01447821.jpg,LY
01447822.jpg,LY
01447823.jpg,LY
01447824.jpg,LY
01447825.jpg,LY
01447826.jpg,LY
01447827.jpg,LY
01447828.jpg,VLY
01447829.jpg,MO
01447830.jpg,MO
01447831.jpg,MO
01447832.jpg,MO
01447833.jpg,MO
01447834.jpg,MO
01447835.jpg,MO
01447836.jpg,MO
01447837.jpg,MO
01447838.jpg,MO
01447839.jpg,MO
01447840.jpg,MO
01447841.jpg,MO
01447842.jpg,MO
01447843.jpg,MO
01447844.jpg,MO
01447845.jpg,MO
01447846.jpg,MO
01447847.jpg,MO
01447848.jpg,MO
01447849.jpg,VLY
01447850.jpg,MO
01447851.jpg,MO
01447852.jpg,MO
01447853.jpg,MO
01447854.jpg,BNE
01447855.jpg,SNE
01447856.jpg,SNE
01447857.jpg,BNE
01447858.jpg,SNE
01447859.jpg,SNE
01447860.jpg,SNE
01447861.jpg,SNE
01447862.jpg,SNE
01447863.jpg,SNE
01447864.jpg,SNE
01447865.jpg,SNE
01447866.jpg,BNE
01447867.jpg,BNE
01447868.jpg,SNE
01447869.jpg,SNE
01447870.jpg,BNE
01447871.jpg,SNE
01447872.jpg,VLY
01447873.jpg,VLY
01447874.jpg,VLY
01447875.jpg,EO
01447876.jpg,LY
01447877.jpg,LY
01447878.jpg,PLY
01447879.jpg,PC
01447880.jpg,LY
01447881.jpg,LY
01447882.jpg,LY
01447883.jpg,LY
01447884.jpg,LY
01447885.jpg,PLY
01447886.jpg,LY
01447887.jpg,LY
01447888.jpg,MO
01447889.jpg,MO
01447890.jpg,MO
01447891.jpg,MO
01447892.jpg,MO
01447893.jpg,MO
01447894.jpg,MO
01447895.jpg,MO
01447896.jpg,MO
01447897.jpg,MO
01447898.jpg,SNE
01447899.jpg,SNE
01447900.jpg,SNE
01447901.jpg,SNE
01447902.jpg,SNE
01447903.jpg,SNE
01447904.jpg,SNE
01447905.jpg,SNE
01447906.jpg,SNE
01447907.jpg,SNE
01447908.jpg,SNE
01447909.jpg,SNE
01447910.jpg,SNE
01447911.jpg,SNE
01447912.jpg,SNE
01447913.jpg,SNE
01447914.jpg,SNE
01447915.jpg,SNE
01447916.jpg,SNE
01447917.jpg,SNE
01447918.jpg,SNE
01447919.jpg,SNE
01447920.jpg,SNE
01447921.jpg,SNE
01447922.jpg,SNE
01447923.jpg,SNE
01447924.jpg,SNE
01447925.jpg,SNE
01447926.jpg,SNE
01447927.jpg,SNE
01447928.jpg,SNE
01447929.jpg,SNE
01447930.jpg,SNE
01447931.jpg,SNE
01447932.jpg,SNE
01447933.jpg,SNE
01447934.jpg,SNE
01447935.jpg,SNE
01447936.jpg,SNE
01447937.jpg,SNE
01447938.jpg,SNE
01447939.jpg,SNE
01447940.jpg,SNE
01447941.jpg,SNE
01447942.jpg,SNE
01447943.jpg,SNE
01447944.jpg,SNE
01447945.jpg,SNE
01447946.jpg,SNE
01447947.jpg,SNE
01447948.jpg,SNE
01447949.jpg,SNE
01447950.jpg,SNE
01447951.jpg,SNE
01447952.jpg,SNE
01447953.jpg,SNE
01447954.jpg,BNE
01447955.jpg,SNE
01447956.jpg,SNE
01447957.jpg,SNE
01447958.jpg,SNE
01447959.jpg,SNE
01447960.jpg,SNE
01447961.jpg,SNE
01447962.jpg,SNE
01447963.jpg,SNE
01447964.jpg,SNE
01447965.jpg,BNE
01447966.jpg,SNE
01447967.jpg,SNE
01447968.jpg,SNE
01447969.jpg,SNE
01447970.jpg,SNE
01447971.jpg,SNE
01447972.jpg,SNE
01447973.jpg,SNE
01447974.jpg,SNE
01447975.jpg,SNE
01447976.jpg,SNE
01447977.jpg,SNE
01447978.jpg,SNE
01447979.jpg,SNE
01447980.jpg,SNE
01447981.jpg,SNE
01447982.jpg,SNE
01447983.jpg,SNE
01447984.jpg,SNE
01447985.jpg,MO
01447986.jpg,EO
01447987.jpg,EO
01447988.jpg,LY
01447989.jpg,LY
01447990.jpg,VLY
01447991.jpg,LY
01447992.jpg,LY
01447993.jpg,LY
01447994.jpg,LY
01447995.jpg,LY
01447996.jpg,LY
01447997.jpg,LY
01447998.jpg,LY
01447999.jpg,LY
01448000.jpg,LY
01448001.jpg,PLY
01448002.jpg,LY
01448003.jpg,VLY
01448004.jpg,LY
01448005.jpg,LY
01448006.jpg,PC
01448007.jpg,LY
01448008.jpg,LY
01448009.jpg,LY
01448010.jpg,LY
01448011.jpg,LY
01448012.jpg,LY
01448013.jpg,PC
01448014.jpg,LY
01448015.jpg,PC
01448016.jpg,LY
01448017.jpg,LY
01448018.jpg,LY
01448019.jpg,LY
01448020.jpg,LY
01448021.jpg,LY
01448022.jpg,LY
01448023.jpg,LY
01448024.jpg,LY
01448025.jpg,LY
01448026.jpg,LY
01448027.jpg,LY
01448028.jpg,MO
01448029.jpg,MO
01448030.jpg,MO
01448031.jpg,MO
01448032.jpg,MO
01448033.jpg,MO
01448034.jpg,MO
01448035.jpg,MO
01448036.jpg,MO
01448037.jpg,MO
01448038.jpg,MO
01448039.jpg,SNE
01448040.jpg,SNE
01448041.jpg,SNE
01448042.jpg,SNE
01448043.jpg,SNE
01448044.jpg,SNE
01448045.jpg,SNE
01448046.jpg,SNE
01448047.jpg,SNE
01448048.jpg,SNE
01448049.jpg,SNE
01448050.jpg,SNE
01448051.jpg,SNE
01448052.jpg,SNE
01448053.jpg,SNE
01448054.jpg,SNE
01448055.jpg,SNE
01448056.jpg,SNE
01448057.jpg,SNE
01448058.jpg,SNE
01448059.jpg,SNE
01448060.jpg,SNE
01448061.jpg,SNE
01448062.jpg,SNE
01448063.jpg,SNE
01448064.jpg,SNE
01448065.jpg,SNE
01448066.jpg,SNE
01448067.jpg,SNE
01448068.jpg,SNE
01448069.jpg,EO
01448070.jpg,SNE
01448071.jpg,SNE
01448072.jpg,SNE
01448073.jpg,SNE
01448074.jpg,SNE
01448075.jpg,SNE
01448076.jpg,SNE
01448077.jpg,SNE
01448078.jpg,SNE
01448079.jpg,SNE
01448080.jpg,SNE
01448081.jpg,SNE
01448082.jpg,SNE
01448083.jpg,SNE
01448084.jpg,SNE
01448085.jpg,SNE
01448086.jpg,SNE
01448087.jpg,SNE
01448088.jpg,SNE
01448089.jpg,SNE
01448090.jpg,SNE
01448091.jpg,SNE
01448092.jpg,SNE
01448093.jpg,SNE
01448094.jpg,SNE
01448095.jpg,SNE
01448096.jpg,MO
01448097.jpg,EO
01448098.jpg,PC
01448099.jpg,LY
01448100.jpg,LY
01448101.jpg,PC
01448102.jpg,LY
01448103.jpg,LY
01448104.jpg,LY
01448105.jpg,LY
01448106.jpg,LY
01448107.jpg,LY
01448108.jpg,LY
01448109.jpg,LY
01448110.jpg,VLY
01448111.jpg,LY
01448112.jpg,PLY
01448113.jpg,PLY
01448114.jpg,PC
01448115.jpg,LY
01448116.jpg,LY
01448117.jpg,LY
01448118.jpg,LY
01448119.jpg,LY
01448120.jpg,LY
01448121.jpg,LY
01448122.jpg,LY
01448123.jpg,LY
01448124.jpg,MMY
01448125.jpg,MO
01448126.jpg,MO
01448127.jpg,MO
01448128.jpg,MO
01448129.jpg,MY
01448130.jpg,MY
01448131.jpg,SNE
01448132.jpg,SNE
01448133.jpg,SNE
01448134.jpg,SNE
01448135.jpg,SNE
01448136.jpg,SNE
01448137.jpg,SNE
01448138.jpg,SNE
01448139.jpg,SNE
01448140.jpg,SNE
01448141.jpg,SNE
01448142.jpg,SNE
01448143.jpg,SNE
01448144.jpg,SNE
01448145.jpg,SNE
01448146.jpg,SNE
01448147.jpg,SNE
01448148.jpg,SNE
01448149.jpg,SNE
01448150.jpg,SNE
01448151.jpg,BNE
01448152.jpg,SNE
01448153.jpg,SNE
01448154.jpg,BNE
01448155.jpg,SNE
01448156.jpg,SNE
01448157.jpg,SNE
01448158.jpg,SNE
01448159.jpg,SNE
01448160.jpg,SNE
01448161.jpg,SNE
01448162.jpg,SNE
01448163.jpg,SNE
01448164.jpg,SNE
01448165.jpg,SNE
01448166.jpg,SNE
01448167.jpg,SNE
01448168.jpg,SNE
01448169.jpg,SNE
01448170.jpg,SNE
01448171.jpg,SNE
01448172.jpg,SNE
01448173.jpg,SNE
01448174.jpg,SNE
01448175.jpg,SNE
01448176.jpg,SNE
01448177.jpg,SNE
01448178.jpg,SNE
01448179.jpg,SNE
01448180.jpg,SNE
01448181.jpg,SNE
01448182.jpg,SNE
01448183.jpg,SNE
01448184.jpg,SNE
01448185.jpg,SNE
01448186.jpg,SNE
01448187.jpg,SNE
01448188.jpg,SNE
01448189.jpg,SNE
01448190.jpg,SNE
01448191.jpg,SNE
01448192.jpg,SNE
01448193.jpg,SNE
01448194.jpg,SNE
01448195.jpg,SNE
01448196.jpg,SNE
01448197.jpg,VLY
01448198.jpg,BA
01448199.jpg,BA
01448200.jpg,BA
01448201.jpg,MO
01448202.jpg,MO
01448203.jpg,MO
01448204.jpg,MO
01448205.jpg,MO
01448206.jpg,MO
01448207.jpg,MO
01448208.jpg,MO
01448209.jpg,BNE
01448210.jpg,BNE
01448211.jpg,EO
01448212.jpg,EO
01448213.jpg,BNE
01448214.jpg,EO
01448215.jpg,EO
01448216.jpg,LY
01448217.jpg,LY
01448218.jpg,LY
01448219.jpg,LY
01448220.jpg,LY
01448221.jpg,LY
01448222.jpg,LY
01448223.jpg,LY
01448224.jpg,PC
01448225.jpg,LY
01448226.jpg,LY
01448227.jpg,LY
01448228.jpg,LY
01448229.jpg,LY
01448230.jpg,LY
01448231.jpg,LY
01448232.jpg,LY
01448233.jpg,LY
01448234.jpg,LY
01448235.jpg,LY
01448236.jpg,LY
01448237.jpg,LY
01448238.jpg,LY
01448239.jpg,LY
01448240.jpg,LY
01448241.jpg,LY
01448242.jpg,LY
01448243.jpg,LY
01448244.jpg,LY
01448245.jpg,LY
01448246.jpg,LY
01448247.jpg,LY
01448248.jpg,LY
01448249.jpg,LY
01448250.jpg,LY
01448251.jpg,LY
01448252.jpg,LY
01448253.jpg,LY
01448254.jpg,VLY
01448255.jpg,PC
01448256.jpg,LY
01448257.jpg,LY
01448258.jpg,LY
01448259.jpg,LY
01448260.jpg,LY
01448261.jpg,VLY
01448262.jpg,LY
01448263.jpg,BNE
01448264.jpg,MO
01448265.jpg,MO
01448266.jpg,MO
01448267.jpg,VLY
01448268.jpg,MO
01448269.jpg,MO
01448270.jpg,MO
01448271.jpg,MO
01448272.jpg,MO
01448273.jpg,MO
01448274.jpg,MO
01448275.jpg,MO
01448276.jpg,MO
01448277.jpg,MO
01448278.jpg,MO
01448279.jpg,MO
01448280.jpg,MO
01448281.jpg,MO
01448282.jpg,MO
01448283.jpg,MO
01448284.jpg,MO
01448285.jpg,SNE
01448286.jpg,SNE
01448287.jpg,BNE
01448288.jpg,SNE
01448289.jpg,SNE
01448290.jpg,SNE
01448291.jpg,SNE
01448292.jpg,BNE
01448293.jpg,SNE
01448294.jpg,SNE
01448295.jpg,SNE
01448296.jpg,SNE
01448297.jpg,SNE
01448298.jpg,SNE
01448299.jpg,SNE
01448300.jpg,MY
01448301.jpg,SNE
01448302.jpg,BNE
01448303.jpg,SNE
01448304.jpg,SNE
01448305.jpg,SNE
01448306.jpg,SNE
01448307.jpg,SNE
01448308.jpg,SNE
01448309.jpg,SNE
01448310.jpg,BNE
01448311.jpg,BNE
01448312.jpg,SNE
01448313.jpg,SNE
01448314.jpg,SNE
01448315.jpg,VLY
01448316.jpg,VLY
01448317.jpg,EO
01448318.jpg,EO
01448319.jpg,EO
01448320.jpg,EO
01448321.jpg,EO
01448322.jpg,EO
01448323.jpg,EO
01448324.jpg,EO
01448325.jpg,EO
01448326.jpg,EO
01448327.jpg,EO
01448328.jpg,LY
01448329.jpg,VLY
01448330.jpg,LY
01448331.jpg,LY
01448332.jpg,VLY
01448333.jpg,LY
01448334.jpg,LY
01448335.jpg,LY
01448336.jpg,LY
01448337.jpg,LY
01448338.jpg,LY
01448339.jpg,LY
01448340.jpg,LY
01448341.jpg,LY
01448342.jpg,LY
01448343.jpg,LY
01448344.jpg,LY
01448345.jpg,LY
01448346.jpg,LY
01448347.jpg,LY
01448348.jpg,LY
01448349.jpg,MO
01448350.jpg,MO
01448351.jpg,MO
01448352.jpg,MO
01448353.jpg,MO
01448354.jpg,MO
01448355.jpg,MO
01448356.jpg,MO
01448357.jpg,MO
01448358.jpg,MO
01448359.jpg,MO
01448360.jpg,MO
01448361.jpg,MO
01448362.jpg,MO
01448363.jpg,MO
01448364.jpg,MO
01448365.jpg,MO
01448366.jpg,MO
01448367.jpg,SNE
01448368.jpg,SNE
01448369.jpg,SNE
01448370.jpg,SNE
01448371.jpg,SNE
01448372.jpg,SNE
01448373.jpg,SNE
01448374.jpg,SNE
01448375.jpg,SNE
01448376.jpg,SNE
01448377.jpg,SNE
01448378.jpg,SNE
01448379.jpg,SNE
01448380.jpg,SNE
01448381.jpg,SNE
01448382.jpg,SNE
01448383.jpg,SNE
01448384.jpg,SNE
01448385.jpg,SNE
01448386.jpg,SNE
01448387.jpg,SNE
01448388.jpg,SNE
01448389.jpg,SNE
01448390.jpg,SNE
01448391.jpg,SNE
01448392.jpg,SNE
01448393.jpg,SNE
01448394.jpg,SNE
01448395.jpg,SNE
01448396.jpg,SNE
01448397.jpg,SNE
01448398.jpg,SNE
01448399.jpg,SNE
01448400.jpg,SNE
01448401.jpg,SNE
01448402.jpg,SNE
01448403.jpg,SNE
01448404.jpg,SNE
01448405.jpg,SNE
01448406.jpg,SNE
01448407.jpg,SNE
01448408.jpg,SNE
01448409.jpg,SNE
01448410.jpg,SNE
01448411.jpg,SNE
01448412.jpg,SNE
01448413.jpg,SNE
01448414.jpg,SNE
01448415.jpg,SNE
01448416.jpg,SNE
01448417.jpg,SNE
01448418.jpg,SNE
01448419.jpg,SNE
01448420.jpg,SNE
01448421.jpg,SNE
01448422.jpg,SNE
01448423.jpg,SNE
01448424.jpg,SNE
01448425.jpg,VLY
01448426.jpg,BA
01448427.jpg,BA
01448428.jpg,EO
01448429.jpg,PC
01448430.jpg,LY
01448431.jpg,VLY
01448432.jpg,LY
01448433.jpg,LY
01448434.jpg,LY
01448435.jpg,LY
01448436.jpg,LY
01448437.jpg,LY
01448438.jpg,PC
01448439.jpg,LY
01448440.jpg,PC
01448441.jpg,LY
01448442.jpg,VLY
01448443.jpg,LY
01448444.jpg,LY
01448445.jpg,BL
01448446.jpg,LY
01448447.jpg,LY
01448448.jpg,LY
01448449.jpg,LY
01448450.jpg,LY
01448451.jpg,PC
01448452.jpg,LY
01448453.jpg,VLY
01448454.jpg,LY
01448455.jpg,LY
01448456.jpg,MO
01448457.jpg,MO
01448458.jpg,MO
01448459.jpg,MO
01448460.jpg,MO
01448461.jpg,MO
01448462.jpg,MO
01448463.jpg,MO
01448464.jpg,MO
01448465.jpg,MO
01448466.jpg,MO
01448467.jpg,MO
01448468.jpg,MO
01448469.jpg,MO
01448470.jpg,MO
01448471.jpg,MO
01448472.jpg,MO
01448473.jpg,MO
01448474.jpg,MO
01448475.jpg,MO
01448476.jpg,SNE
01448477.jpg,SNE
01448478.jpg,SNE
01448479.jpg,SNE
01448480.jpg,SNE
01448481.jpg,SNE
01448482.jpg,SNE
01448483.jpg,SNE
01448484.jpg,SNE
01448485.jpg,SNE
01448486.jpg,SNE
01448487.jpg,SNE
01448488.jpg,SNE
01448489.jpg,SNE
01448490.jpg,SNE
01448491.jpg,SNE
01448492.jpg,SNE
01448493.jpg,SNE
01448494.jpg,SNE
01448495.jpg,SNE
01448496.jpg,SNE
01448497.jpg,SNE
01448498.jpg,SNE
01448499.jpg,SNE
01448500.jpg,SNE
01448501.jpg,SNE
01448502.jpg,SNE
01448503.jpg,BNE
01448504.jpg,SNE
01448505.jpg,SNE
01448506.jpg,SNE
01448507.jpg,SNE
01448508.jpg,SNE
01448509.jpg,SNE
01448510.jpg,SNE
01448511.jpg,SNE
01448512.jpg,SNE
01448513.jpg,SNE
01448514.jpg,SNE
01448515.jpg,SNE
01448516.jpg,SNE
01448517.jpg,SNE
01448518.jpg,SNE
01448519.jpg,SNE
01448520.jpg,SNE
01448521.jpg,MO
01448522.jpg,SNE
01448523.jpg,SNE
01448524.jpg,SNE
01448525.jpg,SNE
01448526.jpg,SNE
01448527.jpg,SNE
01448528.jpg,SNE
01448529.jpg,SNE
01448530.jpg,SNE
01448531.jpg,SNE
01448532.jpg,SNE
01448533.jpg,SNE
01448534.jpg,SNE
01448535.jpg,MY
01448536.jpg,MO
01448537.jpg,BA
01448538.jpg,BA
01448539.jpg,EO
01448540.jpg,EO
01448541.jpg,EO
01448542.jpg,VLY
01448543.jpg,PC
01448544.jpg,LY
01448545.jpg,LY
01448546.jpg,LY
01448547.jpg,LY
01448548.jpg,LY
01448549.jpg,LY
01448550.jpg,LY
01448551.jpg,LY
01448552.jpg,LY
01448553.jpg,LY
01448554.jpg,LY
01448555.jpg,LY
01448556.jpg,LY
01448557.jpg,LY
01448558.jpg,LY
01448559.jpg,LY
01448560.jpg,LY
01448561.jpg,LY
01448562.jpg,LY
01448563.jpg,LY
01448564.jpg,LY
01448565.jpg,LY
01448566.jpg,LY
01448567.jpg,PLY
01448568.jpg,LY
01448569.jpg,LY
01448570.jpg,VLY
01448571.jpg,PLY
01448572.jpg,MO
01448573.jpg,MO
01448574.jpg,MO
01448575.jpg,MO
01448576.jpg,MO
01448577.jpg,MO
01448578.jpg,MO
01448579.jpg,MO
01448580.jpg,MO
01448581.jpg,MO
01448582.jpg,MO
01448583.jpg,MO
01448584.jpg,MO
01448585.jpg,MY
01448586.jpg,SNE
01448587.jpg,SNE
01448588.jpg,SNE
01448589.jpg,SNE
01448590.jpg,SNE
01448591.jpg,SNE
01448592.jpg,SNE
01448593.jpg,SNE
01448594.jpg,SNE
01448595.jpg,MO
01448596.jpg,SNE
01448597.jpg,SNE
01448598.jpg,SNE
01448599.jpg,SNE
01448600.jpg,SNE
01448601.jpg,SNE
01448602.jpg,SNE
01448603.jpg,SNE
01448604.jpg,SNE
01448605.jpg,SNE
01448606.jpg,BNE
01448607.jpg,SNE
01448608.jpg,SNE
01448609.jpg,SNE
01448610.jpg,SNE
01448611.jpg,SNE
01448612.jpg,SNE
01448613.jpg,SNE
01448614.jpg,SNE
01448615.jpg,SNE
01448616.jpg,SNE
01448617.jpg,SNE
01448618.jpg,SNE
01448619.jpg,SNE
01448620.jpg,SNE
01448621.jpg,SNE
01448622.jpg,SNE
01448623.jpg,SNE
01448624.jpg,SNE
01448625.jpg,SNE
01448626.jpg,SNE
01448627.jpg,SNE
01448628.jpg,SNE
01448629.jpg,SNE
01448630.jpg,SNE
01448631.jpg,SNE
01448632.jpg,SNE
01448633.jpg,SNE
01448634.jpg,SNE
01448635.jpg,SNE
01448636.jpg,SNE
01448637.jpg,SNE
01448638.jpg,SNE
01448639.jpg,SNE
01448640.jpg,SNE
01448641.jpg,SNE
01448642.jpg,SNE
01448643.jpg,VLY
01448644.jpg,VLY
01448645.jpg,BA
01448646.jpg,BL
01448647.jpg,BL
01448648.jpg,BL
01448649.jpg,BL
01448650.jpg,BL
01448651.jpg,BL
01448652.jpg,BL
01448653.jpg,BL
01448654.jpg,BL
01448655.jpg,BL
01448656.jpg,BL
01448657.jpg,BL
01448658.jpg,BL
01448659.jpg,BL
01448660.jpg,BL
01448661.jpg,BL
01448662.jpg,BL
01448663.jpg,BL
01448664.jpg,BL
01448665.jpg,LY
01448666.jpg,BL
01448667.jpg,BL
01448668.jpg,BL
01448669.jpg,BL
01448670.jpg,BL
01448671.jpg,BL
01448672.jpg,BL
01448673.jpg,BL
01448674.jpg,BL
01448675.jpg,BL
01448676.jpg,BL
01448677.jpg,MO
01448678.jpg,BL
01448679.jpg,BL
01448680.jpg,BL
01448681.jpg,BL
01448682.jpg,BL
01448683.jpg,BL
01448684.jpg,BL
01448685.jpg,BL
01448686.jpg,BL
01448687.jpg,BL
01448688.jpg,BL
01448689.jpg,BL
01448690.jpg,BL
01448691.jpg,BL
01448692.jpg,BL
01448693.jpg,BL
01448694.jpg,BL
01448695.jpg,BL
01448696.jpg,BL
01448697.jpg,BL
01448698.jpg,BL
01448699.jpg,BL
01448700.jpg,BL
01448701.jpg,BL
01448702.jpg,BL
01448703.jpg,BL
01448704.jpg,BL
01448705.jpg,BL
01448706.jpg,BL
01448707.jpg,BL
01448708.jpg,BL
01448709.jpg,BL
01448710.jpg,BL
01448711.jpg,BL
01448712.jpg,BL
01448713.jpg,BA
01448714.jpg,BL
01448715.jpg,BL
01448716.jpg,BL
01448717.jpg,BL
01448718.jpg,BL
01448719.jpg,BL
01448720.jpg,BL
01448721.jpg,BL
01448722.jpg,BL
01448723.jpg,BL
01448724.jpg,BL
01448725.jpg,BL
01448726.jpg,BL
01448727.jpg,BL
01448728.jpg,LY
01448729.jpg,BL
01448730.jpg,BL
01448731.jpg,BL
01448732.jpg,BL
01448733.jpg,BL
01448734.jpg,BL
01448735.jpg,MO
01448736.jpg,BL
01448737.jpg,BL
01448738.jpg,BL
01448739.jpg,BL
01448740.jpg,BL
01448741.jpg,BL
01448742.jpg,BL
01448743.jpg,BL
01448744.jpg,BL
01448745.jpg,BL
01448746.jpg,BL
01448747.jpg,BL
01448748.jpg,BL
01448749.jpg,LY
01448750.jpg,LY
01448751.jpg,LY
01448752.jpg,LY
01448753.jpg,LY
01448754.jpg,PC
01448755.jpg,LY
01448756.jpg,LY
01448757.jpg,LY
01448758.jpg,LY
01448759.jpg,LY
01448760.jpg,LY
01448761.jpg,SNE
01448762.jpg,BNE
01448763.jpg,SNE
01448764.jpg,SNE
01448765.jpg,BA
01448766.jpg,BA
01448767.jpg,EO
01448768.jpg,EO
01448769.jpg,EO
01448770.jpg,EO
01448771.jpg,EO
01448772.jpg,EO
01448773.jpg,EO
01448774.jpg,LY
01448775.jpg,LY
01448776.jpg,LY
01448777.jpg,PLY
01448778.jpg,LY
01448779.jpg,LY
01448780.jpg,LY
01448781.jpg,LY
01448782.jpg,LY
01448783.jpg,LY
01448784.jpg,LY
01448785.jpg,LY
01448786.jpg,LY
01448787.jpg,LY
01448788.jpg,LY
01448789.jpg,LY
01448790.jpg,LY
01448791.jpg,LY
01448792.jpg,LY
01448793.jpg,LY
01448794.jpg,LY
01448795.jpg,LY
01448796.jpg,LY
01448797.jpg,LY
01448798.jpg,LY
01448799.jpg,LY
01448800.jpg,LY
01448801.jpg,LY
01448802.jpg,MO
01448803.jpg,MO
01448804.jpg,MO
01448805.jpg,MO
01448806.jpg,MO
01448807.jpg,MO
01448808.jpg,MO
01448809.jpg,MO
01448810.jpg,MO
01448811.jpg,MO
01448812.jpg,MO
01448813.jpg,MO
01448814.jpg,MO
01448815.jpg,MO
01448816.jpg,MO
01448817.jpg,MO
01448818.jpg,SNE
01448819.jpg,SNE
01448820.jpg,SNE
01448821.jpg,SNE
01448822.jpg,SNE
01448823.jpg,SNE
01448824.jpg,SNE
01448825.jpg,SNE
01448826.jpg,SNE
01448827.jpg,SNE
01448828.jpg,SNE
01448829.jpg,SNE
01448830.jpg,SNE
01448831.jpg,SNE
01448832.jpg,SNE
01448833.jpg,SNE
01448834.jpg,SNE
01448835.jpg,SNE
01448836.jpg,SNE
01448837.jpg,SNE
01448838.jpg,SNE
01448839.jpg,SNE
01448840.jpg,SNE
01448841.jpg,SNE
01448842.jpg,SNE
01448843.jpg,SNE
01448844.jpg,SNE
01448845.jpg,SNE
01448846.jpg,SNE
01448847.jpg,SNE
01448848.jpg,SNE
01448849.jpg,SNE
01448850.jpg,SNE
01448851.jpg,SNE
01448852.jpg,SNE
01448853.jpg,SNE
01448854.jpg,SNE
01448855.jpg,SNE
01448856.jpg,SNE
01448857.jpg,SNE
01448858.jpg,SNE
01448859.jpg,SNE
01448860.jpg,SNE
01448861.jpg,SNE
01448862.jpg,SNE
01448863.jpg,SNE
01448864.jpg,SNE
01448865.jpg,SNE
01448866.jpg,SNE
01448867.jpg,SNE
01448868.jpg,SNE
01448869.jpg,SNE
01448870.jpg,SNE
01448871.jpg,SNE
01448872.jpg,SNE
01448873.jpg,SNE
01448874.jpg,SNE
01448875.jpg,SNE
01448876.jpg,VLY
01448877.jpg,BA
01448878.jpg,BA
01448879.jpg,BA
01448880.jpg,BA
01448881.jpg,BA
01448882.jpg,BA
01448883.jpg,BA
01448884.jpg,BA
01448885.jpg,BL
01448886.jpg,BA
01448887.jpg,BA
01448888.jpg,BA
01448889.jpg,BL
01448890.jpg,VLY
01448891.jpg,VLY
01448892.jpg,PC
01448893.jpg,BL
01448894.jpg,BL
01448895.jpg,BL
01448896.jpg,BL
01448897.jpg,EO
01448898.jpg,EO
01448899.jpg,EO
01448900.jpg,PC
01448901.jpg,LY
01448902.jpg,LY
01448903.jpg,LY
01448904.jpg,LY
01448905.jpg,LY
01448906.jpg,LY
01448907.jpg,LY
01448908.jpg,LY
01448909.jpg,LY
01448910.jpg,LY
01448911.jpg,LY
01448912.jpg,LY
01448913.jpg,MY
01448914.jpg,LY
01448915.jpg,LY
01448916.jpg,MY
01448917.jpg,PC
01448918.jpg,MY
01448919.jpg,MMY
01448920.jpg,MMY
01448921.jpg,MMY
01448922.jpg,MMY
01448923.jpg,BNE
01448924.jpg,MY
01448925.jpg,MY
01448926.jpg,MY
01448927.jpg,MO
01448928.jpg,MO
01448929.jpg,MO
01448930.jpg,MO
01448931.jpg,MO
01448932.jpg,MO
01448933.jpg,MMY
01448934.jpg,MO
01448935.jpg,MO
01448936.jpg,MO
01448937.jpg,MO
01448938.jpg,MO
01448939.jpg,MO
01448940.jpg,MO
01448941.jpg,MO
01448942.jpg,MO
01448943.jpg,MY
01448944.jpg,MY
01448945.jpg,MY
01448946.jpg,MY
01448947.jpg,MY
01448948.jpg,PMY
01448949.jpg,BL
01448950.jpg,SNE
01448951.jpg,SNE
01448952.jpg,BNE
01448953.jpg,SNE
01448954.jpg,SNE
01448955.jpg,SNE
01448956.jpg,BNE
01448957.jpg,SNE
01448958.jpg,BNE
01448959.jpg,SNE
01448960.jpg,BNE
01448961.jpg,MY
01448962.jpg,SNE
01448963.jpg,SNE
01448964.jpg,SNE
01448965.jpg,SNE
01448966.jpg,BNE
01448967.jpg,SNE
01448968.jpg,SNE
01448969.jpg,SNE
01448970.jpg,SNE
01448971.jpg,SNE
01448972.jpg,SNE
01448973.jpg,SNE
01448974.jpg,BNE
01448975.jpg,SNE
01448976.jpg,SNE
01448977.jpg,SNE
01448978.jpg,BNE
01448979.jpg,SNE
01448980.jpg,SNE
01448981.jpg,SNE
01448982.jpg,BNE
01448983.jpg,SNE
01448984.jpg,SNE
01448985.jpg,MY
01448986.jpg,SNE
01448987.jpg,EO
01448988.jpg,LY
01448989.jpg,LY
01448990.jpg,LY
01448991.jpg,LY
01448992.jpg,LY
01448993.jpg,LY
01448994.jpg,LY
01448995.jpg,LY
01448996.jpg,LY
01448997.jpg,LY
01448998.jpg,LY
01448999.jpg,LY
01449000.jpg,LY
01449001.jpg,LY
01449002.jpg,LY
01449003.jpg,LY
01449004.jpg,LY
01449005.jpg,LY
01449006.jpg,LY
01449007.jpg,LY
01449008.jpg,LY
01449009.jpg,LY
01449010.jpg,LY
01449011.jpg,LY
01449012.jpg,LY
01449013.jpg,LY
01449014.jpg,PC
01449015.jpg,LY
01449016.jpg,LY
01449017.jpg,LY
01449018.jpg,LY
01449019.jpg,LY
01449020.jpg,MO
01449021.jpg,MO
01449022.jpg,SNE
01449023.jpg,SNE
01449024.jpg,SNE
01449025.jpg,SNE
01449026.jpg,SNE
01449027.jpg,SNE
01449028.jpg,SNE
01449029.jpg,SNE
01449030.jpg,SNE
01449031.jpg,SNE
01449032.jpg,SNE
01449033.jpg,SNE
01449034.jpg,SNE
01449035.jpg,SNE
01449036.jpg,SNE
01449037.jpg,SNE
01449038.jpg,SNE
01449039.jpg,SNE
01449040.jpg,SNE
01449041.jpg,SNE
01449042.jpg,SNE
01449043.jpg,SNE
01449044.jpg,SNE
01449045.jpg,SNE
01449046.jpg,SNE
01449047.jpg,SNE
01449048.jpg,SNE
01449049.jpg,SNE
01449050.jpg,SNE
01449051.jpg,VLY
01449052.jpg,EO
01449053.jpg,EO
01449054.jpg,EO
01449055.jpg,EO
01449056.jpg,EO
01449057.jpg,LY
01449058.jpg,LY
01449059.jpg,LY
01449060.jpg,LY
01449061.jpg,LY
01449062.jpg,LY
01449063.jpg,LY
01449064.jpg,LY
01449065.jpg,VLY
01449066.jpg,VLY
01449067.jpg,VLY
01449068.jpg,LY
01449069.jpg,LY
01449070.jpg,LY
01449071.jpg,LY
01449072.jpg,LY
01449073.jpg,LY
01449074.jpg,LY
01449075.jpg,LY
01449076.jpg,LY
01449077.jpg,LY
01449078.jpg,LY
01449079.jpg,LY
01449080.jpg,PLY
01449081.jpg,LY
01449082.jpg,MMY
01449083.jpg,MO
01449084.jpg,MO
01449085.jpg,MO
01449086.jpg,MO
01449087.jpg,MO
01449088.jpg,MO
01449089.jpg,SNE
01449090.jpg,LY
01449091.jpg,BNE
01449092.jpg,MO
01449093.jpg,MO
01449094.jpg,MO
01449095.jpg,MO
01449096.jpg,MO
01449097.jpg,SNE
01449098.jpg,SNE
01449099.jpg,SNE
01449100.jpg,SNE
01449101.jpg,SNE
01449102.jpg,SNE
01449103.jpg,SNE
01449104.jpg,SNE
01449105.jpg,SNE
01449106.jpg,SNE
01449107.jpg,MY
01449108.jpg,SNE
01449109.jpg,SNE
01449110.jpg,SNE
01449111.jpg,SNE
01449112.jpg,BNE
01449113.jpg,MY
01449114.jpg,SNE
01449115.jpg,SNE
01449116.jpg,SNE
01449117.jpg,SNE
01449118.jpg,SNE
01449119.jpg,SNE
01449120.jpg,SNE
01449121.jpg,SNE
01449122.jpg,BNE
01449123.jpg,SNE
01449124.jpg,SNE
01449125.jpg,SNE
01449126.jpg,SNE
01449127.jpg,SNE
01449128.jpg,SNE
01449129.jpg,SNE
01449130.jpg,SNE
01449131.jpg,SNE
01449132.jpg,SNE
01449133.jpg,SNE
01449134.jpg,SNE
01449135.jpg,SNE
01449136.jpg,SNE
01449137.jpg,SNE
01449138.jpg,SNE
01449139.jpg,SNE
01449140.jpg,SNE
01449141.jpg,SNE
01449142.jpg,SNE
01449143.jpg,SNE
01449144.jpg,SNE
01449145.jpg,SNE
01449146.jpg,SNE
01449147.jpg,SNE
01449148.jpg,SNE
01449149.jpg,SNE
01449150.jpg,SNE
01449151.jpg,SNE
01449152.jpg,SNE
01449153.jpg,SNE
01449154.jpg,SNE
01449155.jpg,SNE
01449156.jpg,SNE
01449157.jpg,SNE
01449158.jpg,SNE
01449159.jpg,SNE
01449160.jpg,VLY
01449161.jpg,VLY
01449162.jpg,EO
01449163.jpg,EO
01449164.jpg,EO
01449165.jpg,EO
01449166.jpg,EO
01449167.jpg,PC
01449168.jpg,PC
01449169.jpg,LY
01449170.jpg,LY
01449171.jpg,PC
01449172.jpg,LY
01449173.jpg,LY
01449174.jpg,VLY
01449175.jpg,LY
01449176.jpg,LY
01449177.jpg,LY
01449178.jpg,LY
01449179.jpg,VLY
01449180.jpg,LY
01449181.jpg,LY
01449182.jpg,VLY
01449183.jpg,VLY
01449184.jpg,LY
01449185.jpg,LY
01449186.jpg,PC
01449187.jpg,PC
01449188.jpg,PC
01449189.jpg,PC
01449190.jpg,LY
01449191.jpg,LY
01449192.jpg,LY
01449193.jpg,LY
01449194.jpg,LY
01449195.jpg,LY
01449196.jpg,LY
01449197.jpg,LY
01449198.jpg,LY
01449199.jpg,LY
01449200.jpg,MO
01449201.jpg,MO
01449202.jpg,MO
01449203.jpg,MO
01449204.jpg,MO
01449205.jpg,MO
01449206.jpg,MO
01449207.jpg,MO
01449208.jpg,MO
01449209.jpg,MO
01449210.jpg,MO
01449211.jpg,SNE
01449212.jpg,SNE
01449213.jpg,SNE
01449214.jpg,SNE
01449215.jpg,SNE
01449216.jpg,SNE
01449217.jpg,SNE
01449218.jpg,SNE
01449219.jpg,SNE
01449220.jpg,SNE
01449221.jpg,SNE
01449222.jpg,SNE
01449223.jpg,SNE
01449224.jpg,SNE
01449225.jpg,SNE
01449226.jpg,SNE
01449227.jpg,SNE
01449228.jpg,SNE
01449229.jpg,SNE
01449230.jpg,SNE
01449231.jpg,SNE
01449232.jpg,SNE
01449233.jpg,SNE
01449234.jpg,SNE
01449235.jpg,SNE
01449236.jpg,SNE
01449237.jpg,SNE
01449238.jpg,SNE
01449239.jpg,SNE
01449240.jpg,SNE
01449241.jpg,SNE
01449242.jpg,SNE
01449243.jpg,SNE
01449244.jpg,SNE
01449245.jpg,SNE
01449246.jpg,SNE
01449247.jpg,SNE
01449248.jpg,SNE
01449249.jpg,SNE
01449250.jpg,SNE
01449251.jpg,SNE
01449252.jpg,SNE
01449253.jpg,SNE
01449254.jpg,SNE
01449255.jpg,SNE
01449256.jpg,SNE
01449257.jpg,SNE
01449258.jpg,SNE
01449259.jpg,SNE
01449260.jpg,SNE
01449261.jpg,SNE
01449262.jpg,SNE
01449263.jpg,SNE
01449264.jpg,SNE
01449265.jpg,SNE
01449266.jpg,SNE
01449267.jpg,SNE
01449268.jpg,SNE
01449269.jpg,SNE
01449270.jpg,PC
01449271.jpg,VLY
01449272.jpg,VLY
01449273.jpg,VLY
01449274.jpg,BA
01449275.jpg,EO
01449276.jpg,EO
01449277.jpg,EO
01449278.jpg,EO
01449279.jpg,EO
01449280.jpg,EO
01449281.jpg,EO
01449282.jpg,EO
01449283.jpg,EO
01449284.jpg,EO
01449285.jpg,EO
01449286.jpg,EO
01449287.jpg,EO
01449288.jpg,EO
01449289.jpg,EO
01449290.jpg,LY
01449291.jpg,LY
01449292.jpg,MO
01449293.jpg,LY
01449294.jpg,LY
01449295.jpg,LY
01449296.jpg,MO
01449297.jpg,VLY
01449298.jpg,LY
01449299.jpg,LY
01449300.jpg,BA
01449301.jpg,LY
01449302.jpg,MMY
01449303.jpg,MY
01449304.jpg,LY
01449305.jpg,LY
01449306.jpg,MO
01449307.jpg,MO
01449308.jpg,MO
01449309.jpg,LY
01449310.jpg,MO
01449311.jpg,MO
01449312.jpg,MO
01449313.jpg,LY
01449314.jpg,MO
01449315.jpg,MO
01449316.jpg,MO
01449317.jpg,MO
01449318.jpg,MO
01449319.jpg,MO
01449320.jpg,BNE
01449321.jpg,MO
01449322.jpg,MO
01449323.jpg,MO
01449324.jpg,MMY
01449325.jpg,MO
01449326.jpg,MO
01449327.jpg,MO
01449328.jpg,SNE
01449329.jpg,SNE
01449330.jpg,BNE
01449331.jpg,SNE
01449332.jpg,SNE
01449333.jpg,BNE
01449334.jpg,SNE
01449335.jpg,SNE
01449336.jpg,SNE
01449337.jpg,SNE
01449338.jpg,SNE
01449339.jpg,SNE
01449340.jpg,SNE
01449341.jpg,SNE
01449342.jpg,SNE
01449343.jpg,SNE
01449344.jpg,BNE
01449345.jpg,SNE
01449346.jpg,SNE
01449347.jpg,SNE
01449348.jpg,SNE
01449349.jpg,SNE
01449350.jpg,SNE
01449351.jpg,SNE
01449352.jpg,SNE
01449353.jpg,SNE
01449354.jpg,SNE
01449355.jpg,SNE
01449356.jpg,SNE
01449357.jpg,SNE
01449358.jpg,SNE
01449359.jpg,SNE
01449360.jpg,SNE
01449361.jpg,SNE
01449362.jpg,SNE
01449363.jpg,SNE
01449364.jpg,SNE
01449365.jpg,SNE
01449366.jpg,SNE
01449367.jpg,SNE
01449368.jpg,SNE
01449369.jpg,SNE
01449370.jpg,SNE
01449371.jpg,SNE
01449372.jpg,SNE
01449373.jpg,SNE
01449374.jpg,SNE
01449375.jpg,SNE
01449376.jpg,SNE
01449377.jpg,SNE
01449378.jpg,SNE
01449379.jpg,SNE
01449380.jpg,SNE
01449381.jpg,SNE
01449382.jpg,SNE
01449383.jpg,BNE
01449384.jpg,SNE
01449385.jpg,SNE
01449386.jpg,SNE
01449387.jpg,SNE
01449388.jpg,SNE
01449389.jpg,SNE
01449390.jpg,SNE
01449391.jpg,VLY
01449392.jpg,BA
01449393.jpg,BA
01449394.jpg,EO
01449395.jpg,EO
01449396.jpg,EO
01449397.jpg,EO
01449398.jpg,EO
01449399.jpg,LY
01449400.jpg,LY
01449401.jpg,LY
01449402.jpg,LY
01449403.jpg,LY
01449404.jpg,LY
01449405.jpg,LY
01449406.jpg,LY
01449407.jpg,LY
01449408.jpg,PC
01449409.jpg,LY
01449410.jpg,LY
01449411.jpg,LY
01449412.jpg,LY
01449413.jpg,LY
01449414.jpg,LY
01449415.jpg,LY
01449416.jpg,LY
01449417.jpg,LY
01449418.jpg,LY
01449419.jpg,PC
01449420.jpg,LY
01449421.jpg,LY
01449422.jpg,VLY
01449423.jpg,LY
01449424.jpg,LY
01449425.jpg,LY
01449426.jpg,PLY
01449427.jpg,LY
01449428.jpg,LY
01449429.jpg,MO
01449430.jpg,MO
01449431.jpg,MO
01449432.jpg,MO
01449433.jpg,MO
01449434.jpg,MO
01449435.jpg,MO
01449436.jpg,MO
01449437.jpg,MO
01449438.jpg,SNE
01449439.jpg,SNE
01449440.jpg,SNE
01449441.jpg,SNE
01449442.jpg,SNE
01449443.jpg,SNE
01449444.jpg,SNE
01449445.jpg,SNE
01449446.jpg,SNE
01449447.jpg,SNE
01449448.jpg,SNE
01449449.jpg,SNE
01449450.jpg,SNE
01449451.jpg,SNE
01449452.jpg,SNE
01449453.jpg,SNE
01449454.jpg,SNE
01449455.jpg,SNE
01449456.jpg,SNE
01449457.jpg,SNE
01449458.jpg,SNE
01449459.jpg,SNE
01449460.jpg,SNE
01449461.jpg,SNE
01449462.jpg,SNE
01449463.jpg,SNE
01449464.jpg,SNE
01449465.jpg,SNE
01449466.jpg,SNE
01449467.jpg,SNE
01449468.jpg,SNE
01449469.jpg,SNE
01449470.jpg,SNE
01449471.jpg,SNE
01449472.jpg,SNE
01449473.jpg,SNE
01449474.jpg,SNE
01449475.jpg,SNE
01449476.jpg,SNE
01449477.jpg,SNE
01449478.jpg,SNE
01449479.jpg,SNE
01449480.jpg,SNE
01449481.jpg,SNE
01449482.jpg,SNE
01449483.jpg,SNE
01449484.jpg,SNE
01449485.jpg,SNE
01449486.jpg,SNE
01449487.jpg,SNE
01449488.jpg,SNE
01449489.jpg,SNE
01449490.jpg,SNE
01449491.jpg,SNE
01449492.jpg,SNE
01449493.jpg,SNE
01449494.jpg,SNE
01449495.jpg,SNE
01449496.jpg,VLY
01449497.jpg,VLY
01449498.jpg,EO
01449499.jpg,EO
01449500.jpg,LY
01449501.jpg,LY
01449502.jpg,LY
01449503.jpg,PLY
01449504.jpg,LY
01449505.jpg,LY
01449506.jpg,LY
01449507.jpg,LY
01449508.jpg,LY
01449509.jpg,PC
01449510.jpg,LY
01449511.jpg,LY
01449512.jpg,LY
01449513.jpg,LY
01449514.jpg,LY
01449515.jpg,LY
01449516.jpg,LY
01449517.jpg,LY
01449518.jpg,LY
01449519.jpg,LY
01449520.jpg,LY
01449521.jpg,LY
01449522.jpg,LY
01449523.jpg,LY
01449524.jpg,MO
01449525.jpg,VLY
01449526.jpg,MO
01449527.jpg,MO
01449528.jpg,MO
01449529.jpg,MO
01449530.jpg,MO
01449531.jpg,MO
01449532.jpg,SNE
01449533.jpg,SNE
01449534.jpg,SNE
01449535.jpg,SNE
01449536.jpg,SNE
01449537.jpg,SNE
01449538.jpg,SNE
01449539.jpg,SNE
01449540.jpg,SNE
01449541.jpg,SNE
01449542.jpg,SNE
01449543.jpg,SNE
01449544.jpg,SNE
01449545.jpg,SNE
01449546.jpg,SNE
01449547.jpg,SNE
01449548.jpg,SNE
01449549.jpg,SNE
01449550.jpg,SNE
01449551.jpg,SNE
01449552.jpg,SNE
01449553.jpg,SNE
01449554.jpg,SNE
01449555.jpg,SNE
01449556.jpg,SNE
01449557.jpg,SNE
01449558.jpg,SNE
01449559.jpg,SNE
01449560.jpg,BNE
01449561.jpg,SNE
01449562.jpg,SNE
01449563.jpg,SNE
01449564.jpg,SNE
01449565.jpg,SNE
01449566.jpg,SNE
01449567.jpg,SNE
01449568.jpg,SNE
01449569.jpg,SNE
01449570.jpg,SNE
01449571.jpg,SNE
01449572.jpg,SNE
01449573.jpg,SNE
01449574.jpg,SNE
01449575.jpg,SNE
01449576.jpg,SNE
01449577.jpg,SNE
01449578.jpg,SNE
01449579.jpg,SNE
01449580.jpg,SNE
01449581.jpg,SNE
01449582.jpg,SNE
01449583.jpg,SNE
01449584.jpg,SNE
01449585.jpg,SNE
01449586.jpg,SNE
01449587.jpg,SNE
01449588.jpg,SNE
01449589.jpg,SNE
01449590.jpg,SNE
01449591.jpg,SNE
01449592.jpg,SNE
01449593.jpg,SNE
01449594.jpg,SNE
01449595.jpg,SNE
01449596.jpg,SNE
01449597.jpg,SNE
01449598.jpg,SNE
01449599.jpg,SNE
01449600.jpg,SNE
01449601.jpg,SNE
01449602.jpg,SNE
01449603.jpg,SNE
01449604.jpg,SNE
01449605.jpg,SNE
01449606.jpg,VLY
01449607.jpg,VLY
01449608.jpg,VLY
01449609.jpg,BA
01449610.jpg,BL
01449611.jpg,BL
01449612.jpg,BL
01449613.jpg,BL
01449614.jpg,VLY
01449615.jpg,BL
01449616.jpg,BL
01449617.jpg,BL
01449618.jpg,BL
01449619.jpg,BL
01449620.jpg,LY
01449621.jpg,BL
01449622.jpg,BA
01449623.jpg,LY
01449624.jpg,MY
01449625.jpg,LY
01449626.jpg,VLY
01449627.jpg,LY
01449628.jpg,LY
01449629.jpg,MO
01449630.jpg,MO
01449631.jpg,MY
01449632.jpg,MY
01449633.jpg,MO
01449634.jpg,MY
01449635.jpg,MY
01449636.jpg,MY
01449637.jpg,MY
01449638.jpg,MY
01449639.jpg,MY
01449640.jpg,MY
01449641.jpg,SNE
01449642.jpg,SNE
01449643.jpg,SNE
01449644.jpg,SNE
01449645.jpg,SNE
01449646.jpg,SNE
01449647.jpg,SNE
01449648.jpg,SNE
01449649.jpg,SNE
01449650.jpg,SNE
01449651.jpg,BNE
01449652.jpg,SNE
01449653.jpg,BNE
01449654.jpg,MY
01449655.jpg,SNE
01449656.jpg,SNE
01449657.jpg,BA
01449658.jpg,BNE
01449659.jpg,SNE
01449660.jpg,BNE
01449661.jpg,MY
01449662.jpg,SNE
01449663.jpg,SNE
01449664.jpg,SNE
01449665.jpg,SNE
01449666.jpg,BNE
01449667.jpg,BNE
01449668.jpg,BNE
01449669.jpg,BNE
01449670.jpg,SNE
01449671.jpg,BNE
01449672.jpg,BNE
01449673.jpg,SNE
01449674.jpg,SNE
01449675.jpg,SNE
01449676.jpg,SNE
01449677.jpg,SNE
01449678.jpg,MY
01449679.jpg,MY
01449680.jpg,BNE
01449681.jpg,SNE
01449682.jpg,BNE
01449683.jpg,BNE
01449684.jpg,SNE
01449685.jpg,SNE
01449686.jpg,SNE
01449687.jpg,MMY
01449688.jpg,SNE
01449689.jpg,SNE
01449690.jpg,SNE
01449691.jpg,SNE
01449692.jpg,SNE
01449693.jpg,SNE
01449694.jpg,SNE
01449695.jpg,SNE
01449696.jpg,SNE
01449697.jpg,SNE
01449698.jpg,BNE
01449699.jpg,BNE
01449700.jpg,BNE
01449701.jpg,BNE
01449702.jpg,MMY
01449703.jpg,SNE
01449704.jpg,SNE
01449705.jpg,BNE
01449706.jpg,BNE
01449707.jpg,MMY
01449708.jpg,SNE
01449709.jpg,BNE
01449710.jpg,SNE
01449711.jpg,MY
01449712.jpg,BNE
01449713.jpg,SNE
01449714.jpg,BNE
01449715.jpg,BNE
01449716.jpg,SNE
01449717.jpg,BNE
01449718.jpg,BNE
01449719.jpg,BNE
01449720.jpg,SNE
01449721.jpg,BNE
01449722.jpg,BNE
01449723.jpg,BNE
01449724.jpg,SNE
01449725.jpg,BNE
01449726.jpg,SNE
01449727.jpg,BNE
01449728.jpg,SNE
01449729.jpg,BNE
01449730.jpg,VLY
01449731.jpg,BA
01449732.jpg,BA
01449733.jpg,BA
01449734.jpg,EO
01449735.jpg,EO
01449736.jpg,EO
01449737.jpg,EO
01449738.jpg,LY
01449739.jpg,VLY
01449740.jpg,LY
01449741.jpg,VLY
01449742.jpg,LY
01449743.jpg,PC
01449744.jpg,LY
01449745.jpg,PC
01449746.jpg,LY
01449747.jpg,MO
01449748.jpg,MO
01449749.jpg,MO
01449750.jpg,MO
01449751.jpg,MO
01449752.jpg,MO
01449753.jpg,MO
01449754.jpg,MO
01449755.jpg,MO
01449756.jpg,MO
01449757.jpg,SNE
01449758.jpg,SNE
01449759.jpg,SNE
01449760.jpg,SNE
01449761.jpg,SNE
01449762.jpg,SNE
01449763.jpg,SNE
01449764.jpg,SNE
01449765.jpg,SNE
01449766.jpg,SNE
01449767.jpg,SNE
01449768.jpg,SNE
01449769.jpg,SNE
01449770.jpg,SNE
01449771.jpg,SNE
01449772.jpg,SNE
01449773.jpg,SNE
01449774.jpg,SNE
01449775.jpg,SNE
01449776.jpg,SNE
01449777.jpg,SNE
01449778.jpg,SNE
01449779.jpg,SNE
01449780.jpg,SNE
01449781.jpg,SNE
01449782.jpg,SNE
01449783.jpg,SNE
01449784.jpg,SNE
01449785.jpg,SNE
01449786.jpg,SNE
01449787.jpg,SNE
01449788.jpg,SNE
01449789.jpg,SNE
01449790.jpg,SNE
01449791.jpg,SNE
01449792.jpg,SNE
01449793.jpg,SNE
01449794.jpg,SNE
01449795.jpg,SNE
01449796.jpg,SNE
01449797.jpg,SNE
01449798.jpg,SNE
01449799.jpg,SNE
01449800.jpg,SNE
01449801.jpg,SNE
01449802.jpg,SNE
01449803.jpg,SNE
01449804.jpg,SNE
01449805.jpg,SNE
01449806.jpg,SNE
01449807.jpg,SNE
01449808.jpg,SNE
01449809.jpg,SNE
01449810.jpg,SNE
01449811.jpg,SNE
01449812.jpg,SNE
01449813.jpg,SNE
01449814.jpg,SNE
01449815.jpg,BNE
01449816.jpg,SNE
01449817.jpg,SNE
01449818.jpg,SNE
01449819.jpg,SNE
01449820.jpg,SNE
01449821.jpg,SNE
01449822.jpg,SNE
01449823.jpg,SNE
01449824.jpg,SNE
01449825.jpg,SNE
01449826.jpg,SNE
01449827.jpg,SNE
01449828.jpg,BNE
01449829.jpg,SNE
01449830.jpg,SNE
01449831.jpg,SNE
01449832.jpg,SNE
01449833.jpg,SNE
01449834.jpg,SNE
01449835.jpg,SNE
01449836.jpg,SNE
01449837.jpg,SNE
01449838.jpg,SNE
01449839.jpg,SNE
01449840.jpg,BL
01449841.jpg,BL
01449842.jpg,BL
01449843.jpg,BL
01449844.jpg,BL
01449845.jpg,BL
01449846.jpg,BL
01449847.jpg,BL
01449848.jpg,MMY
01449849.jpg,BL
01449850.jpg,BL
01449851.jpg,BL
01449852.jpg,BL
01449853.jpg,BL
01449854.jpg,MO
01449855.jpg,BL
01449856.jpg,BL
01449857.jpg,BL
01449858.jpg,BL
01449859.jpg,BL
01449860.jpg,BL
01449861.jpg,LY
01449862.jpg,LY
01449863.jpg,PC
01449864.jpg,PC
01449865.jpg,LY
01449866.jpg,LY
01449867.jpg,LY
01449868.jpg,LY
01449869.jpg,LY
01449870.jpg,VLY
01449871.jpg,LY
01449872.jpg,LY
01449873.jpg,LY
01449874.jpg,BL
01449875.jpg,LY
01449876.jpg,LY
01449877.jpg,PC
01449878.jpg,LY
01449879.jpg,LY
01449880.jpg,LY
01449881.jpg,LY
01449882.jpg,LY
01449883.jpg,PC
01449884.jpg,LY
01449885.jpg,LY
01449886.jpg,LY
01449887.jpg,LY
01449888.jpg,LY
01449889.jpg,LY
01449890.jpg,LY
01449891.jpg,LY
01449892.jpg,BL
01449893.jpg,PC
01449894.jpg,LY
01449895.jpg,LY
01449896.jpg,LY
01449897.jpg,LY
01449898.jpg,LY
01449899.jpg,LY
01449900.jpg,PLY
01449901.jpg,BL
01449902.jpg,PC
01449903.jpg,LY
01449904.jpg,LY
01449905.jpg,LY
01449906.jpg,LY
01449907.jpg,LY
01449908.jpg,LY
01449909.jpg,LY
01449910.jpg,LY
01449911.jpg,LY
01449912.jpg,LY
01449913.jpg,LY
01449914.jpg,VLY
01449915.jpg,VLY
01449916.jpg,MO
01449917.jpg,SNE
01449918.jpg,SNE
01449919.jpg,SNE
01449920.jpg,SNE
01449921.jpg,SNE
01449922.jpg,SNE
01449923.jpg,SNE
01449924.jpg,SNE
01449925.jpg,SNE
01449926.jpg,SNE
01449927.jpg,SNE
01449928.jpg,SNE
01449929.jpg,SNE
01449930.jpg,SNE
01449931.jpg,SNE
01449932.jpg,SNE
01449933.jpg,SNE
01449934.jpg,SNE
01449935.jpg,SNE
01449936.jpg,SNE
01449937.jpg,SNE
01449938.jpg,SNE
01449939.jpg,SNE
01449940.jpg,SNE
01449941.jpg,SNE
01449942.jpg,SNE
01449943.jpg,SNE
01449944.jpg,SNE
01449945.jpg,SNE
01449946.jpg,SNE
01449947.jpg,SNE
01449948.jpg,SNE
01449949.jpg,SNE
01449950.jpg,SNE
01449951.jpg,SNE
01449952.jpg,SNE
01449953.jpg,SNE
01449954.jpg,BA
01449955.jpg,BA
01449956.jpg,BA
01449957.jpg,BA
01449958.jpg,PMY
01449959.jpg,BA
01449960.jpg,BA
01449961.jpg,BA
01449962.jpg,BL
01449963.jpg,BL
01449964.jpg,LY
01449965.jpg,BL
01449966.jpg,BL
01449967.jpg,LY
01449968.jpg,LY
01449969.jpg,LY
01449970.jpg,PC
01449971.jpg,LY
01449972.jpg,PC
01449973.jpg,PC
01449974.jpg,LY
01449975.jpg,LY
01449976.jpg,LY
01449977.jpg,LY
01449978.jpg,LY
01449979.jpg,LY
01449980.jpg,LY
01449981.jpg,LY
01449982.jpg,LY
01449983.jpg,LY
01449984.jpg,LY
01449985.jpg,LY
01449986.jpg,LY
01449987.jpg,LY
01449988.jpg,LY
01449989.jpg,LY
01449990.jpg,LY
01449991.jpg,LY
01449992.jpg,LY
01449993.jpg,MO
01449994.jpg,MO
01449995.jpg,MO
01449996.jpg,MO
01449997.jpg,MO
01449998.jpg,MO
01449999.jpg,MO
01450000.jpg,MO
01450001.jpg,MO
01450002.jpg,MO
01450003.jpg,MO
01450004.jpg,MO
01450005.jpg,MO
01450006.jpg,MO
01450007.jpg,MO
01450008.jpg,MO
01450009.jpg,MO
01450010.jpg,MO
01450011.jpg,MO
01450012.jpg,MO
01450013.jpg,VLY
01450014.jpg,MO
01450015.jpg,MO
01450016.jpg,MO
01450017.jpg,MO
01450018.jpg,MO
01450019.jpg,MO
01450020.jpg,MO
01450021.jpg,MO
01450022.jpg,MO
01450023.jpg,MO
01450024.jpg,MO
01450025.jpg,MO
01450026.jpg,MO
01450027.jpg,MO
01450028.jpg,SNE
01450029.jpg,SNE
01450030.jpg,SNE
01450031.jpg,SNE
01450032.jpg,SNE
01450033.jpg,BA
01450034.jpg,BA
01450035.jpg,BA
01450036.jpg,BA
01450037.jpg,BA
01450038.jpg,BA
01450039.jpg,BL
01450040.jpg,EO
01450041.jpg,EO
01450042.jpg,EO
01450043.jpg,EO
01450044.jpg,PLY
01450045.jpg,LY
01450046.jpg,LY
01450047.jpg,LY
01450048.jpg,LY
01450049.jpg,MY
01450050.jpg,LY
01450051.jpg,LY
01450052.jpg,MY
01450053.jpg,MY
01450054.jpg,MO
01450055.jpg,MY
01450056.jpg,MMY
01450057.jpg,MY
01450058.jpg,MY
01450059.jpg,MY
01450060.jpg,MY
01450061.jpg,MY
01450062.jpg,MY
01450063.jpg,MY
01450064.jpg,MY
01450065.jpg,MY
01450066.jpg,MY
01450067.jpg,MY
01450068.jpg,PMY
01450069.jpg,PMY
01450070.jpg,SNE
01450071.jpg,SNE
01450072.jpg,SNE
01450073.jpg,SNE
01450074.jpg,SNE
01450075.jpg,SNE
01450076.jpg,SNE
01450077.jpg,SNE
01450078.jpg,SNE
01450079.jpg,SNE
01450080.jpg,BNE
01450081.jpg,SNE
01450082.jpg,SNE
01450083.jpg,BNE
01450084.jpg,SNE
01450085.jpg,SNE
01450086.jpg,SNE
01450087.jpg,BNE
01450088.jpg,SNE
01450089.jpg,SNE
01450090.jpg,SNE
01450091.jpg,SNE
01450092.jpg,SNE
01450093.jpg,SNE
01450094.jpg,SNE
01450095.jpg,SNE
01450096.jpg,SNE
01450097.jpg,MY
01450098.jpg,BNE
01450099.jpg,SNE
01450100.jpg,BNE
01450101.jpg,SNE
01450102.jpg,SNE
01450103.jpg,SNE
01450104.jpg,SNE
01450105.jpg,SNE
01450106.jpg,SNE
01450107.jpg,SNE
01450108.jpg,BNE
01450109.jpg,SNE
01450110.jpg,SNE
01450111.jpg,SNE
01450112.jpg,SNE
01450113.jpg,SNE
01450114.jpg,SNE
01450115.jpg,BNE
01450116.jpg,SNE
01450117.jpg,SNE
01450118.jpg,SNE
01450119.jpg,SNE
01450120.jpg,SNE
01450121.jpg,SNE
01450122.jpg,SNE
01450123.jpg,SNE
01450124.jpg,SNE
01450125.jpg,SNE
01450126.jpg,SNE
01450127.jpg,SNE
01450128.jpg,SNE
01450129.jpg,SNE
01450130.jpg,SNE
01450131.jpg,BNE
01450132.jpg,SNE
01450133.jpg,BNE
01450134.jpg,SNE
01450135.jpg,SNE
01450136.jpg,BNE
01450137.jpg,SNE
01450138.jpg,BL
01450139.jpg,LY
01450140.jpg,LY
01450141.jpg,LY
01450142.jpg,LY
01450143.jpg,LY
01450144.jpg,LY
01450145.jpg,LY
01450146.jpg,LY
01450147.jpg,LY
01450148.jpg,LY
01450149.jpg,LY
01450150.jpg,MO
01450151.jpg,MO
01450152.jpg,MO
01450153.jpg,MO
01450154.jpg,MO
01450155.jpg,MO
01450156.jpg,SNE
01450157.jpg,SNE
01450158.jpg,SNE
01450159.jpg,SNE
01450160.jpg,SNE
01450161.jpg,BNE
01450162.jpg,SNE
01450163.jpg,SNE
01450164.jpg,BNE
01450165.jpg,SNE
01450166.jpg,SNE
01450167.jpg,SNE
01450168.jpg,SNE
01450169.jpg,SNE
01450170.jpg,SNE
01450171.jpg,SNE
01450172.jpg,SNE
01450173.jpg,SNE
01450174.jpg,SNE
01450175.jpg,SNE
01450176.jpg,SNE
01450177.jpg,SNE
01450178.jpg,SNE
01450179.jpg,SNE
01450180.jpg,SNE
01450181.jpg,SNE
01450182.jpg,SNE
01450183.jpg,SNE
01450184.jpg,SNE
01450185.jpg,EO
01450186.jpg,SNE
01450187.jpg,SNE
01450188.jpg,SNE
01450189.jpg,BNE
01450190.jpg,SNE
01450191.jpg,MO
01450192.jpg,SNE
01450193.jpg,SNE
01450194.jpg,SNE
01450195.jpg,SNE
01450196.jpg,SNE
01450197.jpg,SNE
01450198.jpg,SNE
01450199.jpg,EO
01450200.jpg,SNE
01450201.jpg,SNE
01450202.jpg,SNE
01450203.jpg,SNE
01450204.jpg,SNE
01450205.jpg,SNE
01450206.jpg,SNE
01450207.jpg,SNE
01450208.jpg,SNE
01450209.jpg,SNE
01450210.jpg,SNE
01450211.jpg,SNE
01450212.jpg,SNE
01450213.jpg,BNE
01450214.jpg,SNE
01450215.jpg,SNE
01450216.jpg,SNE
01450217.jpg,SNE
01450218.jpg,SNE
01450219.jpg,SNE
01450220.jpg,SNE
01450221.jpg,SNE
01450222.jpg,SNE
01450223.jpg,SNE
01450224.jpg,SNE
01450225.jpg,SNE
01450226.jpg,SNE
01450227.jpg,SNE
01450228.jpg,SNE
01450229.jpg,SNE
01450230.jpg,SNE
01450231.jpg,SNE
01450232.jpg,SNE
01450233.jpg,SNE
01450234.jpg,BNE
01450235.jpg,SNE
01450236.jpg,SNE
01450237.jpg,SNE
01450238.jpg,SNE
01450239.jpg,BNE
01450240.jpg,SNE
01450241.jpg,SNE
01450242.jpg,SNE
01450243.jpg,SNE
01450244.jpg,VLY
01450245.jpg,EO
01450246.jpg,EO
01450247.jpg,LY
01450248.jpg,LY
01450249.jpg,LY
01450250.jpg,LY
01450251.jpg,LY
01450252.jpg,LY
01450253.jpg,LY
01450254.jpg,LY
01450255.jpg,LY
01450256.jpg,LY
01450257.jpg,LY
01450258.jpg,LY
01450259.jpg,LY
01450260.jpg,LY
01450261.jpg,LY
01450262.jpg,LY
01450263.jpg,BNE
01450264.jpg,MO
01450265.jpg,MO
01450266.jpg,MO
01450267.jpg,MO
01450268.jpg,MY
01450269.jpg,BNE
01450270.jpg,SNE
01450271.jpg,SNE
01450272.jpg,SNE
01450273.jpg,SNE
01450274.jpg,SNE
01450275.jpg,SNE
01450276.jpg,SNE
01450277.jpg,SNE
01450278.jpg,SNE
01450279.jpg,SNE
01450280.jpg,SNE
01450281.jpg,SNE
01450282.jpg,SNE
01450283.jpg,SNE
01450284.jpg,MMY
01450285.jpg,SNE
01450286.jpg,SNE
01450287.jpg,SNE
01450288.jpg,SNE
01450289.jpg,SNE
01450290.jpg,SNE
01450291.jpg,SNE
01450292.jpg,BNE
01450293.jpg,SNE
01450294.jpg,SNE
01450295.jpg,SNE
01450296.jpg,SNE
01450297.jpg,SNE
01450298.jpg,SNE
01450299.jpg,SNE
01450300.jpg,SNE
01450301.jpg,SNE
01450302.jpg,SNE
01450303.jpg,BNE
01450304.jpg,SNE
01450305.jpg,SNE
01450306.jpg,SNE
01450307.jpg,SNE
01450308.jpg,SNE
01450309.jpg,SNE
01450310.jpg,SNE
01450311.jpg,SNE
01450312.jpg,BNE
01450313.jpg,SNE
01450314.jpg,SNE
01450315.jpg,BNE
01450316.jpg,SNE
01450317.jpg,BNE
01450318.jpg,SNE
01450319.jpg,EO
01450320.jpg,SNE
01450321.jpg,SNE
01450322.jpg,SNE
01450323.jpg,SNE
01450324.jpg,BNE
01450325.jpg,BNE
01450326.jpg,SNE
01450327.jpg,BNE
01450328.jpg,SNE
01450329.jpg,SNE
01450330.jpg,BNE
01450331.jpg,SNE
01450332.jpg,SNE
01450333.jpg,SNE
01450334.jpg,SNE
01450335.jpg,SNE
01450336.jpg,SNE
01450337.jpg,SNE
01450338.jpg,MMY
01450339.jpg,SNE
01450340.jpg,SNE
01450341.jpg,SNE
01450342.jpg,SNE
01450343.jpg,SNE
01450344.jpg,SNE
01450345.jpg,SNE
01450346.jpg,SNE
01450347.jpg,SNE
01450348.jpg,VLY
01450349.jpg,LY
01450350.jpg,LY
01450351.jpg,LY
01450352.jpg,LY
01450353.jpg,LY
01450354.jpg,LY
01450355.jpg,LY
01450356.jpg,LY
01450357.jpg,LY
01450358.jpg,LY
01450359.jpg,LY
01450360.jpg,LY
01450361.jpg,LY
01450362.jpg,LY
01450363.jpg,LY
01450364.jpg,LY
01450365.jpg,LY
01450366.jpg,PC
01450367.jpg,LY
01450368.jpg,LY
01450369.jpg,LY
01450370.jpg,LY
01450371.jpg,LY
01450372.jpg,VLY
01450373.jpg,LY
01450374.jpg,LY
01450375.jpg,LY
01450376.jpg,LY
01450377.jpg,MO
01450378.jpg,MO
01450379.jpg,MO
01450380.jpg,MO
01450381.jpg,MO
01450382.jpg,MO
01450383.jpg,MO
01450384.jpg,MO
01450385.jpg,MO
01450386.jpg,MO
01450387.jpg,VLY
01450388.jpg,MO
01450389.jpg,MO
01450390.jpg,MO
01450391.jpg,MO
01450392.jpg,MO
01450393.jpg,MO
01450394.jpg,MO
01450395.jpg,MO
01450396.jpg,MO
01450397.jpg,MO
01450398.jpg,MO
01450399.jpg,MO
01450400.jpg,MO
01450401.jpg,MO
01450402.jpg,SNE
01450403.jpg,SNE
01450404.jpg,SNE
01450405.jpg,SNE
01450406.jpg,SNE
01450407.jpg,SNE
01450408.jpg,SNE
01450409.jpg,SNE
01450410.jpg,SNE
01450411.jpg,BNE
01450412.jpg,SNE
01450413.jpg,SNE
01450414.jpg,SNE
01450415.jpg,SNE
01450416.jpg,SNE
01450417.jpg,SNE
01450418.jpg,SNE
01450419.jpg,SNE
01450420.jpg,BNE
01450421.jpg,SNE
01450422.jpg,SNE
01450423.jpg,SNE
01450424.jpg,SNE
01450425.jpg,SNE
01450426.jpg,SNE
01450427.jpg,SNE
01450428.jpg,SNE
01450429.jpg,SNE
01450430.jpg,SNE
01450431.jpg,SNE
01450432.jpg,MMY
01450433.jpg,SNE
01450434.jpg,SNE
01450435.jpg,SNE
01450436.jpg,BNE
01450437.jpg,SNE
01450438.jpg,SNE
01450439.jpg,SNE
01450440.jpg,SNE
01450441.jpg,SNE
01450442.jpg,SNE
01450443.jpg,SNE
01450444.jpg,SNE
01450445.jpg,SNE
01450446.jpg,SNE
01450447.jpg,SNE
01450448.jpg,SNE
01450449.jpg,SNE
01450450.jpg,SNE
01450451.jpg,SNE
01450452.jpg,SNE
01450453.jpg,SNE
01450454.jpg,SNE
01450455.jpg,SNE
01450456.jpg,SNE
01450457.jpg,SNE
01450458.jpg,SNE
01450459.jpg,BNE
01450460.jpg,VLY
01450461.jpg,VLY
01450462.jpg,VLY
01450463.jpg,BL
01450464.jpg,BL
01450465.jpg,BL
01450466.jpg,BL
01450467.jpg,BL
01450468.jpg,BL
01450469.jpg,BL
01450470.jpg,BL
01450471.jpg,BL
01450472.jpg,BL
01450473.jpg,BL
01450474.jpg,BL
01450475.jpg,BL
01450476.jpg,BL
01450477.jpg,BL
01450478.jpg,BL
01450479.jpg,BL
01450480.jpg,BL
01450481.jpg,BL
01450482.jpg,BL
01450483.jpg,BL
01450484.jpg,BL
01450485.jpg,BL
01450486.jpg,BL
01450487.jpg,BL
01450488.jpg,BL
01450489.jpg,BL
01450490.jpg,PMY
01450491.jpg,BL
01450492.jpg,BL
01450493.jpg,BL
01450494.jpg,VLY
01450495.jpg,BL
01450496.jpg,MO
01450497.jpg,BL
01450498.jpg,BL
01450499.jpg,BL
01450500.jpg,BL
01450501.jpg,BL
01450502.jpg,BL
01450503.jpg,BL
01450504.jpg,BL
01450505.jpg,BL
01450506.jpg,BL
01450507.jpg,BL
01450508.jpg,BL
01450509.jpg,BL
01450510.jpg,BL
01450511.jpg,BL
01450512.jpg,VLY
01450513.jpg,BL
01450514.jpg,BL
01450515.jpg,BL
01450516.jpg,BL
01450517.jpg,BL
01450518.jpg,MY
01450519.jpg,BL
01450520.jpg,BL
01450521.jpg,BL
01450522.jpg,MY
01450523.jpg,BL
01450524.jpg,BL
01450525.jpg,BL
01450526.jpg,BL
01450527.jpg,BL
01450528.jpg,BL
01450529.jpg,BL
01450530.jpg,SNE
01450531.jpg,SNE
01450532.jpg,LY
01450533.jpg,LY
01450534.jpg,LY
01450535.jpg,LY
01450536.jpg,BL
01450537.jpg,LY
01450538.jpg,LY
01450539.jpg,VLY
01450540.jpg,LY
01450541.jpg,LY
01450542.jpg,BL
01450543.jpg,LY
01450544.jpg,LY
01450545.jpg,LY
01450546.jpg,LY
01450547.jpg,LY
01450548.jpg,LY
01450549.jpg,LY
01450550.jpg,BL
01450551.jpg,BL
01450552.jpg,LY
01450553.jpg,LY
01450554.jpg,LY
01450555.jpg,LY
01450556.jpg,LY
01450557.jpg,MMY
01450558.jpg,SNE
01450559.jpg,SNE
01450560.jpg,SNE
01450561.jpg,SNE
01450562.jpg,SNE
01450563.jpg,SNE
01450564.jpg,SNE
01450565.jpg,SNE
01450566.jpg,SNE
01450567.jpg,SNE
01450568.jpg,SNE
01450569.jpg,SNE
01450570.jpg,SNE
01450571.jpg,SNE
01450572.jpg,PMY
01450573.jpg,SNE
01450574.jpg,BA
01450575.jpg,BA
01450576.jpg,MY
01450577.jpg,EO
01450578.jpg,EO
01450579.jpg,EO
01450580.jpg,LY
01450581.jpg,LY
01450582.jpg,LY
01450583.jpg,MO
01450584.jpg,LY
01450585.jpg,VLY
01450586.jpg,LY
01450587.jpg,LY
01450588.jpg,LY
01450589.jpg,LY
01450590.jpg,VLY
01450591.jpg,LY
01450592.jpg,LY
01450593.jpg,LY
01450594.jpg,LY
01450595.jpg,VLY
01450596.jpg,VLY
01450597.jpg,LY
01450598.jpg,LY
01450599.jpg,LY
01450600.jpg,VLY
01450601.jpg,LY
01450602.jpg,LY
01450603.jpg,LY
01450604.jpg,LY
01450605.jpg,LY
01450606.jpg,LY
01450607.jpg,LY
01450608.jpg,LY
01450609.jpg,VLY
01450610.jpg,LY
01450611.jpg,LY
01450612.jpg,LY
01450613.jpg,LY
01450614.jpg,MY
01450615.jpg,LY
01450616.jpg,VLY
01450617.jpg,MO
01450618.jpg,MO
01450619.jpg,MO
01450620.jpg,MO
01450621.jpg,MO
01450622.jpg,MMY
01450623.jpg,BNE
01450624.jpg,MO
01450625.jpg,VLY
01450626.jpg,MO
01450627.jpg,MMY
01450628.jpg,MO
01450629.jpg,MO
01450630.jpg,LY
01450631.jpg,MO
01450632.jpg,MO
01450633.jpg,MO
01450634.jpg,MO
01450635.jpg,SNE
01450636.jpg,SNE
01450637.jpg,SNE
01450638.jpg,SNE
01450639.jpg,SNE
01450640.jpg,SNE
01450641.jpg,SNE
01450642.jpg,SNE
01450643.jpg,SNE
01450644.jpg,SNE
01450645.jpg,SNE
01450646.jpg,SNE
01450647.jpg,SNE
01450648.jpg,SNE
01450649.jpg,SNE
01450650.jpg,SNE
01450651.jpg,SNE
01450652.jpg,SNE
01450653.jpg,SNE
01450654.jpg,SNE
01450655.jpg,BNE
01450656.jpg,SNE
01450657.jpg,SNE
01450658.jpg,SNE
01450659.jpg,SNE
01450660.jpg,BNE
01450661.jpg,SNE
01450662.jpg,SNE
01450663.jpg,SNE
01450664.jpg,SNE
01450665.jpg,SNE
01450666.jpg,SNE
01450667.jpg,SNE
01450668.jpg,SNE
01450669.jpg,SNE
01450670.jpg,SNE
01450671.jpg,SNE
01450672.jpg,SNE
01450673.jpg,SNE
01450674.jpg,SNE
01450675.jpg,SNE
01450676.jpg,SNE
01450677.jpg,SNE
01450678.jpg,SNE
01450679.jpg,SNE
01450680.jpg,SNE
01450681.jpg,SNE
01450682.jpg,VLY
01450683.jpg,VLY
01450684.jpg,MO
01450685.jpg,VLY
01450686.jpg,VLY
01450687.jpg,MO
01450688.jpg,LY
01450689.jpg,LY
01450690.jpg,LY
01450691.jpg,VLY
01450692.jpg,LY
01450693.jpg,LY
01450694.jpg,LY
01450695.jpg,LY
01450696.jpg,LY
01450697.jpg,LY
01450698.jpg,LY
01450699.jpg,LY
01450700.jpg,LY
01450701.jpg,LY
01450702.jpg,LY
01450703.jpg,BNE
01450704.jpg,MMY
01450705.jpg,BNE
01450706.jpg,MMY
01450707.jpg,MMY
01450708.jpg,MO
01450709.jpg,VLY
01450710.jpg,BNE
01450711.jpg,MO
01450712.jpg,MO
01450713.jpg,MO
01450714.jpg,MO
01450715.jpg,MO
01450716.jpg,MO
01450717.jpg,MO
01450718.jpg,MO
01450719.jpg,MO
01450720.jpg,MO
01450721.jpg,MO
01450722.jpg,MY
01450723.jpg,SNE
01450724.jpg,SNE
01450725.jpg,SNE
01450726.jpg,SNE
01450727.jpg,SNE
01450728.jpg,SNE
01450729.jpg,SNE
01450730.jpg,SNE
01450731.jpg,SNE
01450732.jpg,SNE
01450733.jpg,SNE
01450734.jpg,SNE
01450735.jpg,SNE
01450736.jpg,SNE
01450737.jpg,SNE
01450738.jpg,SNE
01450739.jpg,SNE
01450740.jpg,SNE
01450741.jpg,SNE
01450742.jpg,SNE
01450743.jpg,SNE
01450744.jpg,SNE
01450745.jpg,MMY
01450746.jpg,BNE
01450747.jpg,SNE
01450748.jpg,SNE
01450749.jpg,SNE
01450750.jpg,SNE
01450751.jpg,MMY
01450752.jpg,BNE
01450753.jpg,SNE
01450754.jpg,SNE
01450755.jpg,SNE
01450756.jpg,SNE
01450757.jpg,SNE
01450758.jpg,SNE
01450759.jpg,SNE
01450760.jpg,SNE
01450761.jpg,SNE
01450762.jpg,SNE
01450763.jpg,EO
01450764.jpg,BNE
01450765.jpg,SNE
01450766.jpg,SNE
01450767.jpg,SNE
01450768.jpg,SNE
01450769.jpg,SNE
01450770.jpg,SNE
01450771.jpg,BNE
01450772.jpg,SNE
01450773.jpg,SNE
01450774.jpg,SNE
01450775.jpg,SNE
01450776.jpg,SNE
01450777.jpg,SNE
01450778.jpg,SNE
01450779.jpg,SNE
01450780.jpg,SNE
01450781.jpg,SNE
01450782.jpg,BNE
01450783.jpg,SNE
01450784.jpg,SNE
01450785.jpg,SNE
01450786.jpg,SNE
01450787.jpg,SNE
01450788.jpg,SNE
01450789.jpg,SNE
01450790.jpg,SNE
01450791.jpg,SNE
01450792.jpg,BNE
01450793.jpg,SNE
01450794.jpg,SNE
01450795.jpg,SNE
01450796.jpg,SNE
01450797.jpg,MO
01450798.jpg,VLY
01450799.jpg,LY
01450800.jpg,EO
01450801.jpg,LY
01450802.jpg,PC
01450803.jpg,PC
01450804.jpg,LY
01450805.jpg,VLY
01450806.jpg,LY
01450807.jpg,VLY
01450808.jpg,VLY
01450809.jpg,LY
01450810.jpg,VLY
01450811.jpg,LY
01450812.jpg,LY
01450813.jpg,MMY
01450814.jpg,MMY
01450815.jpg,VLY
01450816.jpg,VLY
01450817.jpg,LY
01450818.jpg,LY
01450819.jpg,LY
01450820.jpg,BL
01450821.jpg,MO
01450822.jpg,LY
01450823.jpg,LY
01450824.jpg,LY
01450825.jpg,LY
01450826.jpg,LY
01450827.jpg,LY
01450828.jpg,LY
01450829.jpg,MO
01450830.jpg,VLY
01450831.jpg,MO
01450832.jpg,LY
01450833.jpg,LY
01450834.jpg,LY
01450835.jpg,LY
01450836.jpg,LY
01450837.jpg,LY
01450838.jpg,LY
01450839.jpg,LY
01450840.jpg,PC
01450841.jpg,LY
01450842.jpg,LY
01450843.jpg,LY
01450844.jpg,LY
01450845.jpg,LY
01450846.jpg,LY
01450847.jpg,LY
01450848.jpg,VLY
01450849.jpg,MMY
01450850.jpg,PC
01450851.jpg,LY
01450852.jpg,LY
01450853.jpg,LY
01450854.jpg,LY
01450855.jpg,VLY
01450856.jpg,LY
01450857.jpg,LY
01450858.jpg,LY
01450859.jpg,LY
01450860.jpg,PC
01450861.jpg,MO
01450862.jpg,MO
01450863.jpg,MO
01450864.jpg,BNE
01450865.jpg,MO
01450866.jpg,MO
01450867.jpg,MO
01450868.jpg,BNE
01450869.jpg,BNE
01450870.jpg,MMY
01450871.jpg,MO
01450872.jpg,BL
01450873.jpg,MO
01450874.jpg,MO
01450875.jpg,MO
01450876.jpg,MO
01450877.jpg,MO
01450878.jpg,MO
01450879.jpg,SNE
01450880.jpg,SNE
01450881.jpg,SNE
01450882.jpg,SNE
01450883.jpg,SNE
01450884.jpg,SNE
01450885.jpg,SNE
01450886.jpg,SNE
01450887.jpg,SNE
01450888.jpg,SNE
01450889.jpg,SNE
01450890.jpg,SNE
01450891.jpg,BNE
01450892.jpg,SNE
01450893.jpg,SNE
01450894.jpg,SNE
01450895.jpg,SNE
01450896.jpg,SNE
01450897.jpg,SNE
01450898.jpg,SNE
01450899.jpg,SNE
01450900.jpg,SNE
01450901.jpg,SNE
01450902.jpg,SNE
01450903.jpg,SNE
01450904.jpg,SNE
01450905.jpg,SNE
01450906.jpg,SNE
01450907.jpg,SNE
01450908.jpg,SNE
01450909.jpg,SNE
01450910.jpg,SNE
01450911.jpg,SNE
01450912.jpg,VLY
01450913.jpg,VLY
01450914.jpg,VLY
01450915.jpg,VLY
01450916.jpg,BA
01450917.jpg,BA
01450918.jpg,BA
01450919.jpg,BNE
01450920.jpg,BNE
01450921.jpg,BNE
01450922.jpg,BNE
01450923.jpg,BNE
01450924.jpg,BNE
01450925.jpg,BNE
01450926.jpg,EO
01450927.jpg,EO
01450928.jpg,EO
01450929.jpg,EO
01450930.jpg,EO
01450931.jpg,EO
01450932.jpg,LY
01450933.jpg,LY
01450934.jpg,LY
01450935.jpg,LY
01450936.jpg,LY
01450937.jpg,MY
01450938.jpg,LY
01450939.jpg,LY
01450940.jpg,MO
01450941.jpg,LY
01450942.jpg,LY
01450943.jpg,LY
01450944.jpg,LY
01450945.jpg,MMY
01450946.jpg,MY
01450947.jpg,MMY
01450948.jpg,MY
01450949.jpg,MY
01450950.jpg,MMY
01450951.jpg,MMY
01450952.jpg,MMY
01450953.jpg,MY
01450954.jpg,MMY
01450955.jpg,BNE
01450956.jpg,MMY
01450957.jpg,MO
01450958.jpg,MO
01450959.jpg,MO
01450960.jpg,MO
01450961.jpg,MO
01450962.jpg,MO
01450963.jpg,MO
01450964.jpg,MY
01450965.jpg,MY
01450966.jpg,BNE
01450967.jpg,BNE
01450968.jpg,SNE
01450969.jpg,BNE
01450970.jpg,SNE
01450971.jpg,BNE
01450972.jpg,SNE
01450973.jpg,SNE
01450974.jpg,SNE
01450975.jpg,SNE
01450976.jpg,SNE
01450977.jpg,SNE
01450978.jpg,SNE
01450979.jpg,BNE
01450980.jpg,SNE
01450981.jpg,SNE
01450982.jpg,SNE
01450983.jpg,SNE
01450984.jpg,SNE
01450985.jpg,SNE
01450986.jpg,SNE
01450987.jpg,SNE
01450988.jpg,SNE
01450989.jpg,SNE
01450990.jpg,SNE
01450991.jpg,SNE
01450992.jpg,SNE
01450993.jpg,SNE
01450994.jpg,SNE
01450995.jpg,SNE
01450996.jpg,SNE
01450997.jpg,SNE
01450998.jpg,SNE
01450999.jpg,SNE
01451000.jpg,SNE
01451001.jpg,BA
01451002.jpg,SNE
01451003.jpg,SNE
01451004.jpg,SNE
01451005.jpg,SNE
01451006.jpg,SNE
01451007.jpg,BNE
01451008.jpg,SNE
01451009.jpg,SNE
01451010.jpg,SNE
01451011.jpg,SNE
01451012.jpg,SNE
01451013.jpg,BNE
01451014.jpg,SNE
01451015.jpg,SNE
01451016.jpg,SNE
01451017.jpg,SNE
01451018.jpg,SNE
01451019.jpg,SNE
01451020.jpg,SNE
01451021.jpg,SNE
01451022.jpg,SNE
01451023.jpg,BL
01451024.jpg,VLY
01451025.jpg,BNE
01451026.jpg,SNE
01451027.jpg,SNE
01451028.jpg,LY
01451029.jpg,LY
01451030.jpg,LY
01451031.jpg,LY
01451032.jpg,LY
01451033.jpg,LY
01451034.jpg,LY
01451035.jpg,LY
01451036.jpg,LY
01451037.jpg,LY
01451038.jpg,BL
01451039.jpg,LY
01451040.jpg,LY
01451041.jpg,LY
01451042.jpg,VLY
01451043.jpg,LY
01451044.jpg,LY
01451045.jpg,LY
01451046.jpg,LY
01451047.jpg,LY
01451048.jpg,LY
01451049.jpg,LY
01451050.jpg,LY
01451051.jpg,LY
01451052.jpg,LY
01451053.jpg,LY
01451054.jpg,LY
01451055.jpg,LY
01451056.jpg,MMY
01451057.jpg,MO
01451058.jpg,MO
01451059.jpg,MO
01451060.jpg,MO
01451061.jpg,MO
01451062.jpg,VLY
01451063.jpg,MO
01451064.jpg,MO
01451065.jpg,MO
01451066.jpg,MO
01451067.jpg,MO
01451068.jpg,MY
01451069.jpg,MMY
01451070.jpg,MY
01451071.jpg,MMY
01451072.jpg,PMY
01451073.jpg,SNE
01451074.jpg,MMY
01451075.jpg,SNE
01451076.jpg,SNE
01451077.jpg,SNE
01451078.jpg,SNE
01451079.jpg,SNE
01451080.jpg,SNE
01451081.jpg,SNE
01451082.jpg,SNE
01451083.jpg,SNE
01451084.jpg,MMY
01451085.jpg,SNE
01451086.jpg,SNE
01451087.jpg,BNE
01451088.jpg,SNE
01451089.jpg,BNE
01451090.jpg,SNE
01451091.jpg,SNE
01451092.jpg,SNE
01451093.jpg,BNE
01451094.jpg,BNE
01451095.jpg,SNE
01451096.jpg,SNE
01451097.jpg,SNE
01451098.jpg,SNE
01451099.jpg,SNE
01451100.jpg,SNE
01451101.jpg,SNE
01451102.jpg,SNE
01451103.jpg,SNE
01451104.jpg,SNE
01451105.jpg,SNE
01451106.jpg,SNE
01451107.jpg,SNE
01451108.jpg,SNE
01451109.jpg,SNE
01451110.jpg,SNE
01451111.jpg,SNE
01451112.jpg,SNE
01451113.jpg,SNE
01451114.jpg,SNE
01451115.jpg,SNE
01451116.jpg,SNE
01451117.jpg,SNE
01451118.jpg,SNE
01451119.jpg,SNE
01451120.jpg,SNE
01451121.jpg,SNE
01451122.jpg,SNE
01451123.jpg,SNE
01451124.jpg,SNE
01451125.jpg,BNE
01451126.jpg,SNE
01451127.jpg,SNE
01451128.jpg,SNE
01451129.jpg,SNE
01451130.jpg,SNE
01451131.jpg,SNE
01451132.jpg,SNE
01451133.jpg,SNE
01451134.jpg,SNE
01451135.jpg,SNE
01451136.jpg,BL
01451137.jpg,BL
01451138.jpg,BL
01451139.jpg,BL
01451140.jpg,EO
01451141.jpg,LY
01451142.jpg,LY
01451143.jpg,LY
01451144.jpg,LY
01451145.jpg,LY
01451146.jpg,LY
01451147.jpg,LY
01451148.jpg,LY
01451149.jpg,LY
01451150.jpg,LY
01451151.jpg,LY
01451152.jpg,LY
01451153.jpg,LY
01451154.jpg,VLY
01451155.jpg,LY
01451156.jpg,LY
01451157.jpg,LY
01451158.jpg,LY
01451159.jpg,LY
01451160.jpg,LY
01451161.jpg,LY
01451162.jpg,LY
01451163.jpg,LY
01451164.jpg,LY
01451165.jpg,LY
01451166.jpg,LY
01451167.jpg,LY
01451168.jpg,LY
01451169.jpg,LY
01451170.jpg,LY
01451171.jpg,LY
01451172.jpg,LY
01451173.jpg,LY
01451174.jpg,LY
01451175.jpg,LY
01451176.jpg,LY
01451177.jpg,LY
01451178.jpg,LY
01451179.jpg,LY
01451180.jpg,LY
01451181.jpg,LY
01451182.jpg,LY
01451183.jpg,LY
01451184.jpg,LY
01451185.jpg,LY
01451186.jpg,LY
01451187.jpg,LY
01451188.jpg,VLY
01451189.jpg,LY
01451190.jpg,LY
01451191.jpg,LY
01451192.jpg,LY
01451193.jpg,LY
01451194.jpg,LY
01451195.jpg,LY
01451196.jpg,LY
01451197.jpg,LY
01451198.jpg,LY
01451199.jpg,LY
01451200.jpg,LY
01451201.jpg,VLY
01451202.jpg,LY
01451203.jpg,LY
01451204.jpg,LY
01451205.jpg,LY
01451206.jpg,MO
01451207.jpg,MO
01451208.jpg,MO
01451209.jpg,MO
01451210.jpg,MO
01451211.jpg,SNE
01451212.jpg,SNE
01451213.jpg,SNE
01451214.jpg,SNE
01451215.jpg,BNE
01451216.jpg,SNE
01451217.jpg,SNE
01451218.jpg,SNE
01451219.jpg,SNE
01451220.jpg,SNE
01451221.jpg,SNE
01451222.jpg,SNE
01451223.jpg,SNE
01451224.jpg,SNE
01451225.jpg,SNE
01451226.jpg,SNE
01451227.jpg,SNE
01451228.jpg,SNE
01451229.jpg,SNE
01451230.jpg,SNE
01451231.jpg,SNE
01451232.jpg,SNE
01451233.jpg,SNE
01451234.jpg,SNE
01451235.jpg,SNE
01451236.jpg,VLY
01451237.jpg,VLY
01451238.jpg,BA
01451239.jpg,BA
01451240.jpg,BA
01451241.jpg,MO
01451242.jpg,MO
01451243.jpg,MY
01451244.jpg,SNE
01451245.jpg,BNE
01451246.jpg,BNE
01451247.jpg,SNE
01451248.jpg,EO
01451249.jpg,EO
01451250.jpg,EO
01451251.jpg,LY
01451252.jpg,LY
01451253.jpg,LY
01451254.jpg,LY
01451255.jpg,LY
01451256.jpg,LY
01451257.jpg,LY
01451258.jpg,LY
01451259.jpg,LY
01451260.jpg,LY
01451261.jpg,LY
01451262.jpg,LY
01451263.jpg,MMY
01451264.jpg,SNE
01451265.jpg,SNE
01451266.jpg,SNE
01451267.jpg,SNE
01451268.jpg,MMY
01451269.jpg,SNE
01451270.jpg,SNE
01451271.jpg,SNE
01451272.jpg,SNE
01451273.jpg,SNE
01451274.jpg,SNE
01451275.jpg,EO
01451276.jpg,SNE
01451277.jpg,SNE
01451278.jpg,SNE
01451279.jpg,EO
01451280.jpg,SNE
01451281.jpg,SNE
01451282.jpg,SNE
01451283.jpg,SNE
01451284.jpg,SNE
01451285.jpg,SNE
01451286.jpg,SNE
01451287.jpg,SNE
01451288.jpg,SNE
01451289.jpg,SNE
01451290.jpg,SNE
01451291.jpg,SNE
01451292.jpg,SNE
01451293.jpg,SNE
01451294.jpg,SNE
01451295.jpg,SNE
01451296.jpg,SNE
01451297.jpg,SNE
01451298.jpg,SNE
01451299.jpg,SNE
01451300.jpg,SNE
01451301.jpg,SNE
01451302.jpg,SNE
01451303.jpg,SNE
01451304.jpg,SNE
01451305.jpg,SNE
01451306.jpg,SNE
01451307.jpg,SNE
01451308.jpg,SNE
01451309.jpg,SNE
01451310.jpg,SNE
01451311.jpg,SNE
01451312.jpg,SNE
01451313.jpg,SNE
01451314.jpg,SNE
01451315.jpg,SNE
01451316.jpg,SNE
01451317.jpg,SNE
01451318.jpg,SNE
01451319.jpg,SNE
01451320.jpg,SNE
01451321.jpg,SNE
01451322.jpg,SNE
01451323.jpg,SNE
01451324.jpg,SNE
01451325.jpg,SNE
01451326.jpg,SNE
01451327.jpg,SNE
01451328.jpg,SNE
01451329.jpg,SNE
01451330.jpg,SNE
01451331.jpg,SNE
01451332.jpg,SNE
01451333.jpg,SNE
01451334.jpg,SNE
01451335.jpg,SNE
01451336.jpg,SNE
01451337.jpg,SNE
01451338.jpg,SNE
01451339.jpg,SNE
01451340.jpg,SNE
01451341.jpg,SNE
01451342.jpg,SNE
01451343.jpg,SNE
01451344.jpg,SNE
01451345.jpg,SNE
01451346.jpg,SNE
01451347.jpg,SNE
01451348.jpg,BA
01451349.jpg,BA
01451350.jpg,BNE
01451351.jpg,BNE
01451352.jpg,BNE
01451353.jpg,EO
01451354.jpg,EO
01451355.jpg,EO
01451356.jpg,EO
01451357.jpg,EO
01451358.jpg,EO
01451359.jpg,EO
01451360.jpg,LY
01451361.jpg,LY
01451362.jpg,LY
01451363.jpg,LY
01451364.jpg,LY
01451365.jpg,LY
01451366.jpg,LY
01451367.jpg,LY
01451368.jpg,LY
01451369.jpg,LY
01451370.jpg,LY
01451371.jpg,LY
01451372.jpg,LY
01451373.jpg,MY
01451374.jpg,LY
01451375.jpg,LY
01451376.jpg,LY
01451377.jpg,LY
01451378.jpg,LY
01451379.jpg,LY
01451380.jpg,LY
01451381.jpg,LY
01451382.jpg,LY
01451383.jpg,LY
01451384.jpg,LY
01451385.jpg,LY
01451386.jpg,LY
01451387.jpg,LY
01451388.jpg,LY
01451389.jpg,LY
01451390.jpg,LY
01451391.jpg,LY
01451392.jpg,LY
01451393.jpg,MO
01451394.jpg,MO
01451395.jpg,MO
01451396.jpg,MMY
01451397.jpg,MO
01451398.jpg,MO
01451399.jpg,MMY
01451400.jpg,MO
01451401.jpg,MO
01451402.jpg,MO
01451403.jpg,MO
01451404.jpg,MO
01451405.jpg,MO
01451406.jpg,LY
01451407.jpg,MO
01451408.jpg,MO
01451409.jpg,MO
01451410.jpg,MO
01451411.jpg,SNE
01451412.jpg,SNE
01451413.jpg,SNE
01451414.jpg,SNE
01451415.jpg,SNE
01451416.jpg,SNE
01451417.jpg,SNE
01451418.jpg,SNE
01451419.jpg,SNE
01451420.jpg,SNE
01451421.jpg,SNE
01451422.jpg,SNE
01451423.jpg,SNE
01451424.jpg,SNE
01451425.jpg,SNE
01451426.jpg,SNE
01451427.jpg,SNE
01451428.jpg,SNE
01451429.jpg,SNE
01451430.jpg,SNE
01451431.jpg,SNE
01451432.jpg,SNE
01451433.jpg,BNE
01451434.jpg,SNE
01451435.jpg,SNE
01451436.jpg,SNE
01451437.jpg,SNE
01451438.jpg,SNE
01451439.jpg,SNE
01451440.jpg,SNE
01451441.jpg,SNE
01451442.jpg,SNE
01451443.jpg,SNE
01451444.jpg,SNE
01451445.jpg,SNE
01451446.jpg,SNE
01451447.jpg,SNE
01451448.jpg,BNE
01451449.jpg,SNE
01451450.jpg,SNE
01451451.jpg,SNE
01451452.jpg,SNE
01451453.jpg,SNE
01451454.jpg,SNE
01451455.jpg,SNE
01451456.jpg,SNE
01451457.jpg,SNE
01451458.jpg,BNE
01451459.jpg,SNE
01451460.jpg,BNE
01451461.jpg,SNE
01451462.jpg,SNE
01451463.jpg,VLY
01451464.jpg,MO
01451465.jpg,BA
01451466.jpg,BA
01451467.jpg,EO
01451468.jpg,EO
01451469.jpg,EO
01451470.jpg,LY
01451471.jpg,LY
01451472.jpg,LY
01451473.jpg,LY
01451474.jpg,LY
01451475.jpg,LY
01451476.jpg,LY
01451477.jpg,LY
01451478.jpg,LY
01451479.jpg,LY
01451480.jpg,LY
01451481.jpg,LY
01451482.jpg,LY
01451483.jpg,LY
01451484.jpg,LY
01451485.jpg,LY
01451486.jpg,LY
01451487.jpg,VLY
01451488.jpg,LY
01451489.jpg,LY
01451490.jpg,LY
01451491.jpg,LY
01451492.jpg,LY
01451493.jpg,LY
01451494.jpg,BL
01451495.jpg,LY
01451496.jpg,LY
01451497.jpg,LY
01451498.jpg,LY
01451499.jpg,LY
01451500.jpg,LY
01451501.jpg,LY
01451502.jpg,LY
01451503.jpg,LY
01451504.jpg,LY
01451505.jpg,LY
01451506.jpg,LY
01451507.jpg,LY
01451508.jpg,LY
01451509.jpg,LY
01451510.jpg,LY
01451511.jpg,LY
01451512.jpg,LY
01451513.jpg,LY
01451514.jpg,LY
01451515.jpg,MO
01451516.jpg,MO
01451517.jpg,MO
01451518.jpg,MO
01451519.jpg,SNE
01451520.jpg,MY
01451521.jpg,MO
01451522.jpg,SNE
01451523.jpg,SNE
01451524.jpg,SNE
01451525.jpg,SNE
01451526.jpg,SNE
01451527.jpg,SNE
01451528.jpg,SNE
01451529.jpg,EO
01451530.jpg,SNE
01451531.jpg,SNE
01451532.jpg,SNE
01451533.jpg,SNE
01451534.jpg,SNE
01451535.jpg,SNE
01451536.jpg,SNE
01451537.jpg,SNE
01451538.jpg,SNE
01451539.jpg,SNE
01451540.jpg,SNE
01451541.jpg,SNE
01451542.jpg,SNE
01451543.jpg,EO
01451544.jpg,SNE
01451545.jpg,SNE
01451546.jpg,SNE
01451547.jpg,SNE
01451548.jpg,SNE
01451549.jpg,SNE
01451550.jpg,SNE
01451551.jpg,SNE
01451552.jpg,SNE
01451553.jpg,SNE
01451554.jpg,SNE
01451555.jpg,SNE
01451556.jpg,SNE
01451557.jpg,SNE
01451558.jpg,SNE
01451559.jpg,SNE
01451560.jpg,SNE
01451561.jpg,SNE
01451562.jpg,SNE
01451563.jpg,SNE
01451564.jpg,LY
01451565.jpg,VLY
01451566.jpg,BA
01451567.jpg,LY
01451568.jpg,LY
01451569.jpg,LY
01451570.jpg,LY
01451571.jpg,LY
01451572.jpg,LY
01451573.jpg,LY
01451574.jpg,LY
01451575.jpg,LY
01451576.jpg,LY
01451577.jpg,LY
01451578.jpg,LY
01451579.jpg,LY
01451580.jpg,VLY
01451581.jpg,VLY
01451582.jpg,LY
01451583.jpg,LY
01451584.jpg,LY
01451585.jpg,LY
01451586.jpg,LY
01451587.jpg,LY
01451588.jpg,MO
01451589.jpg,MO
01451590.jpg,MO
01451591.jpg,MO
01451592.jpg,MO
01451593.jpg,MO
01451594.jpg,MO
01451595.jpg,MO
01451596.jpg,MO
01451597.jpg,MO
01451598.jpg,MO
01451599.jpg,MO
01451600.jpg,MO
01451601.jpg,MO
01451602.jpg,MO
01451603.jpg,MO
01451604.jpg,MO
01451605.jpg,MO
01451606.jpg,MO
01451607.jpg,MO
01451608.jpg,MO
01451609.jpg,MO
01451610.jpg,MO
01451611.jpg,MO
01451612.jpg,MO
01451613.jpg,BNE
01451614.jpg,MO
01451615.jpg,MMY
01451616.jpg,SNE
01451617.jpg,SNE
01451618.jpg,SNE
01451619.jpg,BNE
01451620.jpg,SNE
01451621.jpg,BNE
01451622.jpg,SNE
01451623.jpg,SNE
01451624.jpg,SNE
01451625.jpg,SNE
01451626.jpg,SNE
01451627.jpg,SNE
01451628.jpg,SNE
01451629.jpg,SNE
01451630.jpg,SNE
01451631.jpg,SNE
01451632.jpg,SNE
01451633.jpg,SNE
01451634.jpg,SNE
01451635.jpg,SNE
01451636.jpg,SNE
01451637.jpg,SNE
01451638.jpg,SNE
01451639.jpg,SNE
01451640.jpg,SNE
01451641.jpg,SNE
01451642.jpg,SNE
01451643.jpg,SNE
01451644.jpg,SNE
01451645.jpg,SNE
01451646.jpg,SNE
01451647.jpg,SNE
01451648.jpg,SNE
01451649.jpg,SNE
01451650.jpg,SNE
01451651.jpg,SNE
01451652.jpg,BNE
01451653.jpg,SNE
01451654.jpg,SNE
01451655.jpg,MMY
01451656.jpg,SNE
01451657.jpg,SNE
01451658.jpg,SNE
01451659.jpg,SNE
01451660.jpg,SNE
01451661.jpg,SNE
01451662.jpg,SNE
01451663.jpg,SNE
01451664.jpg,SNE
01451665.jpg,SNE
01451666.jpg,SNE
01451667.jpg,SNE
01451668.jpg,SNE
01451669.jpg,SNE
01451670.jpg,SNE
01451671.jpg,SNE
01451672.jpg,SNE
01451673.jpg,BNE
01451674.jpg,SNE
01451675.jpg,SNE
01451676.jpg,SNE
01451677.jpg,SNE
01451678.jpg,VLY
01451679.jpg,VLY
01451680.jpg,BL
01451681.jpg,BL
01451682.jpg,BL
01451683.jpg,BL
01451684.jpg,BL
01451685.jpg,BL
01451686.jpg,BL
01451687.jpg,VLY
01451688.jpg,BL
01451689.jpg,BL
01451690.jpg,BL
01451691.jpg,BL
01451692.jpg,BL
01451693.jpg,BL
01451694.jpg,BL
01451695.jpg,BL
01451696.jpg,BL
01451697.jpg,BL
01451698.jpg,BL
01451699.jpg,BL
01451700.jpg,BL
01451701.jpg,VLY
01451702.jpg,BL
01451703.jpg,BL
01451704.jpg,BL
01451705.jpg,BL
01451706.jpg,BL
01451707.jpg,BL
01451708.jpg,BL
01451709.jpg,BL
01451710.jpg,BL
01451711.jpg,BL
01451712.jpg,BL
01451713.jpg,BL
01451714.jpg,BL
01451715.jpg,BL
01451716.jpg,BL
01451717.jpg,BL
01451718.jpg,BL
01451719.jpg,BL
01451720.jpg,BL
01451721.jpg,BL
01451722.jpg,BL
01451723.jpg,BL
01451724.jpg,BL
01451725.jpg,BL
01451726.jpg,BL
01451727.jpg,BL
01451728.jpg,BL
01451729.jpg,BL
01451730.jpg,BL
01451731.jpg,BL
01451732.jpg,BL
01451733.jpg,BL
01451734.jpg,BL
01451735.jpg,BL
01451736.jpg,BL
01451737.jpg,BL
01451738.jpg,BL
01451739.jpg,BL
01451740.jpg,BL
01451741.jpg,BL
01451742.jpg,BL
01451743.jpg,BL
01451744.jpg,BL
01451745.jpg,BL
01451746.jpg,BL
01451747.jpg,BL
01451748.jpg,BL
01451749.jpg,BL
01451750.jpg,LY
01451751.jpg,LY
01451752.jpg,PC
01451753.jpg,LY
01451754.jpg,LY
01451755.jpg,LY
01451756.jpg,LY
01451757.jpg,SNE
01451758.jpg,SNE
01451759.jpg,SNE
01451760.jpg,SNE
01451761.jpg,BA
01451762.jpg,EO
01451763.jpg,EO
01451764.jpg,EO
01451765.jpg,EO
01451766.jpg,EO
01451767.jpg,EO
01451768.jpg,EO
01451769.jpg,LY
01451770.jpg,LY
01451771.jpg,VLY
01451772.jpg,LY
01451773.jpg,LY
01451774.jpg,LY
01451775.jpg,LY
01451776.jpg,LY
01451777.jpg,LY
01451778.jpg,LY
01451779.jpg,MO
01451780.jpg,LY
01451781.jpg,LY
01451782.jpg,LY
01451783.jpg,LY
01451784.jpg,LY
01451785.jpg,MO
01451786.jpg,MO
01451787.jpg,MO
01451788.jpg,MO
01451789.jpg,SNE
01451790.jpg,SNE
01451791.jpg,SNE
01451792.jpg,SNE
01451793.jpg,SNE
01451794.jpg,SNE
01451795.jpg,SNE
01451796.jpg,SNE
01451797.jpg,SNE
01451798.jpg,SNE
01451799.jpg,SNE
01451800.jpg,SNE
01451801.jpg,SNE
01451802.jpg,SNE
01451803.jpg,SNE
01451804.jpg,SNE
01451805.jpg,SNE
01451806.jpg,SNE
01451807.jpg,SNE
01451808.jpg,SNE
01451809.jpg,SNE
01451810.jpg,SNE
01451811.jpg,SNE
01451812.jpg,SNE
01451813.jpg,SNE
01451814.jpg,SNE
01451815.jpg,SNE
01451816.jpg,SNE
01451817.jpg,SNE
01451818.jpg,SNE
01451819.jpg,SNE
01451820.jpg,SNE
01451821.jpg,SNE
01451822.jpg,SNE
01451823.jpg,SNE
01451824.jpg,SNE
01451825.jpg,SNE
01451826.jpg,SNE
01451827.jpg,SNE
01451828.jpg,SNE
01451829.jpg,SNE
01451830.jpg,BNE
01451831.jpg,SNE
01451832.jpg,SNE
01451833.jpg,SNE
01451834.jpg,SNE
01451835.jpg,SNE
01451836.jpg,SNE
01451837.jpg,SNE
01451838.jpg,SNE
01451839.jpg,SNE
01451840.jpg,SNE
01451841.jpg,SNE
01451842.jpg,SNE
01451843.jpg,SNE
01451844.jpg,SNE
01451845.jpg,SNE
01451846.jpg,SNE
01451847.jpg,MMY
01451848.jpg,SNE
01451849.jpg,SNE
01451850.jpg,SNE
01451851.jpg,SNE
01451852.jpg,SNE
01451853.jpg,SNE
01451854.jpg,SNE
01451855.jpg,SNE
01451856.jpg,SNE
01451857.jpg,SNE
01451858.jpg,BNE
01451859.jpg,SNE
01451860.jpg,SNE
01451861.jpg,SNE
01451862.jpg,SNE
01451863.jpg,SNE
01451864.jpg,SNE
01451865.jpg,SNE
01451866.jpg,SNE
01451867.jpg,SNE
01451868.jpg,SNE
01451869.jpg,SNE
01451870.jpg,SNE
01451871.jpg,SNE
01451872.jpg,SNE
01451873.jpg,SNE
01451874.jpg,SNE
01451875.jpg,EO
01451876.jpg,SNE
01451877.jpg,SNE
01451878.jpg,SNE
01451879.jpg,VLY
01451880.jpg,VLY
01451881.jpg,BA
01451882.jpg,BA
01451883.jpg,EO
01451884.jpg,EO
01451885.jpg,EO
01451886.jpg,EO
01451887.jpg,EO
01451888.jpg,LY
01451889.jpg,LY
01451890.jpg,LY
01451891.jpg,VLY
01451892.jpg,LY
01451893.jpg,LY
01451894.jpg,LY
01451895.jpg,VLY
01451896.jpg,LY
01451897.jpg,MO
01451898.jpg,LY
01451899.jpg,LY
01451900.jpg,LY
01451901.jpg,LY
01451902.jpg,LY
01451903.jpg,LY
01451904.jpg,MO
01451905.jpg,MO
01451906.jpg,MO
01451907.jpg,MO
01451908.jpg,MO
01451909.jpg,MO
01451910.jpg,MO
01451911.jpg,MO
01451912.jpg,MO
01451913.jpg,SNE
01451914.jpg,SNE
01451915.jpg,SNE
01451916.jpg,SNE
01451917.jpg,SNE
01451918.jpg,SNE
01451919.jpg,SNE
01451920.jpg,SNE
01451921.jpg,SNE
01451922.jpg,SNE
01451923.jpg,SNE
01451924.jpg,SNE
01451925.jpg,SNE
01451926.jpg,SNE
01451927.jpg,SNE
01451928.jpg,SNE
01451929.jpg,SNE
01451930.jpg,SNE
01451931.jpg,SNE
01451932.jpg,SNE
01451933.jpg,SNE
01451934.jpg,SNE
01451935.jpg,SNE
01451936.jpg,SNE
01451937.jpg,SNE
01451938.jpg,SNE
01451939.jpg,SNE
01451940.jpg,SNE
01451941.jpg,SNE
01451942.jpg,SNE
01451943.jpg,SNE
01451944.jpg,SNE
01451945.jpg,SNE
01451946.jpg,SNE
01451947.jpg,SNE
01451948.jpg,SNE
01451949.jpg,SNE
01451950.jpg,SNE
01451951.jpg,SNE
01451952.jpg,SNE
01451953.jpg,SNE
01451954.jpg,SNE
01451955.jpg,SNE
01451956.jpg,SNE
01451957.jpg,SNE
01451958.jpg,SNE
01451959.jpg,SNE
01451960.jpg,SNE
01451961.jpg,SNE
01451962.jpg,SNE
01451963.jpg,SNE
01451964.jpg,SNE
01451965.jpg,SNE
01451966.jpg,SNE
01451967.jpg,SNE
01451968.jpg,SNE
01451969.jpg,SNE
01451970.jpg,SNE
01451971.jpg,SNE
01451972.jpg,SNE
01451973.jpg,SNE
01451974.jpg,SNE
01451975.jpg,SNE
01451976.jpg,SNE
01451977.jpg,SNE
01451978.jpg,SNE
01451979.jpg,SNE
01451980.jpg,SNE
01451981.jpg,SNE
01451982.jpg,SNE
01451983.jpg,SNE
01451984.jpg,SNE
01451985.jpg,SNE
01451986.jpg,SNE
01451987.jpg,LY
01451988.jpg,VLY
01451989.jpg,VLY
01451990.jpg,VLY
01451991.jpg,VLY
01451992.jpg,VLY
01451993.jpg,VLY
01451994.jpg,VLY
01451995.jpg,LY
01451996.jpg,LY
01451997.jpg,LY
01451998.jpg,LY
01451999.jpg,LY
01452000.jpg,LY
01452001.jpg,LY
01452002.jpg,LY
01452003.jpg,LY
01452004.jpg,LY
01452005.jpg,LY
01452006.jpg,LY
01452007.jpg,LY
01452008.jpg,LY
01452009.jpg,LY
01452010.jpg,LY
01452011.jpg,LY
01452012.jpg,LY
01452013.jpg,BL
01452014.jpg,LY
01452015.jpg,VLY
01452016.jpg,LY
01452017.jpg,MO
01452018.jpg,MO
01452019.jpg,MO
01452020.jpg,MO
01452021.jpg,MO
01452022.jpg,MO
01452023.jpg,MO
01452024.jpg,MO
01452025.jpg,MO
01452026.jpg,MO
01452027.jpg,MO
01452028.jpg,MO
01452029.jpg,SNE
01452030.jpg,SNE
01452031.jpg,SNE
01452032.jpg,SNE
01452033.jpg,SNE
01452034.jpg,SNE
01452035.jpg,SNE
01452036.jpg,SNE
01452037.jpg,SNE
01452038.jpg,SNE
01452039.jpg,SNE
01452040.jpg,SNE
01452041.jpg,BNE
01452042.jpg,SNE
01452043.jpg,SNE
01452044.jpg,SNE
01452045.jpg,SNE
01452046.jpg,SNE
01452047.jpg,SNE
01452048.jpg,SNE
01452049.jpg,SNE
01452050.jpg,SNE
01452051.jpg,SNE
01452052.jpg,BNE
01452053.jpg,SNE
01452054.jpg,SNE
01452055.jpg,SNE
01452056.jpg,SNE
01452057.jpg,SNE
01452058.jpg,SNE
01452059.jpg,SNE
01452060.jpg,SNE
01452061.jpg,SNE
01452062.jpg,SNE
01452063.jpg,SNE
01452064.jpg,SNE
01452065.jpg,SNE
01452066.jpg,SNE
01452067.jpg,SNE
01452068.jpg,SNE
01452069.jpg,SNE
01452070.jpg,SNE
01452071.jpg,SNE
01452072.jpg,SNE
01452073.jpg,SNE
01452074.jpg,SNE
01452075.jpg,SNE
01452076.jpg,SNE
01452077.jpg,SNE
01452078.jpg,SNE
01452079.jpg,SNE
01452080.jpg,SNE
01452081.jpg,SNE
01452082.jpg,SNE
01452083.jpg,SNE
01452084.jpg,SNE
01452085.jpg,BNE
01452086.jpg,SNE
01452087.jpg,SNE
01452088.jpg,SNE
01452089.jpg,SNE
01452090.jpg,SNE
01452091.jpg,SNE
01452092.jpg,SNE
01452093.jpg,SNE
01452094.jpg,SNE
01452095.jpg,SNE
01452096.jpg,SNE
01452097.jpg,SNE
01452098.jpg,SNE
01452099.jpg,SNE
01452100.jpg,SNE
01452101.jpg,SNE
01452102.jpg,SNE
01452103.jpg,SNE
01452104.jpg,SNE
01452105.jpg,SNE
01452106.jpg,SNE
01452107.jpg,SNE
01452108.jpg,SNE
01452109.jpg,PC
01452110.jpg,VLY
01452111.jpg,EO
01452112.jpg,EO
01452113.jpg,EO
01452114.jpg,EO
01452115.jpg,EO
01452116.jpg,EO
01452117.jpg,LY
01452118.jpg,LY
01452119.jpg,LY
01452120.jpg,LY
01452121.jpg,LY
01452122.jpg,LY
01452123.jpg,LY
01452124.jpg,LY
01452125.jpg,LY
01452126.jpg,LY
01452127.jpg,LY
01452128.jpg,LY
01452129.jpg,LY
01452130.jpg,LY
01452131.jpg,LY
01452132.jpg,LY
01452133.jpg,LY
01452134.jpg,LY
01452135.jpg,MO
01452136.jpg,MMY
01452137.jpg,MO
01452138.jpg,VLY
01452139.jpg,MO
01452140.jpg,MO
01452141.jpg,MO
01452142.jpg,PMY
01452143.jpg,MMY
01452144.jpg,MO
01452145.jpg,MO
01452146.jpg,MO
01452147.jpg,MO
01452148.jpg,MY
01452149.jpg,MO
01452150.jpg,MO
01452151.jpg,MO
01452152.jpg,MO
01452153.jpg,MO
01452154.jpg,BNE
01452155.jpg,SNE
01452156.jpg,SNE
01452157.jpg,SNE
01452158.jpg,SNE
01452159.jpg,SNE
01452160.jpg,SNE
01452161.jpg,SNE
01452162.jpg,SNE
01452163.jpg,SNE
01452164.jpg,SNE
01452165.jpg,SNE
01452166.jpg,SNE
01452167.jpg,SNE
01452168.jpg,SNE
01452169.jpg,SNE
01452170.jpg,SNE
01452171.jpg,SNE
01452172.jpg,SNE
01452173.jpg,SNE
01452174.jpg,SNE
01452175.jpg,SNE
01452176.jpg,SNE
01452177.jpg,SNE
01452178.jpg,SNE
01452179.jpg,SNE
01452180.jpg,SNE
01452181.jpg,SNE
01452182.jpg,SNE
01452183.jpg,SNE
01452184.jpg,SNE
01452185.jpg,SNE
01452186.jpg,SNE
01452187.jpg,SNE
01452188.jpg,SNE
01452189.jpg,SNE
01452190.jpg,SNE
01452191.jpg,SNE
01452192.jpg,SNE
01452193.jpg,SNE
01452194.jpg,SNE
01452195.jpg,SNE
01452196.jpg,SNE
01452197.jpg,SNE
01452198.jpg,SNE
01452199.jpg,SNE
01452200.jpg,BNE
01452201.jpg,SNE
01452202.jpg,SNE
01452203.jpg,SNE
01452204.jpg,SNE
01452205.jpg,SNE
01452206.jpg,SNE
01452207.jpg,SNE
01452208.jpg,SNE
01452209.jpg,SNE
01452210.jpg,SNE
01452211.jpg,SNE
01452212.jpg,SNE
01452213.jpg,SNE
01452214.jpg,SNE
01452215.jpg,SNE
01452216.jpg,SNE
01452217.jpg,SNE
01452218.jpg,SNE
01452219.jpg,SNE
01452220.jpg,SNE
01452221.jpg,SNE
01452222.jpg,VLY
01452223.jpg,MY
01452224.jpg,VLY
01452225.jpg,BA
01452226.jpg,BA
01452227.jpg,BNE
01452228.jpg,EO
01452229.jpg,EO
01452230.jpg,LY
01452231.jpg,LY
01452232.jpg,LY
01452233.jpg,LY
01452234.jpg,LY
01452235.jpg,LY
01452236.jpg,LY
01452237.jpg,LY
01452238.jpg,LY
01452239.jpg,LY
01452240.jpg,LY
01452241.jpg,LY
01452242.jpg,VLY
01452243.jpg,LY
01452244.jpg,LY
01452245.jpg,LY
01452246.jpg,LY
01452247.jpg,LY
01452248.jpg,LY
01452249.jpg,LY
01452250.jpg,LY
01452251.jpg,LY
01452252.jpg,LY
01452253.jpg,LY
01452254.jpg,LY
01452255.jpg,BL
01452256.jpg,LY
01452257.jpg,LY
01452258.jpg,LY
01452259.jpg,VLY
01452260.jpg,LY
01452261.jpg,LY
01452262.jpg,LY
01452263.jpg,LY
01452264.jpg,LY
01452265.jpg,LY
01452266.jpg,LY
01452267.jpg,LY
01452268.jpg,LY
01452269.jpg,LY
01452270.jpg,LY
01452271.jpg,LY
01452272.jpg,LY
01452273.jpg,LY
01452274.jpg,LY
01452275.jpg,LY
01452276.jpg,LY
01452277.jpg,LY
01452278.jpg,LY
01452279.jpg,LY
01452280.jpg,LY
01452281.jpg,LY
01452282.jpg,MMY
01452283.jpg,MO
01452284.jpg,MO
01452285.jpg,MO
01452286.jpg,MO
01452287.jpg,MO
01452288.jpg,MO
01452289.jpg,MO
01452290.jpg,MO
01452291.jpg,MO
01452292.jpg,MO
01452293.jpg,MO
01452294.jpg,MO
01452295.jpg,MO
01452296.jpg,MO
01452297.jpg,MO
01452298.jpg,MO
01452299.jpg,MO
01452300.jpg,MO
01452301.jpg,SNE
01452302.jpg,SNE
01452303.jpg,SNE
01452304.jpg,SNE
01452305.jpg,BNE
01452306.jpg,SNE
01452307.jpg,SNE
01452308.jpg,SNE
01452309.jpg,SNE
01452310.jpg,SNE
01452311.jpg,SNE
01452312.jpg,SNE
01452313.jpg,SNE
01452314.jpg,SNE
01452315.jpg,BNE
01452316.jpg,SNE
01452317.jpg,SNE
01452318.jpg,SNE
01452319.jpg,SNE
01452320.jpg,SNE
01452321.jpg,SNE
01452322.jpg,BNE
01452323.jpg,SNE
01452324.jpg,SNE
01452325.jpg,BNE
01452326.jpg,VLY
01452327.jpg,VLY
01452328.jpg,VLY
01452329.jpg,EO
01452330.jpg,EO
01452331.jpg,EO
01452332.jpg,EO
01452333.jpg,EO
01452334.jpg,LY
01452335.jpg,LY
01452336.jpg,LY
01452337.jpg,LY
01452338.jpg,LY
01452339.jpg,MO
01452340.jpg,LY
01452341.jpg,LY
01452342.jpg,LY
01452343.jpg,LY
01452344.jpg,LY
01452345.jpg,LY
01452346.jpg,LY
01452347.jpg,LY
01452348.jpg,LY
01452349.jpg,LY
01452350.jpg,LY
01452351.jpg,LY
01452352.jpg,VLY
01452353.jpg,LY
01452354.jpg,LY
01452355.jpg,LY
01452356.jpg,LY
01452357.jpg,LY
01452358.jpg,VLY
01452359.jpg,LY
01452360.jpg,LY
01452361.jpg,LY
01452362.jpg,LY
01452363.jpg,LY
01452364.jpg,MO
01452365.jpg,MO
01452366.jpg,MO
01452367.jpg,MO
01452368.jpg,MO
01452369.jpg,MO
01452370.jpg,MO
01452371.jpg,MO
01452372.jpg,MO
01452373.jpg,MO
01452374.jpg,MO
01452375.jpg,MO
01452376.jpg,MO
01452377.jpg,VLY
01452378.jpg,MO
01452379.jpg,PMY
01452380.jpg,MO
01452381.jpg,MO
01452382.jpg,MO
01452383.jpg,MO
01452384.jpg,SNE
01452385.jpg,SNE
01452386.jpg,SNE
01452387.jpg,SNE
01452388.jpg,SNE
01452389.jpg,SNE
01452390.jpg,SNE
01452391.jpg,SNE
01452392.jpg,SNE
01452393.jpg,SNE
01452394.jpg,BNE
01452395.jpg,SNE
01452396.jpg,SNE
01452397.jpg,SNE
01452398.jpg,SNE
01452399.jpg,SNE
01452400.jpg,SNE
01452401.jpg,SNE
01452402.jpg,SNE
01452403.jpg,SNE
01452404.jpg,SNE
01452405.jpg,SNE
01452406.jpg,SNE
01452407.jpg,SNE
01452408.jpg,SNE
01452409.jpg,SNE
01452410.jpg,SNE
01452411.jpg,SNE
01452412.jpg,SNE
01452413.jpg,SNE
01452414.jpg,SNE
01452415.jpg,SNE
01452416.jpg,SNE
01452417.jpg,SNE
01452418.jpg,SNE
01452419.jpg,SNE
01452420.jpg,SNE
01452421.jpg,SNE
01452422.jpg,SNE
01452423.jpg,SNE
01452424.jpg,SNE
01452425.jpg,SNE
01452426.jpg,SNE
01452427.jpg,SNE
01452428.jpg,SNE
01452429.jpg,SNE
01452430.jpg,SNE
01452431.jpg,SNE
01452432.jpg,SNE
01452433.jpg,SNE
01452434.jpg,SNE
01452435.jpg,SNE
01452436.jpg,SNE
01452437.jpg,VLY
01452438.jpg,VLY
01452439.jpg,MO
01452440.jpg,BA
01452441.jpg,BNE
01452442.jpg,BNE
01452443.jpg,EO
01452444.jpg,EO
01452445.jpg,EO
01452446.jpg,EO
01452447.jpg,SNE
01452448.jpg,EO
01452449.jpg,LY
01452450.jpg,LY
01452451.jpg,LY
01452452.jpg,LY
01452453.jpg,LY
01452454.jpg,LY
01452455.jpg,LY
01452456.jpg,LY
01452457.jpg,LY
01452458.jpg,LY
01452459.jpg,LY
01452460.jpg,LY
01452461.jpg,LY
01452462.jpg,LY
01452463.jpg,LY
01452464.jpg,LY
01452465.jpg,LY
01452466.jpg,LY
01452467.jpg,LY
01452468.jpg,LY
01452469.jpg,LY
01452470.jpg,LY
01452471.jpg,LY
01452472.jpg,LY
01452473.jpg,LY
01452474.jpg,LY
01452475.jpg,LY
01452476.jpg,LY
01452477.jpg,LY
01452478.jpg,LY
01452479.jpg,LY
01452480.jpg,LY
01452481.jpg,LY
01452482.jpg,LY
01452483.jpg,LY
01452484.jpg,MMY
01452485.jpg,VLY
01452486.jpg,MO
01452487.jpg,MMY
01452488.jpg,MO
01452489.jpg,MO
01452490.jpg,MO
01452491.jpg,MO
01452492.jpg,MO
01452493.jpg,MO
01452494.jpg,MO
01452495.jpg,MO
01452496.jpg,MO
01452497.jpg,SNE
01452498.jpg,SNE
01452499.jpg,SNE
01452500.jpg,SNE
01452501.jpg,BNE
01452502.jpg,BNE
01452503.jpg,SNE
01452504.jpg,BNE
01452505.jpg,SNE
01452506.jpg,SNE
01452507.jpg,SNE
01452508.jpg,SNE
01452509.jpg,SNE
01452510.jpg,SNE
01452511.jpg,SNE
01452512.jpg,BNE
01452513.jpg,SNE
01452514.jpg,SNE
01452515.jpg,SNE
01452516.jpg,SNE
01452517.jpg,SNE
01452518.jpg,SNE
01452519.jpg,SNE
01452520.jpg,SNE
01452521.jpg,SNE
01452522.jpg,SNE
01452523.jpg,SNE
01452524.jpg,SNE
01452525.jpg,SNE
01452526.jpg,SNE
01452527.jpg,SNE
01452528.jpg,SNE
01452529.jpg,SNE
01452530.jpg,SNE
01452531.jpg,SNE
01452532.jpg,SNE
01452533.jpg,SNE
01452534.jpg,BNE
01452535.jpg,BNE
01452536.jpg,SNE
01452537.jpg,SNE
01452538.jpg,SNE
01452539.jpg,SNE
01452540.jpg,SNE
01452541.jpg,SNE
01452542.jpg,SNE
01452543.jpg,SNE
01452544.jpg,SNE
01452545.jpg,SNE
01452546.jpg,SNE
01452547.jpg,SNE
01452548.jpg,SNE
01452549.jpg,SNE
01452550.jpg,SNE
01452551.jpg,SNE
01452552.jpg,SNE
01452553.jpg,VLY
01452554.jpg,VLY
01452555.jpg,BL
01452556.jpg,BL
01452557.jpg,BL
01452558.jpg,BL
01452559.jpg,BL
01452560.jpg,BL
01452561.jpg,BL
01452562.jpg,BL
01452563.jpg,BL
01452564.jpg,BL
01452565.jpg,BL
01452566.jpg,BL
01452567.jpg,BL
01452568.jpg,BL
01452569.jpg,BL
01452570.jpg,BL
01452571.jpg,BL
01452572.jpg,BL
01452573.jpg,BL
01452574.jpg,BL
01452575.jpg,BL
01452576.jpg,BL
01452577.jpg,BL
01452578.jpg,LY
01452579.jpg,BL
01452580.jpg,BL
01452581.jpg,BL
01452582.jpg,BL
01452583.jpg,BL
01452584.jpg,BL
01452585.jpg,BL
01452586.jpg,BL
01452587.jpg,MY
01452588.jpg,BL
01452589.jpg,BL
01452590.jpg,BL
01452591.jpg,BL
01452592.jpg,BL
01452593.jpg,BL
01452594.jpg,BL
01452595.jpg,BL
01452596.jpg,BL
01452597.jpg,BL
01452598.jpg,BL
01452599.jpg,BL
01452600.jpg,BL
01452601.jpg,BL
01452602.jpg,BL
01452603.jpg,BL
01452604.jpg,LY
01452605.jpg,LY
01452606.jpg,LY
01452607.jpg,LY
01452608.jpg,LY
01452609.jpg,LY
01452610.jpg,LY
01452611.jpg,LY
01452612.jpg,LY
01452613.jpg,BL
01452614.jpg,LY
01452615.jpg,LY
01452616.jpg,VLY
01452617.jpg,LY
01452618.jpg,LY
01452619.jpg,LY
01452620.jpg,LY
01452621.jpg,LY
01452622.jpg,LY
01452623.jpg,LY
01452624.jpg,LY
01452625.jpg,LY
01452626.jpg,LY
01452627.jpg,LY
01452628.jpg,LY
01452629.jpg,LY
01452630.jpg,LY
01452631.jpg,LY
01452632.jpg,LY
01452633.jpg,LY
01452634.jpg,LY
01452635.jpg,LY
01452636.jpg,VLY
01452637.jpg,LY
01452638.jpg,BL
01452639.jpg,LY
01452640.jpg,LY
01452641.jpg,LY
01452642.jpg,LY
01452643.jpg,LY
01452644.jpg,LY
01452645.jpg,LY
01452646.jpg,LY
01452647.jpg,LY
01452648.jpg,LY
01452649.jpg,LY
01452650.jpg,LY
01452651.jpg,LY
01452652.jpg,PMY
01452653.jpg,SNE
01452654.jpg,SNE
01452655.jpg,SNE
01452656.jpg,SNE
01452657.jpg,SNE
01452658.jpg,SNE
01452659.jpg,SNE
01452660.jpg,SNE
01452661.jpg,SNE
01452662.jpg,SNE
01452663.jpg,SNE
01452664.jpg,BA
01452665.jpg,LY
01452666.jpg,VLY
01452667.jpg,LY
01452668.jpg,LY
01452669.jpg,LY
01452670.jpg,LY
01452671.jpg,LY
01452672.jpg,LY
01452673.jpg,LY
01452674.jpg,LY
01452675.jpg,LY
01452676.jpg,LY
01452677.jpg,LY
01452678.jpg,LY
01452679.jpg,LY
01452680.jpg,LY
01452681.jpg,LY
01452682.jpg,MO
01452683.jpg,MO
01452684.jpg,SNE
01452685.jpg,SNE
01452686.jpg,SNE
01452687.jpg,SNE
01452688.jpg,SNE
01452689.jpg,SNE
01452690.jpg,SNE
01452691.jpg,SNE
01452692.jpg,SNE
01452693.jpg,SNE
01452694.jpg,SNE
01452695.jpg,SNE
01452696.jpg,SNE
01452697.jpg,SNE
01452698.jpg,MMY
01452699.jpg,SNE
01452700.jpg,SNE
01452701.jpg,SNE
01452702.jpg,SNE
01452703.jpg,SNE
01452704.jpg,SNE
01452705.jpg,SNE
01452706.jpg,SNE
01452707.jpg,SNE
01452708.jpg,SNE
01452709.jpg,SNE
01452710.jpg,SNE
01452711.jpg,SNE
01452712.jpg,SNE
01452713.jpg,SNE
01452714.jpg,SNE
01452715.jpg,SNE
01452716.jpg,SNE
01452717.jpg,SNE
01452718.jpg,SNE
01452719.jpg,SNE
01452720.jpg,SNE
01452721.jpg,SNE
01452722.jpg,SNE
01452723.jpg,SNE
01452724.jpg,SNE
01452725.jpg,SNE
01452726.jpg,SNE
01452727.jpg,SNE
01452728.jpg,SNE
01452729.jpg,SNE
01452730.jpg,SNE
01452731.jpg,SNE
01452732.jpg,SNE
01452733.jpg,SNE
01452734.jpg,SNE
01452735.jpg,SNE
01452736.jpg,SNE
01452737.jpg,SNE
01452738.jpg,SNE
01452739.jpg,SNE
01452740.jpg,SNE
01452741.jpg,SNE
01452742.jpg,SNE
01452743.jpg,SNE
01452744.jpg,SNE
01452745.jpg,SNE
01452746.jpg,SNE
01452747.jpg,SNE
01452748.jpg,SNE
01452749.jpg,BNE
01452750.jpg,SNE
01452751.jpg,SNE
01452752.jpg,SNE
01452753.jpg,SNE
01452754.jpg,SNE
01452755.jpg,SNE
01452756.jpg,SNE
01452757.jpg,SNE
01452758.jpg,SNE
01452759.jpg,SNE
01452760.jpg,SNE
01452761.jpg,SNE
01452762.jpg,SNE
01452763.jpg,VLY
01452764.jpg,VLY
01452765.jpg,VLY
01452766.jpg,VLY
01452767.jpg,VLY
01452768.jpg,VLY
01452769.jpg,VLY
01452770.jpg,VLY
01452771.jpg,VLY
01452772.jpg,LY
01452773.jpg,VLY
01452774.jpg,VLY
01452775.jpg,BA
01452776.jpg,BA
01452777.jpg,BA
01452778.jpg,BA
01452779.jpg,BA
01452780.jpg,EO
01452781.jpg,EO
01452782.jpg,EO
01452783.jpg,EO
01452784.jpg,EO
01452785.jpg,EO
01452786.jpg,EO
01452787.jpg,EO
01452788.jpg,EO
01452789.jpg,EO
01452790.jpg,EO
01452791.jpg,EO
01452792.jpg,EO
01452793.jpg,EO
01452794.jpg,EO
01452795.jpg,EO
01452796.jpg,LY
01452797.jpg,LY
01452798.jpg,LY
01452799.jpg,VLY
01452800.jpg,LY
01452801.jpg,LY
01452802.jpg,LY
01452803.jpg,LY
01452804.jpg,LY
01452805.jpg,LY
01452806.jpg,LY
01452807.jpg,LY
01452808.jpg,LY
01452809.jpg,LY
01452810.jpg,LY
01452811.jpg,LY
01452812.jpg,LY
01452813.jpg,MO
01452814.jpg,SNE
01452815.jpg,MO
01452816.jpg,MO
01452817.jpg,MO
01452818.jpg,MO
01452819.jpg,MO
01452820.jpg,MO
01452821.jpg,MO
01452822.jpg,SNE
01452823.jpg,SNE
01452824.jpg,SNE
01452825.jpg,SNE
01452826.jpg,SNE
01452827.jpg,SNE
01452828.jpg,SNE
01452829.jpg,SNE
01452830.jpg,SNE
01452831.jpg,SNE
01452832.jpg,SNE
01452833.jpg,SNE
01452834.jpg,SNE
01452835.jpg,SNE
01452836.jpg,SNE
01452837.jpg,SNE
01452838.jpg,SNE
01452839.jpg,SNE
01452840.jpg,SNE
01452841.jpg,SNE
01452842.jpg,SNE
01452843.jpg,SNE
01452844.jpg,SNE
01452845.jpg,SNE
01452846.jpg,SNE
01452847.jpg,SNE
01452848.jpg,SNE
01452849.jpg,SNE
01452850.jpg,SNE
01452851.jpg,SNE
01452852.jpg,SNE
01452853.jpg,SNE
01452854.jpg,SNE
01452855.jpg,SNE
01452856.jpg,SNE
01452857.jpg,SNE
01452858.jpg,SNE
01452859.jpg,SNE
01452860.jpg,SNE
01452861.jpg,SNE
01452862.jpg,SNE
01452863.jpg,SNE
01452864.jpg,SNE
01452865.jpg,SNE
01452866.jpg,SNE
01452867.jpg,SNE
01452868.jpg,SNE
01452869.jpg,SNE
01452870.jpg,SNE
01452871.jpg,SNE
01452872.jpg,SNE
01452873.jpg,SNE
01452874.jpg,SNE
01452875.jpg,SNE
01452876.jpg,SNE
01452877.jpg,SNE
01452878.jpg,SNE
01452879.jpg,SNE
01452880.jpg,SNE
01452881.jpg,SNE
01452882.jpg,SNE
01452883.jpg,SNE
01452884.jpg,VLY
01452885.jpg,VLY
01452886.jpg,BA
01452887.jpg,EO
01452888.jpg,EO
01452889.jpg,EO
01452890.jpg,EO
01452891.jpg,EO
01452892.jpg,LY
01452893.jpg,LY
01452894.jpg,PC
01452895.jpg,LY
01452896.jpg,LY
01452897.jpg,LY
01452898.jpg,LY
01452899.jpg,LY
01452900.jpg,LY
01452901.jpg,LY
01452902.jpg,LY
01452903.jpg,LY
01452904.jpg,LY
01452905.jpg,LY
01452906.jpg,LY
01452907.jpg,LY
01452908.jpg,LY
01452909.jpg,LY
01452910.jpg,LY
01452911.jpg,LY
01452912.jpg,LY
01452913.jpg,LY
01452914.jpg,LY
01452915.jpg,LY
01452916.jpg,LY
01452917.jpg,LY
01452918.jpg,LY
01452919.jpg,LY
01452920.jpg,LY
01452921.jpg,LY
01452922.jpg,LY
01452923.jpg,LY
01452924.jpg,LY
01452925.jpg,VLY
01452926.jpg,LY
01452927.jpg,LY
01452928.jpg,LY
01452929.jpg,LY
01452930.jpg,LY
01452931.jpg,LY
01452932.jpg,LY
01452933.jpg,LY
01452934.jpg,LY
01452935.jpg,LY
01452936.jpg,LY
01452937.jpg,MO
01452938.jpg,MO
01452939.jpg,MO
01452940.jpg,MO
01452941.jpg,MO
01452942.jpg,MO
01452943.jpg,MO
01452944.jpg,MO
01452945.jpg,SNE
01452946.jpg,SNE
01452947.jpg,SNE
01452948.jpg,SNE
01452949.jpg,SNE
01452950.jpg,SNE
01452951.jpg,SNE
01452952.jpg,SNE
01452953.jpg,SNE
01452954.jpg,SNE
01452955.jpg,SNE
01452956.jpg,SNE
01452957.jpg,SNE
01452958.jpg,SNE
01452959.jpg,SNE
01452960.jpg,SNE
01452961.jpg,SNE
01452962.jpg,SNE
01452963.jpg,SNE
01452964.jpg,SNE
01452965.jpg,SNE
01452966.jpg,SNE
01452967.jpg,SNE
01452968.jpg,SNE
01452969.jpg,SNE
01452970.jpg,SNE
01452971.jpg,SNE
01452972.jpg,SNE
01452973.jpg,SNE
01452974.jpg,SNE
01452975.jpg,SNE
01452976.jpg,SNE
01452977.jpg,SNE
01452978.jpg,SNE
01452979.jpg,SNE
01452980.jpg,SNE
01452981.jpg,SNE
01452982.jpg,SNE
01452983.jpg,SNE
01452984.jpg,SNE
01452985.jpg,SNE
01452986.jpg,SNE
01452987.jpg,SNE
01452988.jpg,SNE
01452989.jpg,SNE
01452990.jpg,SNE
01452991.jpg,SNE
01452992.jpg,SNE
01452993.jpg,SNE
01452994.jpg,VLY
01452995.jpg,BA
01452996.jpg,BA
01452997.jpg,EO
01452998.jpg,EO
01452999.jpg,EO
01453000.jpg,EO
01453001.jpg,EO
01453002.jpg,EO
01453003.jpg,EO
01453004.jpg,EO
01453005.jpg,EO
01453006.jpg,VLY
01453007.jpg,LY
01453008.jpg,LY
01453009.jpg,LY
01453010.jpg,LY
01453011.jpg,LY
01453012.jpg,LY
01453013.jpg,LY
01453014.jpg,LY
01453015.jpg,VLY
01453016.jpg,LY
01453017.jpg,LY
01453018.jpg,LY
01453019.jpg,LY
01453020.jpg,LY
01453021.jpg,LY
01453022.jpg,LY
01453023.jpg,LY
01453024.jpg,LY
01453025.jpg,LY
01453026.jpg,LY
01453027.jpg,LY
01453028.jpg,LY
01453029.jpg,LY
01453030.jpg,LY
01453031.jpg,LY
01453032.jpg,LY
01453033.jpg,LY
01453034.jpg,LY
01453035.jpg,LY
01453036.jpg,LY
01453037.jpg,LY
01453038.jpg,LY
01453039.jpg,VLY
01453040.jpg,LY
01453041.jpg,LY
01453042.jpg,LY
01453043.jpg,LY
01453044.jpg,LY
01453045.jpg,LY
01453046.jpg,LY
01453047.jpg,LY
01453048.jpg,VLY
01453049.jpg,VLY
01453050.jpg,MO
01453051.jpg,MO
01453052.jpg,MO
01453053.jpg,MO
01453054.jpg,MO
01453055.jpg,MO
01453056.jpg,BNE
01453057.jpg,SNE
01453058.jpg,SNE
01453059.jpg,SNE
01453060.jpg,SNE
01453061.jpg,SNE
01453062.jpg,SNE
01453063.jpg,SNE
01453064.jpg,SNE
01453065.jpg,SNE
01453066.jpg,SNE
01453067.jpg,SNE
01453068.jpg,SNE
01453069.jpg,SNE
01453070.jpg,SNE
01453071.jpg,SNE
01453072.jpg,SNE
01453073.jpg,SNE
01453074.jpg,SNE
01453075.jpg,SNE
01453076.jpg,SNE
01453077.jpg,SNE
01453078.jpg,SNE
01453079.jpg,SNE
01453080.jpg,SNE
01453081.jpg,SNE
01453082.jpg,SNE
01453083.jpg,SNE
01453084.jpg,SNE
01453085.jpg,SNE
01453086.jpg,BNE
01453087.jpg,SNE
01453088.jpg,SNE
01453089.jpg,SNE
01453090.jpg,SNE
01453091.jpg,SNE
01453092.jpg,SNE
01453093.jpg,SNE
01453094.jpg,SNE
01453095.jpg,SNE
01453096.jpg,VLY
01453097.jpg,BL
01453098.jpg,VLY
01453099.jpg,VLY
01453100.jpg,BL
01453101.jpg,BL
01453102.jpg,BL
01453103.jpg,BL
01453104.jpg,BL
01453105.jpg,BL
01453106.jpg,BL
01453107.jpg,BL
01453108.jpg,BL
01453109.jpg,BL
01453110.jpg,BL
01453111.jpg,VLY
01453112.jpg,BL
01453113.jpg,BL
01453114.jpg,BL
01453115.jpg,BL
01453116.jpg,BL
01453117.jpg,BL
01453118.jpg,BL
01453119.jpg,PMY
01453120.jpg,BL
01453121.jpg,BL
01453122.jpg,BL
01453123.jpg,BL
01453124.jpg,BL
01453125.jpg,EO
01453126.jpg,LY
01453127.jpg,LY
01453128.jpg,LY
01453129.jpg,LY
01453130.jpg,LY
01453131.jpg,LY
01453132.jpg,LY
01453133.jpg,LY
01453134.jpg,LY
01453135.jpg,LY
01453136.jpg,LY
01453137.jpg,LY
01453138.jpg,LY
01453139.jpg,LY
01453140.jpg,LY
01453141.jpg,LY
01453142.jpg,LY
01453143.jpg,LY
01453144.jpg,MO
01453145.jpg,MO
01453146.jpg,MO
01453147.jpg,SNE
01453148.jpg,MO
01453149.jpg,MMY
01453150.jpg,MMY
01453151.jpg,BNE
01453152.jpg,SNE
01453153.jpg,SNE
01453154.jpg,MMY
01453155.jpg,SNE
01453156.jpg,SNE
01453157.jpg,BNE
01453158.jpg,SNE
01453159.jpg,SNE
01453160.jpg,SNE
01453161.jpg,SNE
01453162.jpg,SNE
01453163.jpg,SNE
01453164.jpg,SNE
01453165.jpg,SNE
01453166.jpg,SNE
01453167.jpg,SNE
01453168.jpg,SNE
01453169.jpg,SNE
01453170.jpg,SNE
01453171.jpg,SNE
01453172.jpg,SNE
01453173.jpg,SNE
01453174.jpg,SNE
01453175.jpg,SNE
01453176.jpg,SNE
01453177.jpg,SNE
01453178.jpg,SNE
01453179.jpg,SNE
01453180.jpg,SNE
01453181.jpg,SNE
01453182.jpg,SNE
01453183.jpg,SNE
01453184.jpg,SNE
01453185.jpg,SNE
01453186.jpg,BNE
01453187.jpg,BNE
01453188.jpg,SNE
01453189.jpg,SNE
01453190.jpg,SNE
01453191.jpg,SNE
01453192.jpg,SNE
01453193.jpg,SNE
01453194.jpg,SNE
01453195.jpg,SNE
01453196.jpg,SNE
01453197.jpg,SNE
01453198.jpg,SNE
01453199.jpg,SNE
01453200.jpg,SNE
01453201.jpg,MO
01453202.jpg,SNE
01453203.jpg,SNE
01453204.jpg,SNE
01453205.jpg,EO
01453206.jpg,SNE
01453207.jpg,SNE
01453208.jpg,BNE
01453209.jpg,SNE
01453210.jpg,BA
01453211.jpg,BA
01453212.jpg,MO
01453213.jpg,BL
01453214.jpg,BL
01453215.jpg,BL
01453216.jpg,BL
01453217.jpg,BL
01453218.jpg,BL
01453219.jpg,BL
01453220.jpg,BL
01453221.jpg,BL
01453222.jpg,BL
01453223.jpg,BL
01453224.jpg,BL
01453225.jpg,BL
01453226.jpg,BL
01453227.jpg,BL
01453228.jpg,BL
01453229.jpg,BL
01453230.jpg,MO
01453231.jpg,BL
01453232.jpg,BL
01453233.jpg,BL
01453234.jpg,BL
01453235.jpg,BL
01453236.jpg,BL
01453237.jpg,BL
01453238.jpg,BL
01453239.jpg,BL
01453240.jpg,BL
01453241.jpg,BL
01453242.jpg,BL
01453243.jpg,MY
01453244.jpg,BL
01453245.jpg,BL
01453246.jpg,BL
01453247.jpg,BL
01453248.jpg,BL
01453249.jpg,MO
01453250.jpg,BL
01453251.jpg,BL
01453252.jpg,BL
01453253.jpg,BNE
01453254.jpg,BNE
01453255.jpg,LY
01453256.jpg,LY
01453257.jpg,LY
01453258.jpg,BL
01453259.jpg,LY
01453260.jpg,LY
01453261.jpg,LY
01453262.jpg,LY
01453263.jpg,LY
01453264.jpg,LY
01453265.jpg,LY
01453266.jpg,VLY
01453267.jpg,LY
01453268.jpg,LY
01453269.jpg,LY
01453270.jpg,LY
01453271.jpg,LY
01453272.jpg,LY
01453273.jpg,MO
01453274.jpg,LY
01453275.jpg,LY
01453276.jpg,LY
01453277.jpg,LY
01453278.jpg,MO
01453279.jpg,BNE
01453280.jpg,MMY
01453281.jpg,MMY
01453282.jpg,MO
01453283.jpg,MY
01453284.jpg,MO
01453285.jpg,MY
01453286.jpg,MY
01453287.jpg,MY
01453288.jpg,MY
01453289.jpg,MMY
01453290.jpg,MY
01453291.jpg,MY
01453292.jpg,MY
01453293.jpg,MY
01453294.jpg,MY
01453295.jpg,MY
01453296.jpg,PMY
01453297.jpg,PMY
01453298.jpg,PMY
01453299.jpg,PMY
01453300.jpg,BNE
01453301.jpg,MMY
01453302.jpg,SNE
01453303.jpg,SNE
01453304.jpg,BNE
01453305.jpg,SNE
01453306.jpg,SNE
01453307.jpg,BNE
01453308.jpg,BNE
01453309.jpg,SNE
01453310.jpg,BNE
01453311.jpg,BNE
01453312.jpg,SNE
01453313.jpg,SNE
01453314.jpg,MMY
01453315.jpg,BNE
01453316.jpg,SNE
01453317.jpg,SNE
01453318.jpg,SNE
01453319.jpg,MMY
01453320.jpg,BNE
01453321.jpg,SNE
01453322.jpg,SNE
01453323.jpg,SNE
01453324.jpg,MO
01453325.jpg,MMY
01453326.jpg,LY
01453327.jpg,BL
01453328.jpg,BL
01453329.jpg,LY
01453330.jpg,BL
01453331.jpg,BL
01453332.jpg,BL
01453333.jpg,BL
01453334.jpg,BL
01453335.jpg,LY
01453336.jpg,LY
01453337.jpg,LY
01453338.jpg,BL
01453339.jpg,BL
01453340.jpg,BL
01453341.jpg,LY
01453342.jpg,LY
01453343.jpg,LY
01453344.jpg,BL
01453345.jpg,BL
01453346.jpg,BL
01453347.jpg,BL
01453348.jpg,LY
01453349.jpg,BL
01453350.jpg,BL
01453351.jpg,LY
01453352.jpg,LY
01453353.jpg,LY
01453354.jpg,BL
01453355.jpg,LY
01453356.jpg,BL
01453357.jpg,LY
01453358.jpg,BL
01453359.jpg,BL
01453360.jpg,LY
01453361.jpg,LY
01453362.jpg,BL
01453363.jpg,LY
01453364.jpg,BL
01453365.jpg,BL
01453366.jpg,BL
01453367.jpg,BL
01453368.jpg,BL
01453369.jpg,BL
01453370.jpg,BL
01453371.jpg,BL
01453372.jpg,BL
01453373.jpg,LY
01453374.jpg,BL
01453375.jpg,BL
01453376.jpg,LY
01453377.jpg,LY
01453378.jpg,LY
01453379.jpg,LY
01453380.jpg,BL
01453381.jpg,BL
01453382.jpg,BL
01453383.jpg,LY
01453384.jpg,BL
01453385.jpg,LY
01453386.jpg,BL
01453387.jpg,BL
01453388.jpg,LY
01453389.jpg,BL
01453390.jpg,BL
01453391.jpg,LY
01453392.jpg,LY
01453393.jpg,LY
01453394.jpg,LY
01453395.jpg,BL
01453396.jpg,LY
01453397.jpg,BL
01453398.jpg,BL
01453399.jpg,BL
01453400.jpg,BL
01453401.jpg,LY
01453402.jpg,BL
01453403.jpg,LY
01453404.jpg,BL
01453405.jpg,LY
01453406.jpg,BL
01453407.jpg,BL
01453408.jpg,LY
01453409.jpg,LY
01453410.jpg,LY
01453411.jpg,BL
01453412.jpg,BL
01453413.jpg,BL
01453414.jpg,BL
01453415.jpg,LY
01453416.jpg,BL
01453417.jpg,BL
01453418.jpg,BL
01453419.jpg,BL
01453420.jpg,LY
01453421.jpg,LY
01453422.jpg,LY
01453423.jpg,LY
01453424.jpg,BL
01453425.jpg,BL
01453426.jpg,BL
01453427.jpg,VLY
01453428.jpg,LY
01453429.jpg,BL
01453430.jpg,LY
01453431.jpg,BL
01453432.jpg,BL
01453433.jpg,BL
01453434.jpg,LY
01453435.jpg,LY
01453436.jpg,LY
01453437.jpg,LY
01453438.jpg,BL
01453439.jpg,BL
01453440.jpg,BL
01453441.jpg,BL
01453442.jpg,LY
01453443.jpg,LY
01453444.jpg,LY
01453445.jpg,LY
01453446.jpg,LY
01453447.jpg,LY
01453448.jpg,LY
01453449.jpg,LY
01453450.jpg,LY
01453451.jpg,LY
01453452.jpg,BL
01453453.jpg,BL
01453454.jpg,MY
01453455.jpg,SNE
01453456.jpg,MMY
01453457.jpg,SNE
01453458.jpg,BNE
01453459.jpg,SNE
01453460.jpg,BA
01453461.jpg,MMY
01453462.jpg,LY
01453463.jpg,MY
01453464.jpg,PC
01453465.jpg,LY
01453466.jpg,LY
01453467.jpg,VLY
01453468.jpg,LY
01453469.jpg,LY
01453470.jpg,LY
01453471.jpg,LY
01453472.jpg,MO
01453473.jpg,MO
01453474.jpg,MO
01453475.jpg,MO
01453476.jpg,MO
01453477.jpg,MO
01453478.jpg,MO
01453479.jpg,MO
01453480.jpg,MO
01453481.jpg,MO
01453482.jpg,MO
01453483.jpg,MO
01453484.jpg,MO
01453485.jpg,MO
01453486.jpg,MMY
01453487.jpg,BNE
01453488.jpg,MO
01453489.jpg,MY
01453490.jpg,MY
01453491.jpg,MY
01453492.jpg,MY
01453493.jpg,MY
01453494.jpg,SNE
01453495.jpg,SNE
01453496.jpg,SNE
01453497.jpg,SNE
01453498.jpg,SNE
01453499.jpg,SNE
01453500.jpg,SNE
01453501.jpg,SNE
01453502.jpg,SNE
01453503.jpg,SNE
01453504.jpg,SNE
01453505.jpg,SNE
01453506.jpg,SNE
01453507.jpg,SNE
01453508.jpg,SNE
01453509.jpg,SNE
01453510.jpg,SNE
01453511.jpg,SNE
01453512.jpg,SNE
01453513.jpg,SNE
01453514.jpg,SNE
01453515.jpg,SNE
01453516.jpg,SNE
01453517.jpg,SNE
01453518.jpg,SNE
01453519.jpg,SNE
01453520.jpg,SNE
01453521.jpg,SNE
01453522.jpg,SNE
01453523.jpg,SNE
01453524.jpg,SNE
01453525.jpg,SNE
01453526.jpg,SNE
01453527.jpg,SNE
01453528.jpg,SNE
01453529.jpg,SNE
01453530.jpg,SNE
01453531.jpg,SNE
01453532.jpg,SNE
01453533.jpg,SNE
01453534.jpg,SNE
01453535.jpg,SNE
01453536.jpg,SNE
01453537.jpg,SNE
01453538.jpg,SNE
01453539.jpg,SNE
01453540.jpg,SNE
01453541.jpg,SNE
01453542.jpg,SNE
01453543.jpg,SNE
01453544.jpg,SNE
01453545.jpg,SNE
01453546.jpg,SNE
01453547.jpg,SNE
01453548.jpg,SNE
01453549.jpg,SNE
01453550.jpg,SNE
01453551.jpg,SNE
01453552.jpg,SNE
01453553.jpg,SNE
01453554.jpg,BNE
01453555.jpg,SNE
01453556.jpg,SNE
01453557.jpg,SNE
01453558.jpg,SNE
01453559.jpg,SNE
01453560.jpg,SNE
01453561.jpg,SNE
01453562.jpg,SNE
01453563.jpg,SNE
01453564.jpg,SNE
01453565.jpg,SNE
01453566.jpg,SNE
01453567.jpg,SNE
01453568.jpg,SNE
01453569.jpg,SNE
01453570.jpg,SNE
01453571.jpg,BNE
01453572.jpg,VLY
01453573.jpg,BA
01453574.jpg,BA
01453575.jpg,BA
01453576.jpg,BA
01453577.jpg,BA
01453578.jpg,BA
01453579.jpg,BA
01453580.jpg,BA
01453581.jpg,BA
01453582.jpg,BL
01453583.jpg,BL
01453584.jpg,MMY
01453585.jpg,MO
01453586.jpg,BNE
01453587.jpg,EO
01453588.jpg,EO
01453589.jpg,SNE
01453590.jpg,EO
01453591.jpg,EO
01453592.jpg,EO
01453593.jpg,EO
01453594.jpg,LY
01453595.jpg,LY
01453596.jpg,MMY
01453597.jpg,MMY
01453598.jpg,PMY
01453599.jpg,MO
01453600.jpg,MO
01453601.jpg,MMY
01453602.jpg,MO
01453603.jpg,MMY
01453604.jpg,MO
01453605.jpg,MO
01453606.jpg,MO
01453607.jpg,MO
01453608.jpg,MO
01453609.jpg,BNE
01453610.jpg,MY
01453611.jpg,MY
01453612.jpg,EO
01453613.jpg,MO
01453614.jpg,MY
01453615.jpg,MY
01453616.jpg,SNE
01453617.jpg,SNE
01453618.jpg,SNE
01453619.jpg,SNE
01453620.jpg,BNE
01453621.jpg,SNE
01453622.jpg,SNE
01453623.jpg,LY
01453624.jpg,SNE
01453625.jpg,SNE
01453626.jpg,SNE
01453627.jpg,SNE
01453628.jpg,SNE
01453629.jpg,SNE
01453630.jpg,SNE
01453631.jpg,SNE
01453632.jpg,SNE
01453633.jpg,BNE
01453634.jpg,SNE
01453635.jpg,SNE
01453636.jpg,SNE
01453637.jpg,SNE
01453638.jpg,MO
01453639.jpg,SNE
01453640.jpg,SNE
01453641.jpg,BNE
01453642.jpg,SNE
01453643.jpg,SNE
01453644.jpg,SNE
01453645.jpg,SNE
01453646.jpg,EO
01453647.jpg,SNE
01453648.jpg,SNE
01453649.jpg,SNE
01453650.jpg,SNE
01453651.jpg,SNE
01453652.jpg,SNE
01453653.jpg,SNE
01453654.jpg,SNE
01453655.jpg,SNE
01453656.jpg,SNE
01453657.jpg,MMY
01453658.jpg,SNE
01453659.jpg,SNE
01453660.jpg,SNE
01453661.jpg,SNE
01453662.jpg,SNE
01453663.jpg,SNE
01453664.jpg,SNE
01453665.jpg,SNE
01453666.jpg,SNE
01453667.jpg,SNE
01453668.jpg,SNE
01453669.jpg,SNE
01453670.jpg,SNE
01453671.jpg,SNE
01453672.jpg,SNE
01453673.jpg,BA
01453674.jpg,SNE
01453675.jpg,BNE
01453676.jpg,SNE
01453677.jpg,SNE
01453678.jpg,SNE
01453679.jpg,SNE
01453680.jpg,SNE
01453681.jpg,SNE
01453682.jpg,SNE
01453683.jpg,SNE
01453684.jpg,SNE
01453685.jpg,SNE
01453686.jpg,SNE
01453687.jpg,SNE
01453688.jpg,SNE
01453689.jpg,SNE
01453690.jpg,SNE
01453691.jpg,SNE
01453692.jpg,LY
01453693.jpg,LY
01453694.jpg,LY
01453695.jpg,LY
01453696.jpg,LY
01453697.jpg,LY
01453698.jpg,LY
01453699.jpg,LY
01453700.jpg,LY
01453701.jpg,LY
01453702.jpg,LY
01453703.jpg,LY
01453704.jpg,PLY
01453705.jpg,LY
01453706.jpg,LY
01453707.jpg,MO
01453708.jpg,LY
01453709.jpg,LY
01453710.jpg,LY
01453711.jpg,PLY
01453712.jpg,LY
01453713.jpg,VLY
01453714.jpg,LY
01453715.jpg,LY
01453716.jpg,LY
01453717.jpg,LY
01453718.jpg,LY
01453719.jpg,LY
01453720.jpg,LY
01453721.jpg,LY
01453722.jpg,LY
01453723.jpg,LY
01453724.jpg,LY
01453725.jpg,LY
01453726.jpg,LY
01453727.jpg,LY
01453728.jpg,LY
01453729.jpg,VLY
01453730.jpg,LY
01453731.jpg,LY
01453732.jpg,LY
01453733.jpg,LY
01453734.jpg,MO
01453735.jpg,LY
01453736.jpg,LY
01453737.jpg,LY
01453738.jpg,VLY
01453739.jpg,LY
01453740.jpg,LY
01453741.jpg,LY
01453742.jpg,LY
01453743.jpg,LY
01453744.jpg,LY
01453745.jpg,LY
01453746.jpg,VLY
01453747.jpg,LY
01453748.jpg,VLY
01453749.jpg,LY
01453750.jpg,LY
01453751.jpg,LY
01453752.jpg,LY
01453753.jpg,LY
01453754.jpg,MO
01453755.jpg,MO
01453756.jpg,MO
01453757.jpg,MO
01453758.jpg,MO
01453759.jpg,MO
01453760.jpg,MO
01453761.jpg,MO
01453762.jpg,MO
01453763.jpg,MO
01453764.jpg,MO
01453765.jpg,MO
01453766.jpg,MO
01453767.jpg,MO
01453768.jpg,MO
01453769.jpg,MO
01453770.jpg,LY
01453771.jpg,MO
01453772.jpg,MO
01453773.jpg,MO
01453774.jpg,MO
01453775.jpg,MO
01453776.jpg,MO
01453777.jpg,MO
01453778.jpg,MO
01453779.jpg,LY
01453780.jpg,MO
01453781.jpg,MO
01453782.jpg,MO
01453783.jpg,BNE
01453784.jpg,BL
01453785.jpg,MO
01453786.jpg,MO
01453787.jpg,MO
01453788.jpg,MO
01453789.jpg,MO
01453790.jpg,MO
01453791.jpg,MO
01453792.jpg,MO
01453793.jpg,SNE
01453794.jpg,SNE
01453795.jpg,SNE
01453796.jpg,SNE
01453797.jpg,SNE
01453798.jpg,SNE
01453799.jpg,SNE
01453800.jpg,SNE
01453801.jpg,SNE
01453802.jpg,SNE
01453803.jpg,SNE
01453804.jpg,SNE
01453805.jpg,SNE
01453806.jpg,SNE
01453807.jpg,SNE
01453808.jpg,SNE
01453809.jpg,SNE
01453810.jpg,SNE
01453811.jpg,SNE
01453812.jpg,SNE
01453813.jpg,SNE
01453814.jpg,SNE
01453815.jpg,VLY
01453816.jpg,MO
01453817.jpg,SNE
01453818.jpg,MO
01453819.jpg,LY
01453820.jpg,VLY
01453821.jpg,LY
01453822.jpg,LY
01453823.jpg,LY
01453824.jpg,LY
01453825.jpg,LY
01453826.jpg,LY
01453827.jpg,LY
01453828.jpg,LY
01453829.jpg,LY
01453830.jpg,LY
01453831.jpg,LY
01453832.jpg,LY
01453833.jpg,LY
01453834.jpg,LY
01453835.jpg,LY
01453836.jpg,LY
01453837.jpg,LY
01453838.jpg,LY
01453839.jpg,MMY
01453840.jpg,MO
01453841.jpg,MO
01453842.jpg,MO
01453843.jpg,MO
01453844.jpg,MO
01453845.jpg,MO
01453846.jpg,MY
01453847.jpg,SNE
01453848.jpg,SNE
01453849.jpg,SNE
01453850.jpg,SNE
01453851.jpg,SNE
01453852.jpg,SNE
01453853.jpg,SNE
01453854.jpg,SNE
01453855.jpg,SNE
01453856.jpg,SNE
01453857.jpg,SNE
01453858.jpg,SNE
01453859.jpg,SNE
01453860.jpg,SNE
01453861.jpg,SNE
01453862.jpg,SNE
01453863.jpg,SNE
01453864.jpg,SNE
01453865.jpg,SNE
01453866.jpg,SNE
01453867.jpg,SNE
01453868.jpg,SNE
01453869.jpg,SNE
01453870.jpg,SNE
01453871.jpg,SNE
01453872.jpg,SNE
01453873.jpg,SNE
01453874.jpg,SNE
01453875.jpg,SNE
01453876.jpg,SNE
01453877.jpg,SNE
01453878.jpg,SNE
01453879.jpg,SNE
01453880.jpg,SNE
01453881.jpg,SNE
01453882.jpg,SNE
01453883.jpg,SNE
01453884.jpg,SNE
01453885.jpg,SNE
01453886.jpg,SNE
01453887.jpg,SNE
01453888.jpg,SNE
01453889.jpg,SNE
01453890.jpg,SNE
01453891.jpg,SNE
01453892.jpg,SNE
01453893.jpg,MO
01453894.jpg,MO
01453895.jpg,SNE
01453896.jpg,SNE
01453897.jpg,SNE
01453898.jpg,SNE
01453899.jpg,SNE
01453900.jpg,SNE
01453901.jpg,SNE
01453902.jpg,SNE
01453903.jpg,SNE
01453904.jpg,SNE
01453905.jpg,SNE
01453906.jpg,SNE
01453907.jpg,SNE
01453908.jpg,SNE
01453909.jpg,SNE
01453910.jpg,SNE
01453911.jpg,SNE
01453912.jpg,MO
01453913.jpg,SNE
01453914.jpg,SNE
01453915.jpg,SNE
01453916.jpg,SNE
01453917.jpg,SNE
01453918.jpg,BNE
01453919.jpg,SNE
01453920.jpg,SNE
01453921.jpg,BNE
01453922.jpg,SNE
01453923.jpg,SNE
01453924.jpg,SNE
01453925.jpg,SNE
01453926.jpg,SNE
01453927.jpg,SNE
01453928.jpg,SNE
01453929.jpg,SNE
01453930.jpg,SNE
01453931.jpg,VLY
01453932.jpg,BA
01453933.jpg,BA
01453934.jpg,BA
01453935.jpg,BA
01453936.jpg,BA
01453937.jpg,BA
01453938.jpg,BA
01453939.jpg,BA
01453940.jpg,BA
01453941.jpg,BA
01453942.jpg,BA
01453943.jpg,BA
01453944.jpg,BA
01453945.jpg,BA
01453946.jpg,BA
01453947.jpg,BA
01453948.jpg,BA
01453949.jpg,BL
01453950.jpg,BNE
01453951.jpg,EO
01453952.jpg,EO
01453953.jpg,EO
01453954.jpg,EO
01453955.jpg,EO
01453956.jpg,EO
01453957.jpg,EO
01453958.jpg,EO
01453959.jpg,VLY
01453960.jpg,LY
01453961.jpg,LY
01453962.jpg,VLY
01453963.jpg,LY
01453964.jpg,LY
01453965.jpg,LY
01453966.jpg,MMY
01453967.jpg,MMY
01453968.jpg,MY
01453969.jpg,MO
01453970.jpg,MO
01453971.jpg,MO
01453972.jpg,MO
01453973.jpg,MMY
01453974.jpg,MO
01453975.jpg,MMY
01453976.jpg,BL
01453977.jpg,SNE
01453978.jpg,SNE
01453979.jpg,SNE
01453980.jpg,SNE
01453981.jpg,SNE
01453982.jpg,SNE
01453983.jpg,SNE
01453984.jpg,SNE
01453985.jpg,SNE
01453986.jpg,SNE
01453987.jpg,BNE
01453988.jpg,SNE
01453989.jpg,SNE
01453990.jpg,SNE
01453991.jpg,SNE
01453992.jpg,SNE
01453993.jpg,SNE
01453994.jpg,SNE
01453995.jpg,BNE
01453996.jpg,SNE
01453997.jpg,SNE
01453998.jpg,SNE
01453999.jpg,SNE
01454000.jpg,SNE
01454001.jpg,SNE
01454002.jpg,SNE
01454003.jpg,SNE
01454004.jpg,SNE
01454005.jpg,SNE
01454006.jpg,SNE
01454007.jpg,SNE
01454008.jpg,BNE
01454009.jpg,SNE
01454010.jpg,SNE
01454011.jpg,SNE
01454012.jpg,SNE
01454013.jpg,SNE
01454014.jpg,SNE
01454015.jpg,SNE
01454016.jpg,SNE
01454017.jpg,SNE
01454018.jpg,SNE
01454019.jpg,SNE
01454020.jpg,SNE
01454021.jpg,SNE
01454022.jpg,SNE
01454023.jpg,SNE
01454024.jpg,SNE
01454025.jpg,SNE
01454026.jpg,SNE
01454027.jpg,SNE
01454028.jpg,SNE
01454029.jpg,SNE
01454030.jpg,SNE
01454031.jpg,SNE
01454032.jpg,SNE
01454033.jpg,SNE
01454034.jpg,SNE
01454035.jpg,SNE
01454036.jpg,SNE
01454037.jpg,SNE
01454038.jpg,SNE
01454039.jpg,SNE
01454040.jpg,SNE
01454041.jpg,BNE
01454042.jpg,SNE
01454043.jpg,SNE
01454044.jpg,SNE
01454045.jpg,LY
01454046.jpg,EO
01454047.jpg,EO
01454048.jpg,EO
01454049.jpg,LY
01454050.jpg,LY
01454051.jpg,LY
01454052.jpg,LY
01454053.jpg,LY
01454054.jpg,LY
01454055.jpg,LY
01454056.jpg,LY
01454057.jpg,LY
01454058.jpg,LY
01454059.jpg,LY
01454060.jpg,PLY
01454061.jpg,LY
01454062.jpg,LY
01454063.jpg,LY
01454064.jpg,LY
01454065.jpg,LY
01454066.jpg,BL
01454067.jpg,VLY
01454068.jpg,LY
01454069.jpg,LY
01454070.jpg,LY
01454071.jpg,LY
01454072.jpg,LY
01454073.jpg,LY
01454074.jpg,LY
01454075.jpg,LY
01454076.jpg,LY
01454077.jpg,LY
01454078.jpg,VLY
01454079.jpg,LY
01454080.jpg,LY
01454081.jpg,LY
01454082.jpg,LY
01454083.jpg,LY
01454084.jpg,LY
01454085.jpg,LY
01454086.jpg,LY
01454087.jpg,LY
01454088.jpg,LY
01454089.jpg,PC
01454090.jpg,LY
01454091.jpg,PLY
01454092.jpg,LY
01454093.jpg,LY
01454094.jpg,LY
01454095.jpg,LY
01454096.jpg,LY
01454097.jpg,LY
01454098.jpg,LY
01454099.jpg,LY
01454100.jpg,LY
01454101.jpg,LY
01454102.jpg,LY
01454103.jpg,LY
01454104.jpg,LY
01454105.jpg,LY
01454106.jpg,LY
01454107.jpg,LY
01454108.jpg,LY
01454109.jpg,LY
01454110.jpg,LY
01454111.jpg,LY
01454112.jpg,LY
01454113.jpg,MO
01454114.jpg,VLY
01454115.jpg,MO
01454116.jpg,MO
01454117.jpg,MO
01454118.jpg,MO
01454119.jpg,MO
01454120.jpg,MO
01454121.jpg,MO
01454122.jpg,MO
01454123.jpg,MO
01454124.jpg,MO
01454125.jpg,MO
01454126.jpg,MO
01454127.jpg,MO
01454128.jpg,MO
01454129.jpg,MO
01454130.jpg,MO
01454131.jpg,MO
01454132.jpg,SNE
01454133.jpg,SNE
01454134.jpg,SNE
01454135.jpg,SNE
01454136.jpg,SNE
01454137.jpg,SNE
01454138.jpg,SNE
01454139.jpg,SNE
01454140.jpg,SNE
01454141.jpg,SNE
01454142.jpg,SNE
01454143.jpg,SNE
01454144.jpg,SNE
01454145.jpg,SNE
01454146.jpg,SNE
01454147.jpg,SNE
01454148.jpg,SNE
01454149.jpg,SNE
01454150.jpg,SNE
01454151.jpg,SNE
01454152.jpg,SNE
01454153.jpg,SNE
01454154.jpg,SNE
01454155.jpg,SNE
01454156.jpg,SNE
01454157.jpg,SNE
01454158.jpg,SNE
01454159.jpg,MO
01454160.jpg,BL
01454161.jpg,LY
01454162.jpg,LY
01454163.jpg,LY
01454164.jpg,LY
01454165.jpg,PC
01454166.jpg,LY
01454167.jpg,LY
01454168.jpg,BL
01454169.jpg,BL
01454170.jpg,BL
01454171.jpg,LY
01454172.jpg,BL
01454173.jpg,LY
01454174.jpg,LY
01454175.jpg,LY
01454176.jpg,LY
01454177.jpg,LY
01454178.jpg,BL
01454179.jpg,LY
01454180.jpg,LY
01454181.jpg,LY
01454182.jpg,LY
01454183.jpg,LY
01454184.jpg,LY
01454185.jpg,BL
01454186.jpg,LY
01454187.jpg,LY
01454188.jpg,LY
01454189.jpg,LY
01454190.jpg,LY
01454191.jpg,LY
01454192.jpg,BL
01454193.jpg,BL
01454194.jpg,BL
01454195.jpg,MY
01454196.jpg,BL
01454197.jpg,BL
01454198.jpg,LY
01454199.jpg,LY
01454200.jpg,LY
01454201.jpg,LY
01454202.jpg,LY
01454203.jpg,LY
01454204.jpg,LY
01454205.jpg,LY
01454206.jpg,LY
01454207.jpg,LY
01454208.jpg,LY
01454209.jpg,LY
01454210.jpg,PC
01454211.jpg,LY
01454212.jpg,LY
01454213.jpg,LY
01454214.jpg,LY
01454215.jpg,LY
01454216.jpg,VLY
01454217.jpg,BL
01454218.jpg,LY
01454219.jpg,BL
01454220.jpg,LY
01454221.jpg,LY
01454222.jpg,LY
01454223.jpg,SNE
01454224.jpg,BL
01454225.jpg,BL
01454226.jpg,LY
01454227.jpg,LY
01454228.jpg,BL
01454229.jpg,LY
01454230.jpg,BL
01454231.jpg,BL
01454232.jpg,BL
01454233.jpg,LY
01454234.jpg,LY
01454235.jpg,BL
01454236.jpg,LY
01454237.jpg,LY
01454238.jpg,LY
01454239.jpg,BL
01454240.jpg,BL
01454241.jpg,LY
01454242.jpg,LY
01454243.jpg,LY
01454244.jpg,LY
01454245.jpg,LY
01454246.jpg,BL
01454247.jpg,BL
01454248.jpg,LY
01454249.jpg,LY
01454250.jpg,LY
01454251.jpg,BL
01454252.jpg,LY
01454253.jpg,LY
01454254.jpg,LY
01454255.jpg,LY
01454256.jpg,LY
01454257.jpg,BL
01454258.jpg,LY
01454259.jpg,BL
01454260.jpg,LY
01454261.jpg,LY
01454262.jpg,LY
01454263.jpg,LY
01454264.jpg,MO
01454265.jpg,MO
01454266.jpg,MO
01454267.jpg,SNE
01454268.jpg,SNE
01454269.jpg,SNE
01454270.jpg,SNE
01454271.jpg,SNE
01454272.jpg,BNE
01454273.jpg,SNE
01454274.jpg,BL
01454275.jpg,BL
01454276.jpg,BL
01454277.jpg,BL
01454278.jpg,BL
01454279.jpg,BL
01454280.jpg,BL
01454281.jpg,BL
01454282.jpg,BL
01454283.jpg,BL
01454284.jpg,BL
01454285.jpg,BL
01454286.jpg,BL
01454287.jpg,BL
01454288.jpg,BL
01454289.jpg,BL
01454290.jpg,BL
01454291.jpg,BL
01454292.jpg,BL
01454293.jpg,BL
01454294.jpg,BL
01454295.jpg,BL
01454296.jpg,BL
01454297.jpg,BL
01454298.jpg,BL
01454299.jpg,BL
01454300.jpg,BL
01454301.jpg,BL
01454302.jpg,BL
01454303.jpg,LY
01454304.jpg,LY
01454305.jpg,LY
01454306.jpg,PC
01454307.jpg,PC
01454308.jpg,LY
01454309.jpg,PC
01454310.jpg,LY
01454311.jpg,LY
01454312.jpg,PC
01454313.jpg,LY
01454314.jpg,LY
01454315.jpg,LY
01454316.jpg,LY
01454317.jpg,LY
01454318.jpg,LY
01454319.jpg,LY
01454320.jpg,LY
01454321.jpg,LY
01454322.jpg,LY
01454323.jpg,LY
01454324.jpg,LY
01454325.jpg,PC
01454326.jpg,LY
01454327.jpg,LY
01454328.jpg,LY
01454329.jpg,PC
01454330.jpg,LY
01454331.jpg,LY
01454332.jpg,PC
01454333.jpg,LY
01454334.jpg,LY
01454335.jpg,LY
01454336.jpg,LY
01454337.jpg,LY
01454338.jpg,LY
01454339.jpg,PC
01454340.jpg,LY
01454341.jpg,LY
01454342.jpg,LY
01454343.jpg,PC
01454344.jpg,PC
01454345.jpg,PC
01454346.jpg,PC
01454347.jpg,LY
01454348.jpg,PC
01454349.jpg,BL
01454350.jpg,PC
01454351.jpg,LY
01454352.jpg,LY
01454353.jpg,LY
01454354.jpg,LY
01454355.jpg,LY
01454356.jpg,LY
01454357.jpg,LY
01454358.jpg,LY
01454359.jpg,LY
01454360.jpg,LY
01454361.jpg,LY
01454362.jpg,LY
01454363.jpg,LY
01454364.jpg,LY
01454365.jpg,LY
01454366.jpg,LY
01454367.jpg,PC
01454368.jpg,LY
01454369.jpg,LY
01454370.jpg,LY
01454371.jpg,LY
01454372.jpg,LY
01454373.jpg,LY
01454374.jpg,MO
01454375.jpg,MO
01454376.jpg,MO
01454377.jpg,BL
01454378.jpg,MO
01454379.jpg,SNE
01454380.jpg,SNE
01454381.jpg,SNE
01454382.jpg,LY
01454383.jpg,SNE
01454384.jpg,SNE
01454385.jpg,SNE
01454386.jpg,SNE
01454387.jpg,BL
01454388.jpg,LY
01454389.jpg,LY
01454390.jpg,LY
01454391.jpg,LY
01454392.jpg,LY
01454393.jpg,LY
01454394.jpg,LY
01454395.jpg,LY
01454396.jpg,LY
01454397.jpg,LY
01454398.jpg,LY
01454399.jpg,LY
01454400.jpg,LY
01454401.jpg,LY
01454402.jpg,LY
01454403.jpg,LY
01454404.jpg,LY
01454405.jpg,LY
01454406.jpg,LY
01454407.jpg,LY
01454408.jpg,LY
01454409.jpg,LY
01454410.jpg,LY
01454411.jpg,LY
01454412.jpg,LY
01454413.jpg,LY
01454414.jpg,LY
01454415.jpg,LY
01454416.jpg,LY
01454417.jpg,MMY
01454418.jpg,MMY
01454419.jpg,MMY
01454420.jpg,MO
01454421.jpg,MO
01454422.jpg,VLY
01454423.jpg,SNE
01454424.jpg,SNE
01454425.jpg,SNE
01454426.jpg,SNE
01454427.jpg,SNE
01454428.jpg,SNE
01454429.jpg,SNE
01454430.jpg,SNE
01454431.jpg,SNE
01454432.jpg,SNE
01454433.jpg,SNE
01454434.jpg,SNE
01454435.jpg,SNE
01454436.jpg,SNE
01454437.jpg,SNE
01454438.jpg,SNE
01454439.jpg,SNE
01454440.jpg,SNE
01454441.jpg,SNE
01454442.jpg,SNE
01454443.jpg,SNE
01454444.jpg,SNE
01454445.jpg,SNE
01454446.jpg,SNE
01454447.jpg,SNE
01454448.jpg,SNE
01454449.jpg,SNE
01454450.jpg,SNE
01454451.jpg,SNE
01454452.jpg,SNE
01454453.jpg,SNE
01454454.jpg,SNE
01454455.jpg,SNE
01454456.jpg,SNE
01454457.jpg,SNE
01454458.jpg,SNE
01454459.jpg,SNE
01454460.jpg,SNE
01454461.jpg,SNE
01454462.jpg,SNE
01454463.jpg,SNE
01454464.jpg,SNE
01454465.jpg,SNE
01454466.jpg,SNE
01454467.jpg,SNE
01454468.jpg,SNE
01454469.jpg,SNE
01454470.jpg,SNE
01454471.jpg,SNE
01454472.jpg,SNE
01454473.jpg,SNE
01454474.jpg,SNE
01454475.jpg,SNE
01454476.jpg,SNE
01454477.jpg,SNE
01454478.jpg,SNE
01454479.jpg,SNE
01454480.jpg,SNE
01454481.jpg,SNE
01454482.jpg,SNE
01454483.jpg,SNE
01454484.jpg,SNE
01454485.jpg,SNE
01454486.jpg,SNE
01454487.jpg,SNE
01454488.jpg,SNE
01454489.jpg,SNE
01454490.jpg,SNE
01454491.jpg,VLY
01454492.jpg,LY
01454493.jpg,LY
01454494.jpg,PLY
01454495.jpg,BL
01454496.jpg,LY
01454497.jpg,LY
01454498.jpg,VLY
01454499.jpg,BA
01454500.jpg,BA
01454501.jpg,EO
01454502.jpg,EO
01454503.jpg,EO
01454504.jpg,EO
01454505.jpg,EO
01454506.jpg,EO
01454507.jpg,LY
01454508.jpg,LY
01454509.jpg,LY
01454510.jpg,LY
01454511.jpg,LY
01454512.jpg,LY
01454513.jpg,MO
01454514.jpg,LY
01454515.jpg,LY
01454516.jpg,LY
01454517.jpg,LY
01454518.jpg,LY
01454519.jpg,LY
01454520.jpg,LY
01454521.jpg,PC
01454522.jpg,LY
01454523.jpg,LY
01454524.jpg,LY
01454525.jpg,LY
01454526.jpg,LY
01454527.jpg,LY
01454528.jpg,LY
01454529.jpg,LY
01454530.jpg,LY
01454531.jpg,MO
01454532.jpg,MO
01454533.jpg,MO
01454534.jpg,MO
01454535.jpg,MO
01454536.jpg,MO
01454537.jpg,MO
01454538.jpg,MO
01454539.jpg,MO
01454540.jpg,SNE
01454541.jpg,SNE
01454542.jpg,SNE
01454543.jpg,SNE
01454544.jpg,SNE
01454545.jpg,SNE
01454546.jpg,MO
01454547.jpg,SNE
01454548.jpg,SNE
01454549.jpg,SNE
01454550.jpg,SNE
01454551.jpg,SNE
01454552.jpg,SNE
01454553.jpg,SNE
01454554.jpg,SNE
01454555.jpg,SNE
01454556.jpg,SNE
01454557.jpg,SNE
01454558.jpg,SNE
01454559.jpg,SNE
01454560.jpg,SNE
01454561.jpg,BNE
01454562.jpg,MO
01454563.jpg,SNE
01454564.jpg,SNE
01454565.jpg,SNE
01454566.jpg,SNE
01454567.jpg,SNE
01454568.jpg,SNE
01454569.jpg,SNE
01454570.jpg,SNE
01454571.jpg,SNE
01454572.jpg,SNE
01454573.jpg,SNE
01454574.jpg,SNE
01454575.jpg,SNE
01454576.jpg,SNE
01454577.jpg,BNE
01454578.jpg,MO
01454579.jpg,SNE
01454580.jpg,SNE
01454581.jpg,SNE
01454582.jpg,SNE
01454583.jpg,SNE
01454584.jpg,SNE
01454585.jpg,SNE
01454586.jpg,SNE
01454587.jpg,SNE
01454588.jpg,SNE
01454589.jpg,SNE
01454590.jpg,SNE
01454591.jpg,SNE
01454592.jpg,SNE
01454593.jpg,SNE
01454594.jpg,SNE
01454595.jpg,SNE
01454596.jpg,SNE
01454597.jpg,SNE
01454598.jpg,SNE
01454599.jpg,SNE
01454600.jpg,SNE
01454601.jpg,SNE
01454602.jpg,SNE
01454603.jpg,SNE
01454604.jpg,SNE
01454605.jpg,SNE
01454606.jpg,SNE
01454607.jpg,SNE
01454608.jpg,SNE
01454609.jpg,SNE
01454610.jpg,SNE
01454611.jpg,SNE
01454612.jpg,SNE
01454613.jpg,SNE
01454614.jpg,BL
01454615.jpg,BL
01454616.jpg,LY
01454617.jpg,LY
01454618.jpg,LY
01454619.jpg,LY
01454620.jpg,LY
01454621.jpg,LY
01454622.jpg,LY
01454623.jpg,LY
01454624.jpg,LY
01454625.jpg,LY
01454626.jpg,VLY
01454627.jpg,LY
01454628.jpg,PC
01454629.jpg,LY
01454630.jpg,LY
01454631.jpg,LY
01454632.jpg,LY
01454633.jpg,MMY
01454634.jpg,MMY
01454635.jpg,MMY
01454636.jpg,MMY
01454637.jpg,MO
01454638.jpg,MO
01454639.jpg,MO
01454640.jpg,MO
01454641.jpg,MO
01454642.jpg,MO
01454643.jpg,MO
01454644.jpg,MO
01454645.jpg,MO
01454646.jpg,MY
01454647.jpg,MY
01454648.jpg,MY
01454649.jpg,MY
01454650.jpg,MY
01454651.jpg,MY
01454652.jpg,MY
01454653.jpg,MY
01454654.jpg,PMY
01454655.jpg,SNE
01454656.jpg,SNE
01454657.jpg,SNE
01454658.jpg,SNE
01454659.jpg,SNE
01454660.jpg,SNE
01454661.jpg,SNE
01454662.jpg,SNE
01454663.jpg,SNE
01454664.jpg,SNE
01454665.jpg,SNE
01454666.jpg,SNE
01454667.jpg,SNE
01454668.jpg,BNE
01454669.jpg,SNE
01454670.jpg,SNE
01454671.jpg,BNE
01454672.jpg,BNE
01454673.jpg,SNE
01454674.jpg,SNE
01454675.jpg,SNE
01454676.jpg,SNE
01454677.jpg,SNE
01454678.jpg,SNE
01454679.jpg,SNE
01454680.jpg,SNE
01454681.jpg,SNE
01454682.jpg,SNE
01454683.jpg,SNE
01454684.jpg,SNE
01454685.jpg,SNE
01454686.jpg,SNE
01454687.jpg,SNE
01454688.jpg,SNE
01454689.jpg,SNE
01454690.jpg,BNE
01454691.jpg,SNE
01454692.jpg,SNE
01454693.jpg,SNE
01454694.jpg,SNE
01454695.jpg,MMY
01454696.jpg,SNE
01454697.jpg,SNE
01454698.jpg,SNE
01454699.jpg,SNE
01454700.jpg,SNE
01454701.jpg,SNE
01454702.jpg,SNE
01454703.jpg,SNE
01454704.jpg,SNE
01454705.jpg,SNE
01454706.jpg,SNE
01454707.jpg,SNE
01454708.jpg,SNE
01454709.jpg,SNE
01454710.jpg,SNE
01454711.jpg,SNE
01454712.jpg,SNE
01454713.jpg,SNE
01454714.jpg,SNE
01454715.jpg,SNE
01454716.jpg,SNE
01454717.jpg,SNE
01454718.jpg,SNE
01454719.jpg,SNE
01454720.jpg,SNE
01454721.jpg,SNE
01454722.jpg,SNE
01454723.jpg,SNE
01454724.jpg,EO
01454725.jpg,LY
01454726.jpg,LY
01454727.jpg,LY
01454728.jpg,LY
01454729.jpg,LY
01454730.jpg,LY
01454731.jpg,LY
01454732.jpg,LY
01454733.jpg,LY
01454734.jpg,LY
01454735.jpg,LY
01454736.jpg,LY
01454737.jpg,LY
01454738.jpg,LY
01454739.jpg,LY
01454740.jpg,LY
01454741.jpg,LY
01454742.jpg,PLY
01454743.jpg,VLY
01454744.jpg,LY
01454745.jpg,MO
01454746.jpg,LY
01454747.jpg,LY
01454748.jpg,LY
01454749.jpg,LY
01454750.jpg,LY
01454751.jpg,LY
01454752.jpg,LY
01454753.jpg,LY
01454754.jpg,LY
01454755.jpg,LY
01454756.jpg,MO
01454757.jpg,MO
01454758.jpg,MO
01454759.jpg,MO
01454760.jpg,MO
01454761.jpg,MO
01454762.jpg,MO
01454763.jpg,MO
01454764.jpg,MO
01454765.jpg,MO
01454766.jpg,MO
01454767.jpg,MO
01454768.jpg,MO
01454769.jpg,MO
01454770.jpg,MO
01454771.jpg,MO
01454772.jpg,MO
01454773.jpg,MY
01454774.jpg,MY
01454775.jpg,SNE
01454776.jpg,SNE
01454777.jpg,SNE
01454778.jpg,SNE
01454779.jpg,SNE
01454780.jpg,BNE
01454781.jpg,SNE
01454782.jpg,SNE
01454783.jpg,SNE
01454784.jpg,SNE
01454785.jpg,SNE
01454786.jpg,SNE
01454787.jpg,SNE
01454788.jpg,SNE
01454789.jpg,SNE
01454790.jpg,SNE
01454791.jpg,SNE
01454792.jpg,SNE
01454793.jpg,SNE
01454794.jpg,SNE
01454795.jpg,SNE
01454796.jpg,SNE
01454797.jpg,SNE
01454798.jpg,SNE
01454799.jpg,SNE
01454800.jpg,SNE
01454801.jpg,SNE
01454802.jpg,SNE
01454803.jpg,SNE
01454804.jpg,SNE
01454805.jpg,SNE
01454806.jpg,SNE
01454807.jpg,SNE
01454808.jpg,SNE
01454809.jpg,SNE
01454810.jpg,SNE
01454811.jpg,SNE
01454812.jpg,SNE
01454813.jpg,SNE
01454814.jpg,SNE
01454815.jpg,SNE
01454816.jpg,SNE
01454817.jpg,SNE
01454818.jpg,SNE
01454819.jpg,SNE
01454820.jpg,SNE
01454821.jpg,SNE
01454822.jpg,SNE
01454823.jpg,SNE
01454824.jpg,SNE
01454825.jpg,SNE
01454826.jpg,SNE
01454827.jpg,SNE
01454828.jpg,SNE
01454829.jpg,SNE
01454830.jpg,SNE
01454831.jpg,SNE
01454832.jpg,SNE
01454833.jpg,SNE
01454834.jpg,VLY
01454835.jpg,BA
01454836.jpg,BA
01454837.jpg,BA
01454838.jpg,EO
01454839.jpg,EO
01454840.jpg,LY
01454841.jpg,LY
01454842.jpg,LY
01454843.jpg,LY
01454844.jpg,LY
01454845.jpg,LY
01454846.jpg,LY
01454847.jpg,LY
01454848.jpg,LY
01454849.jpg,LY
01454850.jpg,LY
01454851.jpg,LY
01454852.jpg,LY
01454853.jpg,LY
01454854.jpg,LY
01454855.jpg,LY
01454856.jpg,LY
01454857.jpg,LY
01454858.jpg,LY
01454859.jpg,LY
01454860.jpg,LY
01454861.jpg,LY
01454862.jpg,LY
01454863.jpg,LY
01454864.jpg,LY
01454865.jpg,LY
01454866.jpg,LY
01454867.jpg,LY
01454868.jpg,LY
01454869.jpg,LY
01454870.jpg,LY
01454871.jpg,LY
01454872.jpg,LY
01454873.jpg,MO
01454874.jpg,MO
01454875.jpg,MO
01454876.jpg,MO
01454877.jpg,MO
01454878.jpg,MO
01454879.jpg,MO
01454880.jpg,MY
01454881.jpg,SNE
01454882.jpg,SNE
01454883.jpg,SNE
01454884.jpg,SNE
01454885.jpg,SNE
01454886.jpg,SNE
01454887.jpg,SNE
01454888.jpg,SNE
01454889.jpg,SNE
01454890.jpg,SNE
01454891.jpg,SNE
01454892.jpg,SNE
01454893.jpg,SNE
01454894.jpg,SNE
01454895.jpg,SNE
01454896.jpg,SNE
01454897.jpg,SNE
01454898.jpg,SNE
01454899.jpg,SNE
01454900.jpg,SNE
01454901.jpg,SNE
01454902.jpg,SNE
01454903.jpg,SNE
01454904.jpg,SNE
01454905.jpg,SNE
01454906.jpg,SNE
01454907.jpg,SNE
01454908.jpg,SNE
01454909.jpg,SNE
01454910.jpg,SNE
01454911.jpg,SNE
01454912.jpg,SNE
01454913.jpg,SNE
01454914.jpg,SNE
01454915.jpg,SNE
01454916.jpg,SNE
01454917.jpg,SNE
01454918.jpg,SNE
01454919.jpg,SNE
01454920.jpg,SNE
01454921.jpg,SNE
01454922.jpg,SNE
01454923.jpg,SNE
01454924.jpg,SNE
01454925.jpg,SNE
01454926.jpg,SNE
01454927.jpg,SNE
01454928.jpg,SNE
01454929.jpg,SNE
01454930.jpg,SNE
01454931.jpg,SNE
01454932.jpg,SNE
01454933.jpg,SNE
01454934.jpg,SNE
01454935.jpg,SNE
01454936.jpg,SNE
01454937.jpg,SNE
01454938.jpg,SNE
01454939.jpg,SNE
01454940.jpg,SNE
01454941.jpg,SNE
01454942.jpg,SNE
01454943.jpg,SNE
01454944.jpg,SNE
01454945.jpg,SNE
01454946.jpg,SNE
01454947.jpg,VLY
01454948.jpg,BA
01454949.jpg,BA
01454950.jpg,EO
01454951.jpg,EO
01454952.jpg,EO
01454953.jpg,EO
01454954.jpg,EO
01454955.jpg,EO
01454956.jpg,EO
01454957.jpg,EO
01454958.jpg,EO
01454959.jpg,EO
01454960.jpg,EO
01454961.jpg,EO
01454962.jpg,EO
01454963.jpg,EO
01454964.jpg,EO
01454965.jpg,EO
01454966.jpg,EO
01454967.jpg,EO
01454968.jpg,EO
01454969.jpg,EO
01454970.jpg,EO
01454971.jpg,EO
01454972.jpg,EO
01454973.jpg,EO
01454974.jpg,EO
01454975.jpg,EO
01454976.jpg,EO
01454977.jpg,VLY
01454978.jpg,LY
01454979.jpg,LY
01454980.jpg,LY
01454981.jpg,LY
01454982.jpg,LY
01454983.jpg,LY
01454984.jpg,LY
01454985.jpg,LY
01454986.jpg,LY
01454987.jpg,MO
01454988.jpg,MO
01454989.jpg,MO
01454990.jpg,MO
01454991.jpg,MO
01454992.jpg,MO
01454993.jpg,MO
01454994.jpg,MO
01454995.jpg,MO
01454996.jpg,MO
01454997.jpg,SNE
01454998.jpg,SNE
01454999.jpg,SNE
01455000.jpg,SNE
01455001.jpg,SNE
01455002.jpg,SNE
01455003.jpg,SNE
01455004.jpg,SNE
01455005.jpg,SNE
01455006.jpg,SNE
01455007.jpg,SNE
01455008.jpg,SNE
01455009.jpg,SNE
01455010.jpg,SNE
01455011.jpg,SNE
01455012.jpg,SNE
01455013.jpg,SNE
01455014.jpg,SNE
01455015.jpg,SNE
01455016.jpg,SNE
01455017.jpg,SNE
01455018.jpg,SNE
01455019.jpg,SNE
01455020.jpg,SNE
01455021.jpg,SNE
01455022.jpg,SNE
01455023.jpg,SNE
01455024.jpg,SNE
01455025.jpg,SNE
01455026.jpg,SNE
01455027.jpg,SNE
01455028.jpg,SNE
01455029.jpg,SNE
01455030.jpg,SNE
01455031.jpg,SNE
01455032.jpg,SNE
01455033.jpg,SNE
01455034.jpg,SNE
01455035.jpg,SNE
01455036.jpg,SNE
01455037.jpg,SNE
01455038.jpg,SNE
01455039.jpg,SNE
01455040.jpg,SNE
01455041.jpg,SNE
01455042.jpg,SNE
01455043.jpg,SNE
01455044.jpg,SNE
01455045.jpg,SNE
01455046.jpg,SNE
01455047.jpg,SNE
01455048.jpg,SNE
01455049.jpg,SNE
01455050.jpg,SNE
01455051.jpg,SNE
01455052.jpg,SNE
01455053.jpg,SNE
01455054.jpg,SNE
01455055.jpg,SNE
01455056.jpg,SNE
01455057.jpg,SNE
01455058.jpg,SNE
01455059.jpg,SNE
01455060.jpg,SNE
01455061.jpg,BL
01455062.jpg,EO
01455063.jpg,LY
01455064.jpg,LY
01455065.jpg,LY
01455066.jpg,LY
01455067.jpg,LY
01455068.jpg,LY
01455069.jpg,LY
01455070.jpg,LY
01455071.jpg,LY
01455072.jpg,LY
01455073.jpg,LY
01455074.jpg,LY
01455075.jpg,LY
01455076.jpg,LY
01455077.jpg,LY
01455078.jpg,LY
01455079.jpg,MO
01455080.jpg,MMY
01455081.jpg,MO
01455082.jpg,MO
01455083.jpg,MO
01455084.jpg,MO
01455085.jpg,MO
01455086.jpg,MO
01455087.jpg,BNE
01455088.jpg,SNE
01455089.jpg,SNE
01455090.jpg,SNE
01455091.jpg,SNE
01455092.jpg,SNE
01455093.jpg,SNE
01455094.jpg,SNE
01455095.jpg,SNE
01455096.jpg,SNE
01455097.jpg,SNE
01455098.jpg,BNE
01455099.jpg,SNE
01455100.jpg,SNE
01455101.jpg,SNE
01455102.jpg,SNE
01455103.jpg,SNE
01455104.jpg,SNE
01455105.jpg,SNE
01455106.jpg,SNE
01455107.jpg,SNE
01455108.jpg,SNE
01455109.jpg,SNE
01455110.jpg,SNE
01455111.jpg,SNE
01455112.jpg,SNE
01455113.jpg,SNE
01455114.jpg,SNE
01455115.jpg,SNE
01455116.jpg,SNE
01455117.jpg,SNE
01455118.jpg,SNE
01455119.jpg,SNE
01455120.jpg,SNE
01455121.jpg,SNE
01455122.jpg,SNE
01455123.jpg,SNE
01455124.jpg,SNE
01455125.jpg,SNE
01455126.jpg,SNE
01455127.jpg,SNE
01455128.jpg,SNE
01455129.jpg,SNE
01455130.jpg,SNE
01455131.jpg,SNE
01455132.jpg,SNE
01455133.jpg,SNE
01455134.jpg,SNE
01455135.jpg,SNE
01455136.jpg,SNE
01455137.jpg,SNE
01455138.jpg,SNE
01455139.jpg,SNE
01455140.jpg,SNE
01455141.jpg,SNE
01455142.jpg,SNE
01455143.jpg,SNE
01455144.jpg,SNE
01455145.jpg,SNE
01455146.jpg,SNE
01455147.jpg,SNE
01455148.jpg,SNE
01455149.jpg,SNE
01455150.jpg,SNE
01455151.jpg,SNE
01455152.jpg,SNE
01455153.jpg,SNE
01455154.jpg,SNE
01455155.jpg,SNE
01455156.jpg,SNE
01455157.jpg,SNE
01455158.jpg,SNE
01455159.jpg,SNE
01455160.jpg,SNE
01455161.jpg,SNE
01455162.jpg,SNE
01455163.jpg,SNE
01455164.jpg,SNE
01455165.jpg,SNE
01455166.jpg,SNE
01455167.jpg,VLY
01455168.jpg,LY
01455169.jpg,BL
01455170.jpg,PC
01455171.jpg,EO
01455172.jpg,EO
01455173.jpg,EO
01455174.jpg,EO
01455175.jpg,EO
01455176.jpg,MO
01455177.jpg,EO
01455178.jpg,EO
01455179.jpg,EO
01455180.jpg,EO
01455181.jpg,EO
01455182.jpg,EO
01455183.jpg,EO
01455184.jpg,EO
01455185.jpg,EO
01455186.jpg,EO
01455187.jpg,MMY
01455188.jpg,EO
01455189.jpg,EO
01455190.jpg,EO
01455191.jpg,EO
01455192.jpg,EO
01455193.jpg,EO
01455194.jpg,LY
01455195.jpg,LY
01455196.jpg,LY
01455197.jpg,LY
01455198.jpg,LY
01455199.jpg,PC
01455200.jpg,LY
01455201.jpg,LY
01455202.jpg,LY
01455203.jpg,LY
01455204.jpg,LY
01455205.jpg,LY
01455206.jpg,LY
01455207.jpg,LY
01455208.jpg,LY
01455209.jpg,BL
01455210.jpg,LY
01455211.jpg,LY
01455212.jpg,MO
01455213.jpg,MO
01455214.jpg,MO
01455215.jpg,MO
01455216.jpg,MO
01455217.jpg,MO
01455218.jpg,SNE
01455219.jpg,SNE
01455220.jpg,SNE
01455221.jpg,EO
01455222.jpg,SNE
01455223.jpg,SNE
01455224.jpg,SNE
01455225.jpg,SNE
01455226.jpg,SNE
01455227.jpg,EO
01455228.jpg,SNE
01455229.jpg,SNE
01455230.jpg,SNE
01455231.jpg,SNE
01455232.jpg,SNE
01455233.jpg,SNE
01455234.jpg,SNE
01455235.jpg,SNE
01455236.jpg,SNE
01455237.jpg,SNE
01455238.jpg,SNE
01455239.jpg,SNE
01455240.jpg,SNE
01455241.jpg,SNE
01455242.jpg,SNE
01455243.jpg,SNE
01455244.jpg,SNE
01455245.jpg,SNE
01455246.jpg,SNE
01455247.jpg,SNE
01455248.jpg,SNE
01455249.jpg,SNE
01455250.jpg,SNE
01455251.jpg,SNE
01455252.jpg,SNE
01455253.jpg,SNE
01455254.jpg,SNE
01455255.jpg,SNE
01455256.jpg,SNE
01455257.jpg,SNE
01455258.jpg,SNE
01455259.jpg,SNE
01455260.jpg,SNE
01455261.jpg,SNE
01455262.jpg,SNE
01455263.jpg,SNE
01455264.jpg,SNE
01455265.jpg,SNE
01455266.jpg,SNE
01455267.jpg,SNE
01455268.jpg,SNE
01455269.jpg,SNE
01455270.jpg,BA
01455271.jpg,BA
01455272.jpg,MO
01455273.jpg,EO
01455274.jpg,EO
01455275.jpg,EO
01455276.jpg,EO
01455277.jpg,EO
01455278.jpg,EO
01455279.jpg,LY
01455280.jpg,LY
01455281.jpg,LY
01455282.jpg,LY
01455283.jpg,LY
01455284.jpg,LY
01455285.jpg,LY
01455286.jpg,LY
01455287.jpg,LY
01455288.jpg,LY
01455289.jpg,LY
01455290.jpg,LY
01455291.jpg,LY
01455292.jpg,LY
01455293.jpg,LY
01455294.jpg,LY
01455295.jpg,LY
01455296.jpg,LY
01455297.jpg,LY
01455298.jpg,LY
01455299.jpg,LY
01455300.jpg,LY
01455301.jpg,LY
01455302.jpg,LY
01455303.jpg,VLY
01455304.jpg,LY
01455305.jpg,LY
01455306.jpg,MO
01455307.jpg,MO
01455308.jpg,MO
01455309.jpg,MO
01455310.jpg,MO
01455311.jpg,MO
01455312.jpg,SNE
01455313.jpg,SNE
01455314.jpg,SNE
01455315.jpg,SNE
01455316.jpg,SNE
01455317.jpg,SNE
01455318.jpg,SNE
01455319.jpg,SNE
01455320.jpg,SNE
01455321.jpg,SNE
01455322.jpg,SNE
01455323.jpg,SNE
01455324.jpg,SNE
01455325.jpg,SNE
01455326.jpg,SNE
01455327.jpg,SNE
01455328.jpg,EO
01455329.jpg,SNE
01455330.jpg,SNE
01455331.jpg,SNE
01455332.jpg,SNE
01455333.jpg,SNE
01455334.jpg,SNE
01455335.jpg,SNE
01455336.jpg,SNE
01455337.jpg,SNE
01455338.jpg,MO
01455339.jpg,SNE
01455340.jpg,SNE
01455341.jpg,SNE
01455342.jpg,SNE
01455343.jpg,SNE
01455344.jpg,SNE
01455345.jpg,SNE
01455346.jpg,SNE
01455347.jpg,SNE
01455348.jpg,SNE
01455349.jpg,SNE
01455350.jpg,SNE
01455351.jpg,SNE
01455352.jpg,SNE
01455353.jpg,SNE
01455354.jpg,SNE
01455355.jpg,SNE
01455356.jpg,SNE
01455357.jpg,SNE
01455358.jpg,SNE
01455359.jpg,SNE
01455360.jpg,SNE
01455361.jpg,SNE
01455362.jpg,SNE
01455363.jpg,SNE
01455364.jpg,SNE
01455365.jpg,SNE
01455366.jpg,SNE
01455367.jpg,SNE
01455368.jpg,SNE
01455369.jpg,SNE
01455370.jpg,SNE
01455371.jpg,SNE
01455372.jpg,SNE
01455373.jpg,SNE
01455374.jpg,SNE
01455375.jpg,SNE
01455376.jpg,SNE
01455377.jpg,SNE
01455378.jpg,SNE
01455379.jpg,SNE
01455380.jpg,SNE
01455381.jpg,SNE
01455382.jpg,SNE
01455383.jpg,BA
01455384.jpg,MO
01455385.jpg,SNE
01455386.jpg,SNE
01455387.jpg,LY
01455388.jpg,BA
01455389.jpg,BA
01455390.jpg,EO
01455391.jpg,EO
01455392.jpg,EO
01455393.jpg,EO
01455394.jpg,EO
01455395.jpg,EO
01455396.jpg,EO
01455397.jpg,LY
01455398.jpg,LY
01455399.jpg,LY
01455400.jpg,LY
01455401.jpg,LY
01455402.jpg,LY
01455403.jpg,LY
01455404.jpg,LY
01455405.jpg,LY
01455406.jpg,LY
01455407.jpg,LY
01455408.jpg,LY
01455409.jpg,LY
01455410.jpg,LY
01455411.jpg,LY
01455412.jpg,LY
01455413.jpg,LY
01455414.jpg,LY
01455415.jpg,LY
01455416.jpg,LY
01455417.jpg,LY
01455418.jpg,LY
01455419.jpg,LY
01455420.jpg,LY
01455421.jpg,VLY
01455422.jpg,LY
01455423.jpg,LY
01455424.jpg,LY
01455425.jpg,LY
01455426.jpg,LY
01455427.jpg,LY
01455428.jpg,LY
01455429.jpg,MO
01455430.jpg,MO
01455431.jpg,MO
01455432.jpg,MO
01455433.jpg,MO
01455434.jpg,MO
01455435.jpg,MO
01455436.jpg,MO
01455437.jpg,MO
01455438.jpg,MO
01455439.jpg,MO
01455440.jpg,MO
01455441.jpg,MO
01455442.jpg,VLY
01455443.jpg,MO
01455444.jpg,MO
01455445.jpg,SNE
01455446.jpg,SNE
01455447.jpg,SNE
01455448.jpg,SNE
01455449.jpg,SNE
01455450.jpg,SNE
01455451.jpg,SNE
01455452.jpg,SNE
01455453.jpg,SNE
01455454.jpg,SNE
01455455.jpg,SNE
01455456.jpg,SNE
01455457.jpg,SNE
01455458.jpg,SNE
01455459.jpg,SNE
01455460.jpg,SNE
01455461.jpg,SNE
01455462.jpg,SNE
01455463.jpg,SNE
01455464.jpg,SNE
01455465.jpg,SNE
01455466.jpg,SNE
01455467.jpg,SNE
01455468.jpg,SNE
01455469.jpg,SNE
01455470.jpg,SNE
01455471.jpg,SNE
01455472.jpg,SNE
01455473.jpg,SNE
01455474.jpg,SNE
01455475.jpg,SNE
01455476.jpg,SNE
01455477.jpg,SNE
01455478.jpg,SNE
01455479.jpg,SNE
01455480.jpg,SNE
01455481.jpg,SNE
01455482.jpg,SNE
01455483.jpg,SNE
01455484.jpg,SNE
01455485.jpg,SNE
01455486.jpg,SNE
01455487.jpg,SNE
01455488.jpg,SNE
01455489.jpg,SNE
01455490.jpg,SNE
01455491.jpg,SNE
01455492.jpg,SNE
01455493.jpg,SNE
01455494.jpg,SNE
01455495.jpg,SNE
01455496.jpg,SNE
01455497.jpg,SNE
01455498.jpg,SNE
01455499.jpg,SNE
01455500.jpg,SNE
01455501.jpg,SNE
01455502.jpg,VLY
01455503.jpg,LY
01455504.jpg,LY
01455505.jpg,LY
01455506.jpg,LY
01455507.jpg,PC
01455508.jpg,LY
01455509.jpg,LY
01455510.jpg,LY
01455511.jpg,LY
01455512.jpg,MO
01455513.jpg,LY
01455514.jpg,LY
01455515.jpg,LY
01455516.jpg,LY
01455517.jpg,PC
01455518.jpg,LY
01455519.jpg,MMY
01455520.jpg,LY
01455521.jpg,LY
01455522.jpg,LY
01455523.jpg,LY
01455524.jpg,LY
01455525.jpg,LY
01455526.jpg,LY
01455527.jpg,PC
01455528.jpg,LY
01455529.jpg,LY
01455530.jpg,LY
01455531.jpg,LY
01455532.jpg,LY
01455533.jpg,LY
01455534.jpg,LY
01455535.jpg,LY
01455536.jpg,LY
01455537.jpg,LY
01455538.jpg,LY
01455539.jpg,LY
01455540.jpg,LY
01455541.jpg,BL
01455542.jpg,LY
01455543.jpg,MO
01455544.jpg,MO
01455545.jpg,MO
01455546.jpg,MO
01455547.jpg,MO
01455548.jpg,MO
01455549.jpg,MO
01455550.jpg,MO
01455551.jpg,MO
01455552.jpg,MO
01455553.jpg,MO
01455554.jpg,MO
01455555.jpg,MO
01455556.jpg,MO
01455557.jpg,SNE
01455558.jpg,SNE
01455559.jpg,SNE
01455560.jpg,SNE
01455561.jpg,SNE
01455562.jpg,SNE
01455563.jpg,SNE
01455564.jpg,SNE
01455565.jpg,SNE
01455566.jpg,SNE
01455567.jpg,SNE
01455568.jpg,SNE
01455569.jpg,SNE
01455570.jpg,SNE
01455571.jpg,SNE
01455572.jpg,SNE
01455573.jpg,SNE
01455574.jpg,SNE
01455575.jpg,SNE
01455576.jpg,SNE
01455577.jpg,SNE
01455578.jpg,SNE
01455579.jpg,SNE
01455580.jpg,SNE
01455581.jpg,SNE
01455582.jpg,SNE
01455583.jpg,SNE
01455584.jpg,SNE
01455585.jpg,SNE
01455586.jpg,SNE
01455587.jpg,SNE
01455588.jpg,SNE
01455589.jpg,SNE
01455590.jpg,SNE
01455591.jpg,SNE
01455592.jpg,SNE
01455593.jpg,SNE
01455594.jpg,SNE
01455595.jpg,SNE
01455596.jpg,SNE
01455597.jpg,SNE
01455598.jpg,BNE
01455599.jpg,SNE
01455600.jpg,SNE
01455601.jpg,SNE
01455602.jpg,SNE
01455603.jpg,BNE
01455604.jpg,SNE
01455605.jpg,SNE
01455606.jpg,SNE
01455607.jpg,SNE
01455608.jpg,SNE
01455609.jpg,EO
01455610.jpg,SNE
01455611.jpg,SNE
01455612.jpg,SNE
01455613.jpg,SNE
01455614.jpg,SNE
01455615.jpg,SNE
01455616.jpg,SNE
01455617.jpg,SNE
01455618.jpg,SNE
01455619.jpg,VLY
01455620.jpg,BNE
01455621.jpg,BNE
01455622.jpg,LY
01455623.jpg,LY
01455624.jpg,VLY
01455625.jpg,LY
01455626.jpg,LY
01455627.jpg,VLY
01455628.jpg,LY
01455629.jpg,SNE
01455630.jpg,MO
01455631.jpg,MO
01455632.jpg,MMY
01455633.jpg,MO
01455634.jpg,MO
01455635.jpg,MO
01455636.jpg,MO
01455637.jpg,MO
01455638.jpg,MO
01455639.jpg,MMY
01455640.jpg,MY
01455641.jpg,MY
01455642.jpg,MY
01455643.jpg,SNE
01455644.jpg,SNE
01455645.jpg,SNE
01455646.jpg,SNE
01455647.jpg,SNE
01455648.jpg,SNE
01455649.jpg,SNE
01455650.jpg,SNE
01455651.jpg,SNE
01455652.jpg,SNE
01455653.jpg,SNE
01455654.jpg,SNE
01455655.jpg,SNE
01455656.jpg,BNE
01455657.jpg,SNE
01455658.jpg,SNE
01455659.jpg,SNE
01455660.jpg,SNE
01455661.jpg,EO
01455662.jpg,SNE
01455663.jpg,SNE
01455664.jpg,SNE
01455665.jpg,SNE
01455666.jpg,BNE
01455667.jpg,SNE
01455668.jpg,BNE
01455669.jpg,SNE
01455670.jpg,SNE
01455671.jpg,SNE
01455672.jpg,SNE
01455673.jpg,SNE
01455674.jpg,SNE
01455675.jpg,SNE
01455676.jpg,SNE
01455677.jpg,SNE
01455678.jpg,SNE
01455679.jpg,SNE
01455680.jpg,SNE
01455681.jpg,SNE
01455682.jpg,SNE
01455683.jpg,SNE
01455684.jpg,SNE
01455685.jpg,SNE
01455686.jpg,SNE
01455687.jpg,SNE
01455688.jpg,SNE
01455689.jpg,SNE
01455690.jpg,SNE
01455691.jpg,SNE
01455692.jpg,SNE
01455693.jpg,SNE
01455694.jpg,SNE
01455695.jpg,SNE
01455696.jpg,SNE
01455697.jpg,SNE
01455698.jpg,SNE
01455699.jpg,SNE
01455700.jpg,SNE
01455701.jpg,SNE
01455702.jpg,SNE
01455703.jpg,SNE
01455704.jpg,SNE
01455705.jpg,BNE
01455706.jpg,SNE
01455707.jpg,SNE
01455708.jpg,SNE
01455709.jpg,SNE
01455710.jpg,SNE
01455711.jpg,SNE
01455712.jpg,SNE
01455713.jpg,SNE
01455714.jpg,SNE
01455715.jpg,SNE
01455716.jpg,BNE
01455717.jpg,SNE
01455718.jpg,SNE
01455719.jpg,SNE
01455720.jpg,SNE
01455721.jpg,SNE
01455722.jpg,SNE
01455723.jpg,SNE
01455724.jpg,SNE
01455725.jpg,SNE
01455726.jpg,SNE
01455727.jpg,SNE
01455728.jpg,MO
01455729.jpg,EO
01455730.jpg,EO
01455731.jpg,EO
01455732.jpg,SNE
01455733.jpg,EO
01455734.jpg,EO
01455735.jpg,EO
01455736.jpg,EO
01455737.jpg,EO
01455738.jpg,VLY
01455739.jpg,LY
01455740.jpg,LY
01455741.jpg,LY
01455742.jpg,LY
01455743.jpg,LY
01455744.jpg,LY
01455745.jpg,LY
01455746.jpg,LY
01455747.jpg,MO
01455748.jpg,MO
01455749.jpg,VLY
01455750.jpg,MO
01455751.jpg,MO
01455752.jpg,MO
01455753.jpg,MO
01455754.jpg,MO
01455755.jpg,MO
01455756.jpg,MO
01455757.jpg,MO
01455758.jpg,MO
01455759.jpg,MO
01455760.jpg,SNE
01455761.jpg,SNE
01455762.jpg,SNE
01455763.jpg,SNE
01455764.jpg,SNE
01455765.jpg,SNE
01455766.jpg,SNE
01455767.jpg,SNE
01455768.jpg,SNE
01455769.jpg,SNE
01455770.jpg,SNE
01455771.jpg,SNE
01455772.jpg,SNE
01455773.jpg,SNE
01455774.jpg,SNE
01455775.jpg,SNE
01455776.jpg,SNE
01455777.jpg,SNE
01455778.jpg,SNE
01455779.jpg,SNE
01455780.jpg,SNE
01455781.jpg,SNE
01455782.jpg,SNE
01455783.jpg,SNE
01455784.jpg,SNE
01455785.jpg,SNE
01455786.jpg,SNE
01455787.jpg,SNE
01455788.jpg,SNE
01455789.jpg,SNE
01455790.jpg,SNE
01455791.jpg,SNE
01455792.jpg,SNE
01455793.jpg,SNE
01455794.jpg,SNE
01455795.jpg,SNE
01455796.jpg,SNE
01455797.jpg,SNE
01455798.jpg,SNE
01455799.jpg,SNE
01455800.jpg,SNE
01455801.jpg,SNE
01455802.jpg,SNE
01455803.jpg,SNE
01455804.jpg,SNE
01455805.jpg,SNE
01455806.jpg,SNE
01455807.jpg,SNE
01455808.jpg,SNE
01455809.jpg,SNE
01455810.jpg,SNE
01455811.jpg,SNE
01455812.jpg,SNE
01455813.jpg,SNE
01455814.jpg,SNE
01455815.jpg,SNE
01455816.jpg,SNE
01455817.jpg,SNE
01455818.jpg,SNE
01455819.jpg,SNE
01455820.jpg,SNE
01455821.jpg,SNE
01455822.jpg,SNE
01455823.jpg,SNE
01455824.jpg,SNE
01455825.jpg,SNE
01455826.jpg,SNE
01455827.jpg,SNE
01455828.jpg,SNE
01455829.jpg,SNE
01455830.jpg,SNE
01455831.jpg,SNE
01455832.jpg,SNE
01455833.jpg,SNE
01455834.jpg,SNE
01455835.jpg,SNE
01455836.jpg,SNE
01455837.jpg,SNE
01455838.jpg,VLY
01455839.jpg,SNE
01455840.jpg,EO
01455841.jpg,EO
01455842.jpg,EO
01455843.jpg,EO
01455844.jpg,LY
01455845.jpg,LY
01455846.jpg,LY
01455847.jpg,MO
01455848.jpg,MO
01455849.jpg,MO
01455850.jpg,MMY
01455851.jpg,MO
01455852.jpg,MO
01455853.jpg,MO
01455854.jpg,MO
01455855.jpg,MO
01455856.jpg,MO
01455857.jpg,BNE
01455858.jpg,SNE
01455859.jpg,SNE
01455860.jpg,BNE
01455861.jpg,SNE
01455862.jpg,SNE
01455863.jpg,SNE
01455864.jpg,SNE
01455865.jpg,SNE
01455866.jpg,SNE
01455867.jpg,SNE
01455868.jpg,SNE
01455869.jpg,SNE
01455870.jpg,SNE
01455871.jpg,SNE
01455872.jpg,SNE
01455873.jpg,SNE
01455874.jpg,SNE
01455875.jpg,SNE
01455876.jpg,SNE
01455877.jpg,SNE
01455878.jpg,SNE
01455879.jpg,SNE
01455880.jpg,SNE
01455881.jpg,BNE
01455882.jpg,SNE
01455883.jpg,SNE
01455884.jpg,SNE
01455885.jpg,SNE
01455886.jpg,SNE
01455887.jpg,SNE
01455888.jpg,SNE
01455889.jpg,SNE
01455890.jpg,SNE
01455891.jpg,SNE
01455892.jpg,SNE
01455893.jpg,SNE
01455894.jpg,SNE
01455895.jpg,SNE
01455896.jpg,SNE
01455897.jpg,BNE
01455898.jpg,SNE
01455899.jpg,SNE
01455900.jpg,SNE
01455901.jpg,SNE
01455902.jpg,SNE
01455903.jpg,SNE
01455904.jpg,SNE
01455905.jpg,SNE
01455906.jpg,SNE
01455907.jpg,SNE
01455908.jpg,BNE
01455909.jpg,SNE
01455910.jpg,SNE
01455911.jpg,SNE
01455912.jpg,SNE
01455913.jpg,SNE
01455914.jpg,SNE
01455915.jpg,SNE
01455916.jpg,SNE
01455917.jpg,SNE
01455918.jpg,SNE
01455919.jpg,SNE
01455920.jpg,SNE
01455921.jpg,SNE
01455922.jpg,SNE
01455923.jpg,SNE
01455924.jpg,SNE
01455925.jpg,SNE
01455926.jpg,SNE
01455927.jpg,SNE
01455928.jpg,SNE
01455929.jpg,SNE
01455930.jpg,SNE
01455931.jpg,SNE
01455932.jpg,SNE
01455933.jpg,SNE
01455934.jpg,SNE
01455935.jpg,SNE
01455936.jpg,SNE
01455937.jpg,SNE
01455938.jpg,SNE
01455939.jpg,SNE
01455940.jpg,SNE
01455941.jpg,SNE
01455942.jpg,SNE
01455943.jpg,SNE
01455944.jpg,SNE
01455945.jpg,SNE
01455946.jpg,SNE
01455947.jpg,VLY
01455948.jpg,LY
01455949.jpg,LY
01455950.jpg,LY
01455951.jpg,LY
01455952.jpg,LY
01455953.jpg,LY
01455954.jpg,VLY
01455955.jpg,LY
01455956.jpg,LY
01455957.jpg,LY
01455958.jpg,LY
01455959.jpg,LY
01455960.jpg,PC
01455961.jpg,LY
01455962.jpg,MO
01455963.jpg,MO
01455964.jpg,BL
01455965.jpg,MO
01455966.jpg,MO
01455967.jpg,MO
01455968.jpg,MO
01455969.jpg,MO
01455970.jpg,MO
01455971.jpg,MO
01455972.jpg,MO
01455973.jpg,MO
01455974.jpg,SNE
01455975.jpg,SNE
01455976.jpg,SNE
01455977.jpg,SNE
01455978.jpg,SNE
01455979.jpg,SNE
01455980.jpg,SNE
01455981.jpg,SNE
01455982.jpg,SNE
01455983.jpg,SNE
01455984.jpg,SNE
01455985.jpg,SNE
01455986.jpg,SNE
01455987.jpg,SNE
01455988.jpg,SNE
01455989.jpg,SNE
01455990.jpg,SNE
01455991.jpg,SNE
01455992.jpg,SNE
01455993.jpg,SNE
01455994.jpg,SNE
01455995.jpg,SNE
01455996.jpg,SNE
01455997.jpg,SNE
01455998.jpg,SNE
01455999.jpg,SNE
01456000.jpg,SNE
01456001.jpg,SNE
01456002.jpg,SNE
01456003.jpg,SNE
01456004.jpg,SNE
01456005.jpg,SNE
01456006.jpg,SNE
01456007.jpg,SNE
01456008.jpg,SNE
01456009.jpg,BNE
01456010.jpg,SNE
01456011.jpg,SNE
01456012.jpg,SNE
01456013.jpg,SNE
01456014.jpg,SNE
01456015.jpg,SNE
01456016.jpg,SNE
01456017.jpg,SNE
01456018.jpg,SNE
01456019.jpg,SNE
01456020.jpg,SNE
01456021.jpg,SNE
01456022.jpg,SNE
01456023.jpg,SNE
01456024.jpg,SNE
01456025.jpg,SNE
01456026.jpg,SNE
01456027.jpg,SNE
01456028.jpg,SNE
01456029.jpg,SNE
01456030.jpg,SNE
01456031.jpg,SNE
01456032.jpg,SNE
01456033.jpg,SNE
01456034.jpg,SNE
01456035.jpg,SNE
01456036.jpg,SNE
01456037.jpg,SNE
01456038.jpg,SNE
01456039.jpg,SNE
01456040.jpg,SNE
01456041.jpg,SNE
01456042.jpg,SNE
01456043.jpg,SNE
01456044.jpg,SNE
01456045.jpg,SNE
01456046.jpg,SNE
01456047.jpg,SNE
01456048.jpg,SNE
01456049.jpg,SNE
01456050.jpg,SNE
01456051.jpg,SNE
01456052.jpg,SNE
01456053.jpg,SNE
01456054.jpg,SNE
01456055.jpg,SNE
01456056.jpg,VLY
01456057.jpg,VLY
01456058.jpg,BA
01456059.jpg,EO
01456060.jpg,EO
01456061.jpg,EO
01456062.jpg,EO
01456063.jpg,EO
01456064.jpg,EO
01456065.jpg,EO
01456066.jpg,EO
01456067.jpg,EO
01456068.jpg,EO
01456069.jpg,EO
01456070.jpg,EO
01456071.jpg,EO
01456072.jpg,EO
01456073.jpg,EO
01456074.jpg,EO
01456075.jpg,EO
01456076.jpg,EO
01456077.jpg,EO
01456078.jpg,EO
01456079.jpg,EO
01456080.jpg,EO
01456081.jpg,EO
01456082.jpg,EO
01456083.jpg,EO
01456084.jpg,EO
01456085.jpg,EO
01456086.jpg,LY
01456087.jpg,LY
01456088.jpg,LY
01456089.jpg,LY
01456090.jpg,LY
01456091.jpg,LY
01456092.jpg,LY
01456093.jpg,LY
01456094.jpg,LY
01456095.jpg,LY
01456096.jpg,LY
01456097.jpg,LY
01456098.jpg,LY
01456099.jpg,LY
01456100.jpg,LY
01456101.jpg,LY
01456102.jpg,LY
01456103.jpg,MO
01456104.jpg,LY
01456105.jpg,LY
01456106.jpg,LY
01456107.jpg,LY
01456108.jpg,LY
01456109.jpg,LY
01456110.jpg,LY
01456111.jpg,LY
01456112.jpg,MO
01456113.jpg,MO
01456114.jpg,SNE
01456115.jpg,SNE
01456116.jpg,SNE
01456117.jpg,SNE
01456118.jpg,SNE
01456119.jpg,SNE
01456120.jpg,SNE
01456121.jpg,SNE
01456122.jpg,SNE
01456123.jpg,SNE
01456124.jpg,SNE
01456125.jpg,SNE
01456126.jpg,SNE
01456127.jpg,SNE
01456128.jpg,SNE
01456129.jpg,SNE
01456130.jpg,SNE
01456131.jpg,SNE
01456132.jpg,SNE
01456133.jpg,SNE
01456134.jpg,SNE
01456135.jpg,SNE
01456136.jpg,SNE
01456137.jpg,SNE
01456138.jpg,SNE
01456139.jpg,SNE
01456140.jpg,SNE
01456141.jpg,SNE
01456142.jpg,SNE
01456143.jpg,SNE
01456144.jpg,SNE
01456145.jpg,SNE
01456146.jpg,EO
01456147.jpg,SNE
01456148.jpg,SNE
01456149.jpg,SNE
01456150.jpg,SNE
01456151.jpg,SNE
01456152.jpg,SNE
01456153.jpg,SNE
01456154.jpg,SNE
01456155.jpg,SNE
01456156.jpg,SNE
01456157.jpg,SNE
01456158.jpg,SNE
01456159.jpg,SNE
01456160.jpg,SNE
01456161.jpg,SNE
01456162.jpg,SNE
01456163.jpg,SNE
01456164.jpg,SNE
01456165.jpg,SNE
01456166.jpg,SNE
01456167.jpg,SNE
01456168.jpg,VLY
01456169.jpg,VLY
01456170.jpg,EO
01456171.jpg,EO
01456172.jpg,EO
01456173.jpg,EO
01456174.jpg,EO
01456175.jpg,EO
01456176.jpg,LY
01456177.jpg,LY
01456178.jpg,LY
01456179.jpg,LY
01456180.jpg,LY
01456181.jpg,LY
01456182.jpg,LY
01456183.jpg,LY
01456184.jpg,LY
01456185.jpg,LY
01456186.jpg,VLY
01456187.jpg,LY
01456188.jpg,LY
01456189.jpg,LY
01456190.jpg,LY
01456191.jpg,LY
01456192.jpg,LY
01456193.jpg,LY
01456194.jpg,LY
01456195.jpg,MO
01456196.jpg,LY
01456197.jpg,LY
01456198.jpg,LY
01456199.jpg,LY
01456200.jpg,LY
01456201.jpg,LY
01456202.jpg,LY
01456203.jpg,LY
01456204.jpg,LY
01456205.jpg,LY
01456206.jpg,LY
01456207.jpg,LY
01456208.jpg,LY
01456209.jpg,LY
01456210.jpg,MO
01456211.jpg,MO
01456212.jpg,MO
01456213.jpg,MO
01456214.jpg,MO
01456215.jpg,MO
01456216.jpg,MO
01456217.jpg,MO
01456218.jpg,MO
01456219.jpg,MO
01456220.jpg,MO
01456221.jpg,MO
01456222.jpg,MO
01456223.jpg,MO
01456224.jpg,SNE
01456225.jpg,SNE
01456226.jpg,SNE
01456227.jpg,SNE
01456228.jpg,SNE
01456229.jpg,SNE
01456230.jpg,SNE
01456231.jpg,SNE
01456232.jpg,SNE
01456233.jpg,SNE
01456234.jpg,BNE
01456235.jpg,SNE
01456236.jpg,SNE
01456237.jpg,SNE
01456238.jpg,SNE
01456239.jpg,SNE
01456240.jpg,SNE
01456241.jpg,SNE
01456242.jpg,SNE
01456243.jpg,SNE
01456244.jpg,SNE
01456245.jpg,SNE
01456246.jpg,SNE
01456247.jpg,SNE
01456248.jpg,SNE
01456249.jpg,SNE
01456250.jpg,SNE
01456251.jpg,SNE
01456252.jpg,SNE
01456253.jpg,SNE
01456254.jpg,SNE
01456255.jpg,SNE
01456256.jpg,SNE
01456257.jpg,SNE
01456258.jpg,MO
01456259.jpg,SNE
01456260.jpg,SNE
01456261.jpg,SNE
01456262.jpg,SNE
01456263.jpg,SNE
01456264.jpg,SNE
01456265.jpg,SNE
01456266.jpg,SNE
01456267.jpg,SNE
01456268.jpg,SNE
01456269.jpg,SNE
01456270.jpg,SNE
01456271.jpg,SNE
01456272.jpg,SNE
01456273.jpg,SNE
01456274.jpg,SNE
01456275.jpg,SNE
01456276.jpg,SNE
01456277.jpg,SNE
01456278.jpg,SNE
01456279.jpg,SNE
01456280.jpg,BA
01456281.jpg,MO
01456282.jpg,MO
01456283.jpg,LY
01456284.jpg,VLY
01456285.jpg,BA
01456286.jpg,LY
01456287.jpg,LY
01456288.jpg,LY
01456289.jpg,LY
01456290.jpg,LY
01456291.jpg,LY
01456292.jpg,LY
01456293.jpg,LY
01456294.jpg,LY
01456295.jpg,LY
01456296.jpg,LY
01456297.jpg,LY
01456298.jpg,LY
01456299.jpg,LY
01456300.jpg,LY
01456301.jpg,LY
01456302.jpg,LY
01456303.jpg,LY
01456304.jpg,LY
01456305.jpg,LY
01456306.jpg,LY
01456307.jpg,LY
01456308.jpg,LY
01456309.jpg,LY
01456310.jpg,LY
01456311.jpg,LY
01456312.jpg,LY
01456313.jpg,LY
01456314.jpg,LY
01456315.jpg,LY
01456316.jpg,MO
01456317.jpg,LY
01456318.jpg,LY
01456319.jpg,LY
01456320.jpg,MO
01456321.jpg,MO
01456322.jpg,MO
01456323.jpg,MO
01456324.jpg,MO
01456325.jpg,MO
01456326.jpg,MO
01456327.jpg,MO
01456328.jpg,MO
01456329.jpg,MO
01456330.jpg,MO
01456331.jpg,MO
01456332.jpg,MO
01456333.jpg,MO
01456334.jpg,MO
01456335.jpg,MO
01456336.jpg,MO
01456337.jpg,SNE
01456338.jpg,SNE
01456339.jpg,SNE
01456340.jpg,SNE
01456341.jpg,SNE
01456342.jpg,SNE
01456343.jpg,SNE
01456344.jpg,SNE
01456345.jpg,SNE
01456346.jpg,SNE
01456347.jpg,SNE
01456348.jpg,SNE
01456349.jpg,SNE
01456350.jpg,SNE
01456351.jpg,SNE
01456352.jpg,SNE
01456353.jpg,SNE
01456354.jpg,SNE
01456355.jpg,SNE
01456356.jpg,SNE
01456357.jpg,SNE
01456358.jpg,SNE
01456359.jpg,SNE
01456360.jpg,SNE
01456361.jpg,SNE
01456362.jpg,SNE
01456363.jpg,SNE
01456364.jpg,SNE
01456365.jpg,SNE
01456366.jpg,SNE
01456367.jpg,SNE
01456368.jpg,SNE
01456369.jpg,SNE
01456370.jpg,SNE
01456371.jpg,SNE
01456372.jpg,SNE
01456373.jpg,SNE
01456374.jpg,SNE
01456375.jpg,SNE
01456376.jpg,SNE
01456377.jpg,SNE
01456378.jpg,SNE
01456379.jpg,SNE
01456380.jpg,SNE
01456381.jpg,SNE
01456382.jpg,SNE
01456383.jpg,SNE
01456384.jpg,SNE
01456385.jpg,SNE
01456386.jpg,SNE
01456387.jpg,SNE
01456388.jpg,SNE
01456389.jpg,SNE
01456390.jpg,SNE
01456391.jpg,SNE
01456392.jpg,BNE
01456393.jpg,SNE
01456394.jpg,SNE
01456395.jpg,SNE
01456396.jpg,SNE
01456397.jpg,BL
01456398.jpg,BA
01456399.jpg,BA
01456400.jpg,EO
01456401.jpg,VLY
01456402.jpg,PC
01456403.jpg,MO
01456404.jpg,LY
01456405.jpg,LY
01456406.jpg,LY
01456407.jpg,LY
01456408.jpg,LY
01456409.jpg,LY
01456410.jpg,LY
01456411.jpg,LY
01456412.jpg,LY
01456413.jpg,LY
01456414.jpg,LY
01456415.jpg,LY
01456416.jpg,LY
01456417.jpg,VLY
01456418.jpg,LY
01456419.jpg,VLY
01456420.jpg,LY
01456421.jpg,LY
01456422.jpg,MY
01456423.jpg,VLY
01456424.jpg,LY
01456425.jpg,LY
01456426.jpg,LY
01456427.jpg,VLY
01456428.jpg,LY
01456429.jpg,LY
01456430.jpg,LY
01456431.jpg,LY
01456432.jpg,LY
01456433.jpg,VLY
01456434.jpg,LY
01456435.jpg,VLY
01456436.jpg,BL
01456437.jpg,LY
01456438.jpg,LY
01456439.jpg,LY
01456440.jpg,LY
01456441.jpg,VLY
01456442.jpg,LY
01456443.jpg,LY
01456444.jpg,LY
01456445.jpg,LY
01456446.jpg,MO
01456447.jpg,MO
01456448.jpg,MO
01456449.jpg,MO
01456450.jpg,MO
01456451.jpg,MO
01456452.jpg,MO
01456453.jpg,MO
01456454.jpg,MO
01456455.jpg,SNE
01456456.jpg,SNE
01456457.jpg,SNE
01456458.jpg,SNE
01456459.jpg,SNE
01456460.jpg,SNE
01456461.jpg,SNE
01456462.jpg,SNE
01456463.jpg,SNE
01456464.jpg,SNE
01456465.jpg,SNE
01456466.jpg,SNE
01456467.jpg,SNE
01456468.jpg,SNE
01456469.jpg,SNE
01456470.jpg,SNE
01456471.jpg,SNE
01456472.jpg,SNE
01456473.jpg,SNE
01456474.jpg,SNE
01456475.jpg,SNE
01456476.jpg,SNE
01456477.jpg,SNE
01456478.jpg,SNE
01456479.jpg,SNE
01456480.jpg,SNE
01456481.jpg,SNE
01456482.jpg,SNE
01456483.jpg,SNE
01456484.jpg,SNE
01456485.jpg,SNE
01456486.jpg,SNE
01456487.jpg,SNE
01456488.jpg,SNE
01456489.jpg,SNE
01456490.jpg,SNE
01456491.jpg,SNE
01456492.jpg,SNE
01456493.jpg,SNE
01456494.jpg,SNE
01456495.jpg,SNE
01456496.jpg,SNE
01456497.jpg,SNE
01456498.jpg,SNE
01456499.jpg,SNE
01456500.jpg,SNE
01456501.jpg,SNE
01456502.jpg,SNE
01456503.jpg,SNE
01456504.jpg,SNE
01456505.jpg,SNE
01456506.jpg,SNE
01456507.jpg,SNE
01456508.jpg,SNE
01456509.jpg,VLY
01456510.jpg,VLY
01456511.jpg,BA
01456512.jpg,BA
01456513.jpg,BA
01456514.jpg,PLY
01456515.jpg,VLY
01456516.jpg,EO
01456517.jpg,EO
01456518.jpg,EO
01456519.jpg,EO
01456520.jpg,LY
01456521.jpg,LY
01456522.jpg,LY
01456523.jpg,LY
01456524.jpg,LY
01456525.jpg,LY
01456526.jpg,LY
01456527.jpg,LY
01456528.jpg,LY
01456529.jpg,VLY
01456530.jpg,LY
01456531.jpg,LY
01456532.jpg,LY
01456533.jpg,LY
01456534.jpg,EO
01456535.jpg,MY
01456536.jpg,MMY
01456537.jpg,MY
01456538.jpg,MY
01456539.jpg,MMY
01456540.jpg,MY
01456541.jpg,EO
01456542.jpg,BNE
01456543.jpg,BNE
01456544.jpg,BNE
01456545.jpg,MMY
01456546.jpg,MMY
01456547.jpg,BNE
01456548.jpg,MMY
01456549.jpg,MO
01456550.jpg,MMY
01456551.jpg,MO
01456552.jpg,MY
01456553.jpg,MO
01456554.jpg,MO
01456555.jpg,MMY
01456556.jpg,MO
01456557.jpg,MO
01456558.jpg,MY
01456559.jpg,PMY
01456560.jpg,MY
01456561.jpg,MY
01456562.jpg,MY
01456563.jpg,MY
01456564.jpg,MY
01456565.jpg,MY
01456566.jpg,MY
01456567.jpg,MY
01456568.jpg,PMY
01456569.jpg,MY
01456570.jpg,PMY
01456571.jpg,PMY
01456572.jpg,SNE
01456573.jpg,SNE
01456574.jpg,SNE
01456575.jpg,SNE
01456576.jpg,SNE
01456577.jpg,SNE
01456578.jpg,SNE
01456579.jpg,SNE
01456580.jpg,SNE
01456581.jpg,MMY
01456582.jpg,SNE
01456583.jpg,SNE
01456584.jpg,SNE
01456585.jpg,SNE
01456586.jpg,SNE
01456587.jpg,SNE
01456588.jpg,SNE
01456589.jpg,SNE
01456590.jpg,BNE
01456591.jpg,SNE
01456592.jpg,SNE
01456593.jpg,SNE
01456594.jpg,SNE
01456595.jpg,BNE
01456596.jpg,SNE
01456597.jpg,SNE
01456598.jpg,SNE
01456599.jpg,SNE
01456600.jpg,SNE
01456601.jpg,BNE
01456602.jpg,SNE
01456603.jpg,BNE
01456604.jpg,SNE
01456605.jpg,SNE
01456606.jpg,SNE
01456607.jpg,SNE
01456608.jpg,BNE
01456609.jpg,SNE
01456610.jpg,BNE
01456611.jpg,SNE
01456612.jpg,SNE
01456613.jpg,SNE
01456614.jpg,SNE
01456615.jpg,BNE
01456616.jpg,SNE
01456617.jpg,SNE
01456618.jpg,SNE
01456619.jpg,SNE
01456620.jpg,SNE
01456621.jpg,SNE
01456622.jpg,SNE
01456623.jpg,SNE
01456624.jpg,SNE
01456625.jpg,BNE
01456626.jpg,BA
01456627.jpg,EO
01456628.jpg,EO
01456629.jpg,EO
01456630.jpg,EO
01456631.jpg,EO
01456632.jpg,EO
01456633.jpg,LY
01456634.jpg,BL
01456635.jpg,PC
01456636.jpg,VLY
01456637.jpg,PC
01456638.jpg,PC
01456639.jpg,PC
01456640.jpg,PC
01456641.jpg,MY
01456642.jpg,LY
01456643.jpg,PC
01456644.jpg,PC
01456645.jpg,PC
01456646.jpg,PC
01456647.jpg,PC
01456648.jpg,PC
01456649.jpg,PC
01456650.jpg,PC
01456651.jpg,PC
01456652.jpg,MO
01456653.jpg,VLY
01456654.jpg,PC
01456655.jpg,VLY
01456656.jpg,PC
01456657.jpg,PC
01456658.jpg,MY
01456659.jpg,PC
01456660.jpg,PC
01456661.jpg,PC
01456662.jpg,PC
01456663.jpg,LY
01456664.jpg,PC
01456665.jpg,PC
01456666.jpg,PC
01456667.jpg,LY
01456668.jpg,VLY
01456669.jpg,LY
01456670.jpg,PC
01456671.jpg,MO
01456672.jpg,MO
01456673.jpg,MO
01456674.jpg,MO
01456675.jpg,SNE
01456676.jpg,SNE
01456677.jpg,SNE
01456678.jpg,SNE
01456679.jpg,SNE
01456680.jpg,SNE
01456681.jpg,SNE
01456682.jpg,SNE
01456683.jpg,SNE
01456684.jpg,SNE
01456685.jpg,SNE
01456686.jpg,SNE
01456687.jpg,SNE
01456688.jpg,SNE
01456689.jpg,SNE
01456690.jpg,SNE
01456691.jpg,SNE
01456692.jpg,SNE
01456693.jpg,SNE
01456694.jpg,SNE
01456695.jpg,SNE
01456696.jpg,SNE
01456697.jpg,SNE
01456698.jpg,SNE
01456699.jpg,SNE
01456700.jpg,SNE
01456701.jpg,SNE
01456702.jpg,SNE
01456703.jpg,SNE
01456704.jpg,SNE
01456705.jpg,SNE
01456706.jpg,SNE
01456707.jpg,SNE
01456708.jpg,SNE
01456709.jpg,SNE
01456710.jpg,SNE
01456711.jpg,SNE
01456712.jpg,SNE
01456713.jpg,BNE
01456714.jpg,SNE
01456715.jpg,SNE
01456716.jpg,SNE
01456717.jpg,SNE
01456718.jpg,SNE
01456719.jpg,SNE
01456720.jpg,SNE
01456721.jpg,SNE
01456722.jpg,SNE
01456723.jpg,SNE
01456724.jpg,SNE
01456725.jpg,SNE
01456726.jpg,SNE
01456727.jpg,SNE
01456728.jpg,SNE
01456729.jpg,SNE
01456730.jpg,SNE
01456731.jpg,VLY
01456732.jpg,VLY
01456733.jpg,VLY
01456734.jpg,PC
01456735.jpg,VLY
01456736.jpg,VLY
01456737.jpg,BA
01456738.jpg,BA
01456739.jpg,BNE
01456740.jpg,MO
01456741.jpg,EO
01456742.jpg,PC
01456743.jpg,LY
01456744.jpg,LY
01456745.jpg,LY
01456746.jpg,PC
01456747.jpg,LY
01456748.jpg,PC
01456749.jpg,LY
01456750.jpg,LY
01456751.jpg,LY
01456752.jpg,LY
01456753.jpg,LY
01456754.jpg,LY
01456755.jpg,LY
01456756.jpg,MO
01456757.jpg,MY
01456758.jpg,MO
01456759.jpg,MO
01456760.jpg,BNE
01456761.jpg,MO
01456762.jpg,MO
01456763.jpg,MO
01456764.jpg,MO
01456765.jpg,MMY
01456766.jpg,MO
01456767.jpg,MO
01456768.jpg,MO
01456769.jpg,LY
01456770.jpg,MY
01456771.jpg,MMY
01456772.jpg,MY
01456773.jpg,MY
01456774.jpg,MY
01456775.jpg,MY
01456776.jpg,MY
01456777.jpg,MY
01456778.jpg,MY
01456779.jpg,SNE
01456780.jpg,SNE
01456781.jpg,SNE
01456782.jpg,SNE
01456783.jpg,SNE
01456784.jpg,SNE
01456785.jpg,SNE
01456786.jpg,SNE
01456787.jpg,SNE
01456788.jpg,SNE
01456789.jpg,SNE
01456790.jpg,SNE
01456791.jpg,SNE
01456792.jpg,SNE
01456793.jpg,SNE
01456794.jpg,SNE
01456795.jpg,SNE
01456796.jpg,SNE
01456797.jpg,SNE
01456798.jpg,SNE
01456799.jpg,SNE
01456800.jpg,SNE
01456801.jpg,SNE
01456802.jpg,BNE
01456803.jpg,SNE
01456804.jpg,SNE
01456805.jpg,SNE
01456806.jpg,SNE
01456807.jpg,SNE
01456808.jpg,SNE
01456809.jpg,SNE
01456810.jpg,SNE
01456811.jpg,SNE
01456812.jpg,SNE
01456813.jpg,SNE
01456814.jpg,SNE
01456815.jpg,SNE
01456816.jpg,BNE
01456817.jpg,SNE
01456818.jpg,SNE
01456819.jpg,SNE
01456820.jpg,SNE
01456821.jpg,SNE
01456822.jpg,SNE
01456823.jpg,SNE
01456824.jpg,SNE
01456825.jpg,SNE
01456826.jpg,SNE
01456827.jpg,SNE
01456828.jpg,SNE
01456829.jpg,SNE
01456830.jpg,SNE
01456831.jpg,SNE
01456832.jpg,SNE
01456833.jpg,SNE
01456834.jpg,SNE
01456835.jpg,SNE
01456836.jpg,SNE
01456837.jpg,SNE
01456838.jpg,SNE
01456839.jpg,SNE
01456840.jpg,SNE
01456841.jpg,SNE
01456842.jpg,MO
01456843.jpg,MO
01456844.jpg,LY
01456845.jpg,LY
01456846.jpg,VLY
01456847.jpg,PC
01456848.jpg,PC
01456849.jpg,VLY
01456850.jpg,PC
01456851.jpg,LY
01456852.jpg,LY
01456853.jpg,LY
01456854.jpg,VLY
01456855.jpg,LY
01456856.jpg,LY
01456857.jpg,LY
01456858.jpg,LY
01456859.jpg,LY
01456860.jpg,LY
01456861.jpg,LY
01456862.jpg,PC
01456863.jpg,LY
01456864.jpg,LY
01456865.jpg,LY
01456866.jpg,PC
01456867.jpg,LY
01456868.jpg,LY
01456869.jpg,LY
01456870.jpg,LY
01456871.jpg,LY
01456872.jpg,LY
01456873.jpg,LY
01456874.jpg,LY
01456875.jpg,LY
01456876.jpg,LY
01456877.jpg,PC
01456878.jpg,LY
01456879.jpg,LY
01456880.jpg,LY
01456881.jpg,LY
01456882.jpg,LY
01456883.jpg,LY
01456884.jpg,PC
01456885.jpg,PC
01456886.jpg,VLY
01456887.jpg,LY
01456888.jpg,LY
01456889.jpg,LY
01456890.jpg,LY
01456891.jpg,LY
01456892.jpg,LY
01456893.jpg,LY
01456894.jpg,LY
01456895.jpg,PC
01456896.jpg,LY
01456897.jpg,MO
01456898.jpg,LY
01456899.jpg,MO
01456900.jpg,MO
01456901.jpg,MO
01456902.jpg,MO
01456903.jpg,MO
01456904.jpg,MO
01456905.jpg,MO
01456906.jpg,MO
01456907.jpg,MO
01456908.jpg,MO
01456909.jpg,MO
01456910.jpg,MO
01456911.jpg,SNE
01456912.jpg,SNE
01456913.jpg,SNE
01456914.jpg,SNE
01456915.jpg,SNE
01456916.jpg,SNE
01456917.jpg,SNE
01456918.jpg,SNE
01456919.jpg,SNE
01456920.jpg,SNE
01456921.jpg,SNE
01456922.jpg,SNE
01456923.jpg,SNE
01456924.jpg,SNE
01456925.jpg,SNE
01456926.jpg,SNE
01456927.jpg,SNE
01456928.jpg,SNE
01456929.jpg,SNE
01456930.jpg,SNE
01456931.jpg,SNE
01456932.jpg,SNE
01456933.jpg,SNE
01456934.jpg,VLY
01456935.jpg,BA
01456936.jpg,BA
01456937.jpg,EO
01456938.jpg,EO
01456939.jpg,EO
01456940.jpg,EO
01456941.jpg,EO
01456942.jpg,EO
01456943.jpg,EO
01456944.jpg,EO
01456945.jpg,LY
01456946.jpg,LY
01456947.jpg,LY
01456948.jpg,LY
01456949.jpg,VLY
01456950.jpg,LY
01456951.jpg,LY
01456952.jpg,LY
01456953.jpg,LY
01456954.jpg,LY
01456955.jpg,LY
01456956.jpg,LY
01456957.jpg,LY
01456958.jpg,VLY
01456959.jpg,LY
01456960.jpg,VLY
01456961.jpg,LY
01456962.jpg,MO
01456963.jpg,MO
01456964.jpg,MO
01456965.jpg,MO
01456966.jpg,MO
01456967.jpg,MO
01456968.jpg,MO
01456969.jpg,MO
01456970.jpg,MMY
01456971.jpg,MO
01456972.jpg,MO
01456973.jpg,MO
01456974.jpg,VLY
01456975.jpg,MO
01456976.jpg,MO
01456977.jpg,LY
01456978.jpg,MO
01456979.jpg,MO
01456980.jpg,MO
01456981.jpg,LY
01456982.jpg,SNE
01456983.jpg,SNE
01456984.jpg,SNE
01456985.jpg,SNE
01456986.jpg,SNE
01456987.jpg,SNE
01456988.jpg,SNE
01456989.jpg,SNE
01456990.jpg,SNE
01456991.jpg,SNE
01456992.jpg,SNE
01456993.jpg,BNE
01456994.jpg,SNE
01456995.jpg,SNE
01456996.jpg,SNE
01456997.jpg,SNE
01456998.jpg,SNE
01456999.jpg,SNE
01457000.jpg,SNE
01457001.jpg,SNE
01457002.jpg,SNE
01457003.jpg,SNE
01457004.jpg,SNE
01457005.jpg,SNE
01457006.jpg,SNE
01457007.jpg,SNE
01457008.jpg,SNE
01457009.jpg,SNE
01457010.jpg,SNE
01457011.jpg,SNE
01457012.jpg,SNE
01457013.jpg,SNE
01457014.jpg,SNE
01457015.jpg,SNE
01457016.jpg,SNE
01457017.jpg,SNE
01457018.jpg,SNE
01457019.jpg,SNE
01457020.jpg,BNE
01457021.jpg,SNE
01457022.jpg,SNE
01457023.jpg,SNE
01457024.jpg,SNE
01457025.jpg,BNE
01457026.jpg,SNE
01457027.jpg,SNE
01457028.jpg,SNE
01457029.jpg,SNE
01457030.jpg,SNE
01457031.jpg,SNE
01457032.jpg,SNE
01457033.jpg,SNE
01457034.jpg,SNE
01457035.jpg,SNE
01457036.jpg,SNE
01457037.jpg,SNE
01457038.jpg,SNE
01457039.jpg,SNE
01457040.jpg,SNE
01457041.jpg,SNE
01457042.jpg,SNE
01457043.jpg,SNE
01457044.jpg,SNE
01457045.jpg,SNE
01457046.jpg,VLY
01457047.jpg,EO
01457048.jpg,EO
01457049.jpg,EO
01457050.jpg,EO
01457051.jpg,EO
01457052.jpg,EO
01457053.jpg,LY
01457054.jpg,LY
01457055.jpg,LY
01457056.jpg,LY
01457057.jpg,MY
01457058.jpg,LY
01457059.jpg,LY
01457060.jpg,LY
01457061.jpg,LY
01457062.jpg,PLY
01457063.jpg,LY
01457064.jpg,LY
01457065.jpg,LY
01457066.jpg,LY
01457067.jpg,LY
01457068.jpg,LY
01457069.jpg,PLY
01457070.jpg,LY
01457071.jpg,LY
01457072.jpg,PLY
01457073.jpg,LY
01457074.jpg,LY
01457075.jpg,LY
01457076.jpg,LY
01457077.jpg,LY
01457078.jpg,LY
01457079.jpg,LY
01457080.jpg,LY
01457081.jpg,LY
01457082.jpg,LY
01457083.jpg,LY
01457084.jpg,LY
01457085.jpg,LY
01457086.jpg,VLY
01457087.jpg,LY
01457088.jpg,LY
01457089.jpg,LY
01457090.jpg,LY
01457091.jpg,LY
01457092.jpg,LY
01457093.jpg,LY
01457094.jpg,LY
01457095.jpg,LY
01457096.jpg,LY
01457097.jpg,LY
01457098.jpg,LY
01457099.jpg,LY
01457100.jpg,LY
01457101.jpg,LY
01457102.jpg,LY
01457103.jpg,LY
01457104.jpg,LY
01457105.jpg,LY
01457106.jpg,LY
01457107.jpg,LY
01457108.jpg,LY
01457109.jpg,LY
01457110.jpg,LY
01457111.jpg,LY
01457112.jpg,MO
01457113.jpg,MO
01457114.jpg,MO
01457115.jpg,MO
01457116.jpg,MO
01457117.jpg,MO
01457118.jpg,SNE
01457119.jpg,SNE
01457120.jpg,SNE
01457121.jpg,SNE
01457122.jpg,SNE
01457123.jpg,SNE
01457124.jpg,SNE
01457125.jpg,SNE
01457126.jpg,SNE
01457127.jpg,SNE
01457128.jpg,SNE
01457129.jpg,SNE
01457130.jpg,SNE
01457131.jpg,SNE
01457132.jpg,SNE
01457133.jpg,SNE
01457134.jpg,SNE
01457135.jpg,SNE
01457136.jpg,SNE
01457137.jpg,SNE
01457138.jpg,SNE
01457139.jpg,SNE
01457140.jpg,SNE
01457141.jpg,SNE
01457142.jpg,SNE
01457143.jpg,SNE
01457144.jpg,SNE
01457145.jpg,SNE
01457146.jpg,SNE
01457147.jpg,SNE
01457148.jpg,SNE
01457149.jpg,SNE
01457150.jpg,SNE
01457151.jpg,SNE
01457152.jpg,SNE
01457153.jpg,VLY
01457154.jpg,VLY
01457155.jpg,LY
01457156.jpg,VLY
01457157.jpg,BA
01457158.jpg,BA
01457159.jpg,BA
01457160.jpg,BA
01457161.jpg,BA
01457162.jpg,BA
01457163.jpg,BA
01457164.jpg,BL
01457165.jpg,BL
01457166.jpg,EO
01457167.jpg,EO
01457168.jpg,MY
01457169.jpg,LY
01457170.jpg,MY
01457171.jpg,LY
01457172.jpg,LY
01457173.jpg,MO
01457174.jpg,MO
01457175.jpg,MY
01457176.jpg,PMY
01457177.jpg,MY
01457178.jpg,SNE
01457179.jpg,SNE
01457180.jpg,SNE
01457181.jpg,SNE
01457182.jpg,SNE
01457183.jpg,SNE
01457184.jpg,SNE
01457185.jpg,SNE
01457186.jpg,SNE
01457187.jpg,SNE
01457188.jpg,SNE
01457189.jpg,SNE
01457190.jpg,SNE
01457191.jpg,SNE
01457192.jpg,SNE
01457193.jpg,SNE
01457194.jpg,SNE
01457195.jpg,SNE
01457196.jpg,SNE
01457197.jpg,SNE
01457198.jpg,SNE
01457199.jpg,SNE
01457200.jpg,SNE
01457201.jpg,SNE
01457202.jpg,SNE
01457203.jpg,SNE
01457204.jpg,SNE
01457205.jpg,SNE
01457206.jpg,SNE
01457207.jpg,SNE
01457208.jpg,SNE
01457209.jpg,SNE
01457210.jpg,SNE
01457211.jpg,BNE
01457212.jpg,SNE
01457213.jpg,SNE
01457214.jpg,EO
01457215.jpg,SNE
01457216.jpg,SNE
01457217.jpg,SNE
01457218.jpg,SNE
01457219.jpg,SNE
01457220.jpg,SNE
01457221.jpg,SNE
01457222.jpg,SNE
01457223.jpg,SNE
01457224.jpg,SNE
01457225.jpg,SNE
01457226.jpg,SNE
01457227.jpg,SNE
01457228.jpg,SNE
01457229.jpg,SNE
01457230.jpg,SNE
01457231.jpg,MMY
01457232.jpg,SNE
01457233.jpg,SNE
01457234.jpg,SNE
01457235.jpg,SNE
01457236.jpg,SNE
01457237.jpg,SNE
01457238.jpg,SNE
01457239.jpg,BNE
01457240.jpg,SNE
01457241.jpg,SNE
01457242.jpg,SNE
01457243.jpg,SNE
01457244.jpg,SNE
01457245.jpg,SNE
01457246.jpg,SNE
01457247.jpg,SNE
01457248.jpg,SNE
01457249.jpg,SNE
01457250.jpg,SNE
01457251.jpg,SNE
01457252.jpg,SNE
01457253.jpg,SNE
01457254.jpg,SNE
01457255.jpg,SNE
01457256.jpg,SNE
01457257.jpg,BNE
01457258.jpg,SNE
01457259.jpg,SNE
01457260.jpg,SNE
01457261.jpg,SNE
01457262.jpg,SNE
01457263.jpg,SNE
01457264.jpg,SNE
01457265.jpg,SNE
01457266.jpg,SNE
01457267.jpg,SNE
01457268.jpg,SNE
01457269.jpg,BNE
01457270.jpg,BA
01457271.jpg,EO
01457272.jpg,EO
01457273.jpg,EO
01457274.jpg,LY
01457275.jpg,PLY
01457276.jpg,LY
01457277.jpg,LY
01457278.jpg,LY
01457279.jpg,PC
01457280.jpg,LY
01457281.jpg,LY
01457282.jpg,LY
01457283.jpg,LY
01457284.jpg,LY
01457285.jpg,LY
01457286.jpg,LY
01457287.jpg,LY
01457288.jpg,LY
01457289.jpg,LY
01457290.jpg,LY
01457291.jpg,VLY
01457292.jpg,LY
01457293.jpg,LY
01457294.jpg,LY
01457295.jpg,VLY
01457296.jpg,LY
01457297.jpg,LY
01457298.jpg,LY
01457299.jpg,LY
01457300.jpg,LY
01457301.jpg,LY
01457302.jpg,LY
01457303.jpg,LY
01457304.jpg,LY
01457305.jpg,LY
01457306.jpg,MO
01457307.jpg,MO
01457308.jpg,MO
01457309.jpg,MO
01457310.jpg,MO
01457311.jpg,MO
01457312.jpg,MO
01457313.jpg,MO
01457314.jpg,MO
01457315.jpg,MO
01457316.jpg,MO
01457317.jpg,MO
01457318.jpg,SNE
01457319.jpg,SNE
01457320.jpg,SNE
01457321.jpg,SNE
01457322.jpg,SNE
01457323.jpg,SNE
01457324.jpg,SNE
01457325.jpg,SNE
01457326.jpg,SNE
01457327.jpg,SNE
01457328.jpg,SNE
01457329.jpg,SNE
01457330.jpg,SNE
01457331.jpg,MMY
01457332.jpg,SNE
01457333.jpg,SNE
01457334.jpg,SNE
01457335.jpg,SNE
01457336.jpg,SNE
01457337.jpg,SNE
01457338.jpg,SNE
01457339.jpg,SNE
01457340.jpg,SNE
01457341.jpg,SNE
01457342.jpg,BNE
01457343.jpg,SNE
01457344.jpg,SNE
01457345.jpg,SNE
01457346.jpg,SNE
01457347.jpg,SNE
01457348.jpg,SNE
01457349.jpg,BNE
01457350.jpg,SNE
01457351.jpg,SNE
01457352.jpg,SNE
01457353.jpg,MMY
01457354.jpg,SNE
01457355.jpg,SNE
01457356.jpg,SNE
01457357.jpg,SNE
01457358.jpg,SNE
01457359.jpg,SNE
01457360.jpg,SNE
01457361.jpg,SNE
01457362.jpg,SNE
01457363.jpg,SNE
01457364.jpg,SNE
01457365.jpg,SNE
01457366.jpg,SNE
01457367.jpg,SNE
01457368.jpg,SNE
01457369.jpg,SNE
01457370.jpg,SNE
01457371.jpg,SNE
01457372.jpg,SNE
01457373.jpg,SNE
01457374.jpg,SNE
01457375.jpg,BNE
01457376.jpg,SNE
01457377.jpg,SNE
01457378.jpg,SNE
01457379.jpg,SNE
01457380.jpg,SNE
01457381.jpg,SNE
01457382.jpg,SNE
01457383.jpg,SNE
01457384.jpg,VLY
01457385.jpg,BA
01457386.jpg,MO
01457387.jpg,BL
01457388.jpg,BNE
01457389.jpg,BNE
01457390.jpg,BNE
01457391.jpg,BNE
01457392.jpg,BNE
01457393.jpg,BNE
01457394.jpg,MMY
01457395.jpg,EO
01457396.jpg,EO
01457397.jpg,LY
01457398.jpg,LY
01457399.jpg,MY
01457400.jpg,LY
01457401.jpg,LY
01457402.jpg,LY
01457403.jpg,LY
01457404.jpg,LY
01457405.jpg,LY
01457406.jpg,LY
01457407.jpg,SNE
01457408.jpg,LY
01457409.jpg,LY
01457410.jpg,LY
01457411.jpg,LY
01457412.jpg,LY
01457413.jpg,LY
01457414.jpg,LY
01457415.jpg,LY
01457416.jpg,LY
01457417.jpg,MMY
01457418.jpg,LY
01457419.jpg,LY
01457420.jpg,MY
01457421.jpg,LY
01457422.jpg,MMY
01457423.jpg,MY
01457424.jpg,LY
01457425.jpg,MMY
01457426.jpg,MY
01457427.jpg,BNE
01457428.jpg,BNE
01457429.jpg,MO
01457430.jpg,MO
01457431.jpg,MO
01457432.jpg,MO
01457433.jpg,MO
01457434.jpg,MO
01457435.jpg,MO
01457436.jpg,MY
01457437.jpg,MY
01457438.jpg,PMY
01457439.jpg,PMY
01457440.jpg,SNE
01457441.jpg,SNE
01457442.jpg,EO
01457443.jpg,SNE
01457444.jpg,SNE
01457445.jpg,SNE
01457446.jpg,SNE
01457447.jpg,SNE
01457448.jpg,SNE
01457449.jpg,SNE
01457450.jpg,SNE
01457451.jpg,SNE
01457452.jpg,SNE
01457453.jpg,SNE
01457454.jpg,SNE
01457455.jpg,SNE
01457456.jpg,SNE
01457457.jpg,SNE
01457458.jpg,BNE
01457459.jpg,SNE
01457460.jpg,SNE
01457461.jpg,SNE
01457462.jpg,SNE
01457463.jpg,BNE
01457464.jpg,SNE
01457465.jpg,SNE
01457466.jpg,SNE
01457467.jpg,SNE
01457468.jpg,EO
01457469.jpg,SNE
01457470.jpg,SNE
01457471.jpg,SNE
01457472.jpg,SNE
01457473.jpg,SNE
01457474.jpg,SNE
01457475.jpg,SNE
01457476.jpg,SNE
01457477.jpg,SNE
01457478.jpg,SNE
01457479.jpg,SNE
01457480.jpg,SNE
01457481.jpg,SNE
01457482.jpg,SNE
01457483.jpg,SNE
01457484.jpg,SNE
01457485.jpg,SNE
01457486.jpg,SNE
01457487.jpg,BNE
01457488.jpg,SNE
01457489.jpg,SNE
01457490.jpg,SNE
01457491.jpg,SNE
01457492.jpg,BNE
01457493.jpg,SNE
01457494.jpg,SNE
01457495.jpg,SNE
01457496.jpg,BNE
01457497.jpg,SNE
01457498.jpg,SNE
01457499.jpg,SNE
01457500.jpg,SNE
01457501.jpg,SNE
01457502.jpg,SNE
01457503.jpg,SNE
01457504.jpg,EO
01457505.jpg,EO
01457506.jpg,EO
01457507.jpg,EO
01457508.jpg,EO
01457509.jpg,EO
01457510.jpg,EO
01457511.jpg,EO
01457512.jpg,LY
01457513.jpg,LY
01457514.jpg,LY
01457515.jpg,LY
01457516.jpg,LY
01457517.jpg,LY
01457518.jpg,LY
01457519.jpg,LY
01457520.jpg,LY
01457521.jpg,LY
01457522.jpg,LY
01457523.jpg,LY
01457524.jpg,VLY
01457525.jpg,MO
01457526.jpg,MO
01457527.jpg,MO
01457528.jpg,MO
01457529.jpg,MO
01457530.jpg,MO
01457531.jpg,MO
01457532.jpg,MO
01457533.jpg,MMY
01457534.jpg,MO
01457535.jpg,MO
01457536.jpg,MO
01457537.jpg,MO
01457538.jpg,MO
01457539.jpg,MO
01457540.jpg,MO
01457541.jpg,LY
01457542.jpg,SNE
01457543.jpg,SNE
01457544.jpg,SNE
01457545.jpg,SNE
01457546.jpg,SNE
01457547.jpg,SNE
01457548.jpg,SNE
01457549.jpg,SNE
01457550.jpg,SNE
01457551.jpg,SNE
01457552.jpg,SNE
01457553.jpg,SNE
01457554.jpg,SNE
01457555.jpg,SNE
01457556.jpg,SNE
01457557.jpg,SNE
01457558.jpg,SNE
01457559.jpg,SNE
01457560.jpg,SNE
01457561.jpg,SNE
01457562.jpg,SNE
01457563.jpg,SNE
01457564.jpg,SNE
01457565.jpg,SNE
01457566.jpg,SNE
01457567.jpg,SNE
01457568.jpg,SNE
01457569.jpg,SNE
01457570.jpg,SNE
01457571.jpg,BNE
01457572.jpg,SNE
01457573.jpg,SNE
01457574.jpg,SNE
01457575.jpg,SNE
01457576.jpg,SNE
01457577.jpg,SNE
01457578.jpg,SNE
01457579.jpg,SNE
01457580.jpg,SNE
01457581.jpg,SNE
01457582.jpg,SNE
01457583.jpg,SNE
01457584.jpg,SNE
01457585.jpg,SNE
01457586.jpg,SNE
01457587.jpg,SNE
01457588.jpg,SNE
01457589.jpg,SNE
01457590.jpg,SNE
01457591.jpg,SNE
01457592.jpg,SNE
01457593.jpg,SNE
01457594.jpg,SNE
01457595.jpg,SNE
01457596.jpg,SNE
01457597.jpg,SNE
01457598.jpg,SNE
01457599.jpg,SNE
01457600.jpg,SNE
01457601.jpg,SNE
01457602.jpg,SNE
01457603.jpg,SNE
01457604.jpg,SNE
01457605.jpg,SNE
01457606.jpg,SNE
01457607.jpg,SNE
01457608.jpg,SNE
01457609.jpg,SNE
01457610.jpg,SNE
01457611.jpg,SNE
01457612.jpg,SNE
01457613.jpg,SNE
01457614.jpg,SNE
01457615.jpg,SNE
01457616.jpg,SNE
01457617.jpg,SNE
01457618.jpg,SNE
01457619.jpg,SNE
01457620.jpg,MO
01457621.jpg,VLY
01457622.jpg,BA
01457623.jpg,BA
01457624.jpg,MMY
01457625.jpg,BA
01457626.jpg,BL
01457627.jpg,BL
01457628.jpg,BL
01457629.jpg,BNE
01457630.jpg,BNE
01457631.jpg,LY
01457632.jpg,LY
01457633.jpg,LY
01457634.jpg,LY
01457635.jpg,LY
01457636.jpg,LY
01457637.jpg,LY
01457638.jpg,LY
01457639.jpg,LY
01457640.jpg,LY
01457641.jpg,LY
01457642.jpg,LY
01457643.jpg,LY
01457644.jpg,LY
01457645.jpg,PC
01457646.jpg,LY
01457647.jpg,LY
01457648.jpg,LY
01457649.jpg,LY
01457650.jpg,LY
01457651.jpg,LY
01457652.jpg,LY
01457653.jpg,LY
01457654.jpg,MMY
01457655.jpg,MO
01457656.jpg,MO
01457657.jpg,MO
01457658.jpg,MY
01457659.jpg,PMY
01457660.jpg,SNE
01457661.jpg,SNE
01457662.jpg,SNE
01457663.jpg,SNE
01457664.jpg,SNE
01457665.jpg,SNE
01457666.jpg,SNE
01457667.jpg,SNE
01457668.jpg,SNE
01457669.jpg,SNE
01457670.jpg,SNE
01457671.jpg,SNE
01457672.jpg,SNE
01457673.jpg,SNE
01457674.jpg,SNE
01457675.jpg,SNE
01457676.jpg,SNE
01457677.jpg,SNE
01457678.jpg,SNE
01457679.jpg,SNE
01457680.jpg,SNE
01457681.jpg,SNE
01457682.jpg,SNE
01457683.jpg,BNE
01457684.jpg,SNE
01457685.jpg,SNE
01457686.jpg,SNE
01457687.jpg,SNE
01457688.jpg,SNE
01457689.jpg,SNE
01457690.jpg,SNE
01457691.jpg,SNE
01457692.jpg,SNE
01457693.jpg,SNE
01457694.jpg,SNE
01457695.jpg,SNE
01457696.jpg,SNE
01457697.jpg,SNE
01457698.jpg,SNE
01457699.jpg,SNE
01457700.jpg,BNE
01457701.jpg,SNE
01457702.jpg,SNE
01457703.jpg,SNE
01457704.jpg,SNE
01457705.jpg,BNE
01457706.jpg,SNE
01457707.jpg,SNE
01457708.jpg,SNE
01457709.jpg,SNE
01457710.jpg,SNE
01457711.jpg,SNE
01457712.jpg,SNE
01457713.jpg,SNE
01457714.jpg,SNE
01457715.jpg,SNE
01457716.jpg,SNE
01457717.jpg,SNE
01457718.jpg,SNE
01457719.jpg,SNE
01457720.jpg,SNE
01457721.jpg,SNE
01457722.jpg,SNE
01457723.jpg,SNE
01457724.jpg,SNE
01457725.jpg,SNE
01457726.jpg,SNE
01457727.jpg,BNE
01457728.jpg,SNE
01457729.jpg,SNE
01457730.jpg,SNE
01457731.jpg,VLY
01457732.jpg,BA
01457733.jpg,BA
01457734.jpg,BA
01457735.jpg,BA
01457736.jpg,BA
01457737.jpg,BA
01457738.jpg,EO
01457739.jpg,EO
01457740.jpg,LY
01457741.jpg,VLY
01457742.jpg,VLY
01457743.jpg,LY
01457744.jpg,LY
01457745.jpg,LY
01457746.jpg,LY
01457747.jpg,LY
01457748.jpg,LY
01457749.jpg,MY
01457750.jpg,LY
01457751.jpg,LY
01457752.jpg,LY
01457753.jpg,LY
01457754.jpg,LY
01457755.jpg,LY
01457756.jpg,LY
01457757.jpg,LY
01457758.jpg,PC
01457759.jpg,LY
01457760.jpg,LY
01457761.jpg,LY
01457762.jpg,LY
01457763.jpg,LY
01457764.jpg,LY
01457765.jpg,LY
01457766.jpg,LY
01457767.jpg,LY
01457768.jpg,LY
01457769.jpg,LY
01457770.jpg,LY
01457771.jpg,LY
01457772.jpg,MO
01457773.jpg,MO
01457774.jpg,SNE
01457775.jpg,SNE
01457776.jpg,SNE
01457777.jpg,SNE
01457778.jpg,SNE
01457779.jpg,SNE
01457780.jpg,BNE
01457781.jpg,SNE
01457782.jpg,SNE
01457783.jpg,SNE
01457784.jpg,SNE
01457785.jpg,SNE
01457786.jpg,SNE
01457787.jpg,SNE
01457788.jpg,SNE
01457789.jpg,SNE
01457790.jpg,SNE
01457791.jpg,SNE
01457792.jpg,SNE
01457793.jpg,SNE
01457794.jpg,SNE
01457795.jpg,SNE
01457796.jpg,SNE
01457797.jpg,SNE
01457798.jpg,SNE
01457799.jpg,SNE
01457800.jpg,SNE
01457801.jpg,SNE
01457802.jpg,SNE
01457803.jpg,SNE
01457804.jpg,SNE
01457805.jpg,SNE
01457806.jpg,SNE
01457807.jpg,SNE
01457808.jpg,SNE
01457809.jpg,SNE
01457810.jpg,SNE
01457811.jpg,SNE
01457812.jpg,SNE
01457813.jpg,SNE
01457814.jpg,SNE
01457815.jpg,SNE
01457816.jpg,SNE
01457817.jpg,SNE
01457818.jpg,SNE
01457819.jpg,SNE
01457820.jpg,SNE
01457821.jpg,SNE
01457822.jpg,SNE
01457823.jpg,SNE
01457824.jpg,BNE
01457825.jpg,SNE
01457826.jpg,SNE
01457827.jpg,SNE
01457828.jpg,SNE
01457829.jpg,SNE
01457830.jpg,SNE
01457831.jpg,SNE
01457832.jpg,SNE
01457833.jpg,SNE
01457834.jpg,SNE
01457835.jpg,SNE
01457836.jpg,SNE
01457837.jpg,SNE
01457838.jpg,LY
01457839.jpg,VLY
01457840.jpg,EO
01457841.jpg,EO
01457842.jpg,EO
01457843.jpg,EO
01457844.jpg,EO
01457845.jpg,EO
01457846.jpg,EO
01457847.jpg,EO
01457848.jpg,EO
01457849.jpg,LY
01457850.jpg,LY
01457851.jpg,LY
01457852.jpg,LY
01457853.jpg,LY
01457854.jpg,MY
01457855.jpg,LY
01457856.jpg,LY
01457857.jpg,LY
01457858.jpg,LY
01457859.jpg,LY
01457860.jpg,LY
01457861.jpg,MMY
01457862.jpg,VLY
01457863.jpg,LY
01457864.jpg,LY
01457865.jpg,LY
01457866.jpg,MO
01457867.jpg,MO
01457868.jpg,MO
01457869.jpg,MO
01457870.jpg,MO
01457871.jpg,MO
01457872.jpg,MO
01457873.jpg,MO
01457874.jpg,MO
01457875.jpg,MO
01457876.jpg,MO
01457877.jpg,SNE
01457878.jpg,SNE
01457879.jpg,SNE
01457880.jpg,SNE
01457881.jpg,SNE
01457882.jpg,SNE
01457883.jpg,SNE
01457884.jpg,SNE
01457885.jpg,SNE
01457886.jpg,SNE
01457887.jpg,SNE
01457888.jpg,SNE
01457889.jpg,SNE
01457890.jpg,SNE
01457891.jpg,SNE
01457892.jpg,SNE
01457893.jpg,SNE
01457894.jpg,SNE
01457895.jpg,SNE
01457896.jpg,SNE
01457897.jpg,SNE
01457898.jpg,SNE
01457899.jpg,SNE
01457900.jpg,SNE
01457901.jpg,SNE
01457902.jpg,SNE
01457903.jpg,SNE
01457904.jpg,SNE
01457905.jpg,SNE
01457906.jpg,SNE
01457907.jpg,SNE
01457908.jpg,SNE
01457909.jpg,SNE
01457910.jpg,SNE
01457911.jpg,SNE
01457912.jpg,SNE
01457913.jpg,SNE
01457914.jpg,SNE
01457915.jpg,SNE
01457916.jpg,SNE
01457917.jpg,SNE
01457918.jpg,SNE
01457919.jpg,SNE
01457920.jpg,SNE
01457921.jpg,SNE
01457922.jpg,SNE
01457923.jpg,SNE
01457924.jpg,SNE
01457925.jpg,SNE
01457926.jpg,SNE
01457927.jpg,SNE
01457928.jpg,SNE
01457929.jpg,SNE
01457930.jpg,SNE
01457931.jpg,SNE
01457932.jpg,SNE
01457933.jpg,SNE
01457934.jpg,SNE
01457935.jpg,SNE
01457936.jpg,SNE
01457937.jpg,SNE
01457938.jpg,SNE
01457939.jpg,SNE
01457940.jpg,SNE
01457941.jpg,SNE
01457942.jpg,SNE
01457943.jpg,SNE
01457944.jpg,SNE
01457945.jpg,BNE
01457946.jpg,SNE
01457947.jpg,SNE
01457948.jpg,SNE
01457949.jpg,VLY
01457950.jpg,MO
01457951.jpg,LY
01457952.jpg,LY
01457953.jpg,BL
01457954.jpg,LY
01457955.jpg,LY
01457956.jpg,MMY
01457957.jpg,LY
01457958.jpg,MO
01457959.jpg,LY
01457960.jpg,LY
01457961.jpg,LY
01457962.jpg,LY
01457963.jpg,VLY
01457964.jpg,LY
01457965.jpg,LY
01457966.jpg,LY
01457967.jpg,LY
01457968.jpg,LY
01457969.jpg,LY
01457970.jpg,LY
01457971.jpg,LY
01457972.jpg,LY
01457973.jpg,LY
01457974.jpg,BL
01457975.jpg,MO
01457976.jpg,MO
01457977.jpg,MO
01457978.jpg,MO
01457979.jpg,MO
01457980.jpg,MO
01457981.jpg,MO
01457982.jpg,MO
01457983.jpg,MO
01457984.jpg,MO
01457985.jpg,MO
01457986.jpg,MO
01457987.jpg,MO
01457988.jpg,SNE
01457989.jpg,SNE
01457990.jpg,SNE
01457991.jpg,SNE
01457992.jpg,SNE
01457993.jpg,SNE
01457994.jpg,BNE
01457995.jpg,SNE
01457996.jpg,SNE
01457997.jpg,SNE
01457998.jpg,SNE
01457999.jpg,SNE
01458000.jpg,SNE
01458001.jpg,SNE
01458002.jpg,BNE
01458003.jpg,SNE
01458004.jpg,SNE
01458005.jpg,SNE
01458006.jpg,SNE
01458007.jpg,BNE
01458008.jpg,SNE
01458009.jpg,SNE
01458010.jpg,SNE
01458011.jpg,SNE
01458012.jpg,SNE
01458013.jpg,SNE
01458014.jpg,SNE
01458015.jpg,SNE
01458016.jpg,SNE
01458017.jpg,SNE
01458018.jpg,SNE
01458019.jpg,BNE
01458020.jpg,SNE
01458021.jpg,SNE
01458022.jpg,SNE
01458023.jpg,SNE
01458024.jpg,SNE
01458025.jpg,SNE
01458026.jpg,SNE
01458027.jpg,SNE
01458028.jpg,SNE
01458029.jpg,SNE
01458030.jpg,SNE
01458031.jpg,SNE
01458032.jpg,SNE
01458033.jpg,SNE
01458034.jpg,SNE
01458035.jpg,BNE
01458036.jpg,SNE
01458037.jpg,SNE
01458038.jpg,SNE
01458039.jpg,SNE
01458040.jpg,SNE
01458041.jpg,SNE
01458042.jpg,SNE
01458043.jpg,SNE
01458044.jpg,SNE
01458045.jpg,SNE
01458046.jpg,SNE
01458047.jpg,SNE
01458048.jpg,SNE
01458049.jpg,SNE
01458050.jpg,SNE
01458051.jpg,SNE
01458052.jpg,SNE
01458053.jpg,SNE
01458054.jpg,SNE
01458055.jpg,SNE
01458056.jpg,VLY
01458057.jpg,VLY
01458058.jpg,BA
01458059.jpg,BA
01458060.jpg,BA
01458061.jpg,BA
01458062.jpg,BA
01458063.jpg,BA
01458064.jpg,BL
01458065.jpg,BL
01458066.jpg,BL
01458067.jpg,VLY
01458068.jpg,BL
01458069.jpg,BNE
01458070.jpg,BNE
01458071.jpg,BNE
01458072.jpg,BNE
01458073.jpg,BNE
01458074.jpg,BNE
01458075.jpg,BNE
01458076.jpg,EO
01458077.jpg,EO
01458078.jpg,LY
01458079.jpg,LY
01458080.jpg,LY
01458081.jpg,LY
01458082.jpg,LY
01458083.jpg,LY
01458084.jpg,LY
01458085.jpg,MY
01458086.jpg,LY
01458087.jpg,LY
01458088.jpg,BNE
01458089.jpg,BNE
01458090.jpg,BNE
01458091.jpg,BNE
01458092.jpg,MMY
01458093.jpg,MO
01458094.jpg,MO
01458095.jpg,MO
01458096.jpg,MMY
01458097.jpg,MY
01458098.jpg,MY
01458099.jpg,MY
01458100.jpg,MY
01458101.jpg,MY
01458102.jpg,MMY
01458103.jpg,MO
01458104.jpg,MY
01458105.jpg,VLY
01458106.jpg,MY
01458107.jpg,MY
01458108.jpg,MY
01458109.jpg,MY
01458110.jpg,MY
01458111.jpg,MY
01458112.jpg,MY
01458113.jpg,MY
01458114.jpg,MY
01458115.jpg,SNE
01458116.jpg,BNE
01458117.jpg,MMY
01458118.jpg,SNE
01458119.jpg,SNE
01458120.jpg,SNE
01458121.jpg,SNE
01458122.jpg,MY
01458123.jpg,SNE
01458124.jpg,SNE
01458125.jpg,SNE
01458126.jpg,SNE
01458127.jpg,SNE
01458128.jpg,SNE
01458129.jpg,SNE
01458130.jpg,SNE
01458131.jpg,BNE
01458132.jpg,SNE
01458133.jpg,SNE
01458134.jpg,SNE
01458135.jpg,SNE
01458136.jpg,SNE
01458137.jpg,SNE
01458138.jpg,SNE
01458139.jpg,SNE
01458140.jpg,BNE
01458141.jpg,SNE
01458142.jpg,BNE
01458143.jpg,SNE
01458144.jpg,SNE
01458145.jpg,BNE
01458146.jpg,SNE
01458147.jpg,SNE
01458148.jpg,SNE
01458149.jpg,BNE
01458150.jpg,BNE
01458151.jpg,SNE
01458152.jpg,BNE
01458153.jpg,SNE
01458154.jpg,SNE
01458155.jpg,SNE
01458156.jpg,SNE
01458157.jpg,BNE
01458158.jpg,SNE
01458159.jpg,SNE
01458160.jpg,SNE
01458161.jpg,SNE
01458162.jpg,BNE
01458163.jpg,SNE
01458164.jpg,SNE
01458165.jpg,SNE
01458166.jpg,SNE
01458167.jpg,BNE
01458168.jpg,BNE
01458169.jpg,SNE
01458170.jpg,SNE
01458171.jpg,SNE
01458172.jpg,EO
01458173.jpg,EO
01458174.jpg,VLY
01458175.jpg,BL
01458176.jpg,LY
01458177.jpg,LY
01458178.jpg,VLY
01458179.jpg,LY
01458180.jpg,LY
01458181.jpg,LY
01458182.jpg,LY
01458183.jpg,LY
01458184.jpg,LY
01458185.jpg,LY
01458186.jpg,LY
01458187.jpg,LY
01458188.jpg,LY
01458189.jpg,VLY
01458190.jpg,LY
01458191.jpg,LY
01458192.jpg,LY
01458193.jpg,LY
01458194.jpg,LY
01458195.jpg,VLY
01458196.jpg,LY
01458197.jpg,LY
01458198.jpg,LY
01458199.jpg,LY
01458200.jpg,LY
01458201.jpg,LY
01458202.jpg,LY
01458203.jpg,VLY
01458204.jpg,LY
01458205.jpg,LY
01458206.jpg,LY
01458207.jpg,MO
01458208.jpg,MO
01458209.jpg,MO
01458210.jpg,MO
01458211.jpg,BNE
01458212.jpg,MO
01458213.jpg,MMY
01458214.jpg,MMY
01458215.jpg,MO
01458216.jpg,MO
01458217.jpg,MO
01458218.jpg,MO
01458219.jpg,MO
01458220.jpg,MO
01458221.jpg,MO
01458222.jpg,MO
01458223.jpg,MO
01458224.jpg,BL
01458225.jpg,SNE
01458226.jpg,SNE
01458227.jpg,SNE
01458228.jpg,SNE
01458229.jpg,SNE
01458230.jpg,SNE
01458231.jpg,SNE
01458232.jpg,SNE
01458233.jpg,SNE
01458234.jpg,SNE
01458235.jpg,SNE
01458236.jpg,SNE
01458237.jpg,SNE
01458238.jpg,SNE
01458239.jpg,SNE
01458240.jpg,SNE
01458241.jpg,SNE
01458242.jpg,SNE
01458243.jpg,SNE
01458244.jpg,SNE
01458245.jpg,SNE
01458246.jpg,SNE
01458247.jpg,SNE
01458248.jpg,SNE
01458249.jpg,SNE
01458250.jpg,SNE
01458251.jpg,SNE
01458252.jpg,SNE
01458253.jpg,SNE
01458254.jpg,SNE
01458255.jpg,SNE
01458256.jpg,SNE
01458257.jpg,SNE
01458258.jpg,SNE
01458259.jpg,SNE
01458260.jpg,BNE
01458261.jpg,SNE
01458262.jpg,SNE
01458263.jpg,SNE
01458264.jpg,SNE
01458265.jpg,SNE
01458266.jpg,SNE
01458267.jpg,SNE
01458268.jpg,SNE
01458269.jpg,SNE
01458270.jpg,SNE
01458271.jpg,SNE
01458272.jpg,SNE
01458273.jpg,SNE
01458274.jpg,SNE
01458275.jpg,SNE
01458276.jpg,SNE
01458277.jpg,SNE
01458278.jpg,SNE
01458279.jpg,SNE
01458280.jpg,SNE
01458281.jpg,SNE
01458282.jpg,VLY
01458283.jpg,VLY
01458284.jpg,BA
01458285.jpg,BA
01458286.jpg,BA
01458287.jpg,BL
01458288.jpg,BL
01458289.jpg,BL
01458290.jpg,BL
01458291.jpg,BL
01458292.jpg,EO
01458293.jpg,LY
01458294.jpg,LY
01458295.jpg,LY
01458296.jpg,LY
01458297.jpg,LY
01458298.jpg,LY
01458299.jpg,MMY
01458300.jpg,MMY
01458301.jpg,MMY
01458302.jpg,MMY
01458303.jpg,MO
01458304.jpg,MO
01458305.jpg,MO
01458306.jpg,MO
01458307.jpg,MO
01458308.jpg,MO
01458309.jpg,MO
01458310.jpg,MO
01458311.jpg,MO
01458312.jpg,MO
01458313.jpg,MO
01458314.jpg,MO
01458315.jpg,MO
01458316.jpg,LY
01458317.jpg,VLY
01458318.jpg,MO
01458319.jpg,SNE
01458320.jpg,SNE
01458321.jpg,SNE
01458322.jpg,SNE
01458323.jpg,SNE
01458324.jpg,BNE
01458325.jpg,SNE
01458326.jpg,SNE
01458327.jpg,SNE
01458328.jpg,SNE
01458329.jpg,SNE
01458330.jpg,SNE
01458331.jpg,SNE
01458332.jpg,SNE
01458333.jpg,BNE
01458334.jpg,SNE
01458335.jpg,SNE
01458336.jpg,SNE
01458337.jpg,SNE
01458338.jpg,SNE
01458339.jpg,SNE
01458340.jpg,SNE
01458341.jpg,SNE
01458342.jpg,SNE
01458343.jpg,SNE
01458344.jpg,BNE
01458345.jpg,SNE
01458346.jpg,SNE
01458347.jpg,SNE
01458348.jpg,SNE
01458349.jpg,SNE
01458350.jpg,SNE
01458351.jpg,SNE
01458352.jpg,SNE
01458353.jpg,SNE
01458354.jpg,SNE
01458355.jpg,BNE
01458356.jpg,SNE
01458357.jpg,SNE
01458358.jpg,SNE
01458359.jpg,SNE
01458360.jpg,SNE
01458361.jpg,SNE
01458362.jpg,SNE
01458363.jpg,SNE
01458364.jpg,SNE
01458365.jpg,SNE
01458366.jpg,SNE
01458367.jpg,SNE
01458368.jpg,SNE
01458369.jpg,SNE
01458370.jpg,SNE
01458371.jpg,SNE
01458372.jpg,SNE
01458373.jpg,SNE
01458374.jpg,SNE
01458375.jpg,BNE
01458376.jpg,SNE
01458377.jpg,SNE
01458378.jpg,BNE
01458379.jpg,SNE
01458380.jpg,SNE
01458381.jpg,SNE
01458382.jpg,SNE
01458383.jpg,SNE
01458384.jpg,SNE
01458385.jpg,SNE
01458386.jpg,SNE
01458387.jpg,SNE
01458388.jpg,SNE
01458389.jpg,SNE
01458390.jpg,SNE
01458391.jpg,BA
01458392.jpg,BA
01458393.jpg,EO
01458394.jpg,EO
01458395.jpg,EO
01458396.jpg,EO
01458397.jpg,EO
01458398.jpg,EO
01458399.jpg,EO
01458400.jpg,EO
01458401.jpg,EO
01458402.jpg,LY
01458403.jpg,LY
01458404.jpg,LY
01458405.jpg,LY
01458406.jpg,LY
01458407.jpg,LY
01458408.jpg,LY
01458409.jpg,LY
01458410.jpg,LY
01458411.jpg,LY
01458412.jpg,LY
01458413.jpg,LY
01458414.jpg,LY
01458415.jpg,LY
01458416.jpg,LY
01458417.jpg,LY
01458418.jpg,VLY
01458419.jpg,LY
01458420.jpg,LY
01458421.jpg,LY
01458422.jpg,LY
01458423.jpg,MO
01458424.jpg,LY
01458425.jpg,LY
01458426.jpg,MY
01458427.jpg,LY
01458428.jpg,LY
01458429.jpg,LY
01458430.jpg,LY
01458431.jpg,MMY
01458432.jpg,MO
01458433.jpg,MO
01458434.jpg,MO
01458435.jpg,MO
01458436.jpg,MO
01458437.jpg,MO
01458438.jpg,MO
01458439.jpg,MO
01458440.jpg,MO
01458441.jpg,MO
01458442.jpg,MO
01458443.jpg,MO
01458444.jpg,MO
01458445.jpg,MO
01458446.jpg,MO
01458447.jpg,SNE
01458448.jpg,SNE
01458449.jpg,SNE
01458450.jpg,SNE
01458451.jpg,SNE
01458452.jpg,SNE
01458453.jpg,SNE
01458454.jpg,SNE
01458455.jpg,SNE
01458456.jpg,SNE
01458457.jpg,SNE
01458458.jpg,SNE
01458459.jpg,SNE
01458460.jpg,SNE
01458461.jpg,SNE
01458462.jpg,SNE
01458463.jpg,SNE
01458464.jpg,SNE
01458465.jpg,SNE
01458466.jpg,SNE
01458467.jpg,SNE
01458468.jpg,SNE
01458469.jpg,SNE
01458470.jpg,SNE
01458471.jpg,SNE
01458472.jpg,SNE
01458473.jpg,SNE
01458474.jpg,SNE
01458475.jpg,SNE
01458476.jpg,SNE
01458477.jpg,SNE
01458478.jpg,SNE
01458479.jpg,SNE
01458480.jpg,SNE
01458481.jpg,SNE
01458482.jpg,SNE
01458483.jpg,SNE
01458484.jpg,SNE
01458485.jpg,SNE
01458486.jpg,SNE
01458487.jpg,SNE
01458488.jpg,SNE
01458489.jpg,SNE
01458490.jpg,SNE
01458491.jpg,SNE
01458492.jpg,SNE
01458493.jpg,SNE
01458494.jpg,SNE
01458495.jpg,SNE
01458496.jpg,SNE
01458497.jpg,SNE
01458498.jpg,SNE
01458499.jpg,SNE
01458500.jpg,SNE
01458501.jpg,VLY
01458502.jpg,PC
01458503.jpg,LY
01458504.jpg,LY
01458505.jpg,LY
01458506.jpg,LY
01458507.jpg,LY
01458508.jpg,LY
01458509.jpg,LY
01458510.jpg,LY
01458511.jpg,LY
01458512.jpg,LY
01458513.jpg,LY
01458514.jpg,LY
01458515.jpg,LY
01458516.jpg,LY
01458517.jpg,LY
01458518.jpg,LY
01458519.jpg,LY
01458520.jpg,LY
01458521.jpg,LY
01458522.jpg,LY
01458523.jpg,LY
01458524.jpg,LY
01458525.jpg,LY
01458526.jpg,LY
01458527.jpg,LY
01458528.jpg,LY
01458529.jpg,LY
01458530.jpg,LY
01458531.jpg,LY
01458532.jpg,LY
01458533.jpg,LY
01458534.jpg,LY
01458535.jpg,LY
01458536.jpg,LY
01458537.jpg,LY
01458538.jpg,LY
01458539.jpg,LY
01458540.jpg,LY
01458541.jpg,LY
01458542.jpg,LY
01458543.jpg,LY
01458544.jpg,LY
01458545.jpg,LY
01458546.jpg,LY
01458547.jpg,LY
01458548.jpg,LY
01458549.jpg,LY
01458550.jpg,LY
01458551.jpg,LY
01458552.jpg,LY
01458553.jpg,LY
01458554.jpg,LY
01458555.jpg,LY
01458556.jpg,LY
01458557.jpg,LY
01458558.jpg,LY
01458559.jpg,LY
01458560.jpg,LY
01458561.jpg,LY
01458562.jpg,LY
01458563.jpg,LY
01458564.jpg,BNE
01458565.jpg,MO
01458566.jpg,MO
01458567.jpg,MO
01458568.jpg,MO
01458569.jpg,MO
01458570.jpg,MO
01458571.jpg,MO
01458572.jpg,MO
01458573.jpg,MO
01458574.jpg,MO
01458575.jpg,MO
01458576.jpg,MO
01458577.jpg,MO
01458578.jpg,MO
01458579.jpg,MO
01458580.jpg,MO
01458581.jpg,MO
01458582.jpg,MO
01458583.jpg,MO
01458584.jpg,MO
01458585.jpg,MO
01458586.jpg,MO
01458587.jpg,SNE
01458588.jpg,SNE
01458589.jpg,SNE
01458590.jpg,EO
01458591.jpg,SNE
01458592.jpg,SNE
01458593.jpg,SNE
01458594.jpg,SNE
01458595.jpg,SNE
01458596.jpg,SNE
01458597.jpg,SNE
01458598.jpg,SNE
01458599.jpg,SNE
01458600.jpg,SNE
01458601.jpg,SNE
01458602.jpg,SNE
01458603.jpg,SNE
01458604.jpg,SNE
01458605.jpg,SNE
01458606.jpg,SNE
01458607.jpg,SNE
01458608.jpg,SNE
01458609.jpg,SNE
01458610.jpg,SNE
01458611.jpg,SNE
01458612.jpg,SNE
01458613.jpg,SNE
01458614.jpg,SNE
01458615.jpg,SNE
01458616.jpg,SNE
01458617.jpg,SNE
01458618.jpg,SNE
01458619.jpg,SNE
01458620.jpg,SNE
01458621.jpg,SNE
01458622.jpg,SNE
01458623.jpg,SNE
01458624.jpg,VLY
01458625.jpg,VLY
01458626.jpg,VLY
01458627.jpg,BL
01458628.jpg,BL
01458629.jpg,BL
01458630.jpg,PMY
01458631.jpg,BL
01458632.jpg,BNE
01458633.jpg,EO
01458634.jpg,LY
01458635.jpg,LY
01458636.jpg,LY
01458637.jpg,LY
01458638.jpg,PC
01458639.jpg,LY
01458640.jpg,LY
01458641.jpg,LY
01458642.jpg,LY
01458643.jpg,MMY
01458644.jpg,MMY
01458645.jpg,MMY
01458646.jpg,MMY
01458647.jpg,MO
01458648.jpg,MMY
01458649.jpg,MMY
01458650.jpg,MMY
01458651.jpg,MMY
01458652.jpg,MMY
01458653.jpg,MMY
01458654.jpg,MMY
01458655.jpg,BNE
01458656.jpg,MMY
01458657.jpg,MO
01458658.jpg,MO
01458659.jpg,MO
01458660.jpg,MO
01458661.jpg,MY
01458662.jpg,PMY
01458663.jpg,MY
01458664.jpg,MY
01458665.jpg,PMY
01458666.jpg,PMY
01458667.jpg,MY
01458668.jpg,PMY
01458669.jpg,MMY
01458670.jpg,SNE
01458671.jpg,SNE
01458672.jpg,SNE
01458673.jpg,SNE
01458674.jpg,SNE
01458675.jpg,BNE
01458676.jpg,BNE
01458677.jpg,SNE
01458678.jpg,MMY
01458679.jpg,SNE
01458680.jpg,SNE
01458681.jpg,SNE
01458682.jpg,BNE
01458683.jpg,SNE
01458684.jpg,SNE
01458685.jpg,SNE
01458686.jpg,MMY
01458687.jpg,BNE
01458688.jpg,SNE
01458689.jpg,SNE
01458690.jpg,SNE
01458691.jpg,SNE
01458692.jpg,SNE
01458693.jpg,SNE
01458694.jpg,BNE
01458695.jpg,SNE
01458696.jpg,SNE
01458697.jpg,SNE
01458698.jpg,SNE
01458699.jpg,BNE
01458700.jpg,SNE
01458701.jpg,SNE
01458702.jpg,MMY
01458703.jpg,SNE
01458704.jpg,SNE
01458705.jpg,SNE
01458706.jpg,SNE
01458707.jpg,SNE
01458708.jpg,SNE
01458709.jpg,BNE
01458710.jpg,SNE
01458711.jpg,SNE
01458712.jpg,SNE
01458713.jpg,SNE
01458714.jpg,SNE
01458715.jpg,BNE
01458716.jpg,BNE
01458717.jpg,SNE
01458718.jpg,SNE
01458719.jpg,SNE
01458720.jpg,SNE
01458721.jpg,BNE
01458722.jpg,SNE
01458723.jpg,BNE
01458724.jpg,SNE
01458725.jpg,SNE
01458726.jpg,SNE
01458727.jpg,SNE
01458728.jpg,SNE
01458729.jpg,SNE
01458730.jpg,BNE
01458731.jpg,SNE
01458732.jpg,SNE
01458733.jpg,SNE
01458734.jpg,BNE
01458735.jpg,SNE
01458736.jpg,MO
01458737.jpg,SNE
01458738.jpg,SNE
01458739.jpg,SNE
01458740.jpg,BNE
01458741.jpg,SNE
01458742.jpg,BNE
01458743.jpg,BNE
01458744.jpg,SNE
01458745.jpg,BA
01458746.jpg,EO
01458747.jpg,EO
01458748.jpg,EO
01458749.jpg,EO
01458750.jpg,EO
01458751.jpg,EO
01458752.jpg,SNE
01458753.jpg,EO
01458754.jpg,MMY
01458755.jpg,LY
01458756.jpg,LY
01458757.jpg,LY
01458758.jpg,LY
01458759.jpg,LY
01458760.jpg,LY
01458761.jpg,LY
01458762.jpg,LY
01458763.jpg,LY
01458764.jpg,LY
01458765.jpg,LY
01458766.jpg,LY
01458767.jpg,LY
01458768.jpg,LY
01458769.jpg,LY
01458770.jpg,LY
01458771.jpg,LY
01458772.jpg,LY
01458773.jpg,LY
01458774.jpg,VLY
01458775.jpg,LY
01458776.jpg,LY
01458777.jpg,LY
01458778.jpg,LY
01458779.jpg,LY
01458780.jpg,MO
01458781.jpg,MO
01458782.jpg,MO
01458783.jpg,MO
01458784.jpg,MO
01458785.jpg,MO
01458786.jpg,MO
01458787.jpg,MO
01458788.jpg,MO
01458789.jpg,MO
01458790.jpg,MO
01458791.jpg,SNE
01458792.jpg,SNE
01458793.jpg,SNE
01458794.jpg,SNE
01458795.jpg,SNE
01458796.jpg,SNE
01458797.jpg,SNE
01458798.jpg,SNE
01458799.jpg,SNE
01458800.jpg,SNE
01458801.jpg,SNE
01458802.jpg,SNE
01458803.jpg,SNE
01458804.jpg,SNE
01458805.jpg,SNE
01458806.jpg,SNE
01458807.jpg,SNE
01458808.jpg,SNE
01458809.jpg,SNE
01458810.jpg,SNE
01458811.jpg,SNE
01458812.jpg,SNE
01458813.jpg,SNE
01458814.jpg,SNE
01458815.jpg,SNE
01458816.jpg,SNE
01458817.jpg,SNE
01458818.jpg,SNE
01458819.jpg,SNE
01458820.jpg,SNE
01458821.jpg,SNE
01458822.jpg,SNE
01458823.jpg,SNE
01458824.jpg,SNE
01458825.jpg,SNE
01458826.jpg,SNE
01458827.jpg,SNE
01458828.jpg,SNE
01458829.jpg,SNE
01458830.jpg,SNE
01458831.jpg,SNE
01458832.jpg,SNE
01458833.jpg,SNE
01458834.jpg,SNE
01458835.jpg,SNE
01458836.jpg,SNE
01458837.jpg,SNE
01458838.jpg,SNE
01458839.jpg,SNE
01458840.jpg,SNE
01458841.jpg,SNE
01458842.jpg,SNE
01458843.jpg,SNE
01458844.jpg,SNE
01458845.jpg,SNE
01458846.jpg,SNE
01458847.jpg,SNE
01458848.jpg,SNE
01458849.jpg,SNE
01458850.jpg,SNE
01458851.jpg,SNE
01458852.jpg,MO
01458853.jpg,BL
01458854.jpg,LY
01458855.jpg,LY
01458856.jpg,LY
01458857.jpg,LY
01458858.jpg,VLY
01458859.jpg,LY
01458860.jpg,VLY
01458861.jpg,LY
01458862.jpg,LY
01458863.jpg,LY
01458864.jpg,LY
01458865.jpg,PC
01458866.jpg,LY
01458867.jpg,LY
01458868.jpg,PC
01458869.jpg,LY
01458870.jpg,LY
01458871.jpg,LY
01458872.jpg,LY
01458873.jpg,LY
01458874.jpg,LY
01458875.jpg,LY
01458876.jpg,LY
01458877.jpg,LY
01458878.jpg,LY
01458879.jpg,LY
01458880.jpg,LY
01458881.jpg,LY
01458882.jpg,LY
01458883.jpg,LY
01458884.jpg,LY
01458885.jpg,LY
01458886.jpg,LY
01458887.jpg,LY
01458888.jpg,LY
01458889.jpg,LY
01458890.jpg,LY
01458891.jpg,LY
01458892.jpg,LY
01458893.jpg,LY
01458894.jpg,LY
01458895.jpg,LY
01458896.jpg,LY
01458897.jpg,LY
01458898.jpg,LY
01458899.jpg,MO
01458900.jpg,MO
01458901.jpg,MO
01458902.jpg,SNE
01458903.jpg,SNE
01458904.jpg,SNE
01458905.jpg,SNE
01458906.jpg,SNE
01458907.jpg,SNE
01458908.jpg,SNE
01458909.jpg,SNE
01458910.jpg,SNE
01458911.jpg,SNE
01458912.jpg,SNE
01458913.jpg,SNE
01458914.jpg,SNE
01458915.jpg,SNE
01458916.jpg,SNE
01458917.jpg,SNE
01458918.jpg,SNE
01458919.jpg,SNE
01458920.jpg,SNE
01458921.jpg,SNE
01458922.jpg,SNE
01458923.jpg,SNE
01458924.jpg,SNE
01458925.jpg,SNE
01458926.jpg,SNE
01458927.jpg,BNE
01458928.jpg,SNE
01458929.jpg,SNE
01458930.jpg,SNE
01458931.jpg,SNE
01458932.jpg,SNE
01458933.jpg,SNE
01458934.jpg,SNE
01458935.jpg,SNE
01458936.jpg,SNE
01458937.jpg,SNE
01458938.jpg,SNE
01458939.jpg,SNE
01458940.jpg,SNE
01458941.jpg,SNE
01458942.jpg,SNE
01458943.jpg,SNE
01458944.jpg,SNE
01458945.jpg,SNE
01458946.jpg,SNE
01458947.jpg,SNE
01458948.jpg,SNE
01458949.jpg,SNE
01458950.jpg,SNE
01458951.jpg,SNE
01458952.jpg,SNE
01458953.jpg,SNE
01458954.jpg,SNE
01458955.jpg,SNE
01458956.jpg,SNE
01458957.jpg,SNE
01458958.jpg,SNE
01458959.jpg,SNE
01458960.jpg,SNE
01458961.jpg,SNE
01458962.jpg,SNE
01458963.jpg,SNE
01458964.jpg,VLY
01458965.jpg,BA
01458966.jpg,EO
01458967.jpg,EO
01458968.jpg,EO
01458969.jpg,EO
01458970.jpg,EO
01458971.jpg,LY
01458972.jpg,LY
01458973.jpg,LY
01458974.jpg,LY
01458975.jpg,LY
01458976.jpg,LY
01458977.jpg,LY
01458978.jpg,VLY
01458979.jpg,LY
01458980.jpg,LY
01458981.jpg,LY
01458982.jpg,LY
01458983.jpg,LY
01458984.jpg,LY
01458985.jpg,LY
01458986.jpg,LY
01458987.jpg,LY
01458988.jpg,LY
01458989.jpg,LY
01458990.jpg,LY
01458991.jpg,LY
01458992.jpg,LY
01458993.jpg,LY
01458994.jpg,LY
01458995.jpg,LY
01458996.jpg,MO
01458997.jpg,MO
01458998.jpg,MO
01458999.jpg,MO
01459000.jpg,MO
01459001.jpg,MO
01459002.jpg,MO
01459003.jpg,MO
01459004.jpg,VLY
01459005.jpg,MO
01459006.jpg,SNE
01459007.jpg,SNE
01459008.jpg,SNE
01459009.jpg,SNE
01459010.jpg,SNE
01459011.jpg,SNE
01459012.jpg,SNE
01459013.jpg,SNE
01459014.jpg,SNE
01459015.jpg,SNE
01459016.jpg,SNE
01459017.jpg,SNE
01459018.jpg,SNE
01459019.jpg,SNE
01459020.jpg,SNE
01459021.jpg,SNE
01459022.jpg,SNE
01459023.jpg,SNE
01459024.jpg,SNE
01459025.jpg,SNE
01459026.jpg,SNE
01459027.jpg,SNE
01459028.jpg,SNE
01459029.jpg,SNE
01459030.jpg,SNE
01459031.jpg,SNE
01459032.jpg,SNE
01459033.jpg,SNE
01459034.jpg,SNE
01459035.jpg,SNE
01459036.jpg,SNE
01459037.jpg,SNE
01459038.jpg,SNE
01459039.jpg,SNE
01459040.jpg,SNE
01459041.jpg,SNE
01459042.jpg,SNE
01459043.jpg,SNE
01459044.jpg,SNE
01459045.jpg,SNE
01459046.jpg,SNE
01459047.jpg,SNE
01459048.jpg,SNE
01459049.jpg,SNE
01459050.jpg,SNE
01459051.jpg,SNE
01459052.jpg,SNE
01459053.jpg,SNE
01459054.jpg,SNE
01459055.jpg,SNE
01459056.jpg,SNE
01459057.jpg,SNE
01459058.jpg,SNE
01459059.jpg,SNE
01459060.jpg,SNE
01459061.jpg,SNE
01459062.jpg,SNE
01459063.jpg,SNE
01459064.jpg,SNE
01459065.jpg,SNE
01459066.jpg,SNE
01459067.jpg,SNE
01459068.jpg,SNE
01459069.jpg,SNE
01459070.jpg,SNE
01459071.jpg,SNE
01459072.jpg,SNE
01459073.jpg,SNE
01459074.jpg,SNE
01459075.jpg,SNE
01459076.jpg,SNE
01459077.jpg,LY
01459078.jpg,VLY
01459079.jpg,BA
01459080.jpg,BA
01459081.jpg,BA
01459082.jpg,BA
01459083.jpg,BA
01459084.jpg,LY
01459085.jpg,LY
01459086.jpg,LY
01459087.jpg,LY
01459088.jpg,LY
01459089.jpg,LY
01459090.jpg,LY
01459091.jpg,LY
01459092.jpg,LY
01459093.jpg,LY
01459094.jpg,LY
01459095.jpg,LY
01459096.jpg,LY
01459097.jpg,LY
01459098.jpg,LY
01459099.jpg,LY
01459100.jpg,LY
01459101.jpg,LY
01459102.jpg,VLY
01459103.jpg,LY
01459104.jpg,LY
01459105.jpg,LY
01459106.jpg,LY
01459107.jpg,LY
01459108.jpg,LY
01459109.jpg,LY
01459110.jpg,LY
01459111.jpg,LY
01459112.jpg,LY
01459113.jpg,LY
01459114.jpg,LY
01459115.jpg,LY
01459116.jpg,LY
01459117.jpg,LY
01459118.jpg,LY
01459119.jpg,LY
01459120.jpg,LY
01459121.jpg,LY
01459122.jpg,VLY
01459123.jpg,LY
01459124.jpg,LY
01459125.jpg,LY
01459126.jpg,LY
01459127.jpg,LY
01459128.jpg,LY
01459129.jpg,LY
01459130.jpg,LY
01459131.jpg,LY
01459132.jpg,LY
01459133.jpg,LY
01459134.jpg,VLY
01459135.jpg,LY
01459136.jpg,LY
01459137.jpg,MO
01459138.jpg,MO
01459139.jpg,MO
01459140.jpg,MO
01459141.jpg,MO
01459142.jpg,MO
01459143.jpg,MO
01459144.jpg,MO
01459145.jpg,MO
01459146.jpg,MO
01459147.jpg,MO
01459148.jpg,MO
01459149.jpg,SNE
01459150.jpg,SNE
01459151.jpg,SNE
01459152.jpg,SNE
01459153.jpg,SNE
01459154.jpg,SNE
01459155.jpg,SNE
01459156.jpg,SNE
01459157.jpg,SNE
01459158.jpg,SNE
01459159.jpg,SNE
01459160.jpg,SNE
01459161.jpg,SNE
01459162.jpg,SNE
01459163.jpg,SNE
01459164.jpg,SNE
01459165.jpg,SNE
01459166.jpg,SNE
01459167.jpg,SNE
01459168.jpg,SNE
01459169.jpg,SNE
01459170.jpg,SNE
01459171.jpg,SNE
01459172.jpg,SNE
01459173.jpg,SNE
01459174.jpg,SNE
01459175.jpg,SNE
01459176.jpg,SNE
01459177.jpg,SNE
01459178.jpg,SNE
01459179.jpg,SNE
01459180.jpg,SNE
01459181.jpg,SNE
01459182.jpg,SNE
01459183.jpg,SNE
01459184.jpg,SNE
01459185.jpg,SNE
01459186.jpg,SNE
01459187.jpg,SNE
01459188.jpg,SNE
01459189.jpg,SNE
01459190.jpg,SNE
01459191.jpg,SNE
01459192.jpg,SNE
01459193.jpg,SNE
01459194.jpg,SNE
01459195.jpg,VLY
01459196.jpg,VLY
01459197.jpg,BA
01459198.jpg,BA
01459199.jpg,BA
01459200.jpg,BA
01459201.jpg,BA
01459202.jpg,BL
01459203.jpg,LY
01459204.jpg,VLY
01459205.jpg,EO
01459206.jpg,EO
01459207.jpg,LY
01459208.jpg,LY
01459209.jpg,LY
01459210.jpg,LY
01459211.jpg,LY
01459212.jpg,LY
01459213.jpg,LY
01459214.jpg,VLY
01459215.jpg,LY
01459216.jpg,LY
01459217.jpg,PC
01459218.jpg,LY
01459219.jpg,LY
01459220.jpg,LY
01459221.jpg,VLY
01459222.jpg,LY
01459223.jpg,LY
01459224.jpg,LY
01459225.jpg,LY
01459226.jpg,LY
01459227.jpg,LY
01459228.jpg,VLY
01459229.jpg,LY
01459230.jpg,LY
01459231.jpg,LY
01459232.jpg,VLY
01459233.jpg,LY
01459234.jpg,LY
01459235.jpg,LY
01459236.jpg,VLY
01459237.jpg,LY
01459238.jpg,MY
01459239.jpg,LY
01459240.jpg,LY
01459241.jpg,LY
01459242.jpg,PC
01459243.jpg,LY
01459244.jpg,LY
01459245.jpg,LY
01459246.jpg,LY
01459247.jpg,LY
01459248.jpg,LY
01459249.jpg,LY
01459250.jpg,LY
01459251.jpg,LY
01459252.jpg,LY
01459253.jpg,LY
01459254.jpg,LY
01459255.jpg,LY
01459256.jpg,LY
01459257.jpg,LY
01459258.jpg,VLY
01459259.jpg,LY
01459260.jpg,LY
01459261.jpg,LY
01459262.jpg,LY
01459263.jpg,LY
01459264.jpg,LY
01459265.jpg,LY
01459266.jpg,LY
01459267.jpg,LY
01459268.jpg,LY
01459269.jpg,LY
01459270.jpg,LY
01459271.jpg,LY
01459272.jpg,LY
01459273.jpg,LY
01459274.jpg,LY
01459275.jpg,LY
01459276.jpg,LY
01459277.jpg,MO
01459278.jpg,MO
01459279.jpg,MO
01459280.jpg,MO
01459281.jpg,MO
01459282.jpg,MO
01459283.jpg,MO
01459284.jpg,MO
01459285.jpg,MO
01459286.jpg,MO
01459287.jpg,MO
01459288.jpg,SNE
01459289.jpg,SNE
01459290.jpg,SNE
01459291.jpg,SNE
01459292.jpg,SNE
01459293.jpg,SNE
01459294.jpg,SNE
01459295.jpg,SNE
01459296.jpg,SNE
01459297.jpg,SNE
01459298.jpg,SNE
01459299.jpg,SNE
01459300.jpg,SNE
01459301.jpg,SNE
01459302.jpg,SNE
01459303.jpg,BNE
01459304.jpg,SNE
01459305.jpg,SNE
01459306.jpg,SNE
01459307.jpg,SNE
01459308.jpg,BNE
01459309.jpg,SNE
01459310.jpg,SNE
01459311.jpg,SNE
01459312.jpg,MO
01459313.jpg,BL
01459314.jpg,LY
01459315.jpg,LY
01459316.jpg,LY
01459317.jpg,LY
01459318.jpg,LY
01459319.jpg,LY
01459320.jpg,LY
01459321.jpg,LY
01459322.jpg,LY
01459323.jpg,LY
01459324.jpg,LY
01459325.jpg,PC
01459326.jpg,LY
01459327.jpg,LY
01459328.jpg,LY
01459329.jpg,LY
01459330.jpg,LY
01459331.jpg,LY
01459332.jpg,LY
01459333.jpg,LY
01459334.jpg,LY
01459335.jpg,LY
01459336.jpg,LY
01459337.jpg,LY
01459338.jpg,LY
01459339.jpg,LY
01459340.jpg,LY
01459341.jpg,LY
01459342.jpg,LY
01459343.jpg,LY
01459344.jpg,LY
01459345.jpg,LY
01459346.jpg,LY
01459347.jpg,LY
01459348.jpg,LY
01459349.jpg,LY
01459350.jpg,PC
01459351.jpg,LY
01459352.jpg,LY
01459353.jpg,LY
01459354.jpg,LY
01459355.jpg,LY
01459356.jpg,LY
01459357.jpg,LY
01459358.jpg,LY
01459359.jpg,LY
01459360.jpg,LY
01459361.jpg,LY
01459362.jpg,LY
01459363.jpg,LY
01459364.jpg,LY
01459365.jpg,LY
01459366.jpg,LY
01459367.jpg,LY
01459368.jpg,LY
01459369.jpg,LY
01459370.jpg,LY
01459371.jpg,LY
01459372.jpg,LY
01459373.jpg,LY
01459374.jpg,LY
01459375.jpg,LY
01459376.jpg,LY
01459377.jpg,LY
01459378.jpg,LY
01459379.jpg,LY
01459380.jpg,LY
01459381.jpg,LY
01459382.jpg,LY
01459383.jpg,LY
01459384.jpg,LY
01459385.jpg,LY
01459386.jpg,LY
01459387.jpg,LY
01459388.jpg,LY
01459389.jpg,BL
01459390.jpg,LY
01459391.jpg,LY
01459392.jpg,LY
01459393.jpg,LY
01459394.jpg,LY
01459395.jpg,LY
01459396.jpg,LY
01459397.jpg,LY
01459398.jpg,LY
01459399.jpg,LY
01459400.jpg,LY
01459401.jpg,LY
01459402.jpg,LY
01459403.jpg,LY
01459404.jpg,LY
01459405.jpg,LY
01459406.jpg,LY
01459407.jpg,SNE
01459408.jpg,MO
01459409.jpg,MO
01459410.jpg,MO
01459411.jpg,MO
01459412.jpg,MO
01459413.jpg,MO
01459414.jpg,MO
01459415.jpg,MO
01459416.jpg,MY
01459417.jpg,BNE
01459418.jpg,BNE
01459419.jpg,SNE
01459420.jpg,SNE
01459421.jpg,SNE
01459422.jpg,SNE
01459423.jpg,SNE
01459424.jpg,SNE
01459425.jpg,BNE
01459426.jpg,SNE
01459427.jpg,BNE
01459428.jpg,BNE
01459429.jpg,BNE
01459430.jpg,SNE
01459431.jpg,LY
01459432.jpg,LY
01459433.jpg,LY
01459434.jpg,LY
01459435.jpg,LY
01459436.jpg,LY
01459437.jpg,LY
01459438.jpg,LY
01459439.jpg,LY
01459440.jpg,LY
01459441.jpg,LY
01459442.jpg,BA
01459443.jpg,LY
01459444.jpg,LY
01459445.jpg,LY
01459446.jpg,LY
01459447.jpg,LY
01459448.jpg,LY
01459449.jpg,LY
01459450.jpg,PLY
01459451.jpg,LY
01459452.jpg,LY
01459453.jpg,LY
01459454.jpg,LY
01459455.jpg,LY
01459456.jpg,LY
01459457.jpg,LY
01459458.jpg,LY
01459459.jpg,MO
01459460.jpg,MO
01459461.jpg,MO
01459462.jpg,MO
01459463.jpg,EO
01459464.jpg,MO
01459465.jpg,MO
01459466.jpg,MO
01459467.jpg,MO
01459468.jpg,SNE
01459469.jpg,SNE
01459470.jpg,SNE
01459471.jpg,SNE
01459472.jpg,SNE
01459473.jpg,SNE
01459474.jpg,SNE
01459475.jpg,SNE
01459476.jpg,SNE
01459477.jpg,SNE
01459478.jpg,SNE
01459479.jpg,SNE
01459480.jpg,BNE
01459481.jpg,SNE
01459482.jpg,SNE
01459483.jpg,SNE
01459484.jpg,SNE
01459485.jpg,SNE
01459486.jpg,SNE
01459487.jpg,SNE
01459488.jpg,SNE
01459489.jpg,SNE
01459490.jpg,SNE
01459491.jpg,SNE
01459492.jpg,SNE
01459493.jpg,SNE
01459494.jpg,SNE
01459495.jpg,SNE
01459496.jpg,SNE
01459497.jpg,SNE
01459498.jpg,SNE
01459499.jpg,SNE
01459500.jpg,SNE
01459501.jpg,SNE
01459502.jpg,SNE
01459503.jpg,SNE
01459504.jpg,SNE
01459505.jpg,SNE
01459506.jpg,SNE
01459507.jpg,SNE
01459508.jpg,SNE
01459509.jpg,SNE
01459510.jpg,SNE
01459511.jpg,SNE
01459512.jpg,SNE
01459513.jpg,SNE
01459514.jpg,SNE
01459515.jpg,SNE
01459516.jpg,SNE
01459517.jpg,SNE
01459518.jpg,SNE
01459519.jpg,SNE
01459520.jpg,SNE
01459521.jpg,SNE
01459522.jpg,SNE
01459523.jpg,SNE
01459524.jpg,SNE
01459525.jpg,SNE
01459526.jpg,SNE
01459527.jpg,SNE
01459528.jpg,SNE
01459529.jpg,SNE
01459530.jpg,SNE
01459531.jpg,SNE
01459532.jpg,SNE
01459533.jpg,SNE
01459534.jpg,SNE
01459535.jpg,BL
01459536.jpg,PC
01459537.jpg,EO
01459538.jpg,EO
01459539.jpg,EO
01459540.jpg,LY
01459541.jpg,LY
01459542.jpg,LY
01459543.jpg,LY
01459544.jpg,LY
01459545.jpg,LY
01459546.jpg,LY
01459547.jpg,LY
01459548.jpg,LY
01459549.jpg,LY
01459550.jpg,LY
01459551.jpg,LY
01459552.jpg,LY
01459553.jpg,LY
01459554.jpg,LY
01459555.jpg,VLY
01459556.jpg,LY
01459557.jpg,LY
01459558.jpg,LY
01459559.jpg,LY
01459560.jpg,LY
01459561.jpg,VLY
01459562.jpg,LY
01459563.jpg,LY
01459564.jpg,VLY
01459565.jpg,LY
01459566.jpg,LY
01459567.jpg,LY
01459568.jpg,LY
01459569.jpg,LY
01459570.jpg,MO
01459571.jpg,MO
01459572.jpg,MO
01459573.jpg,MO
01459574.jpg,MO
01459575.jpg,MO
01459576.jpg,MO
01459577.jpg,MO
01459578.jpg,MO
01459579.jpg,SNE
01459580.jpg,SNE
01459581.jpg,SNE
01459582.jpg,SNE
01459583.jpg,SNE
01459584.jpg,SNE
01459585.jpg,SNE
01459586.jpg,SNE
01459587.jpg,SNE
01459588.jpg,SNE
01459589.jpg,SNE
01459590.jpg,SNE
01459591.jpg,SNE
01459592.jpg,SNE
01459593.jpg,SNE
01459594.jpg,SNE
01459595.jpg,SNE
01459596.jpg,SNE
01459597.jpg,SNE
01459598.jpg,SNE
01459599.jpg,SNE
01459600.jpg,SNE
01459601.jpg,SNE
01459602.jpg,SNE
01459603.jpg,SNE
01459604.jpg,SNE
01459605.jpg,SNE
01459606.jpg,SNE
01459607.jpg,SNE
01459608.jpg,SNE
01459609.jpg,SNE
01459610.jpg,SNE
01459611.jpg,SNE
01459612.jpg,SNE
01459613.jpg,SNE
01459614.jpg,SNE
01459615.jpg,SNE
01459616.jpg,SNE
01459617.jpg,SNE
01459618.jpg,SNE
01459619.jpg,SNE
01459620.jpg,SNE
01459621.jpg,SNE
01459622.jpg,SNE
01459623.jpg,SNE
01459624.jpg,SNE
01459625.jpg,SNE
01459626.jpg,SNE
01459627.jpg,SNE
01459628.jpg,SNE
01459629.jpg,SNE
01459630.jpg,SNE
01459631.jpg,SNE
01459632.jpg,SNE
01459633.jpg,SNE
01459634.jpg,SNE
01459635.jpg,SNE
01459636.jpg,SNE
01459637.jpg,SNE
01459638.jpg,SNE
01459639.jpg,SNE
01459640.jpg,SNE
01459641.jpg,SNE
01459642.jpg,SNE
01459643.jpg,SNE
01459644.jpg,SNE
01459645.jpg,SNE
01459646.jpg,PC
01459647.jpg,VLY
01459648.jpg,MO
01459649.jpg,BL
01459650.jpg,VLY
01459651.jpg,VLY
01459652.jpg,BL
01459653.jpg,BL
01459654.jpg,VLY
01459655.jpg,BL
01459656.jpg,BL
01459657.jpg,BL
01459658.jpg,BL
01459659.jpg,BL
01459660.jpg,BL
01459661.jpg,VLY
01459662.jpg,BL
01459663.jpg,VLY
01459664.jpg,BL
01459665.jpg,BL
01459666.jpg,BL
01459667.jpg,VLY
01459668.jpg,BL
01459669.jpg,BL
01459670.jpg,BL
01459671.jpg,BL
01459672.jpg,BL
01459673.jpg,VLY
01459674.jpg,PMY
01459675.jpg,PMY
01459676.jpg,BL
01459677.jpg,VLY
01459678.jpg,PC
01459679.jpg,VLY
01459680.jpg,BL
01459681.jpg,BL
01459682.jpg,VLY
01459683.jpg,BL
01459684.jpg,BL
01459685.jpg,BL
01459686.jpg,BL
01459687.jpg,BL
01459688.jpg,BL
01459689.jpg,BL
01459690.jpg,BL
01459691.jpg,BL
01459692.jpg,VLY
01459693.jpg,BL
01459694.jpg,MO
01459695.jpg,VLY
01459696.jpg,VLY
01459697.jpg,BL
01459698.jpg,PMY
01459699.jpg,BL
01459700.jpg,VLY
01459701.jpg,BL
01459702.jpg,BL
01459703.jpg,BL
01459704.jpg,BL
01459705.jpg,BL
01459706.jpg,BL
01459707.jpg,BL
01459708.jpg,VLY
01459709.jpg,LY
01459710.jpg,LY
01459711.jpg,LY
01459712.jpg,LY
01459713.jpg,VLY
01459714.jpg,LY
01459715.jpg,LY
01459716.jpg,LY
01459717.jpg,LY
01459718.jpg,LY
01459719.jpg,LY
01459720.jpg,LY
01459721.jpg,VLY
01459722.jpg,LY
01459723.jpg,LY
01459724.jpg,LY
01459725.jpg,LY
01459726.jpg,LY
01459727.jpg,LY
01459728.jpg,LY
01459729.jpg,LY
01459730.jpg,VLY
01459731.jpg,LY
01459732.jpg,LY
01459733.jpg,LY
01459734.jpg,LY
01459735.jpg,VLY
01459736.jpg,LY
01459737.jpg,LY
01459738.jpg,LY
01459739.jpg,LY
01459740.jpg,LY
01459741.jpg,LY
01459742.jpg,LY
01459743.jpg,VLY
01459744.jpg,LY
01459745.jpg,LY
01459746.jpg,LY
01459747.jpg,LY
01459748.jpg,LY
01459749.jpg,LY
01459750.jpg,LY
01459751.jpg,LY
01459752.jpg,LY
01459753.jpg,BL
01459754.jpg,VLY
01459755.jpg,SNE
01459756.jpg,SNE
01459757.jpg,SNE
01459758.jpg,SNE
01459759.jpg,SNE
01459760.jpg,SNE
01459761.jpg,SNE
01459762.jpg,BA
01459763.jpg,SNE
01459764.jpg,EO
01459765.jpg,EO
01459766.jpg,EO
01459767.jpg,LY
01459768.jpg,LY
01459769.jpg,LY
01459770.jpg,LY
01459771.jpg,LY
01459772.jpg,LY
01459773.jpg,LY
01459774.jpg,LY
01459775.jpg,LY
01459776.jpg,LY
01459777.jpg,LY
01459778.jpg,LY
01459779.jpg,LY
01459780.jpg,LY
01459781.jpg,LY
01459782.jpg,MO
01459783.jpg,MO
01459784.jpg,MO
01459785.jpg,MO
01459786.jpg,MO
01459787.jpg,VLY
01459788.jpg,MO
01459789.jpg,MO
01459790.jpg,SNE
01459791.jpg,SNE
01459792.jpg,SNE
01459793.jpg,SNE
01459794.jpg,SNE
01459795.jpg,SNE
01459796.jpg,SNE
01459797.jpg,SNE
01459798.jpg,SNE
01459799.jpg,SNE
01459800.jpg,SNE
01459801.jpg,SNE
01459802.jpg,SNE
01459803.jpg,SNE
01459804.jpg,SNE
01459805.jpg,SNE
01459806.jpg,SNE
01459807.jpg,SNE
01459808.jpg,SNE
01459809.jpg,SNE
01459810.jpg,SNE
01459811.jpg,SNE
01459812.jpg,SNE
01459813.jpg,SNE
01459814.jpg,SNE
01459815.jpg,SNE
01459816.jpg,SNE
01459817.jpg,SNE
01459818.jpg,SNE
01459819.jpg,SNE
01459820.jpg,SNE
01459821.jpg,SNE
01459822.jpg,SNE
01459823.jpg,SNE
01459824.jpg,SNE
01459825.jpg,SNE
01459826.jpg,SNE
01459827.jpg,SNE
01459828.jpg,SNE
01459829.jpg,SNE
01459830.jpg,SNE
01459831.jpg,SNE
01459832.jpg,SNE
01459833.jpg,SNE
01459834.jpg,SNE
01459835.jpg,SNE
01459836.jpg,SNE
01459837.jpg,SNE
01459838.jpg,SNE
01459839.jpg,SNE
01459840.jpg,SNE
01459841.jpg,SNE
01459842.jpg,SNE
01459843.jpg,SNE
01459844.jpg,SNE
01459845.jpg,SNE
01459846.jpg,SNE
01459847.jpg,SNE
01459848.jpg,SNE
01459849.jpg,SNE
01459850.jpg,SNE
01459851.jpg,SNE
01459852.jpg,SNE
01459853.jpg,SNE
01459854.jpg,SNE
01459855.jpg,SNE
01459856.jpg,SNE
01459857.jpg,SNE
01459858.jpg,SNE
01459859.jpg,SNE
01459860.jpg,SNE
01459861.jpg,SNE
01459862.jpg,SNE
01459863.jpg,SNE
01459864.jpg,SNE
01459865.jpg,SNE
01459866.jpg,SNE
01459867.jpg,SNE
01459868.jpg,SNE
01459869.jpg,SNE
01459870.jpg,VLY
01459871.jpg,VLY
01459872.jpg,BL
01459873.jpg,BA
01459874.jpg,BNE
01459875.jpg,BNE
01459876.jpg,MMY
01459877.jpg,EO
01459878.jpg,BNE
01459879.jpg,BNE
01459880.jpg,BNE
01459881.jpg,BNE
01459882.jpg,BNE
01459883.jpg,BNE
01459884.jpg,BNE
01459885.jpg,BNE
01459886.jpg,BNE
01459887.jpg,LY
01459888.jpg,LY
01459889.jpg,LY
01459890.jpg,LY
01459891.jpg,LY
01459892.jpg,LY
01459893.jpg,LY
01459894.jpg,LY
01459895.jpg,LY
01459896.jpg,LY
01459897.jpg,LY
01459898.jpg,LY
01459899.jpg,LY
01459900.jpg,LY
01459901.jpg,LY
01459902.jpg,BNE
01459903.jpg,MMY
01459904.jpg,MMY
01459905.jpg,MMY
01459906.jpg,BNE
01459907.jpg,MMY
01459908.jpg,MMY
01459909.jpg,MMY
01459910.jpg,MMY
01459911.jpg,MMY
01459912.jpg,BNE
01459913.jpg,MMY
01459914.jpg,MMY
01459915.jpg,MMY
01459916.jpg,SNE
01459917.jpg,MO
01459918.jpg,MO
01459919.jpg,MO
01459920.jpg,MO
01459921.jpg,MO
01459922.jpg,MO
01459923.jpg,MO
01459924.jpg,MO
01459925.jpg,MO
01459926.jpg,MO
01459927.jpg,BL
01459928.jpg,MO
01459929.jpg,MO
01459930.jpg,MO
01459931.jpg,MMY
01459932.jpg,MO
01459933.jpg,MO
01459934.jpg,MO
01459935.jpg,MO
01459936.jpg,MMY
01459937.jpg,MO
01459938.jpg,MY
01459939.jpg,MY
01459940.jpg,MO
01459941.jpg,MY
01459942.jpg,MY
01459943.jpg,MMY
01459944.jpg,PMY
01459945.jpg,MY
01459946.jpg,BA
01459947.jpg,PMY
01459948.jpg,MMY
01459949.jpg,MY
01459950.jpg,MY
01459951.jpg,PMY
01459952.jpg,MY
01459953.jpg,MY
01459954.jpg,MY
01459955.jpg,PMY
01459956.jpg,MY
01459957.jpg,MY
01459958.jpg,MY
01459959.jpg,MY
01459960.jpg,BNE
01459961.jpg,BNE
01459962.jpg,MMY
01459963.jpg,MMY
01459964.jpg,BNE
01459965.jpg,EO
01459966.jpg,BNE
01459967.jpg,BNE
01459968.jpg,SNE
01459969.jpg,BNE
01459970.jpg,SNE
01459971.jpg,BNE
01459972.jpg,SNE
01459973.jpg,SNE
01459974.jpg,BNE
01459975.jpg,BNE
01459976.jpg,SNE
01459977.jpg,BNE
01459978.jpg,SNE
01459979.jpg,SNE
01459980.jpg,BNE
01459981.jpg,BNE
01459982.jpg,SNE
01459983.jpg,MMY
01459984.jpg,MMY
01459985.jpg,SNE
01459986.jpg,BNE
01459987.jpg,SNE
01459988.jpg,MMY
01459989.jpg,BNE
01459990.jpg,MMY
01459991.jpg,BNE
01459992.jpg,SNE
01459993.jpg,SNE
01459994.jpg,BNE
01459995.jpg,SNE
01459996.jpg,MMY
01459997.jpg,SNE
01459998.jpg,BNE
01459999.jpg,SNE
01460000.jpg,BNE
01460001.jpg,MMY
01460002.jpg,SNE
01460003.jpg,SNE
01460004.jpg,BNE
01460005.jpg,SNE
01460006.jpg,BL
01460007.jpg,BL
01460008.jpg,BL
01460009.jpg,BL
01460010.jpg,BL
01460011.jpg,BL
01460012.jpg,BL
01460013.jpg,BL
01460014.jpg,BL
01460015.jpg,BL
01460016.jpg,BL
01460017.jpg,BL
01460018.jpg,BL
01460019.jpg,BL
01460020.jpg,BL
01460021.jpg,BL
01460022.jpg,BL
01460023.jpg,BL
01460024.jpg,BL
01460025.jpg,BL
01460026.jpg,BL
01460027.jpg,BL
01460028.jpg,PMY
01460029.jpg,BL
01460030.jpg,BL
01460031.jpg,BL
01460032.jpg,BL
01460033.jpg,BL
01460034.jpg,BL
01460035.jpg,BL
01460036.jpg,BL
01460037.jpg,PMY
01460038.jpg,BL
01460039.jpg,BL
01460040.jpg,BL
01460041.jpg,BL
01460042.jpg,BL
01460043.jpg,BL
01460044.jpg,BL
01460045.jpg,BL
01460046.jpg,BL
01460047.jpg,BL
01460048.jpg,BL
01460049.jpg,BL
01460050.jpg,BL
01460051.jpg,BL
01460052.jpg,BL
01460053.jpg,BL
01460054.jpg,BL
01460055.jpg,BL
01460056.jpg,BL
01460057.jpg,BL
01460058.jpg,BL
01460059.jpg,BL
01460060.jpg,BL
01460061.jpg,BL
01460062.jpg,BL
01460063.jpg,MO
01460064.jpg,BL
01460065.jpg,BL
01460066.jpg,BL
01460067.jpg,BL
01460068.jpg,BL
01460069.jpg,BL
01460070.jpg,BL
01460071.jpg,BL
01460072.jpg,BL
01460073.jpg,BL
01460074.jpg,BL
01460075.jpg,BL
01460076.jpg,BL
01460077.jpg,BL
01460078.jpg,BL
01460079.jpg,BL
01460080.jpg,LY
01460081.jpg,BL
01460082.jpg,BL
01460083.jpg,BL
01460084.jpg,BL
01460085.jpg,BL
01460086.jpg,BL
01460087.jpg,BL
01460088.jpg,BL
01460089.jpg,BL
01460090.jpg,BL
01460091.jpg,BL
01460092.jpg,BL
01460093.jpg,BL
01460094.jpg,BL
01460095.jpg,BL
01460096.jpg,BL
01460097.jpg,BL
01460098.jpg,PMY
01460099.jpg,BL
01460100.jpg,BL
01460101.jpg,BL
01460102.jpg,BL
01460103.jpg,BA
01460104.jpg,BL
01460105.jpg,BL
01460106.jpg,BL
01460107.jpg,BL
01460108.jpg,BL
01460109.jpg,BL
01460110.jpg,BL
01460111.jpg,BL
01460112.jpg,LY
01460113.jpg,LY
01460114.jpg,LY
01460115.jpg,LY
01460116.jpg,LY
01460117.jpg,BL
01460118.jpg,BL
01460119.jpg,MO
01460120.jpg,BA
01460121.jpg,BA
01460122.jpg,BA
01460123.jpg,BNE
01460124.jpg,LY
01460125.jpg,LY
01460126.jpg,LY
01460127.jpg,LY
01460128.jpg,LY
01460129.jpg,LY
01460130.jpg,BNE
01460131.jpg,MY
01460132.jpg,MO
01460133.jpg,MO
01460134.jpg,MO
01460135.jpg,MO
01460136.jpg,BNE
01460137.jpg,MO
01460138.jpg,BNE
01460139.jpg,MY
01460140.jpg,MO
01460141.jpg,MO
01460142.jpg,MO
01460143.jpg,BNE
01460144.jpg,SNE
01460145.jpg,SNE
01460146.jpg,BNE
01460147.jpg,MMY
01460148.jpg,SNE
01460149.jpg,SNE
01460150.jpg,SNE
01460151.jpg,SNE
01460152.jpg,SNE
01460153.jpg,SNE
01460154.jpg,EO
01460155.jpg,SNE
01460156.jpg,BNE
01460157.jpg,SNE
01460158.jpg,SNE
01460159.jpg,SNE
01460160.jpg,SNE
01460161.jpg,SNE
01460162.jpg,SNE
01460163.jpg,SNE
01460164.jpg,BNE
01460165.jpg,SNE
01460166.jpg,BNE
01460167.jpg,SNE
01460168.jpg,SNE
01460169.jpg,SNE
01460170.jpg,SNE
01460171.jpg,SNE
01460172.jpg,SNE
01460173.jpg,SNE
01460174.jpg,SNE
01460175.jpg,SNE
01460176.jpg,MMY
01460177.jpg,SNE
01460178.jpg,SNE
01460179.jpg,SNE
01460180.jpg,BNE
01460181.jpg,SNE
01460182.jpg,SNE
01460183.jpg,SNE
01460184.jpg,SNE
01460185.jpg,SNE
01460186.jpg,BNE
01460187.jpg,SNE
01460188.jpg,SNE
01460189.jpg,SNE
01460190.jpg,SNE
01460191.jpg,SNE
01460192.jpg,SNE
01460193.jpg,SNE
01460194.jpg,SNE
01460195.jpg,SNE
01460196.jpg,SNE
01460197.jpg,SNE
01460198.jpg,SNE
01460199.jpg,BNE
01460200.jpg,SNE
01460201.jpg,BNE
01460202.jpg,SNE
01460203.jpg,SNE
01460204.jpg,SNE
01460205.jpg,SNE
01460206.jpg,SNE
01460207.jpg,SNE
01460208.jpg,BNE
01460209.jpg,SNE
01460210.jpg,SNE
01460211.jpg,SNE
01460212.jpg,SNE
01460213.jpg,SNE
01460214.jpg,BL
01460215.jpg,SNE
01460216.jpg,SNE
01460217.jpg,BNE
01460218.jpg,SNE
01460219.jpg,SNE
01460220.jpg,SNE
01460221.jpg,SNE
01460222.jpg,SNE
01460223.jpg,SNE
01460224.jpg,SNE
01460225.jpg,SNE
01460226.jpg,MMY
01460227.jpg,SNE
01460228.jpg,SNE
01460229.jpg,SNE
01460230.jpg,SNE
01460231.jpg,SNE
01460232.jpg,SNE
01460233.jpg,SNE
01460234.jpg,SNE
01460235.jpg,SNE
01460236.jpg,BNE
01460237.jpg,SNE
01460238.jpg,SNE
01460239.jpg,SNE
01460240.jpg,BNE
01460241.jpg,SNE
01460242.jpg,SNE
01460243.jpg,SNE
01460244.jpg,MO
01460245.jpg,MO
01460246.jpg,BA
01460247.jpg,BA
01460248.jpg,BNE
01460249.jpg,EO
01460250.jpg,LY
01460251.jpg,LY
01460252.jpg,LY
01460253.jpg,VLY
01460254.jpg,VLY
01460255.jpg,VLY
01460256.jpg,LY
01460257.jpg,MO
01460258.jpg,LY
01460259.jpg,LY
01460260.jpg,LY
01460261.jpg,VLY
01460262.jpg,LY
01460263.jpg,LY
01460264.jpg,LY
01460265.jpg,LY
01460266.jpg,LY
01460267.jpg,LY
01460268.jpg,LY
01460269.jpg,LY
01460270.jpg,BL
01460271.jpg,MO
01460272.jpg,MO
01460273.jpg,MO
01460274.jpg,MO
01460275.jpg,MO
01460276.jpg,MO
01460277.jpg,MO
01460278.jpg,MO
01460279.jpg,MO
01460280.jpg,MO
01460281.jpg,MY
01460282.jpg,SNE
01460283.jpg,SNE
01460284.jpg,BNE
01460285.jpg,SNE
01460286.jpg,SNE
01460287.jpg,SNE
01460288.jpg,SNE
01460289.jpg,SNE
01460290.jpg,SNE
01460291.jpg,SNE
01460292.jpg,BNE
01460293.jpg,SNE
01460294.jpg,SNE
01460295.jpg,SNE
01460296.jpg,SNE
01460297.jpg,SNE
01460298.jpg,BNE
01460299.jpg,SNE
01460300.jpg,SNE
01460301.jpg,SNE
01460302.jpg,SNE
01460303.jpg,SNE
01460304.jpg,SNE
01460305.jpg,SNE
01460306.jpg,SNE
01460307.jpg,SNE
01460308.jpg,SNE
01460309.jpg,SNE
01460310.jpg,SNE
01460311.jpg,SNE
01460312.jpg,SNE
01460313.jpg,SNE
01460314.jpg,SNE
01460315.jpg,SNE
01460316.jpg,BNE
01460317.jpg,SNE
01460318.jpg,SNE
01460319.jpg,SNE
01460320.jpg,SNE
01460321.jpg,BNE
01460322.jpg,SNE
01460323.jpg,SNE
01460324.jpg,SNE
01460325.jpg,SNE
01460326.jpg,SNE
01460327.jpg,SNE
01460328.jpg,BNE
01460329.jpg,SNE
01460330.jpg,SNE
01460331.jpg,SNE
01460332.jpg,SNE
01460333.jpg,BNE
01460334.jpg,SNE
01460335.jpg,SNE
01460336.jpg,SNE
01460337.jpg,SNE
01460338.jpg,SNE
01460339.jpg,SNE
01460340.jpg,SNE
01460341.jpg,SNE
01460342.jpg,SNE
01460343.jpg,BNE
01460344.jpg,SNE
01460345.jpg,SNE
01460346.jpg,SNE
01460347.jpg,SNE
01460348.jpg,BNE
01460349.jpg,SNE
01460350.jpg,SNE
01460351.jpg,SNE
01460352.jpg,SNE
01460353.jpg,SNE
01460354.jpg,SNE
01460355.jpg,SNE
01460356.jpg,SNE
01460357.jpg,SNE
01460358.jpg,SNE
01460359.jpg,SNE
01460360.jpg,VLY
01460361.jpg,VLY
01460362.jpg,BA
01460363.jpg,BA
01460364.jpg,EO
01460365.jpg,EO
01460366.jpg,EO
01460367.jpg,EO
01460368.jpg,EO
01460369.jpg,EO
01460370.jpg,EO
01460371.jpg,EO
01460372.jpg,EO
01460373.jpg,EO
01460374.jpg,EO
01460375.jpg,EO
01460376.jpg,EO
01460377.jpg,LY
01460378.jpg,LY
01460379.jpg,LY
01460380.jpg,LY
01460381.jpg,LY
01460382.jpg,LY
01460383.jpg,VLY
01460384.jpg,LY
01460385.jpg,LY
01460386.jpg,VLY
01460387.jpg,LY
01460388.jpg,LY
01460389.jpg,LY
01460390.jpg,LY
01460391.jpg,LY
01460392.jpg,LY
01460393.jpg,LY
01460394.jpg,LY
01460395.jpg,LY
01460396.jpg,VLY
01460397.jpg,LY
01460398.jpg,LY
01460399.jpg,LY
01460400.jpg,LY
01460401.jpg,LY
01460402.jpg,LY
01460403.jpg,LY
01460404.jpg,VLY
01460405.jpg,LY
01460406.jpg,LY
01460407.jpg,LY
01460408.jpg,LY
01460409.jpg,LY
01460410.jpg,LY
01460411.jpg,LY
01460412.jpg,VLY
01460413.jpg,LY
01460414.jpg,VLY
01460415.jpg,LY
01460416.jpg,LY
01460417.jpg,LY
01460418.jpg,MO
01460419.jpg,MO
01460420.jpg,MO
01460421.jpg,MY
01460422.jpg,SNE
01460423.jpg,SNE
01460424.jpg,SNE
01460425.jpg,SNE
01460426.jpg,SNE
01460427.jpg,SNE
01460428.jpg,SNE
01460429.jpg,SNE
01460430.jpg,SNE
01460431.jpg,SNE
01460432.jpg,SNE
01460433.jpg,SNE
01460434.jpg,SNE
01460435.jpg,SNE
01460436.jpg,SNE
01460437.jpg,SNE
01460438.jpg,SNE
01460439.jpg,SNE
01460440.jpg,SNE
01460441.jpg,SNE
01460442.jpg,SNE
01460443.jpg,SNE
01460444.jpg,SNE
01460445.jpg,SNE
01460446.jpg,SNE
01460447.jpg,SNE
01460448.jpg,SNE
01460449.jpg,SNE
01460450.jpg,SNE
01460451.jpg,SNE
01460452.jpg,SNE
01460453.jpg,SNE
01460454.jpg,SNE
01460455.jpg,SNE
01460456.jpg,SNE
01460457.jpg,SNE
01460458.jpg,SNE
01460459.jpg,SNE
01460460.jpg,SNE
01460461.jpg,SNE
01460462.jpg,SNE
01460463.jpg,SNE
01460464.jpg,SNE
01460465.jpg,SNE
01460466.jpg,SNE
01460467.jpg,SNE
01460468.jpg,SNE
01460469.jpg,SNE
01460470.jpg,SNE
01460471.jpg,LY
01460472.jpg,PC
01460473.jpg,MO
01460474.jpg,VLY
01460475.jpg,MY
01460476.jpg,VLY
01460477.jpg,EO
01460478.jpg,EO
01460479.jpg,EO
01460480.jpg,EO
01460481.jpg,EO
01460482.jpg,LY
01460483.jpg,LY
01460484.jpg,LY
01460485.jpg,LY
01460486.jpg,LY
01460487.jpg,LY
01460488.jpg,LY
01460489.jpg,VLY
01460490.jpg,LY
01460491.jpg,LY
01460492.jpg,LY
01460493.jpg,LY
01460494.jpg,LY
01460495.jpg,LY
01460496.jpg,MY
01460497.jpg,MO
01460498.jpg,MO
01460499.jpg,MO
01460500.jpg,MO
01460501.jpg,MO
01460502.jpg,MO
01460503.jpg,SNE
01460504.jpg,BNE
01460505.jpg,SNE
01460506.jpg,SNE
01460507.jpg,SNE
01460508.jpg,SNE
01460509.jpg,SNE
01460510.jpg,SNE
01460511.jpg,SNE
01460512.jpg,SNE
01460513.jpg,SNE
01460514.jpg,SNE
01460515.jpg,SNE
01460516.jpg,SNE
01460517.jpg,SNE
01460518.jpg,BNE
01460519.jpg,SNE
01460520.jpg,SNE
01460521.jpg,SNE
01460522.jpg,SNE
01460523.jpg,MO
01460524.jpg,SNE
01460525.jpg,SNE
01460526.jpg,SNE
01460527.jpg,SNE
01460528.jpg,SNE
01460529.jpg,SNE
01460530.jpg,SNE
01460531.jpg,SNE
01460532.jpg,SNE
01460533.jpg,SNE
01460534.jpg,SNE
01460535.jpg,BNE
01460536.jpg,BNE
01460537.jpg,SNE
01460538.jpg,SNE
01460539.jpg,SNE
01460540.jpg,SNE
01460541.jpg,SNE
01460542.jpg,SNE
01460543.jpg,SNE
01460544.jpg,SNE
01460545.jpg,SNE
01460546.jpg,SNE
01460547.jpg,SNE
01460548.jpg,SNE
01460549.jpg,SNE
01460550.jpg,SNE
01460551.jpg,SNE
01460552.jpg,SNE
01460553.jpg,SNE
01460554.jpg,SNE
01460555.jpg,SNE
01460556.jpg,SNE
01460557.jpg,SNE
01460558.jpg,SNE
01460559.jpg,SNE
01460560.jpg,SNE
01460561.jpg,SNE
01460562.jpg,SNE
01460563.jpg,SNE
01460564.jpg,SNE
01460565.jpg,SNE
01460566.jpg,SNE
01460567.jpg,SNE
01460568.jpg,SNE
01460569.jpg,SNE
01460570.jpg,SNE
01460571.jpg,SNE
01460572.jpg,SNE
01460573.jpg,SNE
01460574.jpg,SNE
01460575.jpg,SNE
01460576.jpg,SNE
01460577.jpg,SNE
01460578.jpg,SNE
01460579.jpg,SNE
01460580.jpg,SNE
01460581.jpg,SNE
01460582.jpg,SNE
01460583.jpg,SNE
01460584.jpg,SNE
01460585.jpg,SNE
01460586.jpg,SNE
01460587.jpg,SNE
01460588.jpg,SNE
01460589.jpg,SNE
01460590.jpg,BA
01460591.jpg,SNE
01460592.jpg,SNE
01460593.jpg,VLY
01460594.jpg,VLY
01460595.jpg,EO
01460596.jpg,EO
01460597.jpg,EO
01460598.jpg,EO
01460599.jpg,LY
01460600.jpg,LY
01460601.jpg,LY
01460602.jpg,LY
01460603.jpg,LY
01460604.jpg,LY
01460605.jpg,LY
01460606.jpg,LY
01460607.jpg,LY
01460608.jpg,LY
01460609.jpg,LY
01460610.jpg,LY
01460611.jpg,LY
01460612.jpg,LY
01460613.jpg,LY
01460614.jpg,LY
01460615.jpg,LY
01460616.jpg,LY
01460617.jpg,LY
01460618.jpg,MO
01460619.jpg,MO
01460620.jpg,MO
01460621.jpg,MO
01460622.jpg,MO
01460623.jpg,MO
01460624.jpg,MO
01460625.jpg,SNE
01460626.jpg,SNE
01460627.jpg,SNE
01460628.jpg,SNE
01460629.jpg,SNE
01460630.jpg,SNE
01460631.jpg,SNE
01460632.jpg,SNE
01460633.jpg,SNE
01460634.jpg,SNE
01460635.jpg,SNE
01460636.jpg,SNE
01460637.jpg,SNE
01460638.jpg,SNE
01460639.jpg,SNE
01460640.jpg,SNE
01460641.jpg,SNE
01460642.jpg,SNE
01460643.jpg,SNE
01460644.jpg,SNE
01460645.jpg,SNE
01460646.jpg,SNE
01460647.jpg,SNE
01460648.jpg,SNE
01460649.jpg,SNE
01460650.jpg,SNE
01460651.jpg,SNE
01460652.jpg,SNE
01460653.jpg,SNE
01460654.jpg,SNE
01460655.jpg,SNE
01460656.jpg,SNE
01460657.jpg,SNE
01460658.jpg,SNE
01460659.jpg,SNE
01460660.jpg,SNE
01460661.jpg,SNE
01460662.jpg,SNE
01460663.jpg,SNE
01460664.jpg,SNE
01460665.jpg,SNE
01460666.jpg,SNE
01460667.jpg,SNE
01460668.jpg,SNE
01460669.jpg,SNE
01460670.jpg,SNE
01460671.jpg,SNE
01460672.jpg,SNE
01460673.jpg,SNE
01460674.jpg,SNE
01460675.jpg,SNE
01460676.jpg,SNE
01460677.jpg,SNE
01460678.jpg,SNE
01460679.jpg,SNE
01460680.jpg,SNE
01460681.jpg,SNE
01460682.jpg,SNE
01460683.jpg,SNE
01460684.jpg,SNE
01460685.jpg,SNE
01460686.jpg,SNE
01460687.jpg,SNE
01460688.jpg,SNE
01460689.jpg,SNE
01460690.jpg,SNE
01460691.jpg,SNE
01460692.jpg,SNE
01460693.jpg,SNE
01460694.jpg,SNE
01460695.jpg,SNE
01460696.jpg,SNE
01460697.jpg,SNE
01460698.jpg,SNE
01460699.jpg,SNE
01460700.jpg,SNE
01460701.jpg,SNE
01460702.jpg,SNE
01460703.jpg,SNE
01460704.jpg,VLY
01460705.jpg,VLY
01460706.jpg,VLY
01460707.jpg,BL
01460708.jpg,BL
01460709.jpg,BL
01460710.jpg,BL
01460711.jpg,BL
01460712.jpg,BL
01460713.jpg,BL
01460714.jpg,BL
01460715.jpg,BL
01460716.jpg,BL
01460717.jpg,BL
01460718.jpg,BL
01460719.jpg,EO
01460720.jpg,LY
01460721.jpg,LY
01460722.jpg,LY
01460723.jpg,LY
01460724.jpg,LY
01460725.jpg,LY
01460726.jpg,MO
01460727.jpg,LY
01460728.jpg,LY
01460729.jpg,LY
01460730.jpg,LY
01460731.jpg,LY
01460732.jpg,LY
01460733.jpg,LY
01460734.jpg,LY
01460735.jpg,LY
01460736.jpg,LY
01460737.jpg,LY
01460738.jpg,LY
01460739.jpg,LY
01460740.jpg,LY
01460741.jpg,LY
01460742.jpg,LY
01460743.jpg,LY
01460744.jpg,LY
01460745.jpg,LY
01460746.jpg,LY
01460747.jpg,LY
01460748.jpg,LY
01460749.jpg,LY
01460750.jpg,SNE
01460751.jpg,LY
01460752.jpg,LY
01460753.jpg,LY
01460754.jpg,LY
01460755.jpg,LY
01460756.jpg,BL
01460757.jpg,LY
01460758.jpg,LY
01460759.jpg,BL
01460760.jpg,MO
01460761.jpg,BNE
01460762.jpg,MO
01460763.jpg,MY
01460764.jpg,MO
01460765.jpg,SNE
01460766.jpg,SNE
01460767.jpg,SNE
01460768.jpg,SNE
01460769.jpg,SNE
01460770.jpg,SNE
01460771.jpg,SNE
01460772.jpg,SNE
01460773.jpg,SNE
01460774.jpg,SNE
01460775.jpg,SNE
01460776.jpg,SNE
01460777.jpg,BNE
01460778.jpg,SNE
01460779.jpg,SNE
01460780.jpg,SNE
01460781.jpg,SNE
01460782.jpg,SNE
01460783.jpg,SNE
01460784.jpg,SNE
01460785.jpg,SNE
01460786.jpg,SNE
01460787.jpg,SNE
01460788.jpg,SNE
01460789.jpg,EO
01460790.jpg,SNE
01460791.jpg,SNE
01460792.jpg,SNE
01460793.jpg,SNE
01460794.jpg,SNE
01460795.jpg,SNE
01460796.jpg,SNE
01460797.jpg,SNE
01460798.jpg,SNE
01460799.jpg,SNE
01460800.jpg,SNE
01460801.jpg,SNE
01460802.jpg,SNE
01460803.jpg,SNE
01460804.jpg,SNE
01460805.jpg,SNE
01460806.jpg,SNE
01460807.jpg,SNE
01460808.jpg,SNE
01460809.jpg,BNE
01460810.jpg,SNE
01460811.jpg,BA
01460812.jpg,EO
01460813.jpg,EO
01460814.jpg,EO
01460815.jpg,EO
01460816.jpg,EO
01460817.jpg,EO
01460818.jpg,EO
01460819.jpg,EO
01460820.jpg,LY
01460821.jpg,LY
01460822.jpg,LY
01460823.jpg,LY
01460824.jpg,LY
01460825.jpg,LY
01460826.jpg,VLY
01460827.jpg,LY
01460828.jpg,LY
01460829.jpg,LY
01460830.jpg,LY
01460831.jpg,LY
01460832.jpg,LY
01460833.jpg,LY
01460834.jpg,LY
01460835.jpg,LY
01460836.jpg,LY
01460837.jpg,MO
01460838.jpg,MO
01460839.jpg,MO
01460840.jpg,MO
01460841.jpg,MO
01460842.jpg,SNE
01460843.jpg,SNE
01460844.jpg,SNE
01460845.jpg,SNE
01460846.jpg,SNE
01460847.jpg,SNE
01460848.jpg,SNE
01460849.jpg,SNE
01460850.jpg,SNE
01460851.jpg,SNE
01460852.jpg,SNE
01460853.jpg,SNE
01460854.jpg,SNE
01460855.jpg,SNE
01460856.jpg,SNE
01460857.jpg,SNE
01460858.jpg,SNE
01460859.jpg,SNE
01460860.jpg,SNE
01460861.jpg,SNE
01460862.jpg,SNE
01460863.jpg,SNE
01460864.jpg,SNE
01460865.jpg,SNE
01460866.jpg,SNE
01460867.jpg,SNE
01460868.jpg,SNE
01460869.jpg,SNE
01460870.jpg,SNE
01460871.jpg,SNE
01460872.jpg,SNE
01460873.jpg,SNE
01460874.jpg,SNE
01460875.jpg,SNE
01460876.jpg,SNE
01460877.jpg,SNE
01460878.jpg,SNE
01460879.jpg,SNE
01460880.jpg,SNE
01460881.jpg,SNE
01460882.jpg,SNE
01460883.jpg,SNE
01460884.jpg,SNE
01460885.jpg,SNE
01460886.jpg,SNE
01460887.jpg,SNE
01460888.jpg,SNE
01460889.jpg,SNE
01460890.jpg,SNE
01460891.jpg,SNE
01460892.jpg,SNE
01460893.jpg,SNE
01460894.jpg,SNE
01460895.jpg,SNE
01460896.jpg,SNE
01460897.jpg,SNE
01460898.jpg,SNE
01460899.jpg,SNE
01460900.jpg,SNE
01460901.jpg,SNE
01460902.jpg,SNE
01460903.jpg,SNE
01460904.jpg,SNE
01460905.jpg,SNE
01460906.jpg,SNE
01460907.jpg,SNE
01460908.jpg,SNE
01460909.jpg,SNE
01460910.jpg,SNE
01460911.jpg,SNE
01460912.jpg,SNE
01460913.jpg,SNE
01460914.jpg,SNE
01460915.jpg,SNE
01460916.jpg,SNE
01460917.jpg,SNE
01460918.jpg,SNE
01460919.jpg,VLY
01460920.jpg,VLY
01460921.jpg,BA
01460922.jpg,EO
01460923.jpg,BNE
01460924.jpg,EO
01460925.jpg,EO
01460926.jpg,LY
01460927.jpg,MO
01460928.jpg,MO
01460929.jpg,LY
01460930.jpg,LY
01460931.jpg,LY
01460932.jpg,LY
01460933.jpg,LY
01460934.jpg,LY
01460935.jpg,LY
01460936.jpg,LY
01460937.jpg,LY
01460938.jpg,LY
01460939.jpg,MO
01460940.jpg,LY
01460941.jpg,LY
01460942.jpg,LY
01460943.jpg,LY
01460944.jpg,LY
01460945.jpg,LY
01460946.jpg,LY
01460947.jpg,PC
01460948.jpg,LY
01460949.jpg,LY
01460950.jpg,LY
01460951.jpg,LY
01460952.jpg,LY
01460953.jpg,LY
01460954.jpg,LY
01460955.jpg,LY
01460956.jpg,LY
01460957.jpg,LY
01460958.jpg,LY
01460959.jpg,LY
01460960.jpg,LY
01460961.jpg,LY
01460962.jpg,LY
01460963.jpg,LY
01460964.jpg,LY
01460965.jpg,LY
01460966.jpg,LY
01460967.jpg,MO
01460968.jpg,LY
01460969.jpg,MO
01460970.jpg,MO
01460971.jpg,MO
01460972.jpg,MO
01460973.jpg,MO
01460974.jpg,MO
01460975.jpg,MO
01460976.jpg,MO
01460977.jpg,MO
01460978.jpg,MO
01460979.jpg,MO
01460980.jpg,SNE
01460981.jpg,SNE
01460982.jpg,SNE
01460983.jpg,SNE
01460984.jpg,SNE
01460985.jpg,SNE
01460986.jpg,SNE
01460987.jpg,SNE
01460988.jpg,BNE
01460989.jpg,SNE
01460990.jpg,SNE
01460991.jpg,SNE
01460992.jpg,SNE
01460993.jpg,SNE
01460994.jpg,SNE
01460995.jpg,SNE
01460996.jpg,SNE
01460997.jpg,SNE
01460998.jpg,SNE
01460999.jpg,SNE
01461000.jpg,SNE
01461001.jpg,SNE
01461002.jpg,SNE
01461003.jpg,SNE
01461004.jpg,SNE
01461005.jpg,SNE
01461006.jpg,SNE
01461007.jpg,SNE
01461008.jpg,SNE
01461009.jpg,SNE
01461010.jpg,SNE
01461011.jpg,SNE
01461012.jpg,SNE
01461013.jpg,SNE
01461014.jpg,SNE
01461015.jpg,SNE
01461016.jpg,SNE
01461017.jpg,SNE
01461018.jpg,SNE
01461019.jpg,SNE
01461020.jpg,SNE
01461021.jpg,SNE
01461022.jpg,SNE
01461023.jpg,SNE
01461024.jpg,SNE
01461025.jpg,SNE
01461026.jpg,SNE
01461027.jpg,SNE
01461028.jpg,SNE
01461029.jpg,SNE
01461030.jpg,SNE
01461031.jpg,SNE
01461032.jpg,SNE
01461033.jpg,SNE
01461034.jpg,MO
01461035.jpg,VLY
01461036.jpg,BA
01461037.jpg,VLY
01461038.jpg,LY
01461039.jpg,LY
01461040.jpg,LY
01461041.jpg,LY
01461042.jpg,LY
01461043.jpg,LY
01461044.jpg,LY
01461045.jpg,LY
01461046.jpg,LY
01461047.jpg,LY
01461048.jpg,VLY
01461049.jpg,LY
01461050.jpg,LY
01461051.jpg,LY
01461052.jpg,LY
01461053.jpg,LY
01461054.jpg,LY
01461055.jpg,LY
01461056.jpg,LY
01461057.jpg,VLY
01461058.jpg,LY
01461059.jpg,LY
01461060.jpg,LY
01461061.jpg,VLY
01461062.jpg,LY
01461063.jpg,LY
01461064.jpg,LY
01461065.jpg,LY
01461066.jpg,LY
01461067.jpg,LY
01461068.jpg,LY
01461069.jpg,LY
01461070.jpg,LY
01461071.jpg,LY
01461072.jpg,LY
01461073.jpg,LY
01461074.jpg,LY
01461075.jpg,LY
01461076.jpg,LY
01461077.jpg,LY
01461078.jpg,LY
01461079.jpg,LY
01461080.jpg,LY
01461081.jpg,LY
01461082.jpg,LY
01461083.jpg,LY
01461084.jpg,LY
01461085.jpg,VLY
01461086.jpg,MO
01461087.jpg,MO
01461088.jpg,MO
01461089.jpg,VLY
01461090.jpg,MO
01461091.jpg,VLY
01461092.jpg,VLY
01461093.jpg,MO
01461094.jpg,MO
01461095.jpg,MO
01461096.jpg,SNE
01461097.jpg,SNE
01461098.jpg,SNE
01461099.jpg,SNE
01461100.jpg,SNE
01461101.jpg,SNE
01461102.jpg,SNE
01461103.jpg,SNE
01461104.jpg,SNE
01461105.jpg,SNE
01461106.jpg,SNE
01461107.jpg,SNE
01461108.jpg,SNE
01461109.jpg,SNE
01461110.jpg,BNE
01461111.jpg,SNE
01461112.jpg,SNE
01461113.jpg,SNE
01461114.jpg,SNE
01461115.jpg,SNE
01461116.jpg,SNE
01461117.jpg,SNE
01461118.jpg,SNE
01461119.jpg,SNE
01461120.jpg,SNE
01461121.jpg,SNE
01461122.jpg,SNE
01461123.jpg,SNE
01461124.jpg,SNE
01461125.jpg,SNE
01461126.jpg,SNE
01461127.jpg,SNE
01461128.jpg,SNE
01461129.jpg,SNE
01461130.jpg,SNE
01461131.jpg,SNE
01461132.jpg,SNE
01461133.jpg,SNE
01461134.jpg,SNE
01461135.jpg,SNE
01461136.jpg,SNE
01461137.jpg,SNE
01461138.jpg,SNE
01461139.jpg,VLY
01461140.jpg,VLY
01461141.jpg,VLY
01461142.jpg,BA
01461143.jpg,BA
01461144.jpg,LY
01461145.jpg,LY
01461146.jpg,LY
01461147.jpg,LY
01461148.jpg,LY
01461149.jpg,LY
01461150.jpg,LY
01461151.jpg,LY
01461152.jpg,LY
01461153.jpg,LY
01461154.jpg,LY
01461155.jpg,LY
01461156.jpg,LY
01461157.jpg,LY
01461158.jpg,LY
01461159.jpg,LY
01461160.jpg,LY
01461161.jpg,LY
01461162.jpg,LY
01461163.jpg,VLY
01461164.jpg,VLY
01461165.jpg,LY
01461166.jpg,LY
01461167.jpg,MMY
01461168.jpg,MO
01461169.jpg,MO
01461170.jpg,MO
01461171.jpg,MO
01461172.jpg,MO
01461173.jpg,BNE
01461174.jpg,MO
01461175.jpg,MO
01461176.jpg,MO
01461177.jpg,MO
01461178.jpg,MO
01461179.jpg,MO
01461180.jpg,MO
01461181.jpg,MY
01461182.jpg,SNE
01461183.jpg,SNE
01461184.jpg,SNE
01461185.jpg,SNE
01461186.jpg,SNE
01461187.jpg,SNE
01461188.jpg,SNE
01461189.jpg,SNE
01461190.jpg,SNE
01461191.jpg,SNE
01461192.jpg,SNE
01461193.jpg,SNE
01461194.jpg,SNE
01461195.jpg,SNE
01461196.jpg,SNE
01461197.jpg,SNE
01461198.jpg,SNE
01461199.jpg,SNE
01461200.jpg,SNE
01461201.jpg,SNE
01461202.jpg,SNE
01461203.jpg,SNE
01461204.jpg,SNE
01461205.jpg,SNE
01461206.jpg,BNE
01461207.jpg,SNE
01461208.jpg,SNE
01461209.jpg,SNE
01461210.jpg,SNE
01461211.jpg,SNE
01461212.jpg,SNE
01461213.jpg,SNE
01461214.jpg,SNE
01461215.jpg,SNE
01461216.jpg,SNE
01461217.jpg,SNE
01461218.jpg,SNE
01461219.jpg,SNE
01461220.jpg,SNE
01461221.jpg,SNE
01461222.jpg,SNE
01461223.jpg,SNE
01461224.jpg,SNE
01461225.jpg,SNE
01461226.jpg,SNE
01461227.jpg,SNE
01461228.jpg,SNE
01461229.jpg,SNE
01461230.jpg,SNE
01461231.jpg,SNE
01461232.jpg,SNE
01461233.jpg,SNE
01461234.jpg,SNE
01461235.jpg,SNE
01461236.jpg,SNE
01461237.jpg,SNE
01461238.jpg,SNE
01461239.jpg,SNE
01461240.jpg,SNE
01461241.jpg,SNE
01461242.jpg,SNE
01461243.jpg,SNE
01461244.jpg,SNE
01461245.jpg,SNE
01461246.jpg,SNE
01461247.jpg,SNE
01461248.jpg,SNE
01461249.jpg,SNE
01461250.jpg,SNE
01461251.jpg,SNE
01461252.jpg,SNE
01461253.jpg,SNE
01461254.jpg,SNE
01461255.jpg,VLY
01461256.jpg,VLY
01461257.jpg,PC
01461258.jpg,SNE
01461259.jpg,MO
01461260.jpg,BNE
01461261.jpg,BNE
01461262.jpg,BNE
01461263.jpg,SNE
01461264.jpg,MO
01461265.jpg,SNE
01461266.jpg,BNE
01461267.jpg,SNE
01461268.jpg,BNE
01461269.jpg,BNE
01461270.jpg,BNE
01461271.jpg,BNE
01461272.jpg,SNE
01461273.jpg,EO
01461274.jpg,LY
01461275.jpg,LY
01461276.jpg,LY
01461277.jpg,LY
01461278.jpg,LY
01461279.jpg,LY
01461280.jpg,LY
01461281.jpg,LY
01461282.jpg,LY
01461283.jpg,LY
01461284.jpg,LY
01461285.jpg,LY
01461286.jpg,LY
01461287.jpg,LY
01461288.jpg,LY
01461289.jpg,LY
01461290.jpg,LY
01461291.jpg,LY
01461292.jpg,LY
01461293.jpg,LY
01461294.jpg,LY
01461295.jpg,LY
01461296.jpg,LY
01461297.jpg,LY
01461298.jpg,LY
01461299.jpg,LY
01461300.jpg,LY
01461301.jpg,LY
01461302.jpg,LY
01461303.jpg,LY
01461304.jpg,LY
01461305.jpg,LY
01461306.jpg,LY
01461307.jpg,LY
01461308.jpg,LY
01461309.jpg,LY
01461310.jpg,LY
01461311.jpg,LY
01461312.jpg,LY
01461313.jpg,LY
01461314.jpg,LY
01461315.jpg,LY
01461316.jpg,LY
01461317.jpg,LY
01461318.jpg,LY
01461319.jpg,MMY
01461320.jpg,BNE
01461321.jpg,MO
01461322.jpg,MO
01461323.jpg,MO
01461324.jpg,MO
01461325.jpg,SNE
01461326.jpg,SNE
01461327.jpg,SNE
01461328.jpg,SNE
01461329.jpg,SNE
01461330.jpg,SNE
01461331.jpg,SNE
01461332.jpg,BNE
01461333.jpg,SNE
01461334.jpg,SNE
01461335.jpg,SNE
01461336.jpg,SNE
01461337.jpg,SNE
01461338.jpg,SNE
01461339.jpg,MMY
01461340.jpg,SNE
01461341.jpg,SNE
01461342.jpg,MO
01461343.jpg,EO
01461344.jpg,SNE
01461345.jpg,SNE
01461346.jpg,SNE
01461347.jpg,SNE
01461348.jpg,BNE
01461349.jpg,SNE
01461350.jpg,SNE
01461351.jpg,SNE
01461352.jpg,SNE
01461353.jpg,SNE
01461354.jpg,SNE
01461355.jpg,SNE
01461356.jpg,SNE
01461357.jpg,SNE
01461358.jpg,SNE
01461359.jpg,SNE
01461360.jpg,SNE
01461361.jpg,SNE
01461362.jpg,VLY
01461363.jpg,LY
01461364.jpg,BA
01461365.jpg,BA
01461366.jpg,BA
01461367.jpg,BA
01461368.jpg,BA
01461369.jpg,BA
01461370.jpg,BA
01461371.jpg,BA
01461372.jpg,BA
01461373.jpg,BA
01461374.jpg,BA
01461375.jpg,BA
01461376.jpg,BL
01461377.jpg,BL
01461378.jpg,BL
01461379.jpg,BL
01461380.jpg,BL
01461381.jpg,BL
01461382.jpg,BA
01461383.jpg,BL
01461384.jpg,BL
01461385.jpg,BL
01461386.jpg,BL
01461387.jpg,BL
01461388.jpg,BL
01461389.jpg,BL
01461390.jpg,BL
01461391.jpg,BL
01461392.jpg,BL
01461393.jpg,BL
01461394.jpg,BL
01461395.jpg,BL
01461396.jpg,BL
01461397.jpg,BL
01461398.jpg,BL
01461399.jpg,BL
01461400.jpg,VLY
01461401.jpg,BL
01461402.jpg,BL
01461403.jpg,BNE
01461404.jpg,EO
01461405.jpg,SNE
01461406.jpg,LY
01461407.jpg,LY
01461408.jpg,LY
01461409.jpg,LY
01461410.jpg,LY
01461411.jpg,LY
01461412.jpg,LY
01461413.jpg,LY
01461414.jpg,MY
01461415.jpg,BL
01461416.jpg,LY
01461417.jpg,VLY
01461418.jpg,LY
01461419.jpg,BL
01461420.jpg,LY
01461421.jpg,BL
01461422.jpg,LY
01461423.jpg,LY
01461424.jpg,LY
01461425.jpg,LY
01461426.jpg,VLY
01461427.jpg,BL
01461428.jpg,LY
01461429.jpg,MMY
01461430.jpg,MO
01461431.jpg,MO
01461432.jpg,MO
01461433.jpg,MO
01461434.jpg,MO
01461435.jpg,BL
01461436.jpg,MO
01461437.jpg,MO
01461438.jpg,MO
01461439.jpg,MO
01461440.jpg,MO
01461441.jpg,MO
01461442.jpg,MO
01461443.jpg,MO
01461444.jpg,MO
01461445.jpg,MO
01461446.jpg,MO
01461447.jpg,MY
01461448.jpg,MO
01461449.jpg,MO
01461450.jpg,MO
01461451.jpg,MO
01461452.jpg,MY
01461453.jpg,MY
01461454.jpg,MY
01461455.jpg,MY
01461456.jpg,MY
01461457.jpg,MY
01461458.jpg,MY
01461459.jpg,MY
01461460.jpg,PMY
01461461.jpg,MY
01461462.jpg,MY
01461463.jpg,BNE
01461464.jpg,SNE
01461465.jpg,SNE
01461466.jpg,SNE
01461467.jpg,SNE
01461468.jpg,SNE
01461469.jpg,SNE
01461470.jpg,SNE
01461471.jpg,SNE
01461472.jpg,SNE
01461473.jpg,SNE
01461474.jpg,SNE
01461475.jpg,SNE
01461476.jpg,SNE
01461477.jpg,SNE
01461478.jpg,SNE
01461479.jpg,SNE
01461480.jpg,SNE
01461481.jpg,SNE
01461482.jpg,SNE
01461483.jpg,SNE
01461484.jpg,MMY
01461485.jpg,BA
01461486.jpg,EO
01461487.jpg,EO
01461488.jpg,EO
01461489.jpg,EO
01461490.jpg,EO
01461491.jpg,EO
01461492.jpg,LY
01461493.jpg,LY
01461494.jpg,LY
01461495.jpg,LY
01461496.jpg,LY
01461497.jpg,VLY
01461498.jpg,LY
01461499.jpg,LY
01461500.jpg,LY
01461501.jpg,LY
01461502.jpg,LY
01461503.jpg,LY
01461504.jpg,LY
01461505.jpg,LY
01461506.jpg,LY
01461507.jpg,LY
01461508.jpg,LY
01461509.jpg,LY
01461510.jpg,MO
01461511.jpg,MO
01461512.jpg,MO
01461513.jpg,MO
01461514.jpg,MO
01461515.jpg,MO
01461516.jpg,MO
01461517.jpg,MO
01461518.jpg,MO
01461519.jpg,MO
01461520.jpg,MO
01461521.jpg,MO
01461522.jpg,MO
01461523.jpg,MO
01461524.jpg,MO
01461525.jpg,SNE
01461526.jpg,SNE
01461527.jpg,SNE
01461528.jpg,SNE
01461529.jpg,SNE
01461530.jpg,SNE
01461531.jpg,SNE
01461532.jpg,SNE
01461533.jpg,SNE
01461534.jpg,SNE
01461535.jpg,SNE
01461536.jpg,SNE
01461537.jpg,SNE
01461538.jpg,SNE
01461539.jpg,SNE
01461540.jpg,SNE
01461541.jpg,SNE
01461542.jpg,SNE
01461543.jpg,SNE
01461544.jpg,SNE
01461545.jpg,SNE
01461546.jpg,SNE
01461547.jpg,SNE
01461548.jpg,SNE
01461549.jpg,SNE
01461550.jpg,SNE
01461551.jpg,SNE
01461552.jpg,SNE
01461553.jpg,SNE
01461554.jpg,SNE
01461555.jpg,SNE
01461556.jpg,SNE
01461557.jpg,SNE
01461558.jpg,SNE
01461559.jpg,SNE
01461560.jpg,SNE
01461561.jpg,SNE
01461562.jpg,SNE
01461563.jpg,SNE
01461564.jpg,SNE
01461565.jpg,SNE
01461566.jpg,SNE
01461567.jpg,SNE
01461568.jpg,SNE
01461569.jpg,SNE
01461570.jpg,SNE
01461571.jpg,SNE
01461572.jpg,SNE
01461573.jpg,SNE
01461574.jpg,SNE
01461575.jpg,SNE
01461576.jpg,SNE
01461577.jpg,SNE
01461578.jpg,SNE
01461579.jpg,BNE
01461580.jpg,SNE
01461581.jpg,SNE
01461582.jpg,SNE
01461583.jpg,SNE
01461584.jpg,SNE
01461585.jpg,SNE
01461586.jpg,SNE
01461587.jpg,SNE
01461588.jpg,SNE
01461589.jpg,SNE
01461590.jpg,SNE
01461591.jpg,SNE
01461592.jpg,SNE
01461593.jpg,SNE
01461594.jpg,SNE
01461595.jpg,SNE
01461596.jpg,SNE
01461597.jpg,SNE
01461598.jpg,VLY
01461599.jpg,VLY
01461600.jpg,BA
01461601.jpg,BA
01461602.jpg,MMY
01461603.jpg,MY
01461604.jpg,EO
01461605.jpg,EO
01461606.jpg,LY
01461607.jpg,LY
01461608.jpg,LY
01461609.jpg,LY
01461610.jpg,LY
01461611.jpg,LY
01461612.jpg,LY
01461613.jpg,LY
01461614.jpg,LY
01461615.jpg,LY
01461616.jpg,LY
01461617.jpg,LY
01461618.jpg,LY
01461619.jpg,LY
01461620.jpg,LY
01461621.jpg,LY
01461622.jpg,LY
01461623.jpg,LY
01461624.jpg,LY
01461625.jpg,LY
01461626.jpg,LY
01461627.jpg,LY
01461628.jpg,LY
01461629.jpg,LY
01461630.jpg,VLY
01461631.jpg,LY
01461632.jpg,LY
01461633.jpg,LY
01461634.jpg,LY
01461635.jpg,LY
01461636.jpg,LY
01461637.jpg,LY
01461638.jpg,MMY
01461639.jpg,MMY
01461640.jpg,MMY
01461641.jpg,MMY
01461642.jpg,MY
01461643.jpg,MO
01461644.jpg,MO
01461645.jpg,MO
01461646.jpg,MO
01461647.jpg,MO
01461648.jpg,MO
01461649.jpg,MO
01461650.jpg,MO
01461651.jpg,MO
01461652.jpg,MO
01461653.jpg,MO
01461654.jpg,MY
01461655.jpg,MY
01461656.jpg,SNE
01461657.jpg,SNE
01461658.jpg,SNE
01461659.jpg,SNE
01461660.jpg,SNE
01461661.jpg,SNE
01461662.jpg,SNE
01461663.jpg,SNE
01461664.jpg,SNE
01461665.jpg,SNE
01461666.jpg,SNE
01461667.jpg,SNE
01461668.jpg,SNE
01461669.jpg,SNE
01461670.jpg,SNE
01461671.jpg,SNE
01461672.jpg,SNE
01461673.jpg,SNE
01461674.jpg,SNE
01461675.jpg,SNE
01461676.jpg,SNE
01461677.jpg,SNE
01461678.jpg,SNE
01461679.jpg,SNE
01461680.jpg,SNE
01461681.jpg,SNE
01461682.jpg,SNE
01461683.jpg,SNE
01461684.jpg,SNE
01461685.jpg,SNE
01461686.jpg,SNE
01461687.jpg,SNE
01461688.jpg,SNE
01461689.jpg,SNE
01461690.jpg,SNE
01461691.jpg,SNE
01461692.jpg,SNE
01461693.jpg,SNE
01461694.jpg,SNE
01461695.jpg,SNE
01461696.jpg,SNE
01461697.jpg,SNE
01461698.jpg,SNE
01461699.jpg,SNE
01461700.jpg,SNE
01461701.jpg,SNE
01461702.jpg,SNE
01461703.jpg,SNE
01461704.jpg,SNE
01461705.jpg,SNE
01461706.jpg,SNE
01461707.jpg,SNE
01461708.jpg,SNE
01461709.jpg,SNE
01461710.jpg,SNE
01461711.jpg,SNE
01461712.jpg,SNE
01461713.jpg,SNE
01461714.jpg,SNE
01461715.jpg,SNE
01461716.jpg,SNE
01461717.jpg,SNE
01461718.jpg,SNE
01461719.jpg,SNE
01461720.jpg,EO
01461721.jpg,EO
01461722.jpg,EO
01461723.jpg,EO
01461724.jpg,EO
01461725.jpg,EO
01461726.jpg,EO
01461727.jpg,EO
01461728.jpg,EO
01461729.jpg,EO
01461730.jpg,EO
01461731.jpg,EO
01461732.jpg,EO
01461733.jpg,EO
01461734.jpg,EO
01461735.jpg,EO
01461736.jpg,EO
01461737.jpg,EO
01461738.jpg,EO
01461739.jpg,SNE
01461740.jpg,LY
01461741.jpg,LY
01461742.jpg,LY
01461743.jpg,LY
01461744.jpg,LY
01461745.jpg,LY
01461746.jpg,LY
01461747.jpg,LY
01461748.jpg,LY
01461749.jpg,LY
01461750.jpg,LY
01461751.jpg,LY
01461752.jpg,LY
01461753.jpg,LY
01461754.jpg,LY
01461755.jpg,LY
01461756.jpg,LY
01461757.jpg,LY
01461758.jpg,LY
01461759.jpg,LY
01461760.jpg,LY
01461761.jpg,LY
01461762.jpg,LY
01461763.jpg,LY
01461764.jpg,LY
01461765.jpg,LY
01461766.jpg,MO
01461767.jpg,MO
01461768.jpg,MO
01461769.jpg,MO
01461770.jpg,MO
01461771.jpg,MO
01461772.jpg,MO
01461773.jpg,MO
01461774.jpg,SNE
01461775.jpg,SNE
01461776.jpg,SNE
01461777.jpg,SNE
01461778.jpg,SNE
01461779.jpg,SNE
01461780.jpg,SNE
01461781.jpg,SNE
01461782.jpg,SNE
01461783.jpg,SNE
01461784.jpg,SNE
01461785.jpg,SNE
01461786.jpg,SNE
01461787.jpg,SNE
01461788.jpg,SNE
01461789.jpg,SNE
01461790.jpg,SNE
01461791.jpg,SNE
01461792.jpg,SNE
01461793.jpg,SNE
01461794.jpg,SNE
01461795.jpg,SNE
01461796.jpg,SNE
01461797.jpg,SNE
01461798.jpg,SNE
01461799.jpg,SNE
01461800.jpg,SNE
01461801.jpg,SNE
01461802.jpg,BNE
01461803.jpg,SNE
01461804.jpg,SNE
01461805.jpg,SNE
01461806.jpg,SNE
01461807.jpg,SNE
01461808.jpg,SNE
01461809.jpg,SNE
01461810.jpg,SNE
01461811.jpg,SNE
01461812.jpg,SNE
01461813.jpg,SNE
01461814.jpg,SNE
01461815.jpg,SNE
01461816.jpg,SNE
01461817.jpg,SNE
01461818.jpg,SNE
01461819.jpg,SNE
01461820.jpg,SNE
01461821.jpg,SNE
01461822.jpg,SNE
01461823.jpg,SNE
01461824.jpg,LY
01461825.jpg,VLY
01461826.jpg,VLY
01461827.jpg,BA
01461828.jpg,BA
01461829.jpg,VLY
01461830.jpg,BL
01461831.jpg,BL
01461832.jpg,VLY
01461833.jpg,BL
01461834.jpg,SNE
01461835.jpg,SNE
01461836.jpg,SNE
01461837.jpg,MMY
01461838.jpg,SNE
01461839.jpg,BNE
01461840.jpg,EO
01461841.jpg,LY
01461842.jpg,LY
01461843.jpg,LY
01461844.jpg,LY
01461845.jpg,LY
01461846.jpg,LY
01461847.jpg,LY
01461848.jpg,LY
01461849.jpg,LY
01461850.jpg,LY
01461851.jpg,LY
01461852.jpg,LY
01461853.jpg,LY
01461854.jpg,LY
01461855.jpg,LY
01461856.jpg,LY
01461857.jpg,LY
01461858.jpg,LY
01461859.jpg,LY
01461860.jpg,LY
01461861.jpg,LY
01461862.jpg,LY
01461863.jpg,LY
01461864.jpg,VLY
01461865.jpg,LY
01461866.jpg,MO
01461867.jpg,LY
01461868.jpg,LY
01461869.jpg,LY
01461870.jpg,LY
01461871.jpg,LY
01461872.jpg,LY
01461873.jpg,LY
01461874.jpg,LY
01461875.jpg,LY
01461876.jpg,LY
01461877.jpg,LY
01461878.jpg,LY
01461879.jpg,LY
01461880.jpg,LY
01461881.jpg,MO
01461882.jpg,LY
01461883.jpg,MO
01461884.jpg,LY
01461885.jpg,LY
01461886.jpg,LY
01461887.jpg,BL
01461888.jpg,LY
01461889.jpg,PMY
01461890.jpg,MMY
01461891.jpg,BNE
01461892.jpg,MMY
01461893.jpg,MMY
01461894.jpg,SNE
01461895.jpg,MO
01461896.jpg,MO
01461897.jpg,MO
01461898.jpg,MO
01461899.jpg,MO
01461900.jpg,MO
01461901.jpg,MO
01461902.jpg,PMY
01461903.jpg,PMY
01461904.jpg,MMY
01461905.jpg,BL
01461906.jpg,PMY
01461907.jpg,PMY
01461908.jpg,PMY
01461909.jpg,PMY
01461910.jpg,PMY
01461911.jpg,SNE
01461912.jpg,SNE
01461913.jpg,SNE
01461914.jpg,SNE
01461915.jpg,SNE
01461916.jpg,SNE
01461917.jpg,SNE
01461918.jpg,SNE
01461919.jpg,BNE
01461920.jpg,SNE
01461921.jpg,SNE
01461922.jpg,SNE
01461923.jpg,SNE
01461924.jpg,SNE
01461925.jpg,SNE
01461926.jpg,SNE
01461927.jpg,SNE
01461928.jpg,SNE
01461929.jpg,SNE
01461930.jpg,SNE
01461931.jpg,SNE
01461932.jpg,SNE
01461933.jpg,SNE
01461934.jpg,SNE
01461935.jpg,EO
01461936.jpg,SNE
01461937.jpg,SNE
01461938.jpg,SNE
01461939.jpg,SNE
01461940.jpg,BL
01461941.jpg,BL
01461942.jpg,BL
01461943.jpg,BL
01461944.jpg,BL
01461945.jpg,BL
01461946.jpg,BL
01461947.jpg,BL
01461948.jpg,BL
01461949.jpg,PC
01461950.jpg,BL
01461951.jpg,BL
01461952.jpg,BL
01461953.jpg,BL
01461954.jpg,BL
01461955.jpg,BL
01461956.jpg,BL
01461957.jpg,BL
01461958.jpg,BL
01461959.jpg,BL
01461960.jpg,LY
01461961.jpg,LY
01461962.jpg,LY
01461963.jpg,LY
01461964.jpg,LY
01461965.jpg,LY
01461966.jpg,LY
01461967.jpg,LY
01461968.jpg,LY
01461969.jpg,LY
01461970.jpg,LY
01461971.jpg,LY
01461972.jpg,BL
01461973.jpg,LY
01461974.jpg,LY
01461975.jpg,LY
01461976.jpg,LY
01461977.jpg,LY
01461978.jpg,MY
01461979.jpg,LY
01461980.jpg,LY
01461981.jpg,LY
01461982.jpg,LY
01461983.jpg,LY
01461984.jpg,LY
01461985.jpg,LY
01461986.jpg,LY
01461987.jpg,LY
01461988.jpg,LY
01461989.jpg,LY
01461990.jpg,LY
01461991.jpg,LY
01461992.jpg,LY
01461993.jpg,LY
01461994.jpg,LY
01461995.jpg,LY
01461996.jpg,LY
01461997.jpg,LY
01461998.jpg,LY
01461999.jpg,BL
01462000.jpg,LY
01462001.jpg,MY
01462002.jpg,MO
01462003.jpg,SNE
01462004.jpg,SNE
01462005.jpg,SNE
01462006.jpg,BNE
01462007.jpg,SNE
01462008.jpg,SNE
01462009.jpg,SNE
01462010.jpg,SNE
01462011.jpg,SNE
01462012.jpg,SNE
01462013.jpg,SNE
01462014.jpg,SNE
01462015.jpg,SNE
01462016.jpg,SNE
01462017.jpg,SNE
01462018.jpg,SNE
01462019.jpg,SNE
01462020.jpg,SNE
01462021.jpg,SNE
01462022.jpg,SNE
01462023.jpg,SNE
01462024.jpg,SNE
01462025.jpg,SNE
01462026.jpg,SNE
01462027.jpg,SNE
01462028.jpg,SNE
01462029.jpg,SNE
01462030.jpg,SNE
01462031.jpg,SNE
01462032.jpg,SNE
01462033.jpg,SNE
01462034.jpg,SNE
01462035.jpg,SNE
01462036.jpg,SNE
01462037.jpg,SNE
01462038.jpg,SNE
01462039.jpg,SNE
01462040.jpg,SNE
01462041.jpg,SNE
01462042.jpg,SNE
01462043.jpg,SNE
01462044.jpg,SNE
01462045.jpg,SNE
01462046.jpg,SNE
01462047.jpg,SNE
01462048.jpg,SNE
01462049.jpg,SNE
01462050.jpg,SNE
01462051.jpg,SNE
01462052.jpg,BL
01462053.jpg,VLY
01462054.jpg,LY
01462055.jpg,VLY
01462056.jpg,BL
01462057.jpg,MO
01462058.jpg,VLY
01462059.jpg,BL
01462060.jpg,BL
01462061.jpg,LY
01462062.jpg,VLY
01462063.jpg,VLY
01462064.jpg,LY
01462065.jpg,LY
01462066.jpg,LY
01462067.jpg,BL
01462068.jpg,LY
01462069.jpg,LY
01462070.jpg,LY
01462071.jpg,LY
01462072.jpg,LY
01462073.jpg,LY
01462074.jpg,LY
01462075.jpg,LY
01462076.jpg,LY
01462077.jpg,LY
01462078.jpg,LY
01462079.jpg,LY
01462080.jpg,LY
01462081.jpg,LY
01462082.jpg,LY
01462083.jpg,LY
01462084.jpg,LY
01462085.jpg,LY
01462086.jpg,MO
01462087.jpg,MO
01462088.jpg,LY
01462089.jpg,LY
01462090.jpg,LY
01462091.jpg,LY
01462092.jpg,BL
01462093.jpg,LY
01462094.jpg,LY
01462095.jpg,LY
01462096.jpg,LY
01462097.jpg,LY
01462098.jpg,LY
01462099.jpg,BL
01462100.jpg,LY
01462101.jpg,BL
01462102.jpg,LY
01462103.jpg,LY
01462104.jpg,LY
01462105.jpg,LY
01462106.jpg,LY
01462107.jpg,LY
01462108.jpg,VLY
01462109.jpg,LY
01462110.jpg,LY
01462111.jpg,LY
01462112.jpg,LY
01462113.jpg,LY
01462114.jpg,BL
01462115.jpg,LY
01462116.jpg,LY
01462117.jpg,LY
01462118.jpg,LY
01462119.jpg,LY
01462120.jpg,LY
01462121.jpg,VLY
01462122.jpg,LY
01462123.jpg,LY
01462124.jpg,LY
01462125.jpg,LY
01462126.jpg,LY
01462127.jpg,LY
01462128.jpg,LY
01462129.jpg,LY
01462130.jpg,LY
01462131.jpg,LY
01462132.jpg,LY
01462133.jpg,LY
01462134.jpg,LY
01462135.jpg,LY
01462136.jpg,BL
01462137.jpg,LY
01462138.jpg,LY
01462139.jpg,LY
01462140.jpg,LY
01462141.jpg,LY
01462142.jpg,LY
01462143.jpg,LY
01462144.jpg,LY
01462145.jpg,LY
01462146.jpg,VLY
01462147.jpg,LY
01462148.jpg,MO
01462149.jpg,MO
01462150.jpg,VLY
01462151.jpg,SNE
01462152.jpg,SNE
01462153.jpg,SNE
01462154.jpg,SNE
01462155.jpg,SNE
01462156.jpg,SNE
01462157.jpg,SNE
01462158.jpg,SNE
01462159.jpg,SNE
01462160.jpg,SNE
01462161.jpg,BA
01462162.jpg,BL
01462163.jpg,BL
01462164.jpg,BL
01462165.jpg,BL
01462166.jpg,BL
01462167.jpg,BL
01462168.jpg,BL
01462169.jpg,BL
01462170.jpg,BL
01462171.jpg,BL
01462172.jpg,BL
01462173.jpg,MO
01462174.jpg,MMY
01462175.jpg,BL
01462176.jpg,BL
01462177.jpg,BL
01462178.jpg,BL
01462179.jpg,BL
01462180.jpg,EO
01462181.jpg,LY
01462182.jpg,LY
01462183.jpg,LY
01462184.jpg,LY
01462185.jpg,LY
01462186.jpg,LY
01462187.jpg,LY
01462188.jpg,LY
01462189.jpg,LY
01462190.jpg,LY
01462191.jpg,LY
01462192.jpg,LY
01462193.jpg,LY
01462194.jpg,LY
01462195.jpg,LY
01462196.jpg,LY
01462197.jpg,LY
01462198.jpg,MMY
01462199.jpg,MMY
01462200.jpg,LY
01462201.jpg,LY
01462202.jpg,LY
01462203.jpg,LY
01462204.jpg,LY
01462205.jpg,LY
01462206.jpg,LY
01462207.jpg,LY
01462208.jpg,LY
01462209.jpg,LY
01462210.jpg,LY
01462211.jpg,LY
01462212.jpg,LY
01462213.jpg,LY
01462214.jpg,LY
01462215.jpg,LY
01462216.jpg,LY
01462217.jpg,LY
01462218.jpg,LY
01462219.jpg,LY
01462220.jpg,LY
01462221.jpg,VLY
01462222.jpg,LY
01462223.jpg,LY
01462224.jpg,LY
01462225.jpg,LY
01462226.jpg,LY
01462227.jpg,LY
01462228.jpg,LY
01462229.jpg,LY
01462230.jpg,LY
01462231.jpg,LY
01462232.jpg,VLY
01462233.jpg,LY
01462234.jpg,LY
01462235.jpg,LY
01462236.jpg,LY
01462237.jpg,LY
01462238.jpg,LY
01462239.jpg,LY
01462240.jpg,LY
01462241.jpg,LY
01462242.jpg,LY
01462243.jpg,LY
01462244.jpg,LY
01462245.jpg,LY
01462246.jpg,LY
01462247.jpg,LY
01462248.jpg,LY
01462249.jpg,LY
01462250.jpg,MO
01462251.jpg,MO
01462252.jpg,SNE
01462253.jpg,SNE
01462254.jpg,SNE
01462255.jpg,SNE
01462256.jpg,SNE
01462257.jpg,SNE
01462258.jpg,SNE
01462259.jpg,EO
01462260.jpg,SNE
01462261.jpg,SNE
01462262.jpg,SNE
01462263.jpg,SNE
01462264.jpg,SNE
01462265.jpg,SNE
01462266.jpg,SNE
01462267.jpg,SNE
01462268.jpg,SNE
01462269.jpg,BNE
01462270.jpg,SNE
01462271.jpg,SNE
01462272.jpg,SNE
01462273.jpg,BA
01462274.jpg,BA
01462275.jpg,BA
01462276.jpg,BA
01462277.jpg,BA
01462278.jpg,BA
01462279.jpg,BA
01462280.jpg,EO
01462281.jpg,EO
01462282.jpg,EO
01462283.jpg,EO
01462284.jpg,EO
01462285.jpg,LY
01462286.jpg,LY
01462287.jpg,LY
01462288.jpg,LY
01462289.jpg,LY
01462290.jpg,LY
01462291.jpg,LY
01462292.jpg,LY
01462293.jpg,LY
01462294.jpg,LY
01462295.jpg,LY
01462296.jpg,SNE
01462297.jpg,MO
01462298.jpg,MO
01462299.jpg,MO
01462300.jpg,SNE
01462301.jpg,SNE
01462302.jpg,SNE
01462303.jpg,SNE
01462304.jpg,SNE
01462305.jpg,SNE
01462306.jpg,SNE
01462307.jpg,SNE
01462308.jpg,SNE
01462309.jpg,SNE
01462310.jpg,SNE
01462311.jpg,SNE
01462312.jpg,SNE
01462313.jpg,SNE
01462314.jpg,SNE
01462315.jpg,SNE
01462316.jpg,SNE
01462317.jpg,SNE
01462318.jpg,SNE
01462319.jpg,SNE
01462320.jpg,SNE
01462321.jpg,SNE
01462322.jpg,SNE
01462323.jpg,SNE
01462324.jpg,SNE
01462325.jpg,SNE
01462326.jpg,SNE
01462327.jpg,SNE
01462328.jpg,SNE
01462329.jpg,SNE
01462330.jpg,SNE
01462331.jpg,SNE
01462332.jpg,SNE
01462333.jpg,SNE
01462334.jpg,SNE
01462335.jpg,SNE
01462336.jpg,SNE
01462337.jpg,SNE
01462338.jpg,SNE
01462339.jpg,SNE
01462340.jpg,SNE
01462341.jpg,SNE
01462342.jpg,SNE
01462343.jpg,SNE
01462344.jpg,SNE
01462345.jpg,SNE
01462346.jpg,SNE
01462347.jpg,SNE
01462348.jpg,SNE
01462349.jpg,SNE
01462350.jpg,SNE
01462351.jpg,SNE
01462352.jpg,SNE
01462353.jpg,SNE
01462354.jpg,SNE
01462355.jpg,SNE
01462356.jpg,SNE
01462357.jpg,SNE
01462358.jpg,SNE
01462359.jpg,SNE
01462360.jpg,SNE
01462361.jpg,SNE
01462362.jpg,SNE
01462363.jpg,SNE
01462364.jpg,SNE
01462365.jpg,SNE
01462366.jpg,SNE
01462367.jpg,SNE
01462368.jpg,SNE
01462369.jpg,SNE
01462370.jpg,SNE
01462371.jpg,SNE
01462372.jpg,SNE
01462373.jpg,SNE
01462374.jpg,SNE
01462375.jpg,SNE
01462376.jpg,SNE
01462377.jpg,SNE
01462378.jpg,SNE
01462379.jpg,SNE
01462380.jpg,BL
01462381.jpg,BL
01462382.jpg,BA
01462383.jpg,BA
01462384.jpg,BA
01462385.jpg,BA
01462386.jpg,BA
01462387.jpg,BA
01462388.jpg,BA
01462389.jpg,BA
01462390.jpg,MY
01462391.jpg,BA
01462392.jpg,BA
01462393.jpg,BA
01462394.jpg,BA
01462395.jpg,BA
01462396.jpg,BA
01462397.jpg,BA
01462398.jpg,BA
01462399.jpg,BA
01462400.jpg,BA
01462401.jpg,BA
01462402.jpg,BA
01462403.jpg,BA
01462404.jpg,BA
01462405.jpg,BA
01462406.jpg,BL
01462407.jpg,BA
01462408.jpg,BA
01462409.jpg,BA
01462410.jpg,BA
01462411.jpg,BA
01462412.jpg,BA
01462413.jpg,BA
01462414.jpg,BA
01462415.jpg,BA
01462416.jpg,BA
01462417.jpg,BA
01462418.jpg,BA
01462419.jpg,BA
01462420.jpg,BA
01462421.jpg,BA
01462422.jpg,BA
01462423.jpg,BA
01462424.jpg,MO
01462425.jpg,BL
01462426.jpg,BL
01462427.jpg,VLY
01462428.jpg,BL
01462429.jpg,BL
01462430.jpg,BL
01462431.jpg,BL
01462432.jpg,EO
01462433.jpg,EO
01462434.jpg,EO
01462435.jpg,EO
01462436.jpg,EO
01462437.jpg,VLY
01462438.jpg,LY
01462439.jpg,BA
01462440.jpg,LY
01462441.jpg,BA
01462442.jpg,LY
01462443.jpg,LY
01462444.jpg,LY
01462445.jpg,LY
01462446.jpg,LY
01462447.jpg,LY
01462448.jpg,LY
01462449.jpg,LY
01462450.jpg,LY
01462451.jpg,LY
01462452.jpg,LY
01462453.jpg,BA
01462454.jpg,MO
01462455.jpg,MO
01462456.jpg,VLY
01462457.jpg,SNE
01462458.jpg,SNE
01462459.jpg,SNE
01462460.jpg,SNE
01462461.jpg,SNE
01462462.jpg,SNE
01462463.jpg,SNE
01462464.jpg,SNE
01462465.jpg,SNE
01462466.jpg,SNE
01462467.jpg,SNE
01462468.jpg,SNE
01462469.jpg,SNE
01462470.jpg,SNE
01462471.jpg,SNE
01462472.jpg,SNE
01462473.jpg,SNE
01462474.jpg,SNE
01462475.jpg,SNE
01462476.jpg,SNE
01462477.jpg,SNE
01462478.jpg,SNE
01462479.jpg,SNE
01462480.jpg,SNE
01462481.jpg,SNE
01462482.jpg,SNE
01462483.jpg,SNE
01462484.jpg,SNE
01462485.jpg,SNE
01462486.jpg,SNE
01462487.jpg,SNE
01462488.jpg,SNE
01462489.jpg,SNE
01462490.jpg,SNE
01462491.jpg,SNE
01462492.jpg,SNE
01462493.jpg,SNE
01462494.jpg,SNE
01462495.jpg,SNE
01462496.jpg,BA
01462497.jpg,EO
01462498.jpg,LY
01462499.jpg,LY
01462500.jpg,LY
01462501.jpg,LY
01462502.jpg,LY
01462503.jpg,LY
01462504.jpg,LY
01462505.jpg,LY
01462506.jpg,VLY
01462507.jpg,LY
01462508.jpg,PC
01462509.jpg,LY
01462510.jpg,LY
01462511.jpg,LY
01462512.jpg,LY
01462513.jpg,VLY
01462514.jpg,LY
01462515.jpg,LY
01462516.jpg,LY
01462517.jpg,LY
01462518.jpg,LY
01462519.jpg,LY
01462520.jpg,LY
01462521.jpg,LY
01462522.jpg,LY
01462523.jpg,LY
01462524.jpg,LY
01462525.jpg,LY
01462526.jpg,LY
01462527.jpg,VLY
01462528.jpg,LY
01462529.jpg,LY
01462530.jpg,LY
01462531.jpg,LY
01462532.jpg,LY
01462533.jpg,LY
01462534.jpg,LY
01462535.jpg,LY
01462536.jpg,LY
01462537.jpg,LY
01462538.jpg,LY
01462539.jpg,LY
01462540.jpg,LY
01462541.jpg,LY
01462542.jpg,LY
01462543.jpg,LY
01462544.jpg,LY
01462545.jpg,LY
01462546.jpg,LY
01462547.jpg,LY
01462548.jpg,LY
01462549.jpg,LY
01462550.jpg,BL
01462551.jpg,LY
01462552.jpg,LY
01462553.jpg,LY
01462554.jpg,MO
01462555.jpg,MO
01462556.jpg,MO
01462557.jpg,MO
01462558.jpg,MO
01462559.jpg,SNE
01462560.jpg,SNE
01462561.jpg,SNE
01462562.jpg,SNE
01462563.jpg,SNE
01462564.jpg,SNE
01462565.jpg,SNE
01462566.jpg,SNE
01462567.jpg,SNE
01462568.jpg,SNE
01462569.jpg,SNE
01462570.jpg,SNE
01462571.jpg,SNE
01462572.jpg,SNE
01462573.jpg,SNE
01462574.jpg,SNE
01462575.jpg,SNE
01462576.jpg,SNE
01462577.jpg,SNE
01462578.jpg,SNE
01462579.jpg,SNE
01462580.jpg,SNE
01462581.jpg,SNE
01462582.jpg,SNE
01462583.jpg,SNE
01462584.jpg,SNE
01462585.jpg,SNE
01462586.jpg,SNE
01462587.jpg,SNE
01462588.jpg,SNE
01462589.jpg,SNE
01462590.jpg,SNE
01462591.jpg,SNE
01462592.jpg,SNE
01462593.jpg,SNE
01462594.jpg,SNE
01462595.jpg,SNE
01462596.jpg,SNE
01462597.jpg,SNE
01462598.jpg,SNE
01462599.jpg,SNE
01462600.jpg,VLY
01462601.jpg,VLY
01462602.jpg,BL
01462603.jpg,PC
01462604.jpg,VLY
01462605.jpg,PC
01462606.jpg,BA
01462607.jpg,BA
01462608.jpg,BA
01462609.jpg,BA
01462610.jpg,BA
01462611.jpg,BA
01462612.jpg,BA
01462613.jpg,BA
01462614.jpg,BA
01462615.jpg,BA
01462616.jpg,BA
01462617.jpg,BA
01462618.jpg,BA
01462619.jpg,BA
01462620.jpg,BA
01462621.jpg,BA
01462622.jpg,BA
01462623.jpg,BA
01462624.jpg,BA
01462625.jpg,BA
01462626.jpg,BA
01462627.jpg,BA
01462628.jpg,BA
01462629.jpg,BA
01462630.jpg,PMY
01462631.jpg,BL
01462632.jpg,EO
01462633.jpg,EO
01462634.jpg,EO
01462635.jpg,EO
01462636.jpg,EO
01462637.jpg,VLY
01462638.jpg,PC
01462639.jpg,LY
01462640.jpg,LY
01462641.jpg,LY
01462642.jpg,LY
01462643.jpg,LY
01462644.jpg,LY
01462645.jpg,LY
01462646.jpg,LY
01462647.jpg,LY
01462648.jpg,LY
01462649.jpg,LY
01462650.jpg,LY
01462651.jpg,LY
01462652.jpg,LY
01462653.jpg,LY
01462654.jpg,LY
01462655.jpg,LY
01462656.jpg,LY
01462657.jpg,LY
01462658.jpg,LY
01462659.jpg,PMY
01462660.jpg,LY
01462661.jpg,LY
01462662.jpg,LY
01462663.jpg,LY
01462664.jpg,LY
01462665.jpg,LY
01462666.jpg,MO
01462667.jpg,MO
01462668.jpg,MO
01462669.jpg,MO
01462670.jpg,MO
01462671.jpg,MO
01462672.jpg,SNE
01462673.jpg,SNE
01462674.jpg,SNE
01462675.jpg,SNE
01462676.jpg,SNE
01462677.jpg,SNE
01462678.jpg,SNE
01462679.jpg,SNE
01462680.jpg,SNE
01462681.jpg,SNE
01462682.jpg,SNE
01462683.jpg,SNE
01462684.jpg,SNE
01462685.jpg,SNE
01462686.jpg,SNE
01462687.jpg,SNE
01462688.jpg,SNE
01462689.jpg,SNE
01462690.jpg,SNE
01462691.jpg,SNE
01462692.jpg,SNE
01462693.jpg,SNE
01462694.jpg,SNE
01462695.jpg,SNE
01462696.jpg,BNE
01462697.jpg,SNE
01462698.jpg,SNE
01462699.jpg,SNE
01462700.jpg,SNE
01462701.jpg,SNE
01462702.jpg,SNE
01462703.jpg,SNE
01462704.jpg,SNE
01462705.jpg,SNE
01462706.jpg,SNE
01462707.jpg,SNE
01462708.jpg,SNE
01462709.jpg,SNE
01462710.jpg,SNE
01462711.jpg,SNE
01462712.jpg,SNE
01462713.jpg,SNE
01462714.jpg,SNE
01462715.jpg,SNE
01462716.jpg,SNE
01462717.jpg,SNE
01462718.jpg,SNE
01462719.jpg,SNE
01462720.jpg,EO
01462721.jpg,EO
01462722.jpg,LY
01462723.jpg,LY
01462724.jpg,LY
01462725.jpg,LY
01462726.jpg,LY
01462727.jpg,LY
01462728.jpg,LY
01462729.jpg,LY
01462730.jpg,LY
01462731.jpg,LY
01462732.jpg,LY
01462733.jpg,MY
01462734.jpg,LY
01462735.jpg,LY
01462736.jpg,LY
01462737.jpg,LY
01462738.jpg,LY
01462739.jpg,LY
01462740.jpg,LY
01462741.jpg,BL
01462742.jpg,LY
01462743.jpg,LY
01462744.jpg,LY
01462745.jpg,LY
01462746.jpg,LY
01462747.jpg,LY
01462748.jpg,LY
01462749.jpg,LY
01462750.jpg,LY
01462751.jpg,LY
01462752.jpg,LY
01462753.jpg,LY
01462754.jpg,LY
01462755.jpg,LY
01462756.jpg,BL
01462757.jpg,LY
01462758.jpg,BL
01462759.jpg,LY
01462760.jpg,LY
01462761.jpg,LY
01462762.jpg,LY
01462763.jpg,LY
01462764.jpg,LY
01462765.jpg,LY
01462766.jpg,LY
01462767.jpg,LY
01462768.jpg,LY
01462769.jpg,LY
01462770.jpg,LY
01462771.jpg,LY
01462772.jpg,BL
01462773.jpg,LY
01462774.jpg,VLY
01462775.jpg,BL
01462776.jpg,LY
01462777.jpg,BL
01462778.jpg,LY
01462779.jpg,LY
01462780.jpg,LY
01462781.jpg,LY
01462782.jpg,LY
01462783.jpg,LY
01462784.jpg,LY
01462785.jpg,LY
01462786.jpg,LY
01462787.jpg,LY
01462788.jpg,LY
01462789.jpg,LY
01462790.jpg,LY
01462791.jpg,PC
01462792.jpg,LY
01462793.jpg,LY
01462794.jpg,LY
01462795.jpg,LY
01462796.jpg,LY
01462797.jpg,LY
01462798.jpg,LY
01462799.jpg,LY
01462800.jpg,LY
01462801.jpg,LY
01462802.jpg,MO
01462803.jpg,MO
01462804.jpg,MMY
01462805.jpg,SNE
01462806.jpg,SNE
01462807.jpg,SNE
01462808.jpg,BNE
01462809.jpg,SNE
01462810.jpg,SNE
01462811.jpg,SNE
01462812.jpg,SNE
01462813.jpg,SNE
01462814.jpg,SNE
01462815.jpg,SNE
01462816.jpg,SNE
01462817.jpg,SNE
01462818.jpg,SNE
01462819.jpg,SNE
01462820.jpg,SNE
01462821.jpg,SNE
01462822.jpg,VLY
01462823.jpg,LY
01462824.jpg,BA
01462825.jpg,EO
01462826.jpg,EO
01462827.jpg,LY
01462828.jpg,VLY
01462829.jpg,LY
01462830.jpg,LY
01462831.jpg,LY
01462832.jpg,LY
01462833.jpg,LY
01462834.jpg,LY
01462835.jpg,LY
01462836.jpg,LY
01462837.jpg,LY
01462838.jpg,LY
01462839.jpg,LY
01462840.jpg,LY
01462841.jpg,LY
01462842.jpg,LY
01462843.jpg,LY
01462844.jpg,LY
01462845.jpg,LY
01462846.jpg,LY
01462847.jpg,LY
01462848.jpg,LY
01462849.jpg,LY
01462850.jpg,LY
01462851.jpg,VLY
01462852.jpg,MO
01462853.jpg,MO
01462854.jpg,MO
01462855.jpg,MO
01462856.jpg,MO
01462857.jpg,MO
01462858.jpg,MO
01462859.jpg,MO
01462860.jpg,MO
01462861.jpg,MO
01462862.jpg,SNE
01462863.jpg,SNE
01462864.jpg,SNE
01462865.jpg,SNE
01462866.jpg,SNE
01462867.jpg,SNE
01462868.jpg,SNE
01462869.jpg,SNE
01462870.jpg,SNE
01462871.jpg,SNE
01462872.jpg,SNE
01462873.jpg,SNE
01462874.jpg,SNE
01462875.jpg,SNE
01462876.jpg,SNE
01462877.jpg,SNE
01462878.jpg,SNE
01462879.jpg,SNE
01462880.jpg,SNE
01462881.jpg,SNE
01462882.jpg,SNE
01462883.jpg,SNE
01462884.jpg,SNE
01462885.jpg,SNE
01462886.jpg,SNE
01462887.jpg,SNE
01462888.jpg,SNE
01462889.jpg,SNE
01462890.jpg,SNE
01462891.jpg,SNE
01462892.jpg,SNE
01462893.jpg,SNE
01462894.jpg,SNE
01462895.jpg,SNE
01462896.jpg,SNE
01462897.jpg,SNE
01462898.jpg,SNE
01462899.jpg,SNE
01462900.jpg,SNE
01462901.jpg,SNE
01462902.jpg,SNE
01462903.jpg,SNE
01462904.jpg,SNE
01462905.jpg,SNE
01462906.jpg,SNE
01462907.jpg,SNE
01462908.jpg,SNE
01462909.jpg,SNE
01462910.jpg,SNE
01462911.jpg,SNE
01462912.jpg,SNE
01462913.jpg,SNE
01462914.jpg,SNE
01462915.jpg,SNE
01462916.jpg,SNE
01462917.jpg,SNE
01462918.jpg,SNE
01462919.jpg,SNE
01462920.jpg,SNE
01462921.jpg,SNE
01462922.jpg,SNE
01462923.jpg,SNE
01462924.jpg,SNE
01462925.jpg,SNE
01462926.jpg,SNE
01462927.jpg,SNE
01462928.jpg,VLY
01462929.jpg,VLY
01462930.jpg,VLY
01462931.jpg,BA
01462932.jpg,EO
01462933.jpg,EO
01462934.jpg,LY
01462935.jpg,LY
01462936.jpg,LY
01462937.jpg,LY
01462938.jpg,LY
01462939.jpg,LY
01462940.jpg,LY
01462941.jpg,LY
01462942.jpg,LY
01462943.jpg,LY
01462944.jpg,LY
01462945.jpg,LY
01462946.jpg,LY
01462947.jpg,LY
01462948.jpg,LY
01462949.jpg,LY
01462950.jpg,LY
01462951.jpg,LY
01462952.jpg,LY
01462953.jpg,LY
01462954.jpg,LY
01462955.jpg,LY
01462956.jpg,LY
01462957.jpg,LY
01462958.jpg,LY
01462959.jpg,LY
01462960.jpg,LY
01462961.jpg,LY
01462962.jpg,LY
01462963.jpg,MO
01462964.jpg,MO
01462965.jpg,MO
01462966.jpg,MO
01462967.jpg,MO
01462968.jpg,MO
01462969.jpg,MO
01462970.jpg,MO
01462971.jpg,MO
01462972.jpg,MO
01462973.jpg,MO
01462974.jpg,MO
01462975.jpg,MO
01462976.jpg,MO
01462977.jpg,MO
01462978.jpg,MO
01462979.jpg,MO
01462980.jpg,MO
01462981.jpg,MO
01462982.jpg,MO
01462983.jpg,SNE
01462984.jpg,SNE
01462985.jpg,SNE
01462986.jpg,SNE
01462987.jpg,SNE
01462988.jpg,SNE
01462989.jpg,SNE
01462990.jpg,SNE
01462991.jpg,SNE
01462992.jpg,SNE
01462993.jpg,SNE
01462994.jpg,SNE
01462995.jpg,SNE
01462996.jpg,SNE
01462997.jpg,SNE
01462998.jpg,SNE
01462999.jpg,SNE
01463000.jpg,SNE
01463001.jpg,SNE
01463002.jpg,SNE
01463003.jpg,SNE
01463004.jpg,SNE
01463005.jpg,SNE
01463006.jpg,SNE
01463007.jpg,SNE
01463008.jpg,SNE
01463009.jpg,SNE
01463010.jpg,SNE
01463011.jpg,SNE
01463012.jpg,SNE
01463013.jpg,SNE
01463014.jpg,SNE
01463015.jpg,SNE
01463016.jpg,SNE
01463017.jpg,SNE
01463018.jpg,SNE
01463019.jpg,SNE
01463020.jpg,SNE
01463021.jpg,SNE
01463022.jpg,SNE
01463023.jpg,SNE
01463024.jpg,SNE
01463025.jpg,SNE
01463026.jpg,SNE
01463027.jpg,SNE
01463028.jpg,SNE
01463029.jpg,SNE
01463030.jpg,SNE
01463031.jpg,SNE
01463032.jpg,SNE
01463033.jpg,SNE
01463034.jpg,SNE
01463035.jpg,SNE
01463036.jpg,SNE
01463037.jpg,SNE
01463038.jpg,SNE
01463039.jpg,SNE
01463040.jpg,SNE
01463041.jpg,SNE
01463042.jpg,SNE
01463043.jpg,SNE
01463044.jpg,SNE
01463045.jpg,SNE
01463046.jpg,SNE
01463047.jpg,SNE
01463048.jpg,VLY
01463049.jpg,VLY
01463050.jpg,BA
01463051.jpg,BA
01463052.jpg,BA
01463053.jpg,BA
01463054.jpg,BA
01463055.jpg,BA
01463056.jpg,BA
01463057.jpg,MO
01463058.jpg,BL
01463059.jpg,BL
01463060.jpg,VLY
01463061.jpg,BL
01463062.jpg,BL
01463063.jpg,BL
01463064.jpg,MO
01463065.jpg,BL
01463066.jpg,MO
01463067.jpg,MO
01463068.jpg,BL
01463069.jpg,MO
01463070.jpg,MO
01463071.jpg,MO
01463072.jpg,BL
01463073.jpg,MO
01463074.jpg,VLY
01463075.jpg,BL
01463076.jpg,BL
01463077.jpg,MO
01463078.jpg,BL
01463079.jpg,VLY
01463080.jpg,MO
01463081.jpg,EO
01463082.jpg,LY
01463083.jpg,LY
01463084.jpg,LY
01463085.jpg,MO
01463086.jpg,LY
01463087.jpg,LY
01463088.jpg,LY
01463089.jpg,LY
01463090.jpg,LY
01463091.jpg,LY
01463092.jpg,LY
01463093.jpg,LY
01463094.jpg,BL
01463095.jpg,MMY
01463096.jpg,MMY
01463097.jpg,MO
01463098.jpg,MO
01463099.jpg,MO
01463100.jpg,MO
01463101.jpg,MO
01463102.jpg,MO
01463103.jpg,MO
01463104.jpg,MO
01463105.jpg,MO
01463106.jpg,MO
01463107.jpg,MMY
01463108.jpg,MO
01463109.jpg,MO
01463110.jpg,MO
01463111.jpg,MO
01463112.jpg,MO
01463113.jpg,MO
01463114.jpg,MO
01463115.jpg,VLY
01463116.jpg,MY
01463117.jpg,MMY
01463118.jpg,MY
01463119.jpg,SNE
01463120.jpg,SNE
01463121.jpg,SNE
01463122.jpg,SNE
01463123.jpg,SNE
01463124.jpg,SNE
01463125.jpg,SNE
01463126.jpg,SNE
01463127.jpg,SNE
01463128.jpg,SNE
01463129.jpg,SNE
01463130.jpg,SNE
01463131.jpg,SNE
01463132.jpg,SNE
01463133.jpg,SNE
01463134.jpg,SNE
01463135.jpg,SNE
01463136.jpg,SNE
01463137.jpg,SNE
01463138.jpg,SNE
01463139.jpg,SNE
01463140.jpg,SNE
01463141.jpg,SNE
01463142.jpg,SNE
01463143.jpg,SNE
01463144.jpg,SNE
01463145.jpg,SNE
01463146.jpg,SNE
01463147.jpg,SNE
01463148.jpg,SNE
01463149.jpg,SNE
01463150.jpg,SNE
01463151.jpg,SNE
01463152.jpg,MMY
01463153.jpg,SNE
01463154.jpg,SNE
01463155.jpg,SNE
01463156.jpg,MO
01463157.jpg,SNE
01463158.jpg,SNE
01463159.jpg,LY
01463160.jpg,LY
01463161.jpg,LY
01463162.jpg,LY
01463163.jpg,LY
01463164.jpg,LY
01463165.jpg,LY
01463166.jpg,LY
01463167.jpg,LY
01463168.jpg,LY
01463169.jpg,LY
01463170.jpg,LY
01463171.jpg,LY
01463172.jpg,LY
01463173.jpg,LY
01463174.jpg,LY
01463175.jpg,LY
01463176.jpg,LY
01463177.jpg,LY
01463178.jpg,LY
01463179.jpg,LY
01463180.jpg,MO
01463181.jpg,MO
01463182.jpg,MO
01463183.jpg,MO
01463184.jpg,MO
01463185.jpg,SNE
01463186.jpg,SNE
01463187.jpg,SNE
01463188.jpg,SNE
01463189.jpg,SNE
01463190.jpg,SNE
01463191.jpg,SNE
01463192.jpg,SNE
01463193.jpg,SNE
01463194.jpg,SNE
01463195.jpg,SNE
01463196.jpg,SNE
01463197.jpg,SNE
01463198.jpg,SNE
01463199.jpg,SNE
01463200.jpg,SNE
01463201.jpg,SNE
01463202.jpg,SNE
01463203.jpg,SNE
01463204.jpg,SNE
01463205.jpg,SNE
01463206.jpg,SNE
01463207.jpg,SNE
01463208.jpg,SNE
01463209.jpg,SNE
01463210.jpg,SNE
01463211.jpg,SNE
01463212.jpg,SNE
01463213.jpg,SNE
01463214.jpg,SNE
01463215.jpg,SNE
01463216.jpg,SNE
01463217.jpg,SNE
01463218.jpg,SNE
01463219.jpg,SNE
01463220.jpg,SNE
01463221.jpg,SNE
01463222.jpg,SNE
01463223.jpg,SNE
01463224.jpg,SNE
01463225.jpg,SNE
01463226.jpg,SNE
01463227.jpg,SNE
01463228.jpg,SNE
01463229.jpg,SNE
01463230.jpg,SNE
01463231.jpg,SNE
01463232.jpg,SNE
01463233.jpg,SNE
01463234.jpg,SNE
01463235.jpg,SNE
01463236.jpg,SNE
01463237.jpg,SNE
01463238.jpg,SNE
01463239.jpg,SNE
01463240.jpg,SNE
01463241.jpg,SNE
01463242.jpg,SNE
01463243.jpg,SNE
01463244.jpg,SNE
01463245.jpg,SNE
01463246.jpg,SNE
01463247.jpg,SNE
01463248.jpg,SNE
01463249.jpg,SNE
01463250.jpg,SNE
01463251.jpg,SNE
01463252.jpg,SNE
01463253.jpg,SNE
01463254.jpg,SNE
01463255.jpg,SNE
01463256.jpg,SNE
01463257.jpg,SNE
01463258.jpg,SNE
01463259.jpg,SNE
01463260.jpg,SNE
01463261.jpg,SNE
01463262.jpg,SNE
01463263.jpg,SNE
01463264.jpg,SNE
01463265.jpg,VLY
01463266.jpg,VLY
01463267.jpg,BA
01463268.jpg,BA
01463269.jpg,BL
01463270.jpg,BL
01463271.jpg,BL
01463272.jpg,BL
01463273.jpg,BNE
01463274.jpg,SNE
01463275.jpg,LY
01463276.jpg,LY
01463277.jpg,LY
01463278.jpg,BL
01463279.jpg,LY
01463280.jpg,LY
01463281.jpg,LY
01463282.jpg,LY
01463283.jpg,MMY
01463284.jpg,LY
01463285.jpg,LY
01463286.jpg,LY
01463287.jpg,LY
01463288.jpg,LY
01463289.jpg,LY
01463290.jpg,LY
01463291.jpg,LY
01463292.jpg,MMY
01463293.jpg,MY
01463294.jpg,BNE
01463295.jpg,MMY
01463296.jpg,BNE
01463297.jpg,MMY
01463298.jpg,MMY
01463299.jpg,BNE
01463300.jpg,MO
01463301.jpg,MO
01463302.jpg,MO
01463303.jpg,MMY
01463304.jpg,MO
01463305.jpg,MO
01463306.jpg,MY
01463307.jpg,BNE
01463308.jpg,MY
01463309.jpg,MO
01463310.jpg,MO
01463311.jpg,MY
01463312.jpg,PMY
01463313.jpg,PMY
01463314.jpg,SNE
01463315.jpg,MMY
01463316.jpg,SNE
01463317.jpg,SNE
01463318.jpg,SNE
01463319.jpg,SNE
01463320.jpg,SNE
01463321.jpg,SNE
01463322.jpg,SNE
01463323.jpg,SNE
01463324.jpg,SNE
01463325.jpg,SNE
01463326.jpg,SNE
01463327.jpg,SNE
01463328.jpg,SNE
01463329.jpg,SNE
01463330.jpg,SNE
01463331.jpg,BNE
01463332.jpg,SNE
01463333.jpg,SNE
01463334.jpg,SNE
01463335.jpg,SNE
01463336.jpg,SNE
01463337.jpg,SNE
01463338.jpg,SNE
01463339.jpg,SNE
01463340.jpg,SNE
01463341.jpg,SNE
01463342.jpg,SNE
01463343.jpg,SNE
01463344.jpg,SNE
01463345.jpg,SNE
01463346.jpg,SNE
01463347.jpg,SNE
01463348.jpg,SNE
01463349.jpg,SNE
01463350.jpg,SNE
01463351.jpg,SNE
01463352.jpg,SNE
01463353.jpg,SNE
01463354.jpg,SNE
01463355.jpg,SNE
01463356.jpg,SNE
01463357.jpg,SNE
01463358.jpg,SNE
01463359.jpg,SNE
01463360.jpg,SNE
01463361.jpg,SNE
01463362.jpg,SNE
01463363.jpg,SNE
01463364.jpg,SNE
01463365.jpg,SNE
01463366.jpg,SNE
01463367.jpg,SNE
01463368.jpg,SNE
01463369.jpg,SNE
01463370.jpg,SNE
01463371.jpg,BNE
01463372.jpg,SNE
01463373.jpg,BNE
01463374.jpg,SNE
01463375.jpg,SNE
01463376.jpg,BL
01463377.jpg,BL
01463378.jpg,LY
01463379.jpg,LY
01463380.jpg,LY
01463381.jpg,LY
01463382.jpg,MO
01463383.jpg,LY
01463384.jpg,LY
01463385.jpg,LY
01463386.jpg,LY
01463387.jpg,LY
01463388.jpg,LY
01463389.jpg,LY
01463390.jpg,LY
01463391.jpg,LY
01463392.jpg,LY
01463393.jpg,LY
01463394.jpg,LY
01463395.jpg,LY
01463396.jpg,LY
01463397.jpg,VLY
01463398.jpg,LY
01463399.jpg,LY
01463400.jpg,LY
01463401.jpg,LY
01463402.jpg,LY
01463403.jpg,LY
01463404.jpg,LY
01463405.jpg,LY
01463406.jpg,LY
01463407.jpg,LY
01463408.jpg,LY
01463409.jpg,LY
01463410.jpg,LY
01463411.jpg,LY
01463412.jpg,LY
01463413.jpg,LY
01463414.jpg,LY
01463415.jpg,LY
01463416.jpg,LY
01463417.jpg,LY
01463418.jpg,LY
01463419.jpg,LY
01463420.jpg,LY
01463421.jpg,LY
01463422.jpg,LY
01463423.jpg,BL
01463424.jpg,LY
01463425.jpg,LY
01463426.jpg,LY
01463427.jpg,LY
01463428.jpg,LY
01463429.jpg,LY
01463430.jpg,BL
01463431.jpg,LY
01463432.jpg,LY
01463433.jpg,LY
01463434.jpg,LY
01463435.jpg,LY
01463436.jpg,LY
01463437.jpg,LY
01463438.jpg,MO
01463439.jpg,MO
01463440.jpg,MO
01463441.jpg,MO
01463442.jpg,MO
01463443.jpg,MO
01463444.jpg,MO
01463445.jpg,SNE
01463446.jpg,MO
01463447.jpg,SNE
01463448.jpg,MO
01463449.jpg,MO
01463450.jpg,MO
01463451.jpg,MO
01463452.jpg,PMY
01463453.jpg,MO
01463454.jpg,MO
01463455.jpg,MO
01463456.jpg,SNE
01463457.jpg,MO
01463458.jpg,BL
01463459.jpg,MO
01463460.jpg,MO
01463461.jpg,MO
01463462.jpg,MO
01463463.jpg,MMY
01463464.jpg,MO
01463465.jpg,SNE
01463466.jpg,MO
01463467.jpg,MO
01463468.jpg,MO
01463469.jpg,MO
01463470.jpg,MY
01463471.jpg,SNE
01463472.jpg,SNE
01463473.jpg,SNE
01463474.jpg,SNE
01463475.jpg,SNE
01463476.jpg,SNE
01463477.jpg,SNE
01463478.jpg,SNE
01463479.jpg,SNE
01463480.jpg,SNE
01463481.jpg,SNE
01463482.jpg,SNE
01463483.jpg,SNE
01463484.jpg,SNE
01463485.jpg,SNE
01463486.jpg,SNE
01463487.jpg,SNE
01463488.jpg,SNE
01463489.jpg,VLY
