kind,group,display,seed_label,lambda,mean_shrink,acc,nll,brier,smece,auroc_msp_cifar10,auroc_msp_svhn,auroc_ds_cifar10,auroc_ds_svhn,ctrl_nll,ctrl_smece,ctrl_auroc_msp_cifar10,ctrl_auroc_msp_svhn
baseline,baseline,Baseline,s1_baseline,nan,nan,0.8092,0.7982022613562363,0.2834931262872969,0.0735163871910565,0.80693801,0.7394219825599263,0.81276555,0.760466671788568,,,,
baseline,baseline,Baseline,s2_baseline,nan,nan,0.8046,0.8172750309159982,0.29157010187479243,0.08001989625711176,0.802900935,0.7506752554548248,0.8109951200000001,0.7795797940995698,,,,
sweep,sngp,SNGP (c=6.0),s1_sngp,0.0,1.0,0.8055,0.8181827618081278,0.2897773787759639,0.07841944553083373,0.8106155949999999,0.7354093231407499,0.8220064149999999,0.7806817724339274,0.8181827618081278,0.07841944553083373,0.8106155949999999,0.7354093231407499
sweep,sngp,SNGP (c=6.0),s1_sngp,0.01,1.000119907194208,0.8055,0.8181321989631196,0.289770539961025,0.0784033099061648,0.81061635,0.73541924170252,0.8220050099999999,0.780696446681008,0.818136036673957,0.07840200975934188,0.8106186250000001,0.7354139712661341
sweep,sngp,SNGP (c=6.0),s1_sngp,0.014677992676220698,1.000175993571822,0.8055,0.8181085577589124,0.28976734161849843,0.07839576221882298,0.81061674,0.7354236823909034,0.8220045399999999,0.7807034457590658,0.8181141889955857,0.07839385395804803,0.8106198750000001,0.735415988014751
sweep,sngp,SNGP (c=6.0),s1_sngp,0.021544346900318832,1.0002583100536335,0.8055,0.8180738711274907,0.2897626480748222,0.07838468436418937,0.81061656,0.7354305316533497,0.8220033400000001,0.7807137023663184,0.8180821328800434,0.07838188366983843,0.8106214549999999,0.7354192839582052
sweep,sngp,SNGP (c=6.0),s1_sngp,0.03162277660168379,1.000379118916815,0.8055,0.8180229880658151,0.2897557610081497,0.07836842564269215,0.81061732,0.7354402504609711,0.8220030599999999,0.780728737707437,0.8180351065423122,0.07836431530949764,0.810624195,0.7354236631837738
sweep,sngp,SNGP (c=6.0),s1_sngp,0.046415888336127774,1.0005564093323074,0.8055,0.8179483664103891,0.2897456567280881,0.07834456398475824,0.8106183100000001,0.7354541756299938,0.8220012299999999,0.7807507798094653,0.8179661364428051,0.07833853207419703,0.810628545,0.7354297748924401
sweep,sngp,SNGP (c=6.0),s1_sngp,0.06812920690579612,1.00081656559084,0.8055,0.8178389754922457,0.28973083547374434,0.07830954626404926,0.81061857,0.73547524585126,0.82199845,0.7807836240012292,0.8178650208168611,0.0783006950673163,0.810633745,0.7354395282728947
sweep,sngp,SNGP (c=6.0),s1_sngp,0.1,1.001198271107485,0.8055,0.8176787097792694,0.2897091019460775,0.07825816103178691,0.8106203499999999,0.7355065803626306,0.82199598,0.7808322871850031,0.8177168585680802,0.07824517449088772,0.810640855,0.7354530155193608
sweep,sngp,SNGP (c=6.0),s1_sngp,0.1467799267622069,1.001758212106479,0.8055,0.8174441124134403,0.28967724689521795,0.07818276875167075,0.81062378,0.7355517516902274,0.82199249,0.7809015365703749,0.8174999346644614,0.07816345600503809,0.8106528350000001,0.7354736862323293
sweep,sngp,SNGP (c=6.0),s1_sngp,0.21544346900318834,1.0025793925892026,0.8055,0.8171011445418968,0.28963058773854455,0.07807540942757539,0.8106260000000001,0.735618027811924,0.82198653,0.7810041141671789,0.8171827117392457,0.07804686411502128,0.810670325,0.7355041986785494
sweep,sngp,SNGP (c=6.0),s1_sngp,0.31622776601683794,1.0037832178095016,0.8055,0.8166006778759672,0.2895623113738848,0.0779128748401178,0.8106312899999999,0.7357129033497234,0.8219736599999999,0.7811535187461587,0.8167196172530442,0.0778707093473349,0.810695045,0.7355483328211432
sweep,sngp,SNGP (c=6.0),s1_sngp,0.46415888336127775,1.0055469733937488,0.8055,0.8158723716161552,0.2894625460547639,0.0776740385393787,0.81063487,0.7358544061155501,0.82195719,0.781370282728949,0.8160452886888444,0.07761171676356463,0.810732785,0.7356120467117393
sweep,sngp,SNGP (c=6.0),s1_sngp,0.654703,1.0078132017109602,0.8055,0.814945136006352,0.2893348286275488,0.07736618644332362,0.81064001,0.7360328057775046,0.8219383100000001,0.7816453249846342,0.8151860878392028,0.07727821651759607,0.810779995,0.7356949254763369
sweep,sngp,SNGP (c=6.0),s1_sngp,0.6812920690579611,1.0081289403285112,0.8055,0.814816709490001,0.2893170766833948,0.07732315578515618,0.8106414599999999,0.7360582513829134,0.82193666,0.7816833666256915,0.8150670248531174,0.07723160271498672,0.810786365,0.7357065688383528
sweep,sngp,SNGP (c=6.0),s1_sngp,1.0,1.0119041323232176,0.8055,0.813295406704046,0.2891056231493367,0.0768113099538887,0.8106536000000001,0.736359991548863,0.82189656,0.7821342693607867,0.8136555630403851,0.07667568787390802,0.810864895,0.7358449754148741
sweep,sngp,SNGP (c=6.0),s1_sngp,1.467799267622069,1.0174144397290275,0.8055,0.8111215153092969,0.28879965723603757,0.0760598413445458,0.81066873,0.736794787185003,0.8218253,0.7827785302704364,0.8116353094410557,0.07586087653874779,0.810980925,0.7360473955132145
sweep,sngp,SNGP (c=6.0),s1_sngp,2.154434690031882,1.0254375854775681,0.8055,0.8080529946750485,0.2883599115799368,0.07495862809821108,0.8106887700000001,0.7374188767670559,0.82171347,0.7836874423786109,0.8087774344406556,0.07466711957813867,0.8111418250000001,0.7363404655808237
sweep,sngp,SNGP (c=6.0),s1_sngp,3.1622776601683795,1.0370792676163922,0.8055,0.803798214160553,0.2877341808660782,0.07335176625414797,0.8107036600000002,0.7383072564535955,0.82152012,0.7849363053165335,0.804803829132312,0.0729220656483518,0.8113756849999999,0.7367649930854332
sweep,sngp,SNGP (c=6.0),s1_sngp,4.6415888336127775,1.053891375679407,0.8055,0.7980498558456077,0.2868570167402586,0.07100510009419872,0.8107195100000001,0.7395576367547634,0.82118517,0.7866314651198525,0.7994180776273018,0.07036977724055193,0.811717305,0.7373793100799017
sweep,sngp,SNGP (c=6.0),s1_sngp,6.812920690579608,1.0780151842470171,0.8055,0.7905753070922171,0.28565500414310174,0.06756470032630946,0.8107248,0.741296938383528,0.8205984299999999,0.7888403234480639,0.7923920280270464,0.06668581016636854,0.812183195,0.7382552243392747
sweep,sngp,SNGP (c=6.0),s1_sngp,7.5,1.0855200375222878,0.8055,0.788427436058215,0.28529511037670374,0.06647751395390135,0.8107180900000001,0.7418235287338659,0.82039326,0.78948272510756,0.7903695468945822,0.06552686529153859,0.812324525,0.7385276006453596
sweep,sngp,SNGP (c=6.0),s1_sngp,10.0,1.1123412229250884,0.8055,0.7814047912016687,0.2840654156467675,0.06251588131993265,0.81068128,0.7436554932390903,0.8196082100000001,0.7916067186539644,0.7837512421148651,0.061353017807940405,0.8128311050000001,0.7394969422249539
sweep,sngp,SNGP (c=6.0),s1_sngp,14.67799267622069,1.1606679695767932,0.8055,0.7711667760850405,0.2820837362910187,0.055075889263096235,0.8105265700000001,0.7467838929010449,0.8179614099999999,0.7949028003995083,0.7741118027887601,0.05405828547440123,0.813699855,0.7412178088506454
sweep,sngp,SNGP (c=6.0),s1_sngp,21.54434690031882,1.2278337565601252,0.8055,0.761613432598767,0.2798691100181579,0.04549980831342923,0.8101399,0.7507535302704363,0.81535088,0.7986079786416718,0.7652108470698619,0.04589682750002527,0.8148293050000002,0.7435461854640444
sweep,sngp,SNGP (c=6.0),s1_sngp,31.622776601683793,1.319798030911301,0.8055,0.7563485659778005,0.2779578319304027,0.036299542906162115,0.8093003,0.7555889021204671,0.81146165,0.8026040872771973,0.7606336436018708,0.03700068963274187,0.816178405,0.7465725875845113
sweep,sngp,SNGP (c=6.0),s1_sngp,32.4973,1.3274589893722544,0.8055,0.7562839869647004,0.2778610915066276,0.03556374266588322,0.80922003,0.7559618431161648,0.8111361099999999,0.8028969230178242,0.7606184754364597,0.036371137163125955,0.816281145,0.7468171173939766
sweep,sngp,SNGP (c=6.0),s1_sngp,35.3162,1.3518413765121755,0.8055,0.7564397989588517,0.27761994849895516,0.03320887198406648,0.80895038,0.7571220805162877,0.8100910699999999,0.8037968730792872,0.76092473679492,0.03447000862449492,0.816598595,0.7475786800860479
sweep,sngp,SNGP (c=6.0),s1_sngp,46.41588833612777,1.4436667040951685,0.8055,0.7617114921993089,0.2776570170906045,0.02531839511510633,0.8077927799999999,0.7611514520590044,0.80617133,0.8068275968039337,0.7666815092833515,0.028419316909531044,0.817666345,0.7502920712968655
sweep,sngp,SNGP (c=6.0),s1_sngp,68.12920690579608,1.6076902877943995,0.8055,0.7876523335781678,0.2816791079371502,0.04148544917834021,0.80545661,0.7671065342655193,0.79949848,0.8113226528887523,0.7932614449405179,0.04231493367997865,0.8191458750000001,0.7544983789182544
sweep,sngp,SNGP (c=6.0),s1_sngp,100.0,1.8212969063837388,0.8055,0.8481411368912238,0.2949395974484155,0.09540559046397036,0.8022929599999999,0.7729458973570988,0.79147425,0.8161353718500308,0.854509264027725,0.0993609962104485,0.820423975,0.7588208051628764
sweep,sngp,SNGP (c=6.0),s1_sngp,146.77992676220674,2.095232701543644,0.8055,0.9600516394147065,0.3249993055615842,0.17412045241828916,0.79851858,0.7781393054701905,0.78208498,0.8211827942532268,0.9682116664635659,0.17969797450004235,0.8213577750000001,0.762816364474493
sweep,sngp,SNGP (c=6.0),s1_sngp,215.44346900318823,2.441860470731222,0.8055,1.1388970464236434,0.3808273467846716,0.262695431626552,0.7945431700000001,0.7823589543638598,0.7712625900000001,0.8262193607867241,1.1517550261667235,0.26988376034851064,0.8219281949999999,0.7661422287953288
sweep,sngp,SNGP (c=6.0),s1_sngp,316.2277660168379,2.875628670716651,0.8055,1.3908461181571308,0.4676780202069722,0.34106084976566303,0.79079366,0.7855521281499693,0.75888724,0.8308709434542101,1.4125073586371701,0.3495866632846621,0.8222254250000001,0.7687210510141365
sweep,sngp,SNGP (c=6.0),s1_sngp,464.1588833612773,3.413693544616293,0.8055,1.7050038863305474,0.5784807689366793,0.40325867712187535,0.78753493,0.7878949254763368,0.7451314800000001,0.8347611017209589,1.737445754837829,0.41131136658712253,0.822339865,0.7706249807928703
sweep,sngp,SNGP (c=6.0),s1_sngp,681.2920690579608,4.076672076465846,0.8055,2.05417302785688,0.692063817780439,0.44772345412727405,0.7848820200000001,0.7895897241856177,0.73046386,0.8376646204671174,2.094880217142878,0.4541085132084814,0.8223685350000001,0.7720035264290106
sweep,sngp,SNGP (c=6.0),s1_sngp,1000.0,4.889518499758714,0.8055,2.406267669288663,0.7867555314300462,0.477171343945999,0.78279349,0.7908218653964352,0.71554327,0.8395331361401352,2.4501562825385172,0.48121578231213924,0.822346245,0.7730100952673633
sweep,sngp,SNGP (c=6.0),s1_sngp,1467.7992676220674,5.882538982766174,0.8055,2.736642812841743,0.8543566438625537,0.49481773828440656,0.78119582,0.7917291909956976,0.7010102500000001,0.8404939420712969,2.779304497390664,0.4972988495614966,0.822301305,0.7737452020590043
sweep,sngp,SNGP (c=6.0),s1_sngp,2154.4346900318824,7.092578160545317,0.8055,3.032265188016039,0.8986948494349363,0.5051166135912784,0.7800019699999999,0.7924150430239705,0.6875225199999999,0.8407355716041794,3.071192087778799,0.506433980430981,0.822257395,0.7742902811923786
sweep,sngp,SNGP (c=6.0),s1_sngp,3162.2776601683795,8.56442489771477,0.8055,3.2891628029732485,0.9270456533395938,0.5110962995216665,0.77909419,0.7929313383527965,0.67540944,0.8404648970497849,3.3233840231860152,0.5120306700294023,0.8222161749999999,0.7746999731100184
asymptote,sngp,SNGP (c=6.0),s1_sngp,inf,nan,,,,,0.77615059,0.794951163952059,,,,,,
sweep,sngp,SNGP (c=6.0),s2_sngp,0.0,1.0,0.8047,0.813732095716965,0.2879027312290841,0.07796320845489241,0.8053306150000001,0.7446640096803934,0.815405855,0.7911219460663799,0.813732095716965,0.07796320845489241,0.8053306150000001,0.7446640096803934
sweep,sngp,SNGP (c=6.0),s2_sngp,0.01,1.0001177225021585,0.8047,0.8136844256685306,0.28789604557596893,0.07794696543933967,0.80533146,0.7446728488014751,0.8154077,0.791133397357099,0.8136875253181435,0.07794579150891115,0.805332695,0.744668819145667
sweep,sngp,SNGP (c=6.0),s2_sngp,0.014677992676220698,1.000172787215693,0.8047,0.8136621366974286,0.2878929188894908,0.0779393674517387,0.8053319,0.7446773970497849,0.81540831,0.7911390288875231,0.8136666851387528,0.07793764445193152,0.805333765,0.7446710433312846
sweep,sngp,SNGP (c=6.0),s2_sngp,0.021544346900318832,1.000253604484076,0.8047,0.8136294337028954,0.28788833053069596,0.07792821568813936,0.8053326900000001,0.7446839543638599,0.8154088700000001,0.7911473225261216,0.8136361072704867,0.0779256869030887,0.805335145,0.7446744929317763
sweep,sngp,SNGP (c=6.0),s2_sngp,0.03162277660168379,1.0003722136301654,0.8047,0.8135814597056628,0.2878815978720288,0.0779118483655491,0.80533331,0.744693561770129,0.81540965,0.7911598724646589,0.8135912494997809,0.07790813710082004,0.805337295,0.7446796711739397
sweep,sngp,SNGP (c=6.0),s2_sngp,0.046415888336127774,1.0005462770823326,0.8047,0.8135111025645063,0.28787172027033364,0.07788781534816462,0.8053337700000001,0.7447078326674862,0.8154117900000001,0.7911770513214504,0.8135254598324101,0.07788238063598922,0.8053406950000002,0.7446875768285187
sweep,sngp,SNGP (c=6.0),s2_sngp,0.06812920690579612,1.0008017006330345,0.8047,0.8134079594858036,0.28785723181785244,0.07785237167270498,0.80533603,0.7447280500921942,0.8154141500000001,0.7912028080823601,0.8134290068752762,0.07784458227366561,0.8053455250000001,0.7446987400122926
sweep,sngp,SNGP (c=6.0),s2_sngp,0.1,1.0011764677038013,0.8047,0.8132568394581458,0.2878359869588863,0.07780035958696747,0.8053386199999999,0.7447591195451752,0.8154158599999999,0.7912421673325138,0.8132876765276323,0.07778903794629023,0.8053522350000001,0.7447150737553779
sweep,sngp,SNGP (c=6.0),s2_sngp,0.1467799267622069,1.0017262420866258,0.8047,0.8130356128999305,0.2878048495760911,0.07772404189855978,0.8053415999999999,0.7448029540565457,0.81541926,0.7912971342962509,0.8130807548196922,0.07770743557770848,0.8053625149999999,0.7447397280270436
sweep,sngp,SNGP (c=6.0),s2_sngp,0.21544346900318834,1.002532537754987,0.8047,0.8127121572685468,0.2877592446986013,0.07761189997883053,0.8053490299999999,0.7448684964658882,0.81542149,0.7913791833128458,0.8127781581475634,0.07758772741458259,0.805379135,0.7447759757221881
sweep,sngp,SNGP (c=6.0),s2_sngp,0.31622776601683794,1.003714595597584,0.8047,0.812240090145456,0.2876925177873159,0.07744700249928833,0.80535788,0.7449652197295636,0.81542954,0.7914978411186231,0.8123364146782661,0.07741167363969129,0.805401545,0.7448282229563614
sweep,sngp,SNGP (c=6.0),s2_sngp,0.46415888336127775,1.0054465722114356,0.8047,0.8115529623650802,0.28759503125138164,0.07720480100023328,0.8053700899999999,0.7451054970805163,0.81543789,0.7916694606637984,0.8116931754063074,0.07715285067403714,0.805435595,0.7449051590350338
sweep,sngp,SNGP (c=6.0),s2_sngp,0.654703,1.0076721618340492,0.8047,0.8106779069984925,0.2874702574346617,0.07689633843905262,0.80538804,0.7452838122311002,0.81544502,0.7918887830362631,0.8108735892367968,0.07682327621778097,0.805476735,0.7450038529502152
sweep,sngp,SNGP (c=6.0),s2_sngp,0.6812920690579611,1.0079822555768958,0.8047,0.8105566868370135,0.28745291703943476,0.07685284065024461,0.8053909099999998,0.7453085510141364,0.8154473400000001,0.7919199254763368,0.8107600162356402,0.0767768422968664,0.805482385,0.7450169560540874
sweep,sngp,SNGP (c=6.0),s2_sngp,1.0,1.0116902698724084,0.8047,0.8091203845639702,0.2872464125222116,0.07633217095963542,0.80541921,0.7456035149047326,0.8154608799999999,0.79227696681008,0.8094136510028871,0.07622114224912366,0.805553815,0.745181499692686
sweep,sngp,SNGP (c=6.0),s2_sngp,1.467799267622069,1.0171035411830294,0.8047,0.8070668947825155,0.2869477688239573,0.07557379349535927,0.8054574,0.7460295405654579,0.81546516,0.7927888560233558,0.8074866486053406,0.07540984445141889,0.805660435,0.7454201943761525
sweep,sngp,SNGP (c=6.0),s2_sngp,2.154434690031882,1.0249874487842783,0.8047,0.8041665562495524,0.28651891108343647,0.07445685020373881,0.8055131899999999,0.7466478833743087,0.8154580899999999,0.7935094383835279,0.8047609606087756,0.07421929590756679,0.8058161749999999,0.745765868930547
sweep,sngp,SNGP (c=6.0),s2_sngp,3.1622776601683795,1.0364311166308038,0.8047,0.8001424928440332,0.2859095021648163,0.07281409650660739,0.80558165,0.7475337238783035,0.81542633,0.7945069645052243,0.8009720291715967,0.07246718888933652,0.806031615,0.7462718231407499
sweep,sngp,SNGP (c=6.0),s2_sngp,4.6415888336127775,1.052964902445635,0.8047,0.7947036421626218,0.28505711112906873,0.07038271469817875,0.80567006,0.7487796980639214,0.8153149399999999,0.7958572103564843,0.7958392430024739,0.06991184979146457,0.806342845,0.7469919598955133
sweep,sngp,SNGP (c=6.0),s2_sngp,6.812920690579608,1.0767032501937306,0.8047,0.7876335546413338,0.2838933495725968,0.06681930920301316,0.8057706299999999,0.7505141095574678,0.81504339,0.7976195144437614,0.7891508173386956,0.06617326733404245,0.8067769149999999,0.7480221381376767
sweep,sngp,SNGP (c=6.0),s2_sngp,7.5,1.0840911892457847,0.8047,0.7856035301170219,0.28354603629025915,0.06569838195100944,0.80579869,0.7510419637369392,0.81493316,0.7981257913337431,0.7872278442566667,0.06498958655100484,0.806908865,0.7483436347572219
sweep,sngp,SNGP (c=6.0),s2_sngp,10.0,1.1105048906115258,0.8047,0.778976385585261,0.2823639989480123,0.06160070199934065,0.80585845,0.7528688767670559,0.81446746,0.7998135141364474,0.7809459739262511,0.0608402899275503,0.807370115,0.7494725837430853
sweep,sngp,SNGP (c=6.0),s2_sngp,14.67799267622069,1.1581326723497736,0.8047,0.7693695084004583,0.2804785999195689,0.05438580226302872,0.80586941,0.7559368661647204,0.8133705800000001,0.802383270590043,0.7718470007841935,0.05402808655210773,0.808164245,0.751455274277812
sweep,sngp,SNGP (c=6.0),s2_sngp,21.54434690031882,1.2243871665488042,0.8047,0.7605634197655968,0.27841707970126817,0.04498041468573184,0.8056950900000001,0.7597763867547633,0.8114453699999999,0.8052182775046097,0.7635842932937195,0.04462953358777998,0.809162805,0.754092466963737
sweep,sngp,SNGP (c=6.0),s2_sngp,31.622776601683793,1.315189427400223,0.8047,0.7561351020911693,0.27673765581982973,0.03342833382439781,0.8051586399999999,0.7643377573755379,0.8083939600000001,0.8081411800860479,0.7597173589495022,0.0329067996441501,0.8103744650000001,0.7574475645359557
sweep,sngp,SNGP (c=6.0),s2_sngp,32.4973,1.3227572281881366,0.8047,0.7561317056225957,0.2766606603485292,0.03247790057098418,0.80510349,0.7646840388752305,0.80813086,0.8083485863552551,0.7597542209166228,0.03198713991984399,0.810466745,0.7577121581130916
sweep,sngp,SNGP (c=6.0),s2_sngp,35.3162,1.3468463697408348,0.8047,0.7564740557867717,0.2764822142159475,0.02989834323093407,0.80491084,0.7657549362323295,0.8072750900000001,0.8089874654271665,0.7602195234475314,0.02905365929745897,0.8107494749999999,0.7585391172403196
sweep,sngp,SNGP (c=6.0),s2_sngp,46.41588833612777,1.4376065630321435,0.8047,0.7623408952139454,0.2767457308192988,0.024949202289997113,0.80408814,0.7694080708358942,0.80404801,0.8110565496312232,0.766492919874608,0.02541076055928902,0.811709255,0.7614418753841425
sweep,sngp,SNGP (c=6.0),s2_sngp,68.12920690579608,1.59984795557412,0.8047,0.7889562052126046,0.2810764120438873,0.039979882808743275,0.80238426,0.774644725722188,0.79850225,0.8139272357098954,0.7937149513247195,0.04269015755027148,0.813033415,0.7658211547326368
sweep,sngp,SNGP (c=6.0),s2_sngp,100.0,1.8112941708920458,0.8047,0.8497100746864359,0.29445344245942967,0.09563269216891875,0.79999226,0.779591483558697,0.7917849,0.8167843461893055,0.8553446348570629,0.0995329632751285,0.814170875,0.770178741548863
sweep,sngp,SNGP (c=6.0),s2_sngp,146.77992676220674,2.0826319318395465,0.8047,0.9613324278607346,0.32426681962497944,0.17371345269782767,0.79704955,0.78383639366933,0.7839007800000001,0.8195572103564843,0.968945719573072,0.17926975771813175,0.8150014649999999,0.7740687730485556
sweep,sngp,SNGP (c=6.0),s2_sngp,215.44346900318823,2.4261471971215878,0.8047,1.1394699233272987,0.37964798636747293,0.26176476715304076,0.7938571699999999,0.7871440611555008,0.7747760699999999,0.822098889827904,1.151790844847318,0.26897110124570317,0.815510965,0.7772239628149968
sweep,sngp,SNGP (c=6.0),s2_sngp,316.2277660168379,2.856189240446878,0.8047,1.3906311098741706,0.46624914945991197,0.3400299961424358,0.7908253000000002,0.7895596880762139,0.7643147699999999,0.8241960894283958,1.4114819615587726,0.34856250001868205,0.815772865,0.7796068838352797
sweep,sngp,SNGP (c=6.0),s2_sngp,464.1588833612773,3.389788464794084,0.8047,1.7042292985701752,0.5771819608187433,0.40237691992472185,0.7881586500000001,0.7912697756607252,0.75255354,0.8256277850338046,1.7355026824242115,0.41052489012008936,0.8158630250000001,0.7813379724953903
sweep,sngp,SNGP (c=6.0),s2_sngp,681.2920690579608,4.047405068206672,0.8047,2.053179326368898,0.6911905130183944,0.4476498725073067,0.7859558600000001,0.7924712853411187,0.73980712,0.8262167140442531,2.092472353523321,0.4536662984368266,0.8158710750000001,0.7825703326674861
sweep,sngp,SNGP (c=6.0),s2_sngp,1000.0,4.853800564284916,0.8047,2.405293664148907,0.7863049224383215,0.4765861439133598,0.7842278899999999,0.7933158574062691,0.72655684,0.8259687192685925,2.4476839514331803,0.4810342838534333,0.8158416650000001,0.7834467770436385
sweep,sngp,SNGP (c=6.0),s2_sngp,1467.7992676220674,5.839046189054896,0.8047,2.7357792046569513,0.8541438655383535,0.49427070141337426,0.7829113600000001,0.7939226567301781,0.7135191,0.8249780500921943,2.776993634306819,0.49658371145329544,0.815802335,0.7840785417947143
sweep,sngp,SNGP (c=6.0),s2_sngp,2154.4346900318824,7.039701441547155,0.8047,3.031526166416405,0.8985841434471098,0.5045783439791752,0.78190592,0.7943725991087892,0.7012823100000001,0.8234668292870313,3.069137506005735,0.506491220759546,0.8157556650000001,0.7845414797172712
sweep,sngp,SNGP (c=6.0),s2_sngp,3162.2776601683795,8.500209806093224,0.8047,3.288539643592277,0.9269793111707717,0.511261160132865,0.78115266,0.7947181699446835,0.69022441,0.8216448332821144,3.321608431500309,0.5121358865578598,0.815709845,0.7848851298401966
asymptote,sngp,SNGP (c=6.0),s2_sngp,inf,nan,,,,,0.77874454,0.7960472956361402,,,,,,
sweep,specreg,SpecReg (matched),s1_specreg,0.0,1.0,0.8084,0.7836258931655525,0.28363355509334826,0.0685343458964684,0.8107919049999999,0.7818635602335586,0.8197839250000001,0.8206360056853104,0.7836258931655525,0.0685343458964684,0.8107919049999999,0.7818635602335586
sweep,specreg,SpecReg (matched),s1_specreg,0.01,1.0001132376045223,0.8084,0.7835901642759165,0.28362875261761183,0.06852189068511767,0.81079192,0.7818673594038107,0.81978286,0.8206418331284573,0.7835904082266192,0.06851791527041119,0.8107943850000001,0.7818675514751076
sweep,specreg,SpecReg (matched),s1_specreg,0.014677992676220698,1.0001662042166328,0.8084,0.7835734576798111,0.2836265065339041,0.06851606423670181,0.81079208,0.781869234019668,0.8197826,0.8206445912722803,0.7835738168374081,0.06851022977416411,0.8107952049999999,0.7818693223724646
sweep,specreg,SpecReg (matched),s1_specreg,0.021544346900318832,1.0002439418138165,0.8084,0.783548944233824,0.2836232103236206,0.06850751299825254,0.8107923,0.7818715465580823,0.8197815799999999,0.82064852489244,0.7835494737460076,0.0684989498485491,0.810797085,0.7818720267363246
sweep,specreg,SpecReg (matched),s1_specreg,0.03162277660168379,1.0003580304514552,0.8084,0.7835129816839023,0.2836183734189357,0.06849496235176035,0.81079199,0.7818754494468346,0.81978024,0.8206541948371235,0.7835137639423305,0.06848239494884187,0.810799185,0.781876225414874
sweep,specreg,SpecReg (matched),s1_specreg,0.046415888336127774,1.000525458345771,0.8084,0.7834602352082771,0.2836112765500559,0.06847654417411694,0.81079201,0.7818810540872773,0.81977872,0.820662507682852,0.78346139425876,0.06845810353313081,0.810802315,0.7818822141979103
sweep,specreg,SpecReg (matched),s1_specreg,0.06812920690579612,1.0007711414749905,0.8084,0.7833828986106953,0.28360086566427084,0.06844951810752878,0.81079152,0.7818894514443762,0.81977588,0.8206748040872771,0.7833846232191,0.06842246232407359,0.810807855,0.7818912338660111
sweep,specreg,SpecReg (matched),s1_specreg,0.1,1.0011316099948409,0.8084,0.7832695660763406,0.2835855972639587,0.06840986398686227,0.8107909100000001,0.7819019629686539,0.81977128,0.820692828057775,0.7832721476924679,0.06837016712720886,0.810815185,0.781904778733866
sweep,specreg,SpecReg (matched),s1_specreg,0.1467799267622069,1.0016603937792348,0.8084,0.7831036080157463,0.28356321363781745,0.06836466322302122,0.81079184,0.78191985633067,0.81976599,0.8207195336508912,0.783107505292671,0.06830657628503949,0.810824925,0.7819238245236632
sweep,specreg,SpecReg (matched),s1_specreg,0.21544346900318834,1.0024358731361045,0.8084,0.7828608552004507,0.2835304177665478,0.06827900721669483,0.8107904100000001,0.7819456899200984,0.8197582300000001,0.820758274431469,0.7828668074783858,0.06819388448265663,0.8108407249999999,0.781952270282729
sweep,specreg,SpecReg (matched),s1_specreg,0.31622776601683794,1.0035726868960582,0.8084,0.7825063442832537,0.2834824064943153,0.06815338748844407,0.8107889500000001,0.7819838506453596,0.81974641,0.8208150084511371,0.782515578106488,0.06802881969253255,0.810862625,0.7819931507375537
sweep,specreg,SpecReg (matched),s1_specreg,0.46415888336127775,1.0052382337247432,0.8084,0.7819898467947518,0.2834122074732679,0.06796813727714648,0.81078496,0.782039274738783,0.8197240499999998,0.8208979025814382,0.7820044634995392,0.06778724424376527,0.810896405,0.7820537761216965
sweep,specreg,SpecReg (matched),s1_specreg,0.654703,1.0073782334207158,0.8084,0.781331255374627,0.28332226206729044,0.06773015942918503,0.81078072,0.7821107675169021,0.81969794,0.8210049938537185,0.7813537859141307,0.0674773459901201,0.810937875,0.7821316303011678
sweep,specreg,SpecReg (matched),s1_specreg,0.6812920690579611,1.0076763823312394,0.8084,0.7812399474879812,0.2833097532524747,0.06769700011388474,0.81078082,0.7821210433312846,0.81969405,0.8210196873079287,0.7812636692192574,0.06743409816460207,0.810943805,0.7821424669637369
sweep,specreg,SpecReg (matched),s1_specreg,1.0,1.0112412155114485,0.8084,0.78015667803742,0.2831606229076412,0.06731400595762248,0.8107760499999999,0.7822398816840812,0.8196537799999999,0.8211906922249539,0.7801963097771912,0.066931141418063,0.811011165,0.7822716425937308
sweep,specreg,SpecReg (matched),s1_specreg,1.467799267622069,1.0164444017223504,0.8084,0.7786033959553512,0.28294440803029214,0.06673221467328093,0.8107682,0.7824146127842655,0.81958906,0.8214371235402581,0.7786717191748251,0.06619394233638926,0.811113015,0.782461216963737
sweep,specreg,SpecReg (matched),s1_specreg,2.154434690031882,1.024020417830279,0.8084,0.7764001849250424,0.28263276153610994,0.06589406982390802,0.8107502999999999,0.7826682851874616,0.8194858100000001,0.8217897933312845,0.7765216902888805,0.0651184278589042,0.811260945,0.7827350222802705
sweep,specreg,SpecReg (matched),s1_specreg,3.1622776601683795,1.0350139204827042,0.8084,0.7733242945131026,0.2821874624278922,0.06466313513442437,0.8107319,0.7830368507990166,0.81931502,0.822281434388445,0.7735464359747243,0.06356380473932881,0.811462825,0.7831319606637984
sweep,specreg,SpecReg (matched),s1_specreg,4.6415888336127775,1.0508923678524276,0.8084,0.769129049856655,0.2815594759596182,0.06288475045677283,0.8106950800000001,0.7835643208358942,0.81904278,0.822948471112477,0.7695438605561183,0.061381280607591175,0.8117546849999999,0.7837042025199754
sweep,specreg,SpecReg (matched),s1_specreg,6.812920690579608,1.0736835807052523,0.8084,0.7636021347061529,0.28069139114237107,0.06032268937510403,0.81062839,0.7843120428703134,0.81858577,0.8238246312231101,0.7643861194362079,0.058374000745854124,0.812166755,0.7845217616779347
sweep,specreg,SpecReg (matched),s1_specreg,7.5,1.0807758995902188,0.8084,0.7619978563901272,0.2804296710006079,0.05951459416816162,0.8106054,0.7845452327904118,0.8184296,0.8240815995697603,0.7629178569747058,0.057467805032368105,0.8122945349999999,0.784772426244622
sweep,specreg,SpecReg (matched),s1_specreg,10.0,1.1061315632047626,0.8084,0.7566969363022472,0.279528489705245,0.05664217619925599,0.81050339,0.7853527811923786,0.81781628,0.8249322526121696,0.7581798235287625,0.05428412831301068,0.812729405,0.7856667178856791
sweep,specreg,SpecReg (matched),s1_specreg,14.67799267622069,1.1518551161752844,0.8084,0.7487840050682512,0.2780493336682186,0.051484049488656786,0.81024548,0.7867704786416718,0.8165325000000001,0.8262394783343577,0.7515539710238303,0.048804500229458314,0.8134862350000001,0.7872456246158573
sweep,specreg,SpecReg (matched),s1_specreg,21.54434690031882,1.2154858585988864,0.8084,0.7410784767291901,0.27633751885314084,0.044110072744840884,0.80976536,0.7886499346957591,0.8144223,0.8276903772280271,0.7461100550477763,0.04246319027334864,0.8144440550000001,0.7893448985863554
sweep,specreg,SpecReg (matched),s1_specreg,31.622776601683793,1.3027618252266762,0.8084,0.7362993943261125,0.2747365875983222,0.035499757710647006,0.80892361,0.791004237092809,0.81122706,0.8291622618315919,0.7450305373499303,0.03649220412972967,0.815584315,0.7920479371542717
sweep,specreg,SpecReg (matched),s1_specreg,32.4973,1.3100397467615916,0.8084,0.7361875147770611,0.27464585652229534,0.03496348240254615,0.80884539,0.7911897818070067,0.81095381,0.8292629840196681,0.745247004538583,0.03603667330878437,0.8156697849999999,0.7922611593423479
sweep,specreg,SpecReg (matched),s1_specreg,35.3162,1.3332103760439964,0.8084,0.7361149999455321,0.27440365358835805,0.03321382746146037,0.80858556,0.791764831745544,0.8100624799999999,0.8295718192993239,0.7462322519674531,0.03453569716849797,0.815940595,0.792933393515673
sweep,specreg,SpecReg (matched),s1_specreg,46.41588833612777,1.4205670217670285,0.8084,0.739604464746047,0.27416645064790235,0.02699273633778064,0.80751569,0.7938006607252612,0.80664044,0.8305613667793486,0.7537833806397637,0.03332901289793408,0.816852155,0.7953085125998771
sweep,specreg,SpecReg (matched),s1_specreg,68.12920690579608,1.5769371199743583,0.8084,0.7597793204770885,0.2767246084084635,0.0323728643261606,0.80535205,0.7968721650276582,0.80051959,0.8318891556545789,0.7808119607981101,0.04717269799004508,0.8180995450000002,0.7989594652735097
sweep,specreg,SpecReg (matched),s1_specreg,100.0,1.7810851743424598,0.8084,0.8103656460585897,0.2866992031284007,0.08337319512472263,0.8023105,0.7998969575906576,0.79274905,0.8331343039336201,0.8380369607076782,0.09591022572913395,0.819168975,0.8026581707129685
sweep,specreg,SpecReg (matched),s1_specreg,146.77992676220674,2.0435181107568834,0.8084,0.909509729822166,0.3118596342879069,0.15862601036535995,0.79848345,0.8024901813153041,0.7830997900000001,0.8342181737861094,0.940680863476426,0.16645188270257535,0.8199176850000001,0.8060221227719729
sweep,specreg,SpecReg (matched),s1_specreg,215.44346900318823,2.3763012745467234,0.8084,1.075951579561687,0.36319315065056695,0.24972204931425368,0.79417169,0.8044190726797787,0.7711588500000001,0.8347588544867854,1.1049934786392523,0.2503085724407649,0.8203707250000001,0.808782475414874
sweep,specreg,SpecReg (matched),s1_specreg,316.2277660168379,2.7934928460472834,0.8084,1.3195411766263059,0.4486278795699292,0.3321761861979911,0.7898241699999999,0.8056619084204056,0.75635278,0.8341443761524278,1.3416584847373496,0.3294790604068908,0.8205833349999999,0.8108693454210203
sweep,specreg,SpecReg (matched),s1_specreg,464.1588833612773,3.311736977918139,0.8084,1.631278457294629,0.5616587960413885,0.398170028757025,0.78584296,0.8063740012292563,0.73843646,0.8317777888752305,1.6458089282453765,0.3946175248743422,0.820645055,0.8123769783343577
sweep,specreg,SpecReg (matched),s1_specreg,681.2920690579608,3.950993292236235,0.8084,1.983366770441101,0.6794001583539475,0.44539643055895417,0.7824559299999999,0.8067456591886908,0.71774164,0.8272177397049785,1.9929442794310765,0.4430729142612902,0.8206320650000001,0.8134473955132144
sweep,specreg,SpecReg (matched),s1_specreg,1000.0,4.735391397311094,0.8084,2.341726942797909,0.7781458937486286,0.47605680611070783,0.7797391100000001,0.8069325099877074,0.69545857,0.8205491548862938,2.3490962693832036,0.47488769079670484,0.8205875049999999,0.8142138829133374
sweep,specreg,SpecReg (matched),s1_specreg,1467.7992676220674,5.69422029917896,0.8084,2.679764882418441,0.8487200713462422,0.49447901429801777,0.77761388,0.8070350299631224,0.67312144,0.8123206822372465,2.6863018091047204,0.4936887062702339,0.8205370449999999,0.8147663836816226
sweep,specreg,SpecReg (matched),s1_specreg,2154.4346900318824,6.86308274374208,0.8084,2.983186367451031,0.8949808535718694,0.50491246760394,0.77598899,0.8071002996312231,0.6520724899999999,0.8033383335894284,2.98925595880874,0.5053098098326214,0.820485905,0.8151742509219423
sweep,specreg,SpecReg (matched),s1_specreg,3162.2776601683795,8.285259472757913,0.8084,3.247377146292394,0.9245368357253919,0.5120748791380766,0.77475554,0.8071445835894284,0.63321362,0.7943881415181315,3.2529646953814315,0.5119871592896494,0.820438675,0.8154770474800246
asymptote,specreg,SpecReg (matched),s1_specreg,inf,nan,,,,,0.7707070899999999,0.8075646127842655,,,,,,
sweep,specreg,SpecReg (matched),s2_specreg,0.0,1.0,0.8013,0.8055664432689525,0.2891174669573687,0.07260761150270995,0.810216705,0.7913143285187462,0.8203972450000001,0.8371329363859865,0.8055664432689525,0.07260761150270995,0.810216705,0.7913143285187462
sweep,specreg,SpecReg (matched),s2_specreg,0.01,1.00011711313532,0.8013,0.8055285298106666,0.2891122075599452,0.07259354694079023,0.81021666,0.7913186962200369,0.8203965099999999,0.837136520436386,0.8055277430787684,0.07258884844215595,0.8102193950000001,0.7913198870620775
sweep,specreg,SpecReg (matched),s2_specreg,0.014677992676220698,1.0001718920763862,0.8013,0.8055108018205612,0.2891097477818591,0.07258696786232072,0.8102169,0.7913206130915795,0.82039598,0.8371380377996311,0.8055096485783755,0.0725800717976816,0.8102202649999999,0.7913225184388446
sweep,specreg,SpecReg (matched),s2_specreg,0.021544346900318832,1.0002522890690622,0.8013,0.8054847898026668,0.28910613797259405,0.072577311481977,0.81021661,0.7913233136140134,0.8203953700000001,0.8371405961893055,0.8054831003529759,0.07256719028110618,0.8102219650000001,0.7913262062077443
sweep,specreg,SpecReg (matched),s2_specreg,0.03162277660168379,1.0003702795740617,0.8013,0.805446629005215,0.28910084089997407,0.07256313867531987,0.81021659,0.7913270397971728,0.8203940900000001,0.8371445835894284,0.8054441562907874,0.07254828460105572,0.8102240350000002,0.7913317532267978
sweep,specreg,SpecReg (matched),s2_specreg,0.046415888336127774,1.000543431204408,0.8013,0.8053906588603421,0.2890930688821878,0.07254233750049861,0.81021605,0.7913335817455439,0.82039247,0.8371498617086662,0.805387044605347,0.0725205386113689,0.8102272150000001,0.7913396473570989
sweep,specreg,SpecReg (matched),s2_specreg,0.06812920690579612,1.000797508277183,0.8013,0.8053085968385593,0.289081667627758,0.07251180928863772,0.8102154099999999,0.7913425322679779,0.82038963,0.8371574946220037,0.805303324527361,0.07247982127262684,0.810231935,0.7913520590043024
sweep,specreg,SpecReg (matched),s2_specreg,0.1,1.0011702816462198,0.8013,0.8051883418209304,0.289064946888404,0.07246700834174423,0.81021476,0.7913552973263676,0.8203857400000001,0.8371693415795944,0.8051806734168884,0.0724200742915607,0.8102401450000001,0.7913702481561155
sweep,specreg,SpecReg (matched),s2_specreg,0.1467799267622069,1.001717092694111,0.8013,0.8050122519198762,0.2890404343697972,0.07240126673420294,0.8102136600000001,0.7913754532882606,0.82038056,0.8371859749539028,0.8050011472476496,0.07233241597938504,0.8102506150000001,0.7913960471727105
sweep,specreg,SpecReg (matched),s2_specreg,0.21544346900318834,1.0025189602921025,0.8013,0.8047546897395189,0.28900451984706227,0.07230481047338105,0.81021256,0.7914054932390904,0.82037223,0.8372111017209587,0.8047387142945645,0.07220733547049052,0.8102660850000001,0.7914342578365089
sweep,specreg,SpecReg (matched),s2_specreg,0.31622776601683794,1.0036943531487206,0.8013,0.8043785746428149,0.2889519442252124,0.07216681107721906,0.81021133,0.7914466349108789,0.8203590000000001,0.8372463199139522,0.8043558197075072,0.07201876836200176,0.810290395,0.7914901774738783
sweep,specreg,SpecReg (matched),s2_specreg,0.46415888336127775,1.0054162014207155,0.8013,0.8038306503117416,0.2888750740603525,0.07195928761738667,0.8102084,0.7915078365089121,0.8203393999999999,0.8372970997234174,0.8037987324372334,0.07174236589073034,0.810327075,0.7915716349108789
sweep,specreg,SpecReg (matched),s2_specreg,0.654703,1.0076281647492507,0.8013,0.8031320700168213,0.28877658550606866,0.07169221350097942,0.81020874,0.7915878303626307,0.8203148499999999,0.8373643861401353,0.8030897104258764,0.07138698921095118,0.810375025,0.791675434081131
sweep,specreg,SpecReg (matched),s2_specreg,0.6812920690579611,1.0079363068669631,0.8013,0.8030352254160015,0.2887628889952755,0.0716547192017787,0.8102083699999999,0.791599208666257,0.8203110800000001,0.8373737707437001,0.8029915290773044,0.07133745675140152,0.8103811450000001,0.7916900737553779
sweep,specreg,SpecReg (matched),s2_specreg,1.0,1.011620018128602,0.8013,0.8018864054287212,0.28859960680149654,0.07120928518977192,0.81020467,0.791731553472649,0.8202660900000001,0.8374808965888138,0.801828939775931,0.07074693399877345,0.810456345,0.7918642977873387
sweep,specreg,SpecReg (matched),s2_specreg,1.467799267622069,1.0169947877590657,0.8013,0.800239567490726,0.2883629007209162,0.07054673427208374,0.81020162,0.791925434081131,0.82018934,0.8376332590657651,0.8001692335028784,0.0698764755763988,0.810568425,0.792118634757222
sweep,specreg,SpecReg (matched),s2_specreg,2.154434690031882,1.024816809580307,0.8013,0.7979045220269508,0.28802177733073975,0.06956822101557021,0.8101907899999998,0.7922082244929318,0.82008258,0.8378485172095882,0.7978304209698759,0.0685921071192647,0.8107267149999999,0.7924893477258759
sweep,specreg,SpecReg (matched),s2_specreg,3.1622776601683795,1.0361599209345163,0.8013,0.7946462413463574,0.287534488360672,0.06812502139850078,0.81018114,0.7926131415181314,0.8199025699999999,0.838144114935464,0.7945971971552199,0.06671583278634195,0.810957295,0.7930264098033191
sweep,specreg,SpecReg (matched),s2_specreg,4.6415888336127775,1.0525296359489342,0.8013,0.7902052604935977,0.2868475657886267,0.06601260934431591,0.8101546599999999,0.7931926936078673,0.81962435,0.8385386101720959,0.7902533211599267,0.06398870409415519,0.8112805849999999,0.7937929356177014
sweep,specreg,SpecReg (matched),s2_specreg,6.812920690579608,1.076001644454401,0.8013,0.7843597497167804,0.2858986191430659,0.0629193534686052,0.8101071699999999,0.7940111247695145,0.8191445,0.8390329978488014,0.7846650800734646,0.06002032256397118,0.8117405950000001,0.794878130762139
sweep,specreg,SpecReg (matched),s2_specreg,7.5,1.0833006524344282,0.8013,0.7826640625906133,0.28561267363931203,0.06194129243551999,0.81008726,0.7942588007068224,0.81897466,0.8391730639213275,0.7830761304351663,0.05877248711485858,0.8118778350000001,0.7952128495697603
sweep,specreg,SpecReg (matched),s2_specreg,10.0,1.1093777071804998,0.8013,0.7770644866371146,0.28462869966370624,0.05839614115427651,0.8100015700000001,0.7951371657959434,0.8183253100000001,0.8396106215427166,0.7779541905630892,0.05427892374203727,0.8123565349999999,0.7963887523048556
sweep,specreg,SpecReg (matched),s2_specreg,14.67799267622069,1.1563432269927794,0.8013,0.7687155857933987,0.2830162159398941,0.05173919091916036,0.80978702,0.7966460510141364,0.81694235,0.8402062922556853,0.770805689248445,0.04610749523903028,0.8131688050000001,0.7984467078979718
sweep,specreg,SpecReg (matched),s2_specreg,21.54434690031882,1.2216032140810822,0.8013,0.7605983557875029,0.2811560299301749,0.0423314288511739,0.8093206,0.7985654425322679,0.8146770300000001,0.8406812423171481,0.7649445183844072,0.035901326749216,0.814197085,0.8011603603257529
sweep,specreg,SpecReg (matched),s2_specreg,31.622776601683793,1.3109734647681388,0.8013,0.7555741584871158,0.279428714409456,0.029481986486830564,0.80843306,0.8008956860786725,0.8111202700000001,0.8408700484019669,0.7637714038896171,0.029100001868991247,0.815432875,0.8045781307621389
sweep,specreg,SpecReg (matched),s2_specreg,32.4973,1.3184200606788297,0.8013,0.7554568960517306,0.2793317014148333,0.028384498425368693,0.8083493900000002,0.8010704901659496,0.81081092,0.8408678818377382,0.7640014897586997,0.028598002204283636,0.8155253350000001,0.8048469921634911
sweep,specreg,SpecReg (matched),s2_specreg,35.3162,1.3421223605264248,0.8013,0.7553816145966452,0.27907399954112155,0.02564437659955443,0.80807295,0.8016281077135834,0.80981674,0.840851044867855,0.7650497535156616,0.02707150562380242,0.8158110350000001,0.8056848263675476
sweep,specreg,SpecReg (matched),s2_specreg,46.41588833612777,1.431418611358222,0.8013,0.7590443333391422,0.27884131659592765,0.02123183281000612,0.80692467,0.803515991856177,0.8059741,0.8406428626306085,0.7730802972229613,0.028947718312991116,0.816791085,0.8086101913030117
sweep,specreg,SpecReg (matched),s2_specreg,68.12920690579608,1.5910588736040885,0.8013,0.7801460808131875,0.2816639705200101,0.03249538029506321,0.80457879,0.8062359250153657,0.7990303000000001,0.8399294214812539,0.8017108725651899,0.04713938522080562,0.8181270150000001,0.8129933120774431
sweep,specreg,SpecReg (matched),s2_specreg,100.0,1.7992006503297808,0.8013,0.8327893370174098,0.29247075287292396,0.08422249061165869,0.8012621600000001,0.8087064497541487,0.7901917399999999,0.8387223186846959,0.861898061179377,0.09842084446223912,0.819269205,0.8172893131530425
sweep,specreg,SpecReg (matched),s2_specreg,146.77992676220674,2.0664616387575845,0.8013,0.9352068503258877,0.31926009374154174,0.1610689466818947,0.7970850800000001,0.8106025430239705,0.77923626,0.8368434734173326,0.9687811528385002,0.17051125408704543,0.8201028450000001,0.8210925207437001
sweep,specreg,SpecReg (matched),s2_specreg,215.44346900318823,2.4050462155008643,0.8013,1.1055671172260886,0.3726309821651586,0.252353397228994,0.79242388,0.8117728948985863,0.7657448200000001,0.8338795789797173,1.1377856081659499,0.25401226588517933,0.8206099850000002,0.8241328365089121
sweep,specreg,SpecReg (matched),s2_specreg,316.2277660168379,2.8291908544863693,0.8013,1.3525255697996095,0.4594708708785649,0.33441854161481005,0.78775186,0.8122512676705593,0.74934602,0.8292273586355254,1.378111306361293,0.3314992009222084,0.8208646850000001,0.8264068185310387
sweep,specreg,SpecReg (matched),s2_specreg,464.1588833612773,3.355767277739008,0.8013,1.665834203889079,0.5723728812921764,0.3986347377500545,0.7835079899999999,0.8122779386908421,0.7301226299999999,0.822446262292563,1.6835816403629986,0.3957489757427804,0.8209587049999999,0.8280447372464659
sweep,specreg,SpecReg (matched),s2_specreg,681.2920690579608,4.0050212240672725,0.8013,2.017144474150077,0.6882772750880958,0.4445542555301871,0.77991763,0.8120574370006146,0.7087666899999999,0.8134805278119237,2.029448580178425,0.4427624010996729,0.8209769950000001,0.8292034035033804
sweep,specreg,SpecReg (matched),s2_specreg,1000.0,4.801436681583462,0.8013,2.372842206023845,0.7844521334210287,0.47437266748029083,0.77703149,0.8117604602028272,0.6863682099999999,0.8027555547019053,2.3824819741058265,0.47312563653860634,0.820961305,0.8300250192071297
sweep,specreg,SpecReg (matched),s2_specreg,1467.7992676220674,5.7747368295650405,0.8013,2.707266429418696,0.8528279749248373,0.49253156549295085,0.77478728,0.8114639597418561,0.6643043100000001,0.7909932467732022,2.71570854765421,0.49170750706088784,0.8209222850000001,0.8306155885064536
sweep,specreg,SpecReg (matched),s2_specreg,2154.4346900318824,6.961052850552742,0.8013,3.006876089368039,0.8975915123390877,0.5031222030926393,0.77306735,0.8112208205285802,0.64368421,0.778985225875845,3.0145532379816298,0.5028165080284633,0.820890105,0.8310508950522434
sweep,specreg,SpecReg (matched),s2_specreg,3162.2776601683795,8.404306444711482,0.8013,3.2674700790500784,0.9262147188195807,0.5092866827325528,0.7717668799999999,0.8110255262753534,0.6252726099999999,0.7673905539336202,3.274414003184441,0.5092024780285553,0.8208535949999999,0.8313735479409957
asymptote,specreg,SpecReg (matched),s2_specreg,inf,nan,,,,,0.76753122,0.8105884181007991,,,,,,
baseline,baseline,Baseline,cifar100last_baseline,nan,nan,0.8045,0.806740075134009,0.2903313211303799,0.08003594523097812,0.80710773,0.6803620428703134,0.81504923,0.7059132798094652,,,,
sweep,sngp,SNGP (c=6.0),cifar100last_sngp,0.0,1.0,0.7973,0.8289522325239354,0.2980697144328726,0.08561641456757071,0.804259835,0.745873655500922,0.814486975,0.7842105831284573,0.8289522325239354,0.08561641456757071,0.804259835,0.745873655500922
sweep,sngp,SNGP (c=6.0),cifar100last_sngp,0.01,1.0001221532928695,0.7973,0.8289023034471016,0.2980619531690161,0.08559996375805272,0.80426075,0.745883520282729,0.81448639,0.7842238475722187,0.828904392889714,0.08559826318337653,0.804262625,0.7458783420405655
sweep,sngp,SNGP (c=6.0),cifar100last_sngp,0.014677992676220698,1.0001792901454287,0.7973,0.8288789583561836,0.2980583233784756,0.08559226849416915,0.8042615,0.7458880185925014,0.8144856399999999,0.7842300015365704,0.8288820242935564,0.08558977255272382,0.804263695,0.745880205132145
sweep,sngp,SNGP (c=6.0),cifar100last_sngp,0.021544346900318832,1.0002631482271434,0.7973,0.8288447059410735,0.29805299663985285,0.08558097391603223,0.80426213,0.7458941840811308,0.81448519,0.7842391172403196,0.8288492040880208,0.08557731069353385,0.804265605,0.7458831783958205
sweep,sngp,SNGP (c=6.0),cifar100last_sngp,0.03162277660168379,1.000386219232965,0.7973,0.82879445932111,0.2980451803512678,0.08556439699322298,0.8042628299999999,0.7459038875230486,0.8144857200000001,0.784251709434542,0.8288010573233437,0.08555902067246786,0.804267635,0.7458878418869084
sweep,sngp,SNGP (c=6.0),cifar100last_sngp,0.046415888336127774,1.0005668286932214,0.7973,0.828720769897345,0.2980337125499874,0.08554006746928797,0.8042642799999999,0.7459176398279042,0.8144844400000001,0.7842709011985249,0.8287304450371692,0.0855321778659731,0.8042720349999999,0.7458947257221882
sweep,sngp,SNGP (c=6.0),cifar100last_sngp,0.06812920690579612,1.000831853790967,0.7973,0.8286127431457834,0.2980168907595706,0.08550436159303063,0.8042659200000001,0.7459373924400738,0.81448299,0.7842997925629994,0.8286269241190221,0.08549278519081849,0.8042770149999999,0.7459043216041794
sweep,sngp,SNGP (c=6.0),cifar100last_sngp,0.1,1.0012206996590929,0.7973,0.8284544708221061,0.29799222265204106,0.08545196297267983,0.80426823,0.7459665104486786,0.81448257,0.7843417716656423,0.8284752423610388,0.08543498092590392,0.804285855,0.7459190342655193
sweep,sngp,SNGP (c=6.0),cifar100last_sngp,0.1467799267622069,1.001791108116041,0.7973,0.8282227802129155,0.2979560641079144,0.08537507569932398,0.80427087,0.7460102258758452,0.8144790399999999,0.7844032728948986,0.828253176084476,0.08535017326361093,0.8042967750000001,0.7459400507068223
sweep,sngp,SNGP (c=6.0),cifar100last_sngp,0.21544346900318834,1.0026276245799874,0.7973,0.8278840379830961,0.29790309662004383,0.08526227346271513,0.80427464,0.7460737630608482,0.8144770499999999,0.7844925706822372,0.8279284556677863,0.0852257674052301,0.804313855,0.7459696911493547
sweep,sngp,SNGP (c=6.0),cifar100last_sngp,0.31622776601683794,1.0038538998393431,0.7973,0.8273896866766894,0.29782557875694105,0.08509682185499971,0.8042830599999999,0.7461664489858636,0.8144744600000001,0.7846219268592501,0.8274544642538824,0.0850433313800238,0.804337335,0.7460147165027659
sweep,sngp,SNGP (c=6.0),cifar100last_sngp,0.46415888336127775,1.005650479722368,0.7973,0.8266701723759826,0.2977122869918289,0.08485997625163354,0.8042943899999999,0.7463028234480639,0.8144674399999999,0.7848104717271052,0.826764370915662,0.08478170627945479,0.8043717149999999,0.7460807390903503
sweep,sngp,SNGP (c=6.0),cifar100last_sngp,0.654703,1.0079587673727133,0.7973,0.8257539465296236,0.29756721304820094,0.08454789458134762,0.8043054599999999,0.7464778388137677,0.8144570999999999,0.7850501651813153,0.8258852603956575,0.0844378662267851,0.804416465,0.7461633182237246
sweep,sngp,SNGP (c=6.0),cifar100last_sngp,0.6812920690579611,1.00828035561718,0.7973,0.8256270287544767,0.29754704501973395,0.08450438562833008,0.80430704,0.7465022433927474,0.8144553099999998,0.7850829171788568,0.8257634541680252,0.08438994185498905,0.8044229250000001,0.7461745697602951
sweep,sngp,SNGP (c=6.0),cifar100last_sngp,1.0,1.0121253001022765,0.7973,0.8241233005107657,0.29730674235524013,0.08398939400090737,0.8043262599999998,0.7467957475414875,0.8144361,0.7854726452059004,0.8243197654332184,0.08382240221950617,0.804498255,0.7463143093116165
sweep,sngp,SNGP (c=6.0),cifar100last_sngp,1.467799267622069,1.0177368080585012,0.7973,0.8219735789636717,0.29695879709442374,0.08322175596553107,0.8043567699999999,0.7472173862937923,0.81440085,0.7860334511370621,0.8222543369331977,0.08298762370075266,0.8046065750000001,0.7465153311309158
sweep,sngp,SNGP (c=6.0),cifar100last_sngp,2.154434690031882,1.0259060677753602,0.7973,0.8189373202339876,0.29645819963396114,0.08209911762103843,0.8043914600000001,0.7478235172095882,0.8143336199999999,0.7868274969268592,0.8193345133244193,0.08176049707574182,0.804759475,0.7468147088199139
sweep,sngp,SNGP (c=6.0),cifar100last_sngp,3.1622776601683795,1.0377573088214733,0.7973,0.814723785745363,0.2957447388305497,0.08045500226930365,0.8044321699999999,0.7486883220651506,0.8142065399999999,0.7879212968653964,0.815278722661037,0.07995254639006172,0.804986025,0.7472448025507068
sweep,sngp,SNGP (c=6.0),cifar100last_sngp,4.6415888336127775,1.0548672934866774,0.7973,0.8090249898006002,0.29474206221309623,0.07804512113173483,0.8044864600000001,0.7499102796558081,0.8139795200000001,0.789399270129072,0.8097893628552896,0.077302409986608,0.805309235,0.7478634065765212
sweep,sngp,SNGP (c=6.0),cifar100last_sngp,6.812920690579608,1.0794095933587944,0.7973,0.8016049018396771,0.29336242162183823,0.07451067993409077,0.8045370099999999,0.7516116241548862,0.81353924,0.7913238245236632,0.8026430525587861,0.07344593229669115,0.8057491950000001,0.7487477681315304
sweep,sngp,SNGP (c=6.0),cifar100last_sngp,7.5,1.087042651798048,0.7973,0.7994706963054792,0.2929478758250942,0.07338633006718741,0.80454832,0.7521257375537801,0.8133845100000001,0.7918823102335588,0.8005894407491231,0.07223763888592094,0.805884485,0.7490224377688999
sweep,sngp,SNGP (c=6.0),cifar100last_sngp,10.0,1.1143149411333795,0.7973,0.7924868680926163,0.2915253099139792,0.06930684078730914,0.80454821,0.753910967271051,0.81275412,0.7937053741548863,0.7938819649720845,0.06784112505679757,0.8063595250000002,0.7499922441610326
sweep,sngp,SNGP (c=6.0),cifar100last_sngp,14.67799267622069,1.163429362482332,0.7973,0.782290362764787,0.2892063874367166,0.06163139469071442,0.8044533500000001,0.7568958589428396,0.8113592599999999,0.796473405808236,0.7841580386238594,0.06009022980219712,0.8071740350000001,0.751702765826675
sweep,sngp,SNGP (c=6.0),cifar100last_sngp,21.54434690031882,1.2316442858979582,0.7973,0.7727622422791266,0.28654753244167114,0.05129609461839027,0.8041113599999999,0.7606153272894898,0.80905351,0.7994611247695145,0.7752694638271207,0.04999125613062802,0.808194525,0.7539747042102027
sweep,sngp,SNGP (c=6.0),cifar100last_sngp,31.622776601683793,1.3249751891019659,0.7973,0.7675176192045016,0.28408063936576716,0.03751503826897793,0.80334164,0.765019422249539,0.8055723400000001,0.8025003495697602,0.7708869757492733,0.037093594310493645,0.8094195249999999,0.7568889904732636
sweep,sngp,SNGP (c=6.0),cifar100last_sngp,32.4973,1.3327468699291305,0.7973,0.7674552671420598,0.2839405556291074,0.0364828923421992,0.80326527,0.7653583896742471,0.8052741499999999,0.8027126728641671,0.7708951599079114,0.03603405904299266,0.809513195,0.7571193569452981
sweep,sngp,SNGP (c=6.0),cifar100last_sngp,35.3162,1.357478775840553,0.7973,0.7676194248789544,0.2835645455423231,0.03322330372773134,0.80300724,0.766403000153657,0.80433161,0.8033680239704978,0.7712817618652911,0.032640646796842976,0.8098020850000001,0.7578430662261831
sweep,sngp,SNGP (c=6.0),cifar100last_sngp,46.41588833612777,1.4505847110029328,0.7973,0.7729469592036079,0.283135280023921,0.022185961308940173,0.8019376899999999,0.7699704517516902,0.80079455,0.8055070490165949,0.7774096707200058,0.023392066340026583,0.810760575,0.7603698102335588
sweep,sngp,SNGP (c=6.0),cifar100last_sngp,68.12920690579608,1.6167805731610352,0.7973,0.7991330748287606,0.2864723391365637,0.03310121606830959,0.7998015199999999,0.7751273432698217,0.79474538,0.8084755570067609,0.8048323206524162,0.037425080783433894,0.812059485,0.7641904694222497
sweep,sngp,SNGP (c=6.0),cifar100last_sngp,100.0,1.8330516631686267,0.7973,0.860327537419191,0.29909016552652645,0.09040290281947272,0.79688514,0.7800182083589429,0.78751075,0.8114241894591272,0.8673405112402139,0.09508894180180913,0.813156615,0.7679514251690227
sweep,sngp,SNGP (c=6.0),cifar100last_sngp,146.77992676220674,2.110214788022662,0.7973,0.9738363903429755,0.32885357961489786,0.1706109238416663,0.79338789,0.784218507990166,0.77906884,0.8143052473878303,0.9826852414134039,0.17611291801792142,0.8139296249999999,0.7712667025199753
sweep,sngp,SNGP (c=6.0),cifar100last_sngp,215.44346900318823,2.460721537263143,0.7973,1.1554285283063932,0.3853194227905491,0.26107164809812106,0.78971437,0.7875068377381684,0.7692359500000001,0.8168433043945913,1.1680290824118797,0.26742845842228813,0.814402895,0.7739073870620774
sweep,sngp,SNGP (c=6.0),cifar100last_sngp,316.2277660168379,2.8991355276916173,0.7973,1.4107707739305384,0.47377124113259395,0.340298991747665,0.7862404399999999,0.7899050476336816,0.75783445,0.8186987822679779,1.4302511725231422,0.34738609631085365,0.8146370150000001,0.7758604256299939
sweep,sngp,SNGP (c=6.0),cifar100last_sngp,464.1588833612773,3.442761701255583,0.7973,1.7276896113886315,0.5858982675929001,0.40284238644155806,0.7832509299999999,0.791587496158574,0.7449157300000001,0.8195486593423479,1.7557676402580298,0.40955240545507704,0.814727245,0.7772434350030731
sweep,sngp,SNGP (c=6.0),cifar100last_sngp,681.2920690579608,4.11240553450919,0.7973,2.077866884031349,0.6992149039732858,0.4469172910508697,0.7808178800000001,0.7927509641979102,0.7308413100000001,0.8192004763368163,2.112658603851116,0.4519719955721881,0.814741655,0.7782103910571605
sweep,sngp,SNGP (c=6.0),cifar100last_sngp,1000.0,4.9332558439522,0.7973,2.4291006663184525,0.7923104682987666,0.4752468882012684,0.77890211,0.7935677589121081,0.7163997699999999,0.8177784150276582,2.4665078181492524,0.47866413316872297,0.8147248250000001,0.7788894552858021
sweep,sngp,SNGP (c=6.0),cifar100last_sngp,1467.7992676220674,5.935906895911164,0.7973,2.757398569787814,0.8581202567269145,0.49205136874608885,0.77746275,0.7941547095881991,0.70231756,0.8155600184388444,2.793780949425786,0.4944516603997181,0.814698185,0.779372606791641
sweep,sngp,SNGP (c=6.0),cifar100last_sngp,2154.4346900318824,7.157554339400751,0.7973,3.050449578020314,0.9011026548171088,0.5025284229250996,0.7763669400000001,0.7945879763368162,0.6892432399999999,0.8128580093730793,3.0836982109790347,0.5034091347708345,0.814659845,0.7797237092808851
sweep,sngp,SNGP (c=6.0),cifar100last_sngp,3162.2776601683795,8.643412943129297,0.7973,3.30474688650234,0.9285778593659612,0.5082226775984305,0.7755552800000001,0.7949155347264905,0.67755895,0.8099878764597419,3.334024441735445,0.5089036593164716,0.814631095,0.7799828057775047
asymptote,sngp,SNGP (c=6.0),cifar100last_sngp,inf,nan,,,,,0.77292053,0.7961583474185616,,,,,,
sweep,specreg,SpecReg (matched),cifar100last_specreg,0.0,1.0,0.8047,0.7992764906015789,0.286352260885015,0.07095356028183385,0.8128121450000001,0.7732526083282114,0.823479545,0.8097970997234174,0.7992764906015789,0.07095356028183385,0.8128121450000001,0.7732526083282114
sweep,specreg,SpecReg (matched),cifar100last_specreg,0.01,1.0001147919133215,0.8047,0.7992397745548712,0.2863471951699309,0.07094042068210628,0.81281173,0.7732603257529196,0.8234783199999999,0.8098087507682852,0.799238763889999,0.0709364053041098,0.812814575,0.7732568338967425
sweep,specreg,SpecReg (matched),cifar100last_specreg,0.014677992676220698,1.000168485424758,0.8047,0.7992226063970732,0.2863448260014736,0.07093427437684623,0.8128118400000001,0.7732636908420406,0.8234777200000001,0.8098137561462815,0.7992211242843609,0.07092838073828514,0.812815495,0.7732589505224339
sweep,specreg,SpecReg (matched),cifar100last_specreg,0.021544346900318832,1.0002472897274306,0.8047,0.7991974157360598,0.28634134919488663,0.07092525334586318,0.8128119199999999,0.7732689151813152,0.8234771499999999,0.8098213007068223,0.7991952431791246,0.07091660290034713,0.8128168949999999,0.7732620390288876
sweep,specreg,SpecReg (matched),cifar100last_specreg,0.03162277660168379,1.0003629435645716,0.8047,0.7991604597405769,0.2863362473561937,0.07091201316484913,0.81281202,0.7732769360786724,0.82347537,0.8098329824830977,0.799157277080192,0.07089931821432532,0.812819675,0.7732660955746774
sweep,specreg,SpecReg (matched),cifar100last_specreg,0.046415888336127774,1.0005326677592394,0.8047,0.799106256312995,0.2863287619297,0.07089258140260418,0.81281161,0.7732881684081132,0.82347321,0.8098498501843885,0.7991015981918981,0.0708739514379913,0.812822845,0.7732725145974186
sweep,specreg,SpecReg (matched),cifar100last_specreg,0.06812920690579612,1.0007817190317787,0.8047,0.7990267838400212,0.28631778139125025,0.07086406459754842,0.81281112,0.7733049477566073,0.82347034,0.8098741087891825,0.7990199754635617,0.07083672790484824,0.8128272950000001,0.7732817801167793
sweep,specreg,SpecReg (matched),cifar100last_specreg,0.1,1.0011471262207312,0.8047,0.7989103219353516,0.28630167829970865,0.07082221805295133,0.8128099,0.7733290181315304,0.82346529,0.8099105062999385,0.7989003905873829,0.07078211613155239,0.8128347150000002,0.7732952788875231
sweep,specreg,SpecReg (matched),cifar100last_specreg,0.1467799267622069,1.00168314803315,0.8047,0.7987397827420635,0.2862780726169453,0.07076082103932685,0.81280928,0.7733644937000614,0.8234608700000001,0.8099627420098341,0.7987253387766358,0.07070192107178881,0.812846365,0.7733138867547633
sweep,specreg,SpecReg (matched),cifar100last_specreg,0.21544346900318834,1.0024692278363159,0.8047,0.7984903317651469,0.28624348966616864,0.07067069465479067,0.81280928,0.7734163798401967,0.82345041,0.8100402235709896,0.7984694171555452,0.07058413509351973,0.8128624649999999,0.7733426590350339
sweep,specreg,SpecReg (matched),cifar100last_specreg,0.31622776601683794,1.0036215504363777,0.8047,0.7981260448329521,0.28619286956344586,0.07053831676292392,0.81280859,0.7734944952366318,0.8234359099999999,0.8101520129071912,0.7980959603396276,0.07041146075809221,0.8128869449999999,0.7733856906883835
sweep,specreg,SpecReg (matched),cifar100last_specreg,0.46415888336127775,1.0053097530382529,0.8047,0.7975953161426179,0.28611887170477385,0.0703442637656272,0.81280812,0.7736049708051629,0.82341464,0.8103155193607867,0.7975524724220834,0.07016990896043662,0.812922605,0.7734480331899201
sweep,specreg,SpecReg (matched),cifar100last_specreg,0.654703,1.0074787470554296,0.8047,0.7969185970431898,0.2860240857970917,0.07010603394959335,0.81280726,0.7737485479409958,0.8233864399999999,0.81052450829748,0.7968605326800572,0.06984530684995613,0.8129662850000001,0.7735278580208973
sweep,specreg,SpecReg (matched),cifar100last_specreg,0.6812920690579611,1.0077809252598406,0.8047,0.7968247774473058,0.2860109061883921,0.07007128057834575,0.81280808,0.7737687000614628,0.8233820900000001,0.8105534380762139,0.7967646968354273,0.06980010195267629,0.812972575,0.7735390096803934
sweep,specreg,SpecReg (matched),cifar100last_specreg,1.0,1.0113937420680885,0.8047,0.7957117344100275,0.28585382305076446,0.0696542489414192,0.81280591,0.7740062922556854,0.82333614,0.8108973302089737,0.7956295118004864,0.06927065735418239,0.813049145,0.7736714159496005
sweep,specreg,SpecReg (matched),cifar100last_specreg,1.467799267622069,1.0166663345600078,0.8047,0.7941158242512328,0.28562622207698535,0.06905166137763331,0.8128054399999999,0.7743520359557468,0.8232642400000001,0.8113908343577136,0.7940077419208693,0.06847867791737598,0.813161235,0.7738659880147511
sweep,specreg,SpecReg (matched),cifar100last_specreg,2.154434690031882,1.0243421127740615,0.8047,0.791852212056837,0.28529846039819984,0.06816245074004568,0.8127997999999999,0.7748505301167794,0.8231481500000002,0.8120920175169023,0.7917199869156446,0.06734520376950702,0.813321425,0.7741462430854333
sweep,specreg,SpecReg (matched),cifar100last_specreg,3.1622776601683795,1.0354777922679888,0.8047,0.7886919275009453,0.2848307374057399,0.06685563126516036,0.8127938800000001,0.7755663759987708,0.82296284,0.8130740703749233,0.788552563917595,0.06566967729709504,0.813550685,0.7745538836816226
sweep,specreg,SpecReg (matched),cifar100last_specreg,4.6415888336127775,1.051556637940649,0.8047,0.7843809259624512,0.28417233940209635,0.0649537111817765,0.81277301,0.7765813806084818,0.8226687099999999,0.8144221304548248,0.7842877320890442,0.06327954924227472,0.8138707149999999,0.775134734173325
sweep,specreg,SpecReg (matched),cifar100last_specreg,6.812920690579608,1.0746265037656355,0.8047,0.7786990936070229,0.28326463898891757,0.06216493974718291,0.8127395500000001,0.7779963083896743,0.8221894000000001,0.8162095190534726,0.7787831228187597,0.059852023465199806,0.814329685,0.7759664950829748
sweep,specreg,SpecReg (matched),cifar100last_specreg,7.5,1.0818036155172772,0.8047,0.7770490846871737,0.28299155764719763,0.061285917708042786,0.81272022,0.7784252919483713,0.8220271800000001,0.8167335548555623,0.7772136224836291,0.058788895586723795,0.8144685049999999,0.7762232098955133
sweep,specreg,SpecReg (matched),cifar100last_specreg,10.0,1.107455903911289,0.8047,0.7715936248680769,0.28205351234655707,0.05809969736851711,0.8126422200000001,0.779922307160418,0.8213861100000001,0.8184886716349109,0.7721380057130902,0.05500642673318227,0.814945845,0.7771270551628764
sweep,specreg,SpecReg (matched),cifar100last_specreg,14.67799267622069,1.153692617728462,0.8047,0.763435295336586,0.2805227527358933,0.05221142532208543,0.81245742,0.7824863206822372,0.82002908,0.8212373501843885,0.764991725015506,0.048394102419888625,0.8157727650000001,0.7787222764290105
sweep,specreg,SpecReg (matched),cifar100last_specreg,21.54434690031882,1.2180014276488909,0.8047,0.7554551977925585,0.2787709805545791,0.04382858619046269,0.8120523099999999,0.7857664028887523,0.8178171399999999,0.8243712238783036,0.7589890954447962,0.041391647431545164,0.8168239150000001,0.7808625307314075
sweep,specreg,SpecReg (matched),cifar100last_specreg,31.622776601683793,1.306157105823701,0.8047,0.7504174002211316,0.27717395556906815,0.03370066853565675,0.8112544199999999,0.7897957552243393,0.8144157399999999,0.8277069721880763,0.7574066034601769,0.033160167930399005,0.8180796850000001,0.783597979409957
sweep,specreg,SpecReg (matched),cifar100last_specreg,32.4973,1.3135062598413145,0.8047,0.7502897110010119,0.2770864746603541,0.03295278049656643,0.8111797199999999,0.7901070951137061,0.8141131999999999,0.8279483405039951,0.757593169808443,0.032434128814343675,0.8181741450000001,0.7838159995390288
sweep,specreg,SpecReg (matched),cifar100last_specreg,35.3162,1.3369017704257755,0.8047,0.7501724380652578,0.27685745806033146,0.03080460645494739,0.8109205899999998,0.7910846919176397,0.8131605399999999,0.8286898394283959,0.7584944290699008,0.030527746272250668,0.818464885,0.7844903349723418
sweep,specreg,SpecReg (matched),cifar100last_specreg,46.41588833612777,1.4250830824325909,0.8047,0.7535644842895275,0.2767061146302936,0.025165869314136686,0.8098492799999998,0.7944822026736325,0.8095078600000002,0.8310976605716042,0.7658684097042545,0.029164166894861506,0.819453505,0.7868736094038107
sweep,specreg,SpecReg (matched),cifar100last_specreg,68.12920690579608,1.5828564697404324,0.8047,0.7737998007653859,0.27953552834293266,0.03306493473687294,0.80765296,0.7995578710817456,0.8029381299999999,0.8343804240934235,0.7930196152136961,0.047635857561980154,0.8208098149999999,0.790499089582053
sweep,specreg,SpecReg (matched),cifar100last_specreg,100.0,1.7887343255652872,0.8047,0.8247637519609143,0.29001816802481956,0.08314676187106691,0.80449765,0.8045973801475107,0.79461045,0.8374542985556238,0.8509467183587701,0.09644332692891444,0.821996425,0.7941369161032574
sweep,specreg,SpecReg (matched),cifar100last_specreg,146.77992676220674,2.05327279457132,0.8047,0.9245635862629344,0.3159099116236438,0.1588666469940277,0.8005074799999999,0.8090557275660726,0.78435089,0.8400624231714813,0.9548422379997704,0.16765314427800893,0.8228860349999999,0.7973896780885064
sweep,specreg,SpecReg (matched),cifar100last_specreg,215.44346900318823,2.388596354638654,0.8047,1.0916693493092706,0.3679155415832917,0.250038070621281,0.7960296499999999,0.8125899393054702,0.7717784400000001,0.8417599646588814,1.1205876638946528,0.2514025452438548,0.823461485,0.7999964313153043
sweep,specreg,SpecReg (matched),cifar100last_specreg,316.2277660168379,2.808837926782573,0.8047,1.3355614484201142,0.453508341893934,0.33213902774587095,0.7915482199999999,0.8151044637369391,0.75650472,0.8419543830669944,1.3582417538687293,0.3297424087273893,0.823781355,0.801915742163491
sweep,specreg,SpecReg (matched),cifar100last_specreg,464.1588833612773,3.330737530710907,0.8047,1.6470117137321867,0.5661062768233168,0.3975950194553031,0.7874954900000001,0.8167606868469577,0.7383558799999999,0.8400661378303627,1.6624464546268103,0.39494848606983773,0.823939105,0.8032588429625077
sweep,specreg,SpecReg (matched),cifar100last_specreg,681.2920690579608,3.9743766623955104,0.8047,1.9981783213128879,0.6830082279101557,0.44487140923752877,0.78407483,0.8178317148125385,0.7176974399999999,0.8358011178549478,2.0086778108471184,0.4426574689280557,0.824002345,0.8041724224031961
sweep,specreg,SpecReg (matched),cifar100last_specreg,1000.0,4.7640373971745555,0.8047,2.355113340632891,0.7807365623326724,0.47509056888728646,0.78132797,0.8185236439766441,0.69570028,0.8293821604179472,2.3632919489287625,0.47394964721238075,0.824016525,0.8048016326060234
sweep,specreg,SpecReg (matched),cifar100last_specreg,1467.7992676220674,5.729196812200749,0.8047,2.691481176831401,0.8504242165163094,0.4932024455849105,0.77919366,0.8189850069145667,0.67378677,0.8215142901044867,2.6986995778675995,0.49242749278910336,0.8240144150000001,0.8052345075291948
sweep,specreg,SpecReg (matched),cifar100last_specreg,2154.4346900318824,6.905687451060022,0.8047,2.9932224617412686,0.8960664137416082,0.504145251776408,0.77756388,0.8193054433005533,0.6532017000000001,0.8129832475414875,2.9998607718672976,0.5038593860460783,0.8240001450000001,0.8055432122003687
sweep,specreg,SpecReg (matched),cifar100last_specreg,3162.2776601683795,8.337069325926826,0.8047,3.2558593003605516,0.9252333780955754,0.5105073802955545,0.7763302200000001,0.8195315918869085,0.6347542500000001,0.8044983712354027,3.2619204410832094,0.5104298256690157,0.823982775,0.8057635679164106
asymptote,specreg,SpecReg (matched),cifar100last_specreg,inf,nan,,,,,0.77231174,0.8203881453595575,,,,,,
sweep,specreg_trace,SpecReg (trace-logistic),tl_specreg_s12345,0.0,1.0,0.8068,0.7913277399341849,0.28255408874558163,0.06872576004337887,0.8094161449999999,0.776609073448064,0.8178123549999999,0.8096639213275968,0.7913277399341849,0.06872576004337887,0.8094161449999999,0.776609073448064
sweep,specreg_trace,SpecReg (trace-logistic),tl_specreg_s12345,0.01,1.0075346451741665,0.8068,0.7894006707472708,0.2823116198424392,0.06804143052399036,0.80937838,0.7768000845113707,0.8176801,0.8099996542716656,0.7889657574766222,0.06752052016537938,0.8095499549999998,0.7768499807928703
sweep,specreg_trace,SpecReg (trace-logistic),tl_specreg_s12345,0.014677992676220698,1.0110296939574985,0.8068,0.7885204684080711,0.2821995020341656,0.0677196364180998,0.8093598099999999,0.7768896396742471,0.81761544,0.8101552204978488,0.7878989347837563,0.0669628419165334,0.809608405,0.7769622003687768
sweep,specreg_trace,SpecReg (trace-logistic),tl_specreg_s12345,0.021544346900318832,1.0161268752498032,0.8068,0.7872523736893072,0.2820364346451527,0.06725317647805301,0.80933661,0.7770216349108789,0.81751881,0.8103795405654579,0.7863754175670048,0.0661462662529439,0.809701785,0.7771235556238476
sweep,specreg_trace,SpecReg (trace-logistic),tl_specreg_s12345,0.03162277660168379,1.0235403991213767,0.8068,0.7854410485379021,0.2818002886434529,0.06656341348025233,0.8092970799999999,0.7772128149969268,0.81736811,0.8107019860172096,0.7842272204673829,0.06495189361220721,0.809830595,0.7773577558389675
sweep,specreg_trace,SpecReg (trace-logistic),tl_specreg_s12345,0.046415888336127774,1.0342826677806096,0.8068,0.7828858212734093,0.28146049901142817,0.06555952805182595,0.80924428,0.777491364474493,0.81714836,0.8111573601720959,0.7812542962306533,0.06322086235348451,0.810017685,0.7776947602950215
sweep,specreg_trace,SpecReg (trace-logistic),tl_specreg_s12345,0.06812920690579612,1.0497702759512588,0.8068,0.7793458683729485,0.28097622501427183,0.0640939229829396,0.80916057,0.7778930969575907,0.81679509,0.811794479870928,0.7772522549421678,0.06073196010457177,0.810282355,0.778182225722188
sweep,specreg_trace,SpecReg (trace-logistic),tl_specreg_s12345,0.1,1.0719527149935963,0.8068,0.7745698212593108,0.28029588189869303,0.06192125978225838,0.8090216299999999,0.7784590273509526,0.8162215100000001,0.8126527696681007,0.7720847838259859,0.05721377236452636,0.810649455,0.7788787953288261
sweep,specreg_trace,SpecReg (trace-logistic),tl_specreg_s12345,0.1467799267622069,1.103458181504276,0.8068,0.7683750160413529,0.2793609170590696,0.05874775747764316,0.80877844,0.7792424208666258,0.81526335,0.8137490934234788,0.7658345556180027,0.05219017122418632,0.811150335,0.7798556161647203
sweep,specreg_trace,SpecReg (trace-logistic),tl_specreg_s12345,0.21544346900318834,1.1477440930279115,0.8068,0.7608175712857597,0.2781201320121864,0.05403928526726268,0.8083168699999999,0.7802694798709281,0.81357937,0.8150200676090964,0.7590736816428476,0.04504169207607685,0.8118124250000001,0.7812013982790411
sweep,specreg_trace,SpecReg (trace-logistic),tl_specreg_s12345,0.31622776601683794,1.2092339704332913,0.8068,0.7525172234047852,0.2765679415577264,0.04712106625288305,0.8074349700000001,0.7815437192685926,0.81067215,0.8162307275660725,0.7532871504656786,0.03773808765427312,0.8126551149999999,0.7830159265519361
sweep,specreg_trace,SpecReg (trace-logistic),tl_specreg_s12345,0.46415888336127775,1.2934217408464193,0.8068,0.7452374311049914,0.2748361617075734,0.03638282347738084,0.80580683,0.7829919829440688,0.8057991,0.817008889059619,0.751450074031192,0.03039207139540997,0.8136717549999999,0.785363844499078
sweep,specreg_trace,SpecReg (trace-logistic),tl_specreg_s12345,0.654703,1.3935764677480524,0.8068,0.7427136710586956,0.27351781530783903,0.025711403313543067,0.80339611,0.784345958819914,0.7992762900000001,0.8169874193300554,0.7573219436991804,0.028044684086565443,0.814669435,0.7879233174554394
sweep,specreg_trace,SpecReg (trace-logistic),tl_specreg_s12345,0.6812920690579611,1.4069341513597742,0.8068,0.7428835591657713,0.27341398210127393,0.02481606998438084,0.8030495999999999,0.7845000537799631,0.7983727199999999,0.8169280577750462,0.758706108237826,0.028391308753743717,0.814792085,0.7882430316533497
sweep,specreg_trace,SpecReg (trace-logistic),tl_specreg_s12345,1.0,1.5575633690325907,0.8068,0.7531310031118892,0.2737006263638114,0.017032212459740178,0.79891734,0.7858671097111247,0.78798588,0.8155915949600492,0.7830406219988864,0.04330118234053915,0.8159152649999999,0.7914945797480024
sweep,specreg_trace,SpecReg (trace-logistic),tl_specreg_s12345,1.467799267622069,1.7543088858608862,0.8068,0.7896253720134252,0.2793698427511118,0.05898190365610116,0.7932095,0.7868763905961893,0.77414965,0.8126590119852488,0.8357713011615999,0.08978092205361143,0.816906025,0.7948501037185003
sweep,specreg_trace,SpecReg (trace-logistic),tl_specreg_s12345,2.154434690031882,2.007486951586236,0.8068,0.8732702935617425,0.2990591741893204,0.13481558700760737,0.78586887,0.7872720651505839,0.75611935,0.8076766518131531,0.9314230225166772,0.1572588771474875,0.817642805,0.797921385218193
sweep,specreg_trace,SpecReg (trace-logistic),tl_specreg_s12345,3.1622776601683795,2.3289639689348274,0.8068,1.0282475993137847,0.347993872720348,0.23590733934201083,0.77720184,0.7868942455439458,0.7325648899999999,0.7996598417332514,1.0858303713326234,0.2393969379421553,0.818112125,0.8004281230792871
sweep,specreg_trace,SpecReg (trace-logistic),tl_specreg_s12345,4.6415888336127775,2.7325470702747987,0.8068,1.2688891695771958,0.43897832938242454,0.32820252141594386,0.76793354,0.7857335548555624,0.70172231,0.7870259680393361,1.3105350957187065,0.31862745273192916,0.8183507649999999,0.8023004456054088
sweep,specreg_trace,SpecReg (trace-logistic),tl_specreg_s12345,6.812920690579608,3.234535306190284,0.8068,1.5851401372184792,0.5624548791301791,0.398996377344071,0.75903805,0.784044549016595,0.6630370200000001,0.7685166717885679,1.603558799442888,0.38546327355143817,0.8184338149999999,0.803637073601721
sweep,specreg_trace,SpecReg (trace-logistic),tl_specreg_s12345,7.5,3.3778265095328295,0.8068,1.6725590624812885,0.5948107732348225,0.4125809159566385,0.7569586,0.7835768208358943,0.65230792,0.7629296942224955,1.6855156701581764,0.3995512171952449,0.818441995,0.8039034803318992
sweep,specreg_trace,SpecReg (trace-logistic),tl_specreg_s12345,10.0,3.854417165554446,0.8068,1.944144834386853,0.6865277413312473,0.4463259824155374,0.7512541399999999,0.7821441495082975,0.61847935,0.744194483712354,1.9438426599456193,0.4358768387044222,0.818448255,0.8045659419176399
sweep,specreg_trace,SpecReg (trace-logistic),tl_specreg_s12345,14.67799267622069,4.615702296510726,0.8068,2.3083817001632907,0.7851904241422438,0.4765069206742023,0.7447954700000001,0.7803240665334972,0.57207974,0.7158978219114935,2.2986351741192563,0.4701837479009843,0.818436365,0.8052109903196066
sweep,specreg_trace,SpecReg (trace-logistic),tl_specreg_s12345,21.54434690031882,5.546891533929869,0.8068,2.6508640600819877,0.8532251225754685,0.4943900368115849,0.73968861,0.7787479870928088,0.5284713999999999,0.6863965043023971,2.6386298538082977,0.4904562254237625,0.8184125950000001,0.8056657652120467
sweep,specreg_trace,SpecReg (trace-logistic),tl_specreg_s12345,31.622776601683793,6.6826091571230295,0.8068,2.957929811201518,0.8973062704614724,0.5048295052753128,0.73572142,0.7774517939459127,0.49060452000000004,0.6583855600799016,2.946487844316613,0.5031209428319251,0.818385275,0.8059923056238476
sweep,specreg_trace,SpecReg (trace-logistic),tl_specreg_s12345,32.4973,6.77218102618063,0.8068,2.978258518700524,0.8997527398611833,0.5051056213386064,0.7354796200000001,0.7773711547326367,0.48817751,0.6565085663798402,2.9669285297984533,0.5035420631384965,0.8183849449999999,0.8060120505531653
sweep,specreg_trace,SpecReg (trace-logistic),tl_specreg_s12345,35.3162,7.053163314127353,0.8068,3.0389982065924905,0.9067525528364471,0.5071722124204321,0.7347648000000001,0.7771304202519975,0.48097745,0.6508740089121081,3.0280328163620487,0.5053126880941128,0.818378515,0.8060683581745545
sweep,specreg_trace,SpecReg (trace-logistic),tl_specreg_s12345,46.41588833612777,8.064938064026466,0.8068,3.225383009078267,0.9255695207161087,0.5109902571680556,0.7326794499999999,0.7764277120467118,0.45953406,0.6335849992317149,3.2157455472677663,0.5100976217099891,0.8183569949999999,0.8062294406883834
sweep,specreg_trace,SpecReg (trace-logistic),tl_specreg_s12345,68.12920690579608,9.745011256771381,0.8068,3.4542257242242007,0.9439825212759266,0.5151784274822468,0.7303654100000001,0.7756413452673632,0.43485896999999996,0.612591483558697,3.446439276072366,0.5150517193810529,0.8183330249999999,0.8064046212354026
sweep,specreg_trace,SpecReg (trace-logistic),tl_specreg_s12345,100.0,11.784923732963504,0.8068,3.647846615606187,0.9563012412586582,0.5176599646312947,0.72860532,0.7750368162261831,0.41554428,0.5952607713583282,3.6416506926696575,0.5179255472743596,0.8183110849999999,0.806537257990166
sweep,specreg_trace,SpecReg (trace-logistic),tl_specreg_s12345,146.77992676220674,14.260040022906196,0.8068,3.8104756011575303,0.9647848000390502,0.5200805484619473,0.72726781,0.7745796173939766,0.40057777,0.5811563037799632,3.8055619808766705,0.5198426536395558,0.8182939250000001,0.8066370044560541
sweep,specreg_trace,SpecReg (trace-logistic),tl_specreg_s12345,215.44346900318823,17.26178599728662,0.8068,3.9464080293436345,0.9707903701614404,0.520856249430995,0.7262432699999999,0.7742335471727104,0.38888013,0.5697096957590657,3.942504070026228,0.5207274449163539,0.8182791850000001,0.8067161339889366
sweep,specreg_trace,SpecReg (trace-logistic),tl_specreg_s12345,316.2277660168379,20.90103032685853,0.8068,4.059646286780699,0.9751478637179128,0.5217266559153039,0.72545865,0.7739714236324524,0.37967432999999995,0.5604059811001845,4.056532180221772,0.5216573042624068,0.818266735,0.8067762100491702
sweep,specreg_trace,SpecReg (trace-logistic),tl_specreg_s12345,464.1588833612773,25.312181912160067,0.8068,4.153757841098465,0.9783778120512896,0.5228919611160106,0.72485504,0.7737704171788568,0.37236035,0.5527863859864781,4.151262411738596,0.5228555361230539,0.8182563249999999,0.8068235825138291
sweep,specreg_trace,SpecReg (trace-logistic),tl_specreg_s12345,681.2920690579608,30.658155479911517,0.8068,4.231842093021198,0.9808158739595454,0.5230558614410243,0.7243830899999999,0.7736171289182545,0.36644067,0.5464578211432083,4.229833501418384,0.5230378924858633,0.8182481149999999,0.8068621619545175
sweep,specreg_trace,SpecReg (trace-logistic),tl_specreg_s12345,1000.0,37.136389250544305,0.8068,4.296549483099461,0.9826845384307122,0.5237244315722503,0.72401214,0.7735003265212046,0.36158393,0.5411241971419791,4.294926210688288,0.5237167513028302,0.818238815,0.8068925476336816
sweep,specreg_trace,SpecReg (trace-logistic),tl_specreg_s12345,1467.7992676220674,44.986137220829065,0.8068,4.350123369552501,0.9841351900403189,0.5235294868023344,0.72372093,0.773410667639828,0.35749459000000006,0.5365407805777505,4.348806873004109,0.5235274787901719,0.818235195,0.8069162569145667
sweep,specreg_trace,SpecReg (trace-logistic),tl_specreg_s12345,2154.4346900318824,54.49730555204323,0.8068,4.394449499183607,0.9852733607897346,0.5239341218971493,0.7234927699999999,0.7733394706515058,0.35399036,0.5324980331899201,4.393378594319943,0.5239351275674708,0.818230515,0.8069360210510141
sweep,specreg_trace,SpecReg (trace-logistic),tl_specreg_s12345,3162.2776601683795,66.02115950665342,0.8068,4.431105481436697,0.9861742629895222,0.5242537855927857,0.7233094,0.7732831130915796,0.35087293,0.5288206169330055,4.430232153183247,0.5242562817513492,0.8182262050000001,0.8069505838967426
asymptote,specreg_trace,SpecReg (trace-logistic),tl_specreg_s12345,inf,nan,,,,,0.72252062,0.7730533036263061,,,,,,
sweep,specreg_trace,SpecReg (trace-logistic),tl_specreg_s1,0.0,1.0,0.8033,0.8001857527522478,0.2869810150172047,0.07367250316312669,0.8118443350000001,0.7231716618008606,0.821950525,0.7671237015980331,0.8001857527522478,0.07367250316312669,0.8118443350000001,0.7231716618008606
sweep,specreg_trace,SpecReg (trace-logistic),tl_specreg_s1,0.01,1.0075341935247355,0.8033,0.7980820950224702,0.28672195215709423,0.07302876166811716,0.8118427100000001,0.7235148547940996,0.8219167200000002,0.7677171711739397,0.7977089726414746,0.07251053511621562,0.811989275,0.7234509987707437
sweep,specreg_trace,SpecReg (trace-logistic),tl_specreg_s1,0.014677992676220698,1.011029099026714,0.8033,0.7971211231635718,0.28660211386100914,0.0727234181776648,0.81184311,0.7236735018438845,0.82189477,0.7679919983097725,0.7965891335418913,0.07197083566505197,0.8120572749999999,0.7235813306699447
sweep,specreg_trace,SpecReg (trace-logistic),tl_specreg_s1,0.021544346900318832,1.01612611092751,0.8033,0.7957365230310995,0.28642775928811787,0.07227240673654677,0.81183934,0.7239043292870314,0.8218685600000001,0.7683897933312844,0.7949885790298206,0.07117540206657169,0.812155105,0.7237688383527965
sweep,specreg_trace,SpecReg (trace-logistic),tl_specreg_s1,0.03162277660168379,1.0235394262741873,0.8033,0.7937584488472929,0.28617513552907037,0.07161593497235887,0.81183548,0.7242404271665642,0.8218242299999998,0.768962565304241,0.7927289540822638,0.07000824740002236,0.812296165,0.7240410840503996
sweep,specreg_trace,SpecReg (trace-logistic),tl_specreg_s1,0.046415888336127774,1.0342813883906012,0.8033,0.7909671693770212,0.28581133233905265,0.07065194305979902,0.8118343199999999,0.7247237054394591,0.8217479799999999,0.7697808274431468,0.7895959086275484,0.0683024928094369,0.812497125,0.724437069760295
sweep,specreg_trace,SpecReg (trace-logistic),tl_specreg_s1,0.06812920690579612,1.0497684247840655,0.8033,0.7870980855763854,0.285292127950183,0.0692202344645985,0.81182227,0.7254206322987093,0.82161098,0.7709357905654579,0.785365859180791,0.06580456847594156,0.812783225,0.7250079440688384
sweep,specreg_trace,SpecReg (trace-logistic),tl_specreg_s1,0.1,1.0719496705064793,0.8033,0.7818723030851651,0.2845610589840492,0.0671039477291996,0.8118008999999999,0.7264007836508912,0.82135371,0.7725100376459741,0.7798777136218605,0.06218947936845499,0.8131904750000001,0.7258184580516288
sweep,specreg_trace,SpecReg (trace-logistic),tl_specreg_s1,0.1467799267622069,1.1034527211352327,0.8033,0.7750785277359867,0.2835525007447981,0.06397753429003036,0.81173283,0.727718692378611,0.8208662199999999,0.7745293216041795,0.7731838696750468,0.05701569721376171,0.8137402750000001,0.726962561462815
sweep,specreg_trace,SpecReg (trace-logistic),tl_specreg_s1,0.21544346900318834,1.1477341747365961,0.8033,0.766747569524325,0.28220492937836616,0.059365245805248705,0.8115210900000001,0.7293614628149969,0.81984382,0.7768728948985864,0.7658223611889099,0.05065857101469566,0.8144938949999999,0.7285375038414259
sweep,specreg_trace,SpecReg (trace-logistic),tl_specreg_s1,0.31622776601683794,1.209216629445701,0.8033,0.7574830460610137,0.2804976106144952,0.05253860538444826,0.8109771400000001,0.7312795751382913,0.81776963,0.7792283804548248,0.7592447342089954,0.042433476088117345,0.8154514150000001,0.7306718538721573
sweep,specreg_trace,SpecReg (trace-logistic),tl_specreg_s1,0.46415888336127775,1.2933931044418958,0.8033,0.7490494009999284,0.278540230915367,0.042909822729989215,0.80978901,0.7333768131530425,0.8139007300000001,0.7812066571911493,0.7564020231440456,0.03266313149265109,0.816610815,0.7334487246465887
sweep,specreg_trace,SpecReg (trace-logistic),tl_specreg_s1,0.654703,1.393533693670963,0.8033,0.7453555344000541,0.27693425446868275,0.029614889979425234,0.8078796900000002,0.7354517939459128,0.8083754700000001,0.7825726298401967,0.7611896700785558,0.02988646023920481,0.817787335,0.7364948755377996
sweep,specreg_trace,SpecReg (trace-logistic),tl_specreg_s1,0.6812920690579611,1.406889464393731,0.8033,0.7453840449450927,0.27679059305591264,0.027751647283480726,0.8075940099999999,0.7357081284572834,0.8075974499999999,0.7827081284572833,0.7624382290512504,0.02971748976419458,0.817926555,0.7368778080823601
sweep,specreg_trace,SpecReg (trace-logistic),tl_specreg_s1,1.0,1.5574969289990668,0.8033,0.7542516419256313,0.2766094552234329,0.01416700345581455,0.80408273,0.7383781730178242,0.7983912,0.7838957437000614,0.7853868930838371,0.03907376217826082,0.8192688350000001,0.7408358174554395
sweep,specreg_trace,SpecReg (trace-logistic),tl_specreg_s1,1.467799267622069,1.7542139210966161,0.8033,0.7894758796994934,0.2816509817609085,0.053192258965251475,0.7991636799999999,0.741406807006761,0.7858278300000001,0.7850287876459743,0.8366948290063194,0.08364689986319913,0.8204660449999999,0.7450053818377382
sweep,specreg_trace,SpecReg (trace-logistic),tl_specreg_s1,2.154434690031882,2.007355561610815,0.8033,0.87221838205863,0.3006294234695917,0.1295207443816602,0.79284603,0.7445852489244007,0.7691709999999999,0.7861642901044867,0.9311373321525142,0.15153721799678574,0.8213872850000001,0.7489955362630608
sweep,specreg_trace,SpecReg (trace-logistic),tl_specreg_s1,3.1622776601683795,2.3287871556874125,0.8033,1.0268872621644556,0.3489784755410847,0.23217458354345452,0.7853875799999999,0.7475061693300553,0.74691703,0.7868899085740626,1.084920173791451,0.23546925235062077,0.821991355,0.7524462161954518
sweep,specreg_trace,SpecReg (trace-logistic),tl_specreg_s1,4.6415888336127775,2.7323147391353033,0.8033,1.2678419664254343,0.439694630920938,0.3261367317484888,0.7774058899999999,0.7498457897971726,0.71737591,0.7860671826982175,1.309884519247299,0.3160397114420987,0.8223365049999999,0.7551778503380454
sweep,specreg_trace,SpecReg (trace-logistic),tl_specreg_s1,6.812920690579608,3.2342360870429094,0.8033,1.584787792638459,0.5631888752839004,0.3969627294998093,0.7695975899999999,0.7515158074677319,0.6800296,0.7826602066687154,1.6039109049115072,0.3842603205971049,0.822499735,0.7572150391825446
sweep,specreg_trace,SpecReg (trace-logistic),tl_specreg_s1,7.5,3.377508577974436,0.8033,1.672396066981379,0.5955631575980673,0.4112563857570346,0.7677625,0.7518391441303012,0.6696060699999999,0.7812783612476952,1.6861674088842447,0.3985674719662755,0.822524955,0.7576340158266749
sweep,specreg_trace,SpecReg (trace-logistic),tl_specreg_s1,10.0,3.854037999855663,0.8033,1.9445010444245778,0.6872966328528944,0.4452807016665217,0.76260737,0.7526146012599877,0.6365042,0.7758440726797786,1.945334304495887,0.43464652605863646,0.822572355,0.7587014981561155
sweep,specreg_trace,SpecReg (trace-logistic),tl_specreg_s1,14.67799267622069,4.615227831277144,0.8033,2.309220323260345,0.7858476990990021,0.47492660050378466,0.7567501000000001,0.753312561462815,0.5906519699999999,0.7657098186846958,2.300867969590228,0.4689677531299495,0.822584545,0.7597878956668715
sweep,specreg_trace,SpecReg (trace-logistic),tl_specreg_s1,21.54434690031882,5.546303385245931,0.8033,2.6519312190307756,0.8536973667488955,0.49281141072258444,0.75203884,0.753771262292563,0.54690899,0.7531917178856793,2.6411125126520245,0.48978356578845395,0.822578865,0.7605855716041795
sweep,specreg_trace,SpecReg (trace-logistic),tl_specreg_s1,31.622776601683793,6.681885074938219,0.8033,2.959047015237553,0.8976162441407949,0.5032385868171907,0.74834779,0.7540938076213891,0.50847909,0.7397230101413644,2.948897846629522,0.5016541377196242,0.822563535,0.7611821373693916
sweep,specreg_trace,SpecReg (trace-logistic),tl_specreg_s1,32.4973,6.7714463141943195,0.8033,2.979374704981013,0.9000530786405049,0.5042084054747037,0.74812141,0.7541152696681008,0.50599514,0.738768634757222,2.969326045859966,0.5020696653068294,0.8225623750000001,0.7612181737861095
sweep,specreg_trace,SpecReg (trace-logistic),tl_specreg_s1,35.3162,7.0523953265673525,0.8033,3.0401084958061517,0.9070251356678107,0.5055777835183226,0.7474562199999999,0.7541707168100799,0.49864620000000004,0.7358761178549477,3.030388263377688,0.5045174522703365,0.8225585449999999,0.7613255954210203
sweep,specreg_trace,SpecReg (trace-logistic),tl_specreg_s1,46.41588833612777,8.064050990829276,0.8033,3.226450547398107,0.925767097405791,0.5100906846249184,0.74550358,0.7543358597111248,0.47668675,0.7266540719114936,3.2179325945151533,0.5092644298322749,0.822550475,0.7616370659188691
sweep,specreg_trace,SpecReg (trace-logistic),tl_specreg_s1,68.12920690579608,9.743928246190913,0.8033,3.4551967498418903,0.9441089927910132,0.5142786552643311,0.74333055,0.7545290296558083,0.45129783,0.7148110210510141,3.448355093368358,0.5134848522804155,0.8225327149999999,0.7619872349416104
sweep,specreg_trace,SpecReg (trace-logistic),tl_specreg_s1,100.0,11.783604680327013,0.8033,3.648704492857752,0.9563838322286676,0.5167617200443514,0.741687,0.7546921058696988,0.43129027999999997,0.7045181584204057,3.6432960612525296,0.516341966213155,0.8225183650000001,0.7622599953902889
sweep,specreg_trace,SpecReg (trace-logistic),tl_specreg_s1,146.77992676220674,14.258436151767597,0.8033,3.8112196448045585,0.9648401554201821,0.5184756673511413,0.74043618,0.7548286186232329,0.41568383,0.6958089236324523,3.8069584450066003,0.5182509807607081,0.8225068449999999,0.7624744314689613
sweep,specreg_trace,SpecReg (trace-logistic),tl_specreg_s1,215.44346900318823,17.2598380387414,0.8033,3.9470454042853635,0.9708284883711839,0.5199620932276513,0.7394779199999999,0.754949873232944,0.40349079,0.6885128918254456,3.943680370771123,0.5198414168265701,0.822496125,0.7626441648740012
sweep,specreg_trace,SpecReg (trace-logistic),tl_specreg_s1,316.2277660168379,20.89866631935417,0.8033,4.060187570093336,0.975174796096862,0.5208344467372089,0.73873674,0.7550522587584512,0.39390136,0.6824253879840196,4.057518014482173,0.5207704263180163,0.822488495,0.7627797249539028
sweep,specreg_trace,SpecReg (trace-logistic),tl_specreg_s1,464.1588833612773,25.309314537308516,0.8033,4.154214636973902,0.9783972905374567,0.5212903336858143,0.73816609,0.7551429010448678,0.38627080999999996,0.677323336662569,4.152085684866438,0.5212575778041542,0.822481855,0.762889274738783
sweep,specreg_trace,SpecReg (trace-logistic),tl_specreg_s1,681.2920690579608,30.654678833929786,0.8033,4.23222578610961,0.9808302548833085,0.522166674217913,0.73772378,0.7552210663798402,0.38015009,0.6730145628457282,4.230519245940472,0.5221512412013858,0.822477365,0.7629769860172095
sweep,specreg_trace,SpecReg (trace-logistic),tl_specreg_s1,1000.0,37.132174930908874,0.8033,4.296870624870676,0.9826953473115076,0.5221247385607378,0.73737616,0.7552875921942225,0.37513573,0.669309192532268,4.295496302566723,0.5221188896839624,0.822473155,0.7630461700983404
sweep,specreg_trace,SpecReg (trace-logistic),tl_specreg_s1,1467.7992676220674,44.98102958292972,0.8033,4.350391416944723,0.9841434394608753,0.5226425263712474,0.73710557,0.7553421135525507,0.37095831,0.666048040872772,4.349280123807286,0.5226418570531023,0.8224680150000001,0.7631044022741241
sweep,specreg_trace,SpecReg (trace-logistic),tl_specreg_s1,2154.4346900318824,54.49111596025962,0.8033,4.394672747312556,0.9852797391766238,0.5230478889296075,0.73689026,0.7553890212046711,0.36741097,0.6631014559004302,4.39377100972731,0.5230498974992572,0.8224634850000001,0.7631514443761525
sweep,specreg_trace,SpecReg (trace-logistic),tl_specreg_s1,3162.2776601683795,66.01365936730927,0.8033,4.431291099971703,0.9861792490711799,0.522656322265642,0.7367193000000001,0.7554276889981562,0.36430478,0.6603502804240934,4.430557252118768,0.52265957741803,0.822461015,0.7631894015058389
asymptote,specreg_trace,SpecReg (trace-logistic),tl_specreg_s1,inf,nan,,,,,0.73598721,0.7556231753226799,,,,,,
sweep,specreg_trace,SpecReg (trace-logistic),tl_specreg_s2,0.0,1.0,0.804,0.7958563331924186,0.28764784310295255,0.07220080071019722,0.810552645,0.7877373386601106,0.8216313749999999,0.8137750576213891,0.7958563331924186,0.07220080071019722,0.810552645,0.7877373386601106
sweep,specreg_trace,SpecReg (trace-logistic),tl_specreg_s2,0.01,1.0076150125804741,0.804,0.7938021667374363,0.2873855996904861,0.07151785704019083,0.81054184,0.7882807506146281,0.82157179,0.8147962661339889,0.7934022949256583,0.07099850378384105,0.8107036750000001,0.787971204671174
sweep,specreg_trace,SpecReg (trace-logistic),tl_specreg_s2,0.014677992676220698,1.0111476016347638,0.804,0.7928637667061468,0.28726436033029434,0.07120356632057762,0.810536,0.7885317839582053,0.8215428300000001,0.8152651582667487,0.7922934981317292,0.07043641004548838,0.810771165,0.788079905500922
sweep,specreg_trace,SpecReg (trace-logistic),tl_specreg_s2,0.021544346900318832,1.016299782115815,0.804,0.7915116838889374,0.2870880484998851,0.0707288818918229,0.810532,0.7888960894283958,0.82150068,0.8159444414566688,0.7907095992115183,0.06961440720390429,0.810871055,0.7882402427781192
sweep,specreg_trace,SpecReg (trace-logistic),tl_specreg_s2,0.03162277660168379,1.023793751477384,0.804,0.7895801363538755,0.2868327633399084,0.07003011066818847,0.81052363,0.7894256376767056,0.82143107,0.8169110594652735,0.7884753516299341,0.06840935893040893,0.811015305,0.7884683351259988
sweep,specreg_trace,SpecReg (trace-logistic),tl_specreg_s2,0.046415888336127774,1.0346533467152637,0.804,0.7868549155934758,0.28646550147167094,0.06900040059895143,0.8105086599999999,0.7901831668715427,0.82131456,0.8182857098955133,0.7853814597048143,0.06665978934874468,0.8112236049999999,0.7887995006146281
sweep,specreg_trace,SpecReg (trace-logistic),tl_specreg_s2,0.06812920690579612,1.0503112544228363,0.804,0.7830789782376291,0.2859421584441675,0.0674966951029011,0.8104815900000001,0.791266487400123,0.8211201200000001,0.8201989858635526,0.7812126869109598,0.06413831679459363,0.811522485,0.7892783458819913
sweep,specreg_trace,SpecReg (trace-logistic),tl_specreg_s2,0.1,1.0727390410939706,0.804,0.777984216010909,0.2852069474771158,0.06531042523491044,0.81043229,0.7927935656115551,0.8207891500000001,0.822812369391518,0.775821799597059,0.060518218717750906,0.8119385250000001,0.7899501574984634
sweep,specreg_trace,SpecReg (trace-logistic),tl_specreg_s2,0.1467799267622069,1.1045941220299693,0.804,0.7713759957089876,0.2841961933934104,0.06211599171391249,0.81031953,0.7949070144437616,0.8201973199999999,0.8262587315611554,0.7692839103798461,0.055421070953057615,0.812510385,0.7908896243085433
sweep,specreg_trace,SpecReg (trace-logistic),tl_specreg_s2,0.21544346900318834,1.1493708004966277,0.804,0.7633127278182498,0.28285294089511104,0.05745940636360673,0.8100734900000001,0.7977595382606023,0.81906843,0.8306150430239705,0.7621728588272868,0.04833485543634131,0.813270975,0.7921698716963737
sweep,specreg_trace,SpecReg (trace-logistic),tl_specreg_s2,0.31622776601683794,1.2115365018128472,0.804,0.7544437192176205,0.28116604779931115,0.05047446612859237,0.80952673,0.8014824254763369,0.8169242699999999,0.8357805316533498,0.7559926817548925,0.04037660425326619,0.814257945,0.793873348186847
sweep,specreg_trace,SpecReg (trace-logistic),tl_specreg_s2,0.46415888336127775,1.296634007779104,0.804,0.7466018432555416,0.27926407890058974,0.03968111534723304,0.8083608700000001,0.8061069875537799,0.81300641,0.8414561462814998,0.7537629449285911,0.035122525361233115,0.815484955,0.7960276160110633
sweep,specreg_trace,SpecReg (trace-logistic),tl_specreg_s2,0.654703,1.3978445658423417,0.804,0.7436729761624414,0.27776451617974846,0.028843749407924807,0.8064692299999999,0.8109540181315305,0.8073113500000001,0.8465725184388444,0.7593444938461733,0.03120278085290048,0.816734055,0.7983216349108789
sweep,specreg_trace,SpecReg (trace-logistic),tl_specreg_s2,0.6812920690579611,1.411340879390231,0.804,0.74380702621971,0.2776380629345117,0.027827011708077793,0.8061900600000002,0.8115507644437615,0.8064895,0.8471524469883221,0.7607021876494491,0.030911022270977292,0.816884225,0.7986044022741241
sweep,specreg_trace,SpecReg (trace-logistic),tl_specreg_s2,1.0,1.5634995487680055,0.804,0.7538914886879269,0.2776847274143114,0.018340157908036416,0.80266715,0.8175455477873386,0.79679406,0.8524066994468346,0.7849013443240216,0.04078809303358908,0.818328745,0.8014503956668715
sweep,specreg_trace,SpecReg (trace-logistic),tl_specreg_s2,1.467799267622069,1.7621589830156132,0.804,0.7907068019809939,0.28306210215823996,0.05718865895305509,0.7975581900000002,0.8236496734787954,0.7835005799999999,0.8568238398893671,0.8378116277072779,0.08749795996632952,0.819672345,0.8042911800860479
sweep,specreg_trace,SpecReg (trace-logistic),tl_specreg_s2,2.154434690031882,2.0176872547419507,0.804,0.8754053871984805,0.3024807649169083,0.13381974090157173,0.79088819,0.8292800514751075,0.7658628700000001,0.8596866971419791,0.9341135336710326,0.15555652045949775,0.8207505350000001,0.8068056430547019
sweep,specreg_trace,SpecReg (trace-logistic),tl_specreg_s2,3.1622776601683795,2.3420111166662383,0.804,1.032293609710734,0.3514016856768287,0.2358460883227186,0.7829534100000001,0.8338676513521819,0.7425868200000001,0.8596904617393977,1.0897781856345405,0.2386418481001573,0.821494995,0.8087760679164105
sweep,specreg_trace,SpecReg (trace-logistic),tl_specreg_s2,4.6415888336127775,2.749014228692316,0.804,1.2753839441227617,0.4427096387911002,0.3286933410600837,0.77445355,0.8371321373693916,0.71211303,0.8548323985863552,1.3163086586255248,0.31848057569078314,0.821941595,0.8101581476644129
sweep,specreg_trace,SpecReg (trace-logistic),tl_specreg_s2,6.812920690579608,3.2550957382914296,0.804,1.5938454904773127,0.5664132140187309,0.3988130765519112,0.7662232800000001,0.8391937192685925,0.67389073,0.8433013982790412,1.6113051580159667,0.3856524309636486,0.822176795,0.8110507490780579
sweep,specreg_trace,SpecReg (trace-logistic),tl_specreg_s2,7.5,3.3995316687832804,0.804,1.6816880805606234,0.5987393336987822,0.4128476493188327,0.7642857000000001,0.8395599108789182,0.6632854800000001,0.839283827596804,1.6936964925558393,0.3997301086092767,0.822215585,0.8112133758451137
sweep,specreg_trace,SpecReg (trace-logistic),tl_specreg_s2,10.0,3.879874074389554,0.804,1.9541292809353359,0.6901100456661431,0.44679480266515964,0.7589155500000001,0.8403905539336202,0.6299296400000001,0.8247382260295022,1.953016982500435,0.4358205982574894,0.8222967850000001,0.8115853641671789
sweep,specreg_trace,SpecReg (trace-logistic),tl_specreg_s2,14.67799267622069,4.647024076007607,0.804,2.3185778034823055,0.7879188367208574,0.475768371618551,0.7528420899999999,0.8410370467117394,0.58415421,0.8007432352489243,2.3082635899535564,0.46961277490522546,0.8223455749999999,0.8119016710202827
sweep,specreg_trace,SpecReg (trace-logistic),tl_specreg_s2,21.54434690031882,5.585252461671763,0.804,2.660503002174052,0.8550823658482266,0.4932240634857578,0.7479860599999999,0.8413656999078059,0.5410425799999999,0.7741574907805777,2.647855977190313,0.4900807155041613,0.822361035,0.8120797364781807
sweep,specreg_trace,SpecReg (trace-logistic),tl_specreg_s2,31.622776601683793,6.729436533787794,0.804,2.966613669613193,0.8985124165263394,0.504089908230902,0.74421711,0.8415209204056545,0.50346545,0.7477700637676705,2.9548298889446474,0.5024323106360491,0.8223623849999999,0.8121759565150584
sweep,specreg_trace,SpecReg (trace-logistic),tl_specreg_s2,32.4973,6.819672294105804,0.804,2.986867068109595,0.9009218297671052,0.504352593573212,0.7439853,0.8415285302704363,0.50103733,0.7459623540258145,2.9751984761877366,0.5028369257281347,0.8223612350000001,0.812180393362016
sweep,specreg_trace,SpecReg (trace-logistic),tl_specreg_s2,35.3162,7.102734287184087,0.804,3.0473739544301766,0.9078155557838622,0.5063800608998892,0.7433016600000001,0.8415460740626921,0.49386374,0.740521811616472,3.036078852131607,0.5045605908283711,0.822360245,0.8121932813460355
sweep,specreg_trace,SpecReg (trace-logistic),tl_specreg_s2,46.41588833612777,8.121967551879976,0.804,3.232978037538144,0.9263494217183792,0.5100989999919272,0.7413310399999999,0.8415834396127843,0.47246229,0.7235494583589428,3.2230339328199227,0.5092260493241033,0.822357315,0.8122213890596188
sweep,specreg_trace,SpecReg (trace-logistic),tl_specreg_s2,68.12920690579608,9.814352693350399,0.804,3.4607465408721705,0.9444955182754118,0.5141980573644376,0.73913871,0.8415968538721574,0.44772497,0.7024390519360787,3.452680367563066,0.5140761609903597,0.822344745,0.8122382644437615
sweep,specreg_trace,SpecReg (trace-logistic),tl_specreg_s2,100.0,11.869140118361575,0.804,3.6533789033002395,0.9566474191884701,0.5166268295913569,0.7374693,0.8415953019360788,0.42833917,0.6846265135218192,3.6469306287722203,0.5168909984599815,0.8223410149999998,0.8122408343577137
sweep,specreg_trace,SpecReg (trace-logistic),tl_specreg_s2,146.77992676220674,14.362242820203834,0.804,3.815132400331153,0.9650248752157223,0.5190140642214511,0.7362067499999999,0.8415816725568531,0.41321476999999995,0.6698667831899201,3.8099950169987067,0.5187734717808047,0.8223320249999999,0.8122339850952673
sweep,specreg_trace,SpecReg (trace-logistic),tl_specreg_s2,215.44346900318823,17.38575042490905,0.804,3.9503069788551395,0.9709612371742719,0.5197699183914282,0.73524164,0.8415645321143208,0.40140715,0.6577415911186233,3.9462077284553483,0.5196378443168908,0.822322665,0.8122235172095882
sweep,specreg_trace,SpecReg (trace-logistic),tl_specreg_s2,316.2277660168379,21.051335005471028,0.804,4.062898611279061,0.9752723390098755,0.5206269841314073,0.7345002099999999,0.8415476183159188,0.39208563,0.647789278580209,4.059616227772953,0.5205544668043767,0.822318575,0.8122100299631223
sweep,specreg_trace,SpecReg (trace-logistic),tl_specreg_s2,464.1588833612773,25.494378088792125,0.804,4.156463645080637,0.97847034979774,0.521782557603386,0.7339312,0.8415344537492317,0.38464315,0.6395915603872158,4.153824637130578,0.5217433106154875,0.8223113750000001,0.812196569606638
sweep,specreg_trace,SpecReg (trace-logistic),tl_specreg_s2,681.2920690579608,30.87897211841431,0.804,4.234088942014508,0.9808858732647381,0.5219407489715882,0.7334819,0.8415223378918254,0.37862007,0.6327938268285188,4.2319587577566695,0.5219203637841575,0.822306155,0.8121849416103258
sweep,specreg_trace,SpecReg (trace-logistic),tl_specreg_s2,1000.0,37.4039815859365,0.804,4.2984126304023,0.9827382721852715,0.5226045041543098,0.73313362,0.8415117393976644,0.37365063000000004,0.627085172095882,4.296686966491883,0.5225947929206908,0.822302685,0.8121730792870312
sweep,specreg_trace,SpecReg (trace-logistic),tl_specreg_s2,1467.7992676220674,45.31038797055991,0.804,4.3516667451486475,0.984176949802275,0.523118613443704,0.7328616799999998,0.8415038567916411,0.36947412,0.6222184772587585,4.350264397087099,0.5231149134621316,0.822300015,0.8121626267670559
sweep,specreg_trace,SpecReg (trace-logistic),tl_specreg_s2,2154.4346900318824,54.89018991619297,0.804,4.395726991620079,0.9853061511569522,0.5228091656074292,0.73264509,0.8414967962507682,0.36585208999999996,0.6179764328518746,4.394584340698315,0.5228087760812608,0.822296525,0.812153607098955
sweep,specreg_trace,SpecReg (trace-logistic),tl_specreg_s2,3162.2776601683795,66.49718744161393,0.804,4.4321622696838485,0.986200232507223,0.5231268768242266,0.73247657,0.8414915527043639,0.36263076,0.6141890212046712,4.431229135844843,0.523128222487746,0.822294985,0.8121467732022126
asymptote,specreg_trace,SpecReg (trace-logistic),tl_specreg_s2,inf,nan,,,,,0.731745,0.8414687845728335,,,,,,
